GOVERNMENT OF MAHARASHTRA,,,,,,,,,,,,,,,,,,,,,
,"STATE COMMON ENTRANCE TEST CELL, Maharashtara State, Mumbai",,,,,,,,,,,,,,,,,,,,
,Vacant seats after last date of reporting for Admission to First Year of Two Years Full Time Post-Graduate,,,,,,,,,,,,,,,,,,,,
Degree Courses in Master of Computer Applications for the Academic Year 2025-26,,,,,,,,,,,,,,,,,,,,,
,Published on : 08/09/2025,,,,,,,,,,,,,,,,,,,,
,IMPORTANT NOTE,,,,,,,,,,,,,,,,,,,,
,": All the Institutes are hereby informed to verify the details of the courses and Seat Matrix published below. For any discrepancy,They shall inform the",,,,,,,,,,,,,,,,,,,,
same to the State CET Cell immediately through message box..,,,,,,,,,,,,,,,,,,,,,
IMPORTANT : The vacancy position may vary. Candidates are advised to select the choice codes irrespective of the vacancy position.,,,,,,,,,,,,,,,,,,,,,
,"F:Only For Female, HU:Home University, OHU:Other than Home University, PWD:Persons with Disabilities,Common Reserved:Combined Common for All Reserved Categories",,,,,,,,,,,,,,,,,,,,
,"STATE CET CELL , Mumbai", ,Page 1 of 191,,,,,,,,,,,,,,,,,,
Vacant seats after last date of reporting for Admission to First Year of PostGraduate Degree Courses in Master of Computer Applications for the Academic Year 2025-26,,,,,,,,,,,,,,,,,,,,,
,Dr. Babasaheb Ambedkar Marathwada University,,,,,,,,,,,,,,,,,,,,
,"2001 - Dr. B. A. M.University Dept. Of Management Science, Aurangabad",,,,,,,,,,,,,,,,,,,,
,University Department, ,CAP Seats: 10,,,,,,,,,,,,,,,,,,
Choice Code, ,Course Name, ,SI, ,MS Seats, ,All India, ,Minority Seats, ,Institute Seats,,,,,,,,,
0200124110, ,Master in Computer Application, ,60, ,8, ,2, ,0, ,0,,,,,,,,,
Category, ,OPEN, ,SC, ,ST, ,VJDT, ,NTB, ,NTC, ,NTD, ,OBC, ,SEBC, ,Total,
HU, ,2, ,1, ,0, ,0, ,0, ,0, ,0, ,0, ,2, ,5,
,OHU, ,1, ,0, ,1, ,0, ,0, ,0, ,0, ,1, ,0, ,3
,PWD, ,0, ,0, ,0, ,0, ,0, ,0, ,0, ,0, ,0, ,0
,PWD Common Reserved Seats :0,,,,,,,,,,,,,,,,,,,,
Economically Weaker Section (EWS) Seats :1, ,TFWS Choice Code : 0200124111T, ,Seats: 0,,,,,,,,,,,,,,,,,
,"F:Only For Female, HU:Home University, OHU:Other than Home University, PWD:Persons with Disabilities,Common Reserved:Combined Common for All Reserved Categories",,,,,,,,,,,,,,,,,,,,
,"STATE CET CELL , Mumbai", ,Page 2 of 191,,,,,,,,,,,,,,,,,,
Vacant seats after last date of reporting for Admission to First Year of PostGraduate Degree Courses in Master of Computer Applications for the Academic Year 2025-26,,,,,,,,,,,,,,,,,,,,,
,"2005 - Dr. Babasaheb Ambedkar Marathwada Vidyapeeth,(Aurangabad)", ,Sub Section - Osmanabad,,,,,,,,,,,,,,,,,,
,University Department, ,CAP Seats: 11,,,,,,,,,,,,,,,,,,
Choice Code, ,Course Name, ,SI, ,MS Seats, ,All India, ,Minority Seats, ,Institute Seats,,,,,,,,,
0200524110, ,60, ,9, ,2, ,0, ,0,,,,,,,,,,,
Master in Computer Application, ,,,,,,,,,,,,,,,,,,,,
Category, ,OPEN, ,SC, ,ST, ,VJDT, ,NTB, ,NTC, ,NTD, ,OBC, ,SEBC, ,Total,
HU, ,0, ,0, ,1, ,0, ,0, ,1, ,0, ,5, ,1, ,8,
,OHU, ,0, ,0, ,0, ,0, ,0, ,0, ,0, ,0, ,1, ,1
,PWD, ,0, ,0, ,0, ,0, ,0, ,0, ,0, ,0, ,0, ,0
,PWD Common Reserved Seats :0,,,,,,,,,,,,,,,,,,,,
Economically Weaker Section (EWS) Seats :4, ,TFWS Choice Code : 0200524111T, ,Seats: 0,,,,,,,,,,,,,,,,,
,"F:Only For Female, HU:Home University, OHU:Other than Home University, PWD:Persons with Disabilities,Common Reserved:Combined Common for All Reserved Categories",,,,,,,,,,,,,,,,,,,,
,"STATE CET CELL , Mumbai", ,Page 3 of 191,,,,,,,,,,,,,,,,,,
Vacant seats after last date of reporting for Admission to First Year of PostGraduate Degree Courses in Master of Computer Applications for the Academic Year 2025-26,,,,,,,,,,,,,,,,,,,,,
,"2008 - Government College of Engineering,", ,Chhatrapati Sambhajinagar,,,,,,,,,,,,,,,,,,
,Government-Autonomous, ,CAP Seats: 2,,,,,,,,,,,,,,,,,,
Choice Code, ,Course Name, ,SI, ,MS Seats, ,All India, ,Minority Seats, ,Institute Seats,,,,,,,,,
0200824110, ,60, ,2, ,0, ,0, ,0,,,,,,,,,,,
Master in Computer Application, ,,,,,,,,,,,,,,,,,,,,
Category, ,OPEN, ,SC, ,ST, ,VJDT, ,NTB, ,NTC, ,NTD, ,OBC, ,SEBC, ,Total,
HU, ,0, ,0, ,0, ,0, ,0, ,0, ,0, ,0, ,0, ,0,
,OHU, ,1, ,0, ,0, ,0, ,0, ,0, ,0, ,0, ,0, ,1
,PWD, ,1, ,0, ,0, ,0, ,0, ,0, ,0, ,0, ,0, ,1
,PWD Common Reserved Seats :0,,,,,,,,,,,,,,,,,,,,
Economically Weaker Section (EWS) Seats :2, ,TFWS Choice Code : 0200824111T, ,Seats: 0,,,,,,,,,,,,,,,,,
,"F:Only For Female, HU:Home University, OHU:Other than Home University, PWD:Persons with Disabilities,Common Reserved:Combined Common for All Reserved Categories",,,,,,,,,,,,,,,,,,,,
,"STATE CET CELL , Mumbai", ,Page 4 of 191,,,,,,,,,,,,,,,,,,
Vacant seats after last date of reporting for Admission to First Year of PostGraduate Degree Courses in Master of Computer Applications for the Academic Year 2025-26,,,,,,,,,,,,,,,,,,,,,
,"2102 - Rajarshi Shahu Institute of Management, Aurangabad",,,,,,,,,,,,,,,,,,,,
,Un-Aided, ,CAP Seats: 5,,,,,,,,,,,,,,,,,,
Choice Code, ,Course Name, ,SI, ,MS Seats, ,All India, ,Minority Seats, ,Institute Seats,,,,,,,,,
0210224110, ,60, ,5, ,0, ,0, ,0,,,,,,,,,,,
Master in Computer Application, ,,,,,,,,,,,,,,,,,,,,
Category, ,OPEN, ,SC, ,ST, ,VJDT, ,NTB, ,NTC, ,NTD, ,OBC, ,SEBC, ,Total,
HU, ,0, ,0, ,0, ,1, ,1, ,0, ,0, ,1, ,0, ,3,
,OHU, ,0, ,1, ,0, ,0, ,0, ,0, ,0, ,1, ,0, ,2
,PWD, ,0, ,0, ,0, ,0, ,0, ,0, ,0, ,0, ,0, ,0
,PWD Common Reserved Seats :0,,,,,,,,,,,,,,,,,,,,
Economically Weaker Section (EWS) Seats :5, ,TFWS Choice Code : 0210224111T, ,Seats: 0,,,,,,,,,,,,,,,,,
,"F:Only For Female, HU:Home University, OHU:Other than Home University, PWD:Persons with Disabilities,Common Reserved:Combined Common for All Reserved Categories",,,,,,,,,,,,,,,,,,,,
,"STATE CET CELL , Mumbai", ,Page 5 of 191,,,,,,,,,,,,,,,,,,
Vacant seats after last date of reporting for Admission to First Year of PostGraduate Degree Courses in Master of Computer Applications for the Academic Year 2025-26,,,,,,,,,,,,,,,,,,,,,
,"2113 - G. S. Mandal's Maharashtra Institute of Technology, Aurangabad",,,,,,,,,,,,,,,,,,,,
,Un-Aided-Autonomous, ,CAP Seats: 25,,,,,,,,,,,,,,,,,,
Choice Code, ,Course Name, ,SI, ,MS Seats, ,All India, ,Minority Seats, ,Institute Seats,,,,,,,,,
0211324110, ,180, ,20, ,5, ,0, ,0,,,,,,,,,,,
Master in Computer Application, ,,,,,,,,,,,,,,,,,,,,
Category, ,OPEN, ,SC, ,ST, ,VJDT, ,NTB, ,NTC, ,NTD, ,OBC, ,SEBC, ,Total,
HU, ,1, ,1, ,0, ,0, ,0, ,0, ,0, ,2, ,4, ,8,
,OHU, ,4, ,1, ,2, ,0, ,0, ,0, ,0, ,2, ,2, ,11
,PWD, ,1, ,0, ,0, ,0, ,0, ,0, ,0, ,0, ,0, ,1
,PWD Common Reserved Seats :0,,,,,,,,,,,,,,,,,,,,
Economically Weaker Section (EWS) Seats :9, ,TFWS Choice Code : 0211324111T, ,Seats: 0,,,,,,,,,,,,,,,,,
,"F:Only For Female, HU:Home University, OHU:Other than Home University, PWD:Persons with Disabilities,Common Reserved:Combined Common for All Reserved Categories",,,,,,,,,,,,,,,,,,,,
,"STATE CET CELL , Mumbai", ,Page 6 of 191,,,,,,,,,,,,,,,,,,
Vacant seats after last date of reporting for Admission to First Year of PostGraduate Degree Courses in Master of Computer Applications for the Academic Year 2025-26,,,,,,,,,,,,,,,,,,,,,
,"2124 - Maratha Education Society's Institute of Management studies & Information Technology, Aurangabad",,,,,,,,,,,,,,,,,,,,
,Un-Aided, ,CAP Seats: 8,,,,,,,,,,,,,,,,,,
Choice Code, ,Course Name, ,SI, ,MS Seats, ,All India, ,Minority Seats, ,Institute Seats,,,,,,,,,
0212424110, ,60, ,8, ,0, ,0, ,0,,,,,,,,,,,
Master in Computer Application, ,,,,,,,,,,,,,,,,,,,,
Category, ,OPEN, ,SC, ,ST, ,VJDT, ,NTB, ,NTC, ,NTD, ,OBC, ,SEBC, ,Total,
HU, ,0, ,0, ,0, ,0, ,0, ,1, ,0, ,0, ,0, ,1,
,OHU, ,5, ,0, ,0, ,0, ,0, ,0, ,0, ,2, ,0, ,7
,PWD, ,0, ,0, ,0, ,0, ,0, ,0, ,0, ,0, ,0, ,0
,PWD Common Reserved Seats :0,,,,,,,,,,,,,,,,,,,,
Economically Weaker Section (EWS) Seats :3, ,TFWS Choice Code : 0212424111T, ,Seats: 0,,,,,,,,,,,,,,,,,
,"F:Only For Female, HU:Home University, OHU:Other than Home University, PWD:Persons with Disabilities,Common Reserved:Combined Common for All Reserved Categories",,,,,,,,,,,,,,,,,,,,
,"STATE CET CELL , Mumbai", ,Page 7 of 191,,,,,,,,,,,,,,,,,,
Vacant seats after last date of reporting for Admission to First Year of PostGraduate Degree Courses in Master of Computer Applications for the Academic Year 2025-26,,,,,,,,,,,,,,,,,,,,,
,"2259 - Shri Sai Institute of Management & Research, Aurangabad",,,,,,,,,,,,,,,,,,,,
,Un-Aided, ,CAP Seats: 7,,,,,,,,,,,,,,,,,,
Choice Code, ,Course Name, ,SI, ,MS Seats, ,All India, ,Minority Seats, ,Institute Seats,,,,,,,,,
0225924110, ,120, ,6, ,1, ,0, ,24,,,,,,,,,,,
Master in Computer Application, ,,,,,,,,,,,,,,,,,,,,
Category, ,OPEN, ,SC, ,ST, ,VJDT, ,NTB, ,NTC, ,NTD, ,OBC, ,SEBC, ,Total,
HU, ,0, ,0, ,0, ,0, ,1, ,0, ,0, ,1, ,0, ,2,
,OHU, ,3, ,0, ,0, ,0, ,0, ,0, ,0, ,0, ,1, ,4
,PWD, ,0, ,0, ,0, ,0, ,0, ,0, ,0, ,0, ,0, ,0
,PWD Common Reserved Seats :0,,,,,,,,,,,,,,,,,,,,
Economically Weaker Section (EWS) Seats :12, ,TFWS Choice Code : 0225924111T, ,Seats: 0,,,,,,,,,,,,,,,,,
,"F:Only For Female, HU:Home University, OHU:Other than Home University, PWD:Persons with Disabilities,Common Reserved:Combined Common for All Reserved Categories",,,,,,,,,,,,,,,,,,,,
,"STATE CET CELL , Mumbai", ,Page 8 of 191,,,,,,,,,,,,,,,,,,
Vacant seats after last date of reporting for Admission to First Year of PostGraduate Degree Courses in Master of Computer Applications for the Academic Year 2025-26,,,,,,,,,,,,,,,,,,,,,
,"2569 - Suraj Institute of Management, Beed",,,,,,,,,,,,,,,,,,,,
,Un-Aided, ,CAP Seats: 28,,,,,,,,,,,,,,,,,,
Choice Code, ,Course Name, ,SI, ,MS Seats, ,All India, ,Minority Seats, ,Institute Seats,,,,,,,,,
0256924110, ,300, ,25, ,3, ,0, ,0,,,,,,,,,,,
Master in Computer Application, ,,,,,,,,,,,,,,,,,,,,
Category, ,OPEN, ,SC, ,ST, ,VJDT, ,NTB, ,NTC, ,NTD, ,OBC, ,SEBC, ,Total,
HU, ,1, ,0, ,0, ,1, ,0, ,0, ,1, ,3, ,0, ,6,
,OHU, ,0, ,0, ,0, ,1, ,0, ,0, ,1, ,9, ,7, ,18
,PWD, ,1, ,0, ,0, ,0, ,0, ,0, ,0, ,0, ,0, ,1
,PWD Common Reserved Seats :0,,,,,,,,,,,,,,,,,,,,
Economically Weaker Section (EWS) Seats :14, ,TFWS Choice Code : 0256924111T, ,Seats: 0,,,,,,,,,,,,,,,,,
,"F:Only For Female, HU:Home University, OHU:Other than Home University, PWD:Persons with Disabilities,Common Reserved:Combined Common for All Reserved Categories",,,,,,,,,,,,,,,,,,,,
,"STATE CET CELL , Mumbai", ,Page 9 of 191,,,,,,,,,,,,,,,,,,
Vacant seats after last date of reporting for Admission to First Year of PostGraduate Degree Courses in Master of Computer Applications for the Academic Year 2025-26,,,,,,,,,,,,,,,,,,,,,
,"2622 - Jay Bhavani Institute of Management, Badnapur, Jalna",,,,,,,,,,,,,,,,,,,,
,Un-Aided, ,CAP Seats: 3,,,,,,,,,,,,,,,,,,
Choice Code, ,Course Name, ,SI, ,MS Seats, ,All India, ,Minority Seats, ,Institute Seats,,,,,,,,,
0262224110, ,60, ,3, ,0, ,0, ,0,,,,,,,,,,,
Master in Computer Application, ,,,,,,,,,,,,,,,,,,,,
Category, ,OPEN, ,SC, ,ST, ,VJDT, ,NTB, ,NTC, ,NTD, ,OBC, ,SEBC, ,Total,
HU, ,0, ,0, ,0, ,0, ,0, ,0, ,1, ,0, ,1, ,2,
,OHU, ,0, ,0, ,0, ,0, ,0, ,0, ,0, ,0, ,1, ,1
,PWD, ,0, ,0, ,0, ,0, ,0, ,0, ,0, ,0, ,0, ,0
,PWD Common Reserved Seats :0,,,,,,,,,,,,,,,,,,,,
Economically Weaker Section (EWS) Seats :5, ,TFWS Choice Code : 0262224111T, ,Seats: 0,,,,,,,,,,,,,,,,,
,"F:Only For Female, HU:Home University, OHU:Other than Home University, PWD:Persons with Disabilities,Common Reserved:Combined Common for All Reserved Categories",,,,,,,,,,,,,,,,,,,,
,"STATE CET CELL , Mumbai", ,Page 10 of 191,,,,,,,,,,,,,,,,,,
Vacant seats after last date of reporting for Admission to First Year of PostGraduate Degree Courses in Master of Computer Applications for the Academic Year 2025-26,,,,,,,,,,,,,,,,,,,,,
,"2664 - Deogiri College, Chh. Sambhaji Nagar",,,,,,,,,,,,,,,,,,,,
,Un-Aided-Autonomous, ,CAP Seats: 3,,,,,,,,,,,,,,,,,,
Choice Code, ,Course Name, ,SI, ,MS Seats, ,All India, ,Minority Seats, ,Institute Seats,,,,,,,,,
0266424110, ,120, ,3, ,0, ,0, ,0,,,,,,,,,,,
Master in Computer Application, ,,,,,,,,,,,,,,,,,,,,
Category, ,OPEN, ,SC, ,ST, ,VJDT, ,NTB, ,NTC, ,NTD, ,OBC, ,SEBC, ,Total,
HU, ,0, ,0, ,0, ,1, ,0, ,0, ,0, ,0, ,0, ,1,
,OHU, ,1, ,0, ,0, ,0, ,0, ,0, ,0, ,0, ,1, ,2
,PWD, ,0, ,0, ,0, ,0, ,0, ,0, ,0, ,0, ,0, ,0
,PWD Common Reserved Seats :0,,,,,,,,,,,,,,,,,,,,
Economically Weaker Section (EWS) Seats :1, ,TFWS Choice Code : 0266424111T, ,Seats: 0,,,,,,,,,,,,,,,,,
,"F:Only For Female, HU:Home University, OHU:Other than Home University, PWD:Persons with Disabilities,Common Reserved:Combined Common for All Reserved Categories",,,,,,,,,,,,,,,,,,,,
,"STATE CET CELL , Mumbai", ,Page 11 of 191,,,,,,,,,,,,,,,,,,
Vacant seats after last date of reporting for Admission to First Year of PostGraduate Degree Courses in Master of Computer Applications for the Academic Year 2025-26,,,,,,,,,,,,,,,,,,,,,
,2672 - ARTS SCIENCE AND COMMERCE COLLEGE,,,,,,,,,,,,,,,,,,,,
,Un-Aided, ,CAP Seats: 6,,,,,,,,,,,,,,,,,,
Choice Code, ,Course Name, ,SI, ,MS Seats, ,All India, ,Minority Seats, ,Institute Seats,,,,,,,,,
0267224170U, ,120, ,6, ,0, ,0, ,24,,,,,,,,,,,
Master in Computer Application, ,,,,,,,,,,,,,,,,,,,,
Category, ,OPEN, ,SC, ,ST, ,VJDT, ,NTB, ,NTC, ,NTD, ,OBC, ,SEBC, ,Total,
HU, ,1, ,0, ,0, ,0, ,0, ,0, ,0, ,3, ,1, ,5,
,OHU, ,0, ,0, ,0, ,1, ,0, ,0, ,0, ,0, ,0, ,1
,PWD, ,0, ,0, ,0, ,0, ,0, ,0, ,0, ,0, ,0, ,0
,PWD Common Reserved Seats :0,,,,,,,,,,,,,,,,,,,,
Economically Weaker Section (EWS) Seats :6, ,TFWS Choice Code : 0267224171UT, ,Seats: 0,,,,,,,,,,,,,,,,,
,"F:Only For Female, HU:Home University, OHU:Other than Home University, PWD:Persons with Disabilities,Common Reserved:Combined Common for All Reserved Categories",,,,,,,,,,,,,,,,,,,,
,"STATE CET CELL , Mumbai", ,Page 12 of 191,,,,,,,,,,,,,,,,,,
Vacant seats after last date of reporting for Admission to First Year of PostGraduate Degree Courses in Master of Computer Applications for the Academic Year 2025-26,,,,,,,,,,,,,,,,,,,,,
,"2695 - MARATHWADA INSTITUTE OF TECHNOLOGY CIDCO ,CHHATRAPATI SAMBHAJINAGAR",,,,,,,,,,,,,,,,,,,,
,Un-Aided, ,CAP Seats: 14,,,,,,,,,,,,,,,,,,
Choice Code, ,Course Name, ,SI, ,MS Seats, ,All India, ,Minority Seats, ,Institute Seats,,,,,,,,,
0269524110, ,60, ,13, ,1, ,0, ,0,,,,,,,,,,,
Master in Computer Application, ,,,,,,,,,,,,,,,,,,,,
Category, ,OPEN, ,SC, ,ST, ,VJDT, ,NTB, ,NTC, ,NTD, ,OBC, ,SEBC, ,Total,
HU, ,0, ,2, ,0, ,1, ,0, ,0, ,0, ,3, ,0, ,6,
,OHU, ,4, ,0, ,0, ,0, ,0, ,0, ,0, ,1, ,1, ,6
,PWD, ,1, ,0, ,0, ,0, ,0, ,0, ,0, ,0, ,0, ,1
,PWD Common Reserved Seats :0,,,,,,,,,,,,,,,,,,,,
Economically Weaker Section (EWS) Seats :6, ,TFWS Choice Code : 0269524111T, ,Seats: 0,,,,,,,,,,,,,,,,,
,"F:Only For Female, HU:Home University, OHU:Other than Home University, PWD:Persons with Disabilities,Common Reserved:Combined Common for All Reserved Categories",,,,,,,,,,,,,,,,,,,,
,"STATE CET CELL , Mumbai", ,Page 13 of 191,,,,,,,,,,,,,,,,,,
Vacant seats after last date of reporting for Admission to First Year of PostGraduate Degree Courses in Master of Computer Applications for the Academic Year 2025-26,,,,,,,,,,,,,,,,,,,,,
,"Dr. Babasaheb Ambedkar Technological University,Lonere",,,,,,,,,,,,,,,,,,,,
,2508 - GRAMIN TECHNICAL AND MANAGEMENT CAMPUS NANDED.,,,,,,,,,,,,,,,,,,,,
,Un-Aided, ,CAP Seats: 5,,,,,,,,,,,,,,,,,,
Choice Code, ,Course Name, ,SI, ,MS Seats, ,All India, ,Minority Seats, ,Institute Seats,,,,,,,,,
0250824110, ,Master in Computer Application, ,60, ,5, ,0, ,0, ,0,,,,,,,,,
Category, ,OPEN, ,SC, ,ST, ,VJDT, ,NTB, ,NTC, ,NTD, ,OBC, ,SEBC, ,Total,
HU, ,0, ,1, ,0, ,0, ,0, ,0, ,0, ,1, ,0, ,2,
,OHU, ,2, ,0, ,1, ,0, ,0, ,0, ,0, ,0, ,0, ,3
,PWD, ,0, ,0, ,0, ,0, ,0, ,0, ,0, ,0, ,0, ,0
,PWD Common Reserved Seats :0,,,,,,,,,,,,,,,,,,,,
Economically Weaker Section (EWS) Seats :3, ,TFWS Choice Code : 0250824111T, ,Seats: 1,,,,,,,,,,,,,,,,,
,"F:Only For Female, HU:Home University, OHU:Other than Home University, PWD:Persons with Disabilities,Common Reserved:Combined Common for All Reserved Categories",,,,,,,,,,,,,,,,,,,,
,"STATE CET CELL , Mumbai", ,Page 14 of 191,,,,,,,,,,,,,,,,,,
Vacant seats after last date of reporting for Admission to First Year of PostGraduate Degree Courses in Master of Computer Applications for the Academic Year 2025-26,,,,,,,,,,,,,,,,,,,,,
,"2633 - Yashodeep Institute of Computer Application, MCA",,,,,,,,,,,,,,,,,,,,
,Un-Aided, ,CAP Seats: 15,,,,,,,,,,,,,,,,,,
Choice Code, ,Course Name, ,SI, ,MS Seats, ,All India, ,Minority Seats, ,Institute Seats,,,,,,,,,
0263324110, ,120, ,11, ,4, ,0, ,0,,,,,,,,,,,
Master in Computer Application, ,,,,,,,,,,,,,,,,,,,,
Category, ,OPEN, ,SC, ,ST, ,VJDT, ,NTB, ,NTC, ,NTD, ,OBC, ,SEBC, ,Total,
HU, ,1, ,1, ,0, ,0, ,0, ,0, ,0, ,3, ,1, ,6,
,OHU, ,1, ,0, ,1, ,0, ,0, ,0, ,0, ,2, ,1, ,5
,PWD, ,0, ,0, ,0, ,0, ,0, ,0, ,0, ,0, ,0, ,0
,PWD Common Reserved Seats :0,,,,,,,,,,,,,,,,,,,,
Economically Weaker Section (EWS) Seats :12,,,,,,,,,,,,,,,,,,,,,
,"F:Only For Female, HU:Home University, OHU:Other than Home University, PWD:Persons with Disabilities,Common Reserved:Combined Common for All Reserved Categories",,,,,,,,,,,,,,,,,,,,
,"STATE CET CELL , Mumbai", ,Page 15 of 191,,,,,,,,,,,,,,,,,,
Vacant seats after last date of reporting for Admission to First Year of PostGraduate Degree Courses in Master of Computer Applications for the Academic Year 2025-26,,,,,,,,,,,,,,,,,,,,,
,"3033 - Dr. Babasaheb Ambedkar Technological University, Lonere",,,,,,,,,,,,,,,,,,,,
,University, ,CAP Seats: 24,,,,,,,,,,,,,,,,,,
Choice Code, ,Course Name, ,SI, ,MS Seats, ,All India, ,Minority Seats, ,Institute Seats,,,,,,,,,
0303324110, ,30, ,20, ,4, ,0, ,0,,,,,,,,,,,
Master in Computer Application, ,,,,,,,,,,,,,,,,,,,,
Category, ,OPEN, ,SC, ,ST, ,VJDT, ,NTB, ,NTC, ,NTD, ,OBC, ,SEBC, ,Total,
State Level, ,8, ,3, ,1, ,0, ,1, ,1, ,0, ,3, ,3, ,20,
,PWD, ,0, ,0, ,0, ,0, ,0, ,0, ,0, ,0, ,0, ,0
,PWD Common Reserved Seats :0,,,,,,,,,,,,,,,,,,,,
Economically Weaker Section (EWS) Seats :3,,,,,,,,,,,,,,,,,,,,,
,"F:Only For Female, HU:Home University, OHU:Other than Home University, PWD:Persons with Disabilities,Common Reserved:Combined Common for All Reserved Categories",,,,,,,,,,,,,,,,,,,,
,"STATE CET CELL , Mumbai", ,Page 16 of 191,,,,,,,,,,,,,,,,,,
Vacant seats after last date of reporting for Admission to First Year of PostGraduate Degree Courses in Master of Computer Applications for the Academic Year 2025-26,,,,,,,,,,,,,,,,,,,,,
,"4138 - Jaidev Education Society, J D College of Engineering and Management, Nagpur",,,,,,,,,,,,,,,,,,,,
,Un-Aided-Autonomous-Linguistic Minority - Hindi, ,CAP Seats: 27,,,,,,,,,,,,,,,,,,
Choice Code, ,Course Name, ,SI, ,MS Seats, ,All India, ,Minority Seats, ,Institute Seats,,,,,,,,,
0413824110, ,180, ,4, ,4, ,19, ,0,,,,,,,,,,,
Master in Computer Application, ,,,,,,,,,,,,,,,,,,,,
Category, ,OPEN, ,SC, ,ST, ,VJDT, ,NTB, ,NTC, ,NTD, ,OBC, ,SEBC, ,Total,
HU, ,1, ,0, ,0, ,0, ,0, ,0, ,0, ,0, ,0, ,1,
,OHU, ,3, ,0, ,0, ,0, ,0, ,0, ,0, ,0, ,0, ,3
,PWD, ,0, ,0, ,0, ,0, ,0, ,0, ,0, ,0, ,0, ,0
,PWD Common Reserved Seats :0,,,,,,,,,,,,,,,,,,,,
Economically Weaker Section (EWS) Seats :0, ,TFWS Choice Code : 0413824111T, ,Seats: 2,,,,,,,,,,,,,,,,,
,"F:Only For Female, HU:Home University, OHU:Other than Home University, PWD:Persons with Disabilities,Common Reserved:Combined Common for All Reserved Categories",,,,,,,,,,,,,,,,,,,,
,"STATE CET CELL , Mumbai", ,Page 17 of 191,,,,,,,,,,,,,,,,,,
Vacant seats after last date of reporting for Admission to First Year of PostGraduate Degree Courses in Master of Computer Applications for the Academic Year 2025-26,,,,,,,,,,,,,,,,,,,,,
,"4679 - Karanjekar College of Engineering & Management, Sakoli",,,,,,,,,,,,,,,,,,,,
,Un-Aided, ,CAP Seats: 9,,,,,,,,,,,,,,,,,,
Choice Code, ,Course Name, ,SI, ,MS Seats, ,All India, ,Minority Seats, ,Institute Seats,,,,,,,,,
0467924110, ,30, ,7, ,2, ,0, ,0,,,,,,,,,,,
Master in Computer Application, ,,,,,,,,,,,,,,,,,,,,
Category, ,OPEN, ,SC, ,ST, ,VJDT, ,NTB, ,NTC, ,NTD, ,OBC, ,SEBC, ,Total,
HU, ,0, ,0, ,0, ,0, ,0, ,0, ,0, ,1, ,1, ,2,
,OHU, ,2, ,1, ,1, ,0, ,0, ,0, ,0, ,0, ,1, ,5
,PWD, ,0, ,0, ,0, ,0, ,0, ,0, ,0, ,0, ,0, ,0
,PWD Common Reserved Seats :0,,,,,,,,,,,,,,,,,,,,
Economically Weaker Section (EWS) Seats :3,,,,,,,,,,,,,,,,,,,,,
,"F:Only For Female, HU:Home University, OHU:Other than Home University, PWD:Persons with Disabilities,Common Reserved:Combined Common for All Reserved Categories",,,,,,,,,,,,,,,,,,,,
,"STATE CET CELL , Mumbai", ,Page 18 of 191,,,,,,,,,,,,,,,,,,
Vacant seats after last date of reporting for Admission to First Year of PostGraduate Degree Courses in Master of Computer Applications for the Academic Year 2025-26,,,,,,,,,,,,,,,,,,,,,
,"5170 - Hindi Seva Mandal's Shri Sant Gadgebaba College of Engineering & Technology, Bhusawal",,,,,,,,,,,,,,,,,,,,
,Un-Aided-Autonomous-Linguistic Minority - Hindi, ,CAP Seats: 5,,,,,,,,,,,,,,,,,,
Choice Code, ,Course Name, ,SI, ,MS Seats, ,All India, ,Minority Seats, ,Institute Seats,,,,,,,,,
0517024110, ,60, ,0, ,0, ,5, ,0,,,,,,,,,,,
Master in Computer Application, ,,,,,,,,,,,,,,,,,,,,
Category, ,OPEN, ,SC, ,ST, ,VJDT, ,NTB, ,NTC, ,NTD, ,OBC, ,SEBC, ,Total,
HU, ,0, ,0, ,0, ,0, ,0, ,0, ,0, ,0, ,0, ,0,
,OHU, ,0, ,0, ,0, ,0, ,0, ,0, ,0, ,0, ,0, ,0
,PWD, ,0, ,0, ,0, ,0, ,0, ,0, ,0, ,0, ,0, ,0
,PWD Common Reserved Seats :0,,,,,,,,,,,,,,,,,,,,
Economically Weaker Section (EWS) Seats :0, ,TFWS Choice Code : 0517024111T, ,Seats: 0,,,,,,,,,,,,,,,,,
,"F:Only For Female, HU:Home University, OHU:Other than Home University, PWD:Persons with Disabilities,Common Reserved:Combined Common for All Reserved Categories",,,,,,,,,,,,,,,,,,,,
,"STATE CET CELL , Mumbai", ,Page 19 of 191,,,,,,,,,,,,,,,,,,
Vacant seats after last date of reporting for Admission to First Year of PostGraduate Degree Courses in Master of Computer Applications for the Academic Year 2025-26,,,,,,,,,,,,,,,,,,,,,
,"5674 - Khandesh Education Society's Institute of Management and Technology, Amalner",,,,,,,,,,,,,,,,,,,,
,Un-Aided, ,CAP Seats: 3,,,,,,,,,,,,,,,,,,
Choice Code, ,Course Name, ,SI, ,MS Seats, ,All India, ,Minority Seats, ,Institute Seats,,,,,,,,,
0567424110, ,60, ,3, ,0, ,0, ,12,,,,,,,,,,,
Master in Computer Application, ,,,,,,,,,,,,,,,,,,,,
Category, ,OPEN, ,SC, ,ST, ,VJDT, ,NTB, ,NTC, ,NTD, ,OBC, ,SEBC, ,Total,
HU, ,0, ,0, ,0, ,0, ,0, ,0, ,0, ,1, ,0, ,1,
,OHU, ,0, ,0, ,0, ,0, ,0, ,0, ,0, ,2, ,0, ,2
,PWD, ,0, ,0, ,0, ,0, ,0, ,0, ,0, ,0, ,0, ,0
,PWD Common Reserved Seats :0,,,,,,,,,,,,,,,,,,,,
Economically Weaker Section (EWS) Seats :4, ,TFWS Choice Code : 0567424111T, ,Seats: 0,,,,,,,,,,,,,,,,,
,"F:Only For Female, HU:Home University, OHU:Other than Home University, PWD:Persons with Disabilities,Common Reserved:Combined Common for All Reserved Categories",,,,,,,,,,,,,,,,,,,,
,"STATE CET CELL , Mumbai", ,Page 20 of 191,,,,,,,,,,,,,,,,,,
Vacant seats after last date of reporting for Admission to First Year of PostGraduate Degree Courses in Master of Computer Applications for the Academic Year 2025-26,,,,,,,,,,,,,,,,,,,,,
,"6219 - KSGBS's Bharat- Ratna Indira Gandhi College of Engineering, Kegaon, Solapur",,,,,,,,,,,,,,,,,,,,
,Un-Aided, ,CAP Seats: 2,,,,,,,,,,,,,,,,,,
Choice Code, ,Course Name, ,SI, ,MS Seats, ,All India, ,Minority Seats, ,Institute Seats,,,,,,,,,
0621924110, ,60, ,2, ,0, ,0, ,0,,,,,,,,,,,
Master in Computer Application, ,,,,,,,,,,,,,,,,,,,,
Category, ,OPEN, ,SC, ,ST, ,VJDT, ,NTB, ,NTC, ,NTD, ,OBC, ,SEBC, ,Total,
HU, ,0, ,0, ,0, ,0, ,0, ,0, ,0, ,1, ,0, ,1,
,OHU, ,0, ,0, ,0, ,0, ,0, ,1, ,0, ,0, ,0, ,1
,PWD, ,0, ,0, ,0, ,0, ,0, ,0, ,0, ,0, ,0, ,0
,PWD Common Reserved Seats :0,,,,,,,,,,,,,,,,,,,,
Economically Weaker Section (EWS) Seats :0, ,TFWS Choice Code : 0621924111T, ,Seats: 0,,,,,,,,,,,,,,,,,
,"F:Only For Female, HU:Home University, OHU:Other than Home University, PWD:Persons with Disabilities,Common Reserved:Combined Common for All Reserved Categories",,,,,,,,,,,,,,,,,,,,
,"STATE CET CELL , Mumbai", ,Page 21 of 191,,,,,,,,,,,,,,,,,,
Vacant seats after last date of reporting for Admission to First Year of PostGraduate Degree Courses in Master of Computer Applications for the Academic Year 2025-26,,,,,,,,,,,,,,,,,,,,,
,"6321 - Vidya Vikas Pratishthan Institute of Engineering and Technology, Solapur",,,,,,,,,,,,,,,,,,,,
,Un-Aided, ,CAP Seats: 4,,,,,,,,,,,,,,,,,,
Choice Code, ,Course Name, ,SI, ,MS Seats, ,All India, ,Minority Seats, ,Institute Seats,,,,,,,,,
0632124110, ,60, ,3, ,1, ,0, ,12,,,,,,,,,,,
Master in Computer Application, ,,,,,,,,,,,,,,,,,,,,
Category, ,OPEN, ,SC, ,ST, ,VJDT, ,NTB, ,NTC, ,NTD, ,OBC, ,SEBC, ,Total,
HU, ,0, ,0, ,0, ,1, ,0, ,0, ,0, ,0, ,0, ,1,
,OHU, ,1, ,0, ,0, ,0, ,0, ,0, ,0, ,1, ,0, ,2
,PWD, ,0, ,0, ,0, ,0, ,0, ,0, ,0, ,0, ,0, ,0
,PWD Common Reserved Seats :0,,,,,,,,,,,,,,,,,,,,
Economically Weaker Section (EWS) Seats :1, ,TFWS Choice Code : 0632124111T, ,Seats: 0,,,,,,,,,,,,,,,,,
,"F:Only For Female, HU:Home University, OHU:Other than Home University, PWD:Persons with Disabilities,Common Reserved:Combined Common for All Reserved Categories",,,,,,,,,,,,,,,,,,,,
,"STATE CET CELL , Mumbai", ,Page 22 of 191,,,,,,,,,,,,,,,,,,
Vacant seats after last date of reporting for Admission to First Year of PostGraduate Degree Courses in Master of Computer Applications for the Academic Year 2025-26,,,,,,,,,,,,,,,,,,,,,
,"6545 - Samarth Education Trust's Arvind Gavali College Of Engineering Panwalewadi, Varye,Satara.",,,,,,,,,,,,,,,,,,,,
,Un-Aided-Autonomous, ,CAP Seats: 12,,,,,,,,,,,,,,,,,,
Choice Code, ,Course Name, ,SI, ,MS Seats, ,All India, ,Minority Seats, ,Institute Seats,,,,,,,,,
0654524110, ,60, ,12, ,0, ,0, ,0,,,,,,,,,,,
Master in Computer Application, ,,,,,,,,,,,,,,,,,,,,
Category, ,OPEN, ,SC, ,ST, ,VJDT, ,NTB, ,NTC, ,NTD, ,OBC, ,SEBC, ,Total,
HU, ,0, ,1, ,0, ,1, ,0, ,1, ,0, ,5, ,1, ,9,
,OHU, ,1, ,0, ,1, ,0, ,0, ,0, ,0, ,1, ,0, ,3
,PWD, ,0, ,0, ,0, ,0, ,0, ,0, ,0, ,0, ,0, ,0
,PWD Common Reserved Seats :0,,,,,,,,,,,,,,,,,,,,
Economically Weaker Section (EWS) Seats :6, ,TFWS Choice Code : 0654524111T, ,Seats: 2,,,,,,,,,,,,,,,,,
,"F:Only For Female, HU:Home University, OHU:Other than Home University, PWD:Persons with Disabilities,Common Reserved:Combined Common for All Reserved Categories",,,,,,,,,,,,,,,,,,,,
,"STATE CET CELL , Mumbai", ,Page 23 of 191,,,,,,,,,,,,,,,,,,
Vacant seats after last date of reporting for Admission to First Year of PostGraduate Degree Courses in Master of Computer Applications for the Academic Year 2025-26,,,,,,,,,,,,,,,,,,,,,
,Gondwana University,,,,,,,,,,,,,,,,,,,,
,"4153 - Sarvodaya Shikshan Mandal's Sardar Patel Mahavidayalaya, Dept. of Computer Studies & Research, Chandrapur",,,,,,,,,,,,,,,,,,,,
,Un-Aided, ,CAP Seats: 1,,,,,,,,,,,,,,,,,,
Choice Code, ,Course Name, ,SI, ,MS Seats, ,All India, ,Minority Seats, ,Institute Seats,,,,,,,,,
0415324110, ,Master in Computer Application, ,30, ,1, ,0, ,0, ,0,,,,,,,,,
Category, ,OPEN, ,SC, ,ST, ,VJDT, ,NTB, ,NTC, ,NTD, ,OBC, ,SEBC, ,Total,
HU, ,0, ,0, ,0, ,0, ,0, ,0, ,0, ,0, ,0, ,0,
,OHU, ,1, ,0, ,0, ,0, ,0, ,0, ,0, ,0, ,0, ,1
,PWD, ,0, ,0, ,0, ,0, ,0, ,0, ,0, ,0, ,0, ,0
,PWD Common Reserved Seats :0,,,,,,,,,,,,,,,,,,,,
Economically Weaker Section (EWS) Seats :2,,,,,,,,,,,,,,,,,,,,,
,"F:Only For Female, HU:Home University, OHU:Other than Home University, PWD:Persons with Disabilities,Common Reserved:Combined Common for All Reserved Categories",,,,,,,,,,,,,,,,,,,,
,"STATE CET CELL , Mumbai", ,Page 24 of 191,,,,,,,,,,,,,,,,,,
Vacant seats after last date of reporting for Admission to First Year of PostGraduate Degree Courses in Master of Computer Applications for the Academic Year 2025-26,,,,,,,,,,,,,,,,,,,,,
,"4188 - Krushi Jivan Vikas Pratishthan, Ballarpur Institute of Technology, Mouza Bamni",,,,,,,,,,,,,,,,,,,,
,Un-Aided, ,CAP Seats: 41,,,,,,,,,,,,,,,,,,
Choice Code, ,Course Name, ,SI, ,MS Seats, ,All India, ,Minority Seats, ,Institute Seats,,,,,,,,,
0418824110, ,120, ,41, ,0, ,0, ,0,,,,,,,,,,,
Master in Computer Application, ,,,,,,,,,,,,,,,,,,,,
Category, ,OPEN, ,SC, ,ST, ,VJDT, ,NTB, ,NTC, ,NTD, ,OBC, ,SEBC, ,Total,
HU, ,0, ,7, ,4, ,2, ,2, ,2, ,2, ,0, ,7, ,26,
,OHU, ,1, ,4, ,2, ,1, ,1, ,1, ,0, ,2, ,3, ,15
,PWD, ,0, ,0, ,0, ,0, ,0, ,0, ,0, ,0, ,0, ,0
,PWD Common Reserved Seats :0,,,,,,,,,,,,,,,,,,,,
Economically Weaker Section (EWS) Seats :12, ,TFWS Choice Code : 0418824111T, ,Seats: 6,,,,,,,,,,,,,,,,,
,"F:Only For Female, HU:Home University, OHU:Other than Home University, PWD:Persons with Disabilities,Common Reserved:Combined Common for All Reserved Categories",,,,,,,,,,,,,,,,,,,,
,"STATE CET CELL , Mumbai", ,Page 25 of 191,,,,,,,,,,,,,,,,,,
Vacant seats after last date of reporting for Admission to First Year of PostGraduate Degree Courses in Master of Computer Applications for the Academic Year 2025-26,,,,,,,,,,,,,,,,,,,,,
,"Kavayitri Bahinabai Chaudhari North Maharashtra University, Jalgaon",,,,,,,,,,,,,,,,,,,,
,"5002 - Department of Computer Science, North Maharashtra University, Jalgaon",,,,,,,,,,,,,,,,,,,,
,University Department, ,CAP Seats: 3,,,,,,,,,,,,,,,,,,
Choice Code, ,Course Name, ,SI, ,MS Seats, ,All India, ,Minority Seats, ,Institute Seats,,,,,,,,,
0500224110, ,Master in Computer Application, ,60, ,2, ,1, ,0, ,0,,,,,,,,,
Category, ,OPEN, ,SC, ,ST, ,VJDT, ,NTB, ,NTC, ,NTD, ,OBC, ,SEBC, ,Total,
HU, ,0, ,0, ,1, ,0, ,0, ,0, ,0, ,0, ,0, ,1,
,OHU, ,1, ,0, ,0, ,0, ,0, ,0, ,0, ,0, ,0, ,1
,PWD, ,0, ,0, ,0, ,0, ,0, ,0, ,0, ,0, ,0, ,0
,PWD Common Reserved Seats :0,,,,,,,,,,,,,,,,,,,,
Economically Weaker Section (EWS) Seats :0, ,TFWS Choice Code : 0500224111T, ,Seats: 0,,,,,,,,,,,,,,,,,
,"F:Only For Female, HU:Home University, OHU:Other than Home University, PWD:Persons with Disabilities,Common Reserved:Combined Common for All Reserved Categories",,,,,,,,,,,,,,,,,,,,
,"STATE CET CELL , Mumbai", ,Page 26 of 191,,,,,,,,,,,,,,,,,,
Vacant seats after last date of reporting for Admission to First Year of PostGraduate Degree Courses in Master of Computer Applications for the Academic Year 2025-26,,,,,,,,,,,,,,,,,,,,,
,"5101 - Khandesh College Education Society's Institute of Management & Research, Jalgaon",,,,,,,,,,,,,,,,,,,,
,Un-Aided-Autonomous, ,CAP Seats: 13,,,,,,,,,,,,,,,,,,
Choice Code, ,Course Name, ,SI, ,MS Seats, ,All India, ,Minority Seats, ,Institute Seats,,,,,,,,,
0510124110, ,180, ,11, ,2, ,0, ,0,,,,,,,,,,,
Master in Computer Application, ,,,,,,,,,,,,,,,,,,,,
Category, ,OPEN, ,SC, ,ST, ,VJDT, ,NTB, ,NTC, ,NTD, ,OBC, ,SEBC, ,Total,
HU, ,2, ,1, ,2, ,0, ,1, ,0, ,0, ,1, ,0, ,7,
,OHU, ,2, ,0, ,0, ,0, ,0, ,0, ,1, ,0, ,0, ,3
,PWD, ,1, ,0, ,0, ,0, ,0, ,0, ,0, ,0, ,0, ,1
,PWD Common Reserved Seats :0,,,,,,,,,,,,,,,,,,,,
Economically Weaker Section (EWS) Seats :5, ,TFWS Choice Code : 0510124111T, ,Seats: 0,,,,,,,,,,,,,,,,,
,"F:Only For Female, HU:Home University, OHU:Other than Home University, PWD:Persons with Disabilities,Common Reserved:Combined Common for All Reserved Categories",,,,,,,,,,,,,,,,,,,,
,"STATE CET CELL , Mumbai", ,Page 27 of 191,,,,,,,,,,,,,,,,,,
Vacant seats after last date of reporting for Admission to First Year of PostGraduate Degree Courses in Master of Computer Applications for the Academic Year 2025-26,,,,,,,,,,,,,,,,,,,,,
,"5102 - Godavari Institute of Management & Research, Jalgaon",,,,,,,,,,,,,,,,,,,,
,Un-Aided, ,CAP Seats: 8,,,,,,,,,,,,,,,,,,
Choice Code, ,Course Name, ,SI, ,MS Seats, ,All India, ,Minority Seats, ,Institute Seats,,,,,,,,,
0510224110, ,120, ,7, ,1, ,0, ,0,,,,,,,,,,,
Master in Computer Application, ,,,,,,,,,,,,,,,,,,,,
Category, ,OPEN, ,SC, ,ST, ,VJDT, ,NTB, ,NTC, ,NTD, ,OBC, ,SEBC, ,Total,
HU, ,0, ,0, ,0, ,1, ,0, ,0, ,1, ,0, ,2, ,4,
,OHU, ,1, ,0, ,0, ,0, ,0, ,0, ,0, ,2, ,0, ,3
,PWD, ,0, ,0, ,0, ,0, ,0, ,0, ,0, ,0, ,0, ,0
,PWD Common Reserved Seats :0,,,,,,,,,,,,,,,,,,,,
Economically Weaker Section (EWS) Seats :7, ,TFWS Choice Code : 0510224111T, ,Seats: 0,,,,,,,,,,,,,,,,,
,"F:Only For Female, HU:Home University, OHU:Other than Home University, PWD:Persons with Disabilities,Common Reserved:Combined Common for All Reserved Categories",,,,,,,,,,,,,,,,,,,,
,"STATE CET CELL , Mumbai", ,Page 28 of 191,,,,,,,,,,,,,,,,,,
Vacant seats after last date of reporting for Admission to First Year of PostGraduate Degree Courses in Master of Computer Applications for the Academic Year 2025-26,,,,,,,,,,,,,,,,,,,,,
,"5104 - Shramsadhana Bombay Trust, College of Engineering & Technology, Jalgaon",,,,,,,,,,,,,,,,,,,,
,Un-Aided, ,CAP Seats: 1,,,,,,,,,,,,,,,,,,
Choice Code, ,Course Name, ,SI, ,MS Seats, ,All India, ,Minority Seats, ,Institute Seats,,,,,,,,,
0510424110, ,60, ,1, ,0, ,0, ,0,,,,,,,,,,,
Master in Computer Application, ,,,,,,,,,,,,,,,,,,,,
Category, ,OPEN, ,SC, ,ST, ,VJDT, ,NTB, ,NTC, ,NTD, ,OBC, ,SEBC, ,Total,
HU, ,0, ,0, ,1, ,0, ,0, ,0, ,0, ,0, ,0, ,1,
,OHU, ,0, ,0, ,0, ,0, ,0, ,0, ,0, ,0, ,0, ,0
,PWD, ,0, ,0, ,0, ,0, ,0, ,0, ,0, ,0, ,0, ,0
,PWD Common Reserved Seats :0,,,,,,,,,,,,,,,,,,,,
Economically Weaker Section (EWS) Seats :1, ,TFWS Choice Code : 0510424111T, ,Seats: 0,,,,,,,,,,,,,,,,,
,"F:Only For Female, HU:Home University, OHU:Other than Home University, PWD:Persons with Disabilities,Common Reserved:Combined Common for All Reserved Categories",,,,,,,,,,,,,,,,,,,,
,"STATE CET CELL , Mumbai", ,Page 29 of 191,,,,,,,,,,,,,,,,,,
Vacant seats after last date of reporting for Admission to First Year of PostGraduate Degree Courses in Master of Computer Applications for the Academic Year 2025-26,,,,,,,,,,,,,,,,,,,,,
,"5150 - R.C. Patel Educational Trust, Institute of Management Reasearch & Development, Shirpur",,,,,,,,,,,,,,,,,,,,
,Un-Aided-Linguistic Minority - Gujarathi, ,CAP Seats: 5,,,,,,,,,,,,,,,,,,
Choice Code, ,Course Name, ,SI, ,MS Seats, ,All India, ,Minority Seats, ,Institute Seats,,,,,,,,,
0515024110, ,180, ,5, ,0, ,0, ,0,,,,,,,,,,,
Master in Computer Application, ,,,,,,,,,,,,,,,,,,,,
Category, ,OPEN, ,SC, ,ST, ,VJDT, ,NTB, ,NTC, ,NTD, ,OBC, ,SEBC, ,Total,
HU, ,0, ,0, ,0, ,0, ,0, ,0, ,0, ,0, ,0, ,0,
,OHU, ,5, ,0, ,0, ,0, ,0, ,0, ,0, ,0, ,0, ,5
,PWD, ,0, ,0, ,0, ,0, ,0, ,0, ,0, ,0, ,0, ,0
,PWD Common Reserved Seats :0,,,,,,,,,,,,,,,,,,,,
Economically Weaker Section (EWS) Seats :0, ,TFWS Choice Code : 0515024111T, ,Seats: 0,,,,,,,,,,,,,,,,,
,"F:Only For Female, HU:Home University, OHU:Other than Home University, PWD:Persons with Disabilities,Common Reserved:Combined Common for All Reserved Categories",,,,,,,,,,,,,,,,,,,,
,"STATE CET CELL , Mumbai", ,Page 30 of 191,,,,,,,,,,,,,,,,,,
Vacant seats after last date of reporting for Admission to First Year of PostGraduate Degree Courses in Master of Computer Applications for the Academic Year 2025-26,,,,,,,,,,,,,,,,,,,,,
,5152 - G H Raisoni College of, ,"Engineering and Management, Jalgaon",,,,,,,,,,,,,,,,,,
,Un-Aided-Autonomous-Linguistic Minority - Hindi, ,CAP Seats: 7,,,,,,,,,,,,,,,,,,
Choice Code, ,Course Name, ,SI, ,MS Seats, ,All India, ,Minority Seats, ,Institute Seats,,,,,,,,,
0515224110, ,180, ,4, ,0, ,3, ,0,,,,,,,,,,,
Master in Computer Application, ,,,,,,,,,,,,,,,,,,,,
Category, ,OPEN, ,SC, ,ST, ,VJDT, ,NTB, ,NTC, ,NTD, ,OBC, ,SEBC, ,Total,
HU, ,3, ,0, ,0, ,0, ,0, ,0, ,0, ,0, ,0, ,3,
,OHU, ,1, ,0, ,0, ,0, ,0, ,0, ,0, ,0, ,0, ,1
,PWD, ,0, ,0, ,0, ,0, ,0, ,0, ,0, ,0, ,0, ,0
,PWD Common Reserved Seats :0,,,,,,,,,,,,,,,,,,,,
Economically Weaker Section (EWS) Seats :0, ,TFWS Choice Code : 0515224111T, ,Seats: 0,,,,,,,,,,,,,,,,,
,"F:Only For Female, HU:Home University, OHU:Other than Home University, PWD:Persons with Disabilities,Common Reserved:Combined Common for All Reserved Categories",,,,,,,,,,,,,,,,,,,,
,"STATE CET CELL , Mumbai", ,Page 31 of 191,,,,,,,,,,,,,,,,,,
Vacant seats after last date of reporting for Admission to First Year of PostGraduate Degree Courses in Master of Computer Applications for the Academic Year 2025-26,,,,,,,,,,,,,,,,,,,,,
,"5381 - Shri. Jaykumar Rawal Institute of Technology, Dondaicha.",,,,,,,,,,,,,,,,,,,,
,Un-Aided, ,CAP Seats: 5,,,,,,,,,,,,,,,,,,
Choice Code, ,Course Name, ,SI, ,MS Seats, ,All India, ,Minority Seats, ,Institute Seats,,,,,,,,,
0538124110, ,60, ,5, ,0, ,0, ,6,,,,,,,,,,,
Master in Computer Application, ,,,,,,,,,,,,,,,,,,,,
Category, ,OPEN, ,SC, ,ST, ,VJDT, ,NTB, ,NTC, ,NTD, ,OBC, ,SEBC, ,Total,
HU, ,2, ,0, ,0, ,0, ,0, ,0, ,0, ,1, ,1, ,4,
,OHU, ,0, ,0, ,0, ,0, ,0, ,0, ,0, ,1, ,0, ,1
,PWD, ,0, ,0, ,0, ,0, ,0, ,0, ,0, ,0, ,0, ,0
,PWD Common Reserved Seats :0,,,,,,,,,,,,,,,,,,,,
Economically Weaker Section (EWS) Seats :1, ,TFWS Choice Code : 0538124111T, ,Seats: 0,,,,,,,,,,,,,,,,,
,"F:Only For Female, HU:Home University, OHU:Other than Home University, PWD:Persons with Disabilities,Common Reserved:Combined Common for All Reserved Categories",,,,,,,,,,,,,,,,,,,,
,"STATE CET CELL , Mumbai", ,Page 32 of 191,,,,,,,,,,,,,,,,,,
Vacant seats after last date of reporting for Admission to First Year of PostGraduate Degree Courses in Master of Computer Applications for the Academic Year 2025-26,,,,,,,,,,,,,,,,,,,,,
,5550 - BHUSAWAL ARTS SCIENCE AND P O NAHATA COMMERCE COLLEGE BHUSAWAL,,,,,,,,,,,,,,,,,,,,
,Un-Aided, ,CAP Seats: 13,,,,,,,,,,,,,,,,,,
Choice Code, ,Course Name, ,SI, ,MS Seats, ,All India, ,Minority Seats, ,Institute Seats,,,,,,,,,
0555024170U, ,60, ,13, ,0, ,0, ,12,,,,,,,,,,,
Master in Computer Application, ,,,,,,,,,,,,,,,,,,,,
Category, ,OPEN, ,SC, ,ST, ,VJDT, ,NTB, ,NTC, ,NTD, ,OBC, ,SEBC, ,Total,
HU, ,1, ,0, ,1, ,0, ,0, ,0, ,0, ,2, ,2, ,6,
,OHU, ,3, ,1, ,1, ,1, ,0, ,0, ,0, ,0, ,1, ,7
,PWD, ,0, ,0, ,0, ,0, ,0, ,0, ,0, ,0, ,0, ,0
,PWD Common Reserved Seats :0,,,,,,,,,,,,,,,,,,,,
Economically Weaker Section (EWS) Seats :3, ,TFWS Choice Code : 0555024171UT, ,Seats: 1,,,,,,,,,,,,,,,,,
,"F:Only For Female, HU:Home University, OHU:Other than Home University, PWD:Persons with Disabilities,Common Reserved:Combined Common for All Reserved Categories",,,,,,,,,,,,,,,,,,,,
,"STATE CET CELL , Mumbai", ,Page 33 of 191,,,,,,,,,,,,,,,,,,
Vacant seats after last date of reporting for Admission to First Year of PostGraduate Degree Courses in Master of Computer Applications for the Academic Year 2025-26,,,,,,,,,,,,,,,,,,,,,
,5556 - DADASAHEB DR.SURESH G.PATIL COLLEGE CHOPDA,,,,,,,,,,,,,,,,,,,,
,Un-Aided, ,CAP Seats: 2,,,,,,,,,,,,,,,,,,
Choice Code, ,Course Name, ,SI, ,MS Seats, ,All India, ,Minority Seats, ,Institute Seats,,,,,,,,,
0555624170U, ,60, ,2, ,0, ,0, ,6,,,,,,,,,,,
Master in Computer Application, ,,,,,,,,,,,,,,,,,,,,
Category, ,OPEN, ,SC, ,ST, ,VJDT, ,NTB, ,NTC, ,NTD, ,OBC, ,SEBC, ,Total,
HU, ,0, ,0, ,0, ,0, ,0, ,0, ,0, ,0, ,0, ,0,
,OHU, ,1, ,0, ,0, ,0, ,1, ,0, ,0, ,0, ,0, ,2
,PWD, ,0, ,0, ,0, ,0, ,0, ,0, ,0, ,0, ,0, ,0
,PWD Common Reserved Seats :0,,,,,,,,,,,,,,,,,,,,
Economically Weaker Section (EWS) Seats :4, ,TFWS Choice Code : 0555624171UT, ,Seats: 0,,,,,,,,,,,,,,,,,
,"F:Only For Female, HU:Home University, OHU:Other than Home University, PWD:Persons with Disabilities,Common Reserved:Combined Common for All Reserved Categories",,,,,,,,,,,,,,,,,,,,
,"STATE CET CELL , Mumbai", ,Page 34 of 191,,,,,,,,,,,,,,,,,,
Vacant seats after last date of reporting for Admission to First Year of PostGraduate Degree Courses in Master of Computer Applications for the Academic Year 2025-26,,,,,,,,,,,,,,,,,,,,,
,5569 - SHRI SHIVAJI VIDYA PRASARAK SANSTHA L.K.DR.P.R.GHOGREY SCIENCE COLLEGE DHULE,,,,,,,,,,,,,,,,,,,,
,Un-Aided, ,CAP Seats: 7,,,,,,,,,,,,,,,,,,
Choice Code, ,Course Name, ,SI, ,MS Seats, ,All India, ,Minority Seats, ,Institute Seats,,,,,,,,,
0556924170U, ,60, ,7, ,0, ,0, ,12,,,,,,,,,,,
Master in Computer Application, ,,,,,,,,,,,,,,,,,,,,
Category, ,OPEN, ,SC, ,ST, ,VJDT, ,NTB, ,NTC, ,NTD, ,OBC, ,SEBC, ,Total,
HU, ,3, ,1, ,0, ,0, ,0, ,0, ,0, ,1, ,0, ,5,
,OHU, ,1, ,0, ,1, ,0, ,0, ,0, ,0, ,0, ,0, ,2
,PWD, ,0, ,0, ,0, ,0, ,0, ,0, ,0, ,0, ,0, ,0
,PWD Common Reserved Seats :0,,,,,,,,,,,,,,,,,,,,
Economically Weaker Section (EWS) Seats :3, ,TFWS Choice Code : 0556924171UT, ,Seats: 0,,,,,,,,,,,,,,,,,
,"F:Only For Female, HU:Home University, OHU:Other than Home University, PWD:Persons with Disabilities,Common Reserved:Combined Common for All Reserved Categories",,,,,,,,,,,,,,,,,,,,
,"STATE CET CELL , Mumbai", ,Page 35 of 191,,,,,,,,,,,,,,,,,,
Vacant seats after last date of reporting for Admission to First Year of PostGraduate Degree Courses in Master of Computer Applications for the Academic Year 2025-26,,,,,,,,,,,,,,,,,,,,,
,Mumbai University,,,,,,,,,,,,,,,,,,,,
,"3012 - Veermata Jijabai Technological Institute(VJTI), Matunga, Mumbai",,,,,,,,,,,,,,,,,,,,
,Government-Aided-Autonomous, ,CAP Seats: 3,,,,,,,,,,,,,,,,,,
Choice Code, ,Course Name, ,SI, ,MS Seats, ,All India, ,Minority Seats, ,Institute Seats,,,,,,,,,
0301224110, ,Master in Computer Application, ,60, ,3, ,0, ,0, ,0,,,,,,,,,
Category, ,OPEN, ,SC, ,ST, ,VJDT, ,NTB, ,NTC, ,NTD, ,OBC, ,SEBC, ,Total,
HU, ,0, ,0, ,0, ,1, ,0, ,1, ,0, ,0, ,1, ,3,
,OHU, ,0, ,0, ,0, ,0, ,0, ,0, ,0, ,0, ,0, ,0
,PWD, ,0, ,0, ,0, ,0, ,0, ,0, ,0, ,0, ,0, ,0
,PWD Common Reserved Seats :0,,,,,,,,,,,,,,,,,,,,
Economically Weaker Section (EWS) Seats :0, ,TFWS Choice Code : 0301224111T, ,Seats: 0,,,,,,,,,,,,,,,,,
,"F:Only For Female, HU:Home University, OHU:Other than Home University, PWD:Persons with Disabilities,Common Reserved:Combined Common for All Reserved Categories",,,,,,,,,,,,,,,,,,,,
,"STATE CET CELL , Mumbai", ,Page 36 of 191,,,,,,,,,,,,,,,,,,
Vacant seats after last date of reporting for Admission to First Year of PostGraduate Degree Courses in Master of Computer Applications for the Academic Year 2025-26,,,,,,,,,,,,,,,,,,,,,
,"3109 - S.I.E.S. College of Management Studies, Mumbai",,,,,,,,,,,,,,,,,,,,
,Un-Aided-Linguistic Minority - Tamil, ,CAP Seats: 17,,,,,,,,,,,,,,,,,,
Choice Code, ,Course Name, ,SI, ,MS Seats, ,All India, ,Minority Seats, ,Institute Seats,,,,,,,,,
0310924110, ,120, ,4, ,3, ,10, ,24,,,,,,,,,,,
Master in Computer Application, ,,,,,,,,,,,,,,,,,,,,
Category, ,OPEN, ,SC, ,ST, ,VJDT, ,NTB, ,NTC, ,NTD, ,OBC, ,SEBC, ,Total,
HU, ,1, ,0, ,0, ,0, ,0, ,0, ,0, ,0, ,0, ,1,
,OHU, ,3, ,0, ,0, ,0, ,0, ,0, ,0, ,0, ,0, ,3
,PWD, ,0, ,0, ,0, ,0, ,0, ,0, ,0, ,0, ,0, ,0
,PWD Common Reserved Seats :0,,,,,,,,,,,,,,,,,,,,
Economically Weaker Section (EWS) Seats :0, ,TFWS Choice Code : 0310924111T, ,Seats: 1,,,,,,,,,,,,,,,,,
,"F:Only For Female, HU:Home University, OHU:Other than Home University, PWD:Persons with Disabilities,Common Reserved:Combined Common for All Reserved Categories",,,,,,,,,,,,,,,,,,,,
,"STATE CET CELL , Mumbai", ,Page 37 of 191,,,,,,,,,,,,,,,,,,
Vacant seats after last date of reporting for Admission to First Year of PostGraduate Degree Courses in Master of Computer Applications for the Academic Year 2025-26,,,,,,,,,,,,,,,,,,,,,
,"3117 - Gurunanak Institute of Management Studies, Mumbai",,,,,,,,,,,,,,,,,,,,
,Un-Aided-Religious Minority - Sikh, ,CAP Seats: 14,,,,,,,,,,,,,,,,,,
Choice Code, ,Course Name, ,SI, ,MS Seats, ,All India, ,Minority Seats, ,Institute Seats,,,,,,,,,
0311724110, ,60, ,6, ,3, ,5, ,12,,,,,,,,,,,
Master in Computer Application, ,,,,,,,,,,,,,,,,,,,,
Category, ,OPEN, ,SC, ,ST, ,VJDT, ,NTB, ,NTC, ,NTD, ,OBC, ,SEBC, ,Total,
HU, ,3, ,0, ,0, ,0, ,0, ,0, ,0, ,0, ,0, ,3,
,OHU, ,3, ,0, ,0, ,0, ,0, ,0, ,0, ,0, ,0, ,3
,PWD, ,0, ,0, ,0, ,0, ,0, ,0, ,0, ,0, ,0, ,0
,PWD Common Reserved Seats :0,,,,,,,,,,,,,,,,,,,,
Economically Weaker Section (EWS) Seats :0, ,TFWS Choice Code : 0311724111T, ,Seats: 0,,,,,,,,,,,,,,,,,
,"F:Only For Female, HU:Home University, OHU:Other than Home University, PWD:Persons with Disabilities,Common Reserved:Combined Common for All Reserved Categories",,,,,,,,,,,,,,,,,,,,
,"STATE CET CELL , Mumbai", ,Page 38 of 191,,,,,,,,,,,,,,,,,,
Vacant seats after last date of reporting for Admission to First Year of PostGraduate Degree Courses in Master of Computer Applications for the Academic Year 2025-26,,,,,,,,,,,,,,,,,,,,,
,"3127 - NCRD's Sterling Institute of Management Studies, Navi Mumbai",,,,,,,,,,,,,,,,,,,,
,Un-Aided, ,CAP Seats: 19,,,,,,,,,,,,,,,,,,
Choice Code, ,Course Name, ,SI, ,MS Seats, ,All India, ,Minority Seats, ,Institute Seats,,,,,,,,,
0312724110, ,120, ,14, ,5, ,0, ,24,,,,,,,,,,,
Master in Computer Application, ,,,,,,,,,,,,,,,,,,,,
Category, ,OPEN, ,SC, ,ST, ,VJDT, ,NTB, ,NTC, ,NTD, ,OBC, ,SEBC, ,Total,
HU, ,5, ,1, ,0, ,0, ,0, ,1, ,1, ,0, ,0, ,8,
,OHU, ,2, ,1, ,1, ,0, ,1, ,0, ,1, ,0, ,0, ,6
,PWD, ,0, ,0, ,0, ,0, ,0, ,0, ,0, ,0, ,0, ,0
,PWD Common Reserved Seats :0,,,,,,,,,,,,,,,,,,,,
Economically Weaker Section (EWS) Seats :9, ,TFWS Choice Code : 0312724111T, ,Seats: 2,,,,,,,,,,,,,,,,,
,"F:Only For Female, HU:Home University, OHU:Other than Home University, PWD:Persons with Disabilities,Common Reserved:Combined Common for All Reserved Categories",,,,,,,,,,,,,,,,,,,,
,"STATE CET CELL , Mumbai", ,Page 39 of 191,,,,,,,,,,,,,,,,,,
Vacant seats after last date of reporting for Admission to First Year of PostGraduate Degree Courses in Master of Computer Applications for the Academic Year 2025-26,,,,,,,,,,,,,,,,,,,,,
,"3129 - Mumbai Institute of Management & Research, Mumbai",,,,,,,,,,,,,,,,,,,,
,Un-Aided, ,CAP Seats: 72,,,,,,,,,,,,,,,,,,
Choice Code, ,Course Name, ,SI, ,MS Seats, ,All India, ,Minority Seats, ,Institute Seats,,,,,,,,,
0312924210, ,120, ,58, ,14, ,0, ,24,,,,,,,,,,,
Master of Computer Applications, ,,,,,,,,,,,,,,,,,,,,
Category, ,OPEN, ,SC, ,ST, ,VJDT, ,NTB, ,NTC, ,NTD, ,OBC, ,SEBC, ,Total,
HU, ,15, ,3, ,2, ,2, ,1, ,1, ,1, ,9, ,5, ,39,
,OHU, ,6, ,3, ,1, ,1, ,1, ,1, ,0, ,2, ,2, ,17
,PWD, ,2, ,0, ,0, ,0, ,0, ,0, ,0, ,0, ,0, ,2
,PWD Common Reserved Seats :0,,,,,,,,,,,,,,,,,,,,
Economically Weaker Section (EWS) Seats :12, ,TFWS Choice Code : 0312924211T, ,Seats: 2,,,,,,,,,,,,,,,,,
,"F:Only For Female, HU:Home University, OHU:Other than Home University, PWD:Persons with Disabilities,Common Reserved:Combined Common for All Reserved Categories",,,,,,,,,,,,,,,,,,,,
,"STATE CET CELL , Mumbai", ,Page 40 of 191,,,,,,,,,,,,,,,,,,
Vacant seats after last date of reporting for Admission to First Year of PostGraduate Degree Courses in Master of Computer Applications for the Academic Year 2025-26,,,,,,,,,,,,,,,,,,,,,
,"3133 - Swayamsiddhi Mitra Sangh's College of Management & Research, Thane",,,,,,,,,,,,,,,,,,,,
,Un-Aided, ,CAP Seats: 12,,,,,,,,,,,,,,,,,,
Choice Code, ,Course Name, ,SI, ,MS Seats, ,All India, ,Minority Seats, ,Institute Seats,,,,,,,,,
0313324110, ,60, ,11, ,1, ,0, ,0,,,,,,,,,,,
Master in Computer Application, ,,,,,,,,,,,,,,,,,,,,
Category, ,OPEN, ,SC, ,ST, ,VJDT, ,NTB, ,NTC, ,NTD, ,OBC, ,SEBC, ,Total,
HU, ,6, ,0, ,0, ,0, ,0, ,0, ,0, ,1, ,1, ,8,
,OHU, ,1, ,0, ,0, ,0, ,0, ,0, ,0, ,1, ,0, ,2
,PWD, ,1, ,0, ,0, ,0, ,0, ,0, ,0, ,0, ,0, ,1
,PWD Common Reserved Seats :0,,,,,,,,,,,,,,,,,,,,
Economically Weaker Section (EWS) Seats :4, ,TFWS Choice Code : 0313324111T, ,Seats: 0,,,,,,,,,,,,,,,,,
,"F:Only For Female, HU:Home University, OHU:Other than Home University, PWD:Persons with Disabilities,Common Reserved:Combined Common for All Reserved Categories",,,,,,,,,,,,,,,,,,,,
,"STATE CET CELL , Mumbai", ,Page 41 of 191,,,,,,,,,,,,,,,,,,
Vacant seats after last date of reporting for Admission to First Year of PostGraduate Degree Courses in Master of Computer Applications for the Academic Year 2025-26,,,,,,,,,,,,,,,,,,,,,
,"3162 - Bharti Vidyapeeth's Institute of Management & Information Technology, Navi Mumbai",,,,,,,,,,,,,,,,,,,,
,Un-Aided, ,CAP Seats: 8,,,,,,,,,,,,,,,,,,
Choice Code, ,Course Name, ,SI, ,MS Seats, ,All India, ,Minority Seats, ,Institute Seats,,,,,,,,,
0316224110, ,120, ,5, ,3, ,0, ,24,,,,,,,,,,,
Master in Computer Application, ,,,,,,,,,,,,,,,,,,,,
Category, ,OPEN, ,SC, ,ST, ,VJDT, ,NTB, ,NTC, ,NTD, ,OBC, ,SEBC, ,Total,
HU, ,3, ,0, ,0, ,0, ,0, ,0, ,0, ,0, ,1, ,4,
,OHU, ,1, ,0, ,0, ,0, ,0, ,0, ,0, ,0, ,0, ,1
,PWD, ,0, ,0, ,0, ,0, ,0, ,0, ,0, ,0, ,0, ,0
,PWD Common Reserved Seats :0,,,,,,,,,,,,,,,,,,,,
Economically Weaker Section (EWS) Seats :3, ,TFWS Choice Code : 0316224111T, ,Seats: 0,,,,,,,,,,,,,,,,,
,"F:Only For Female, HU:Home University, OHU:Other than Home University, PWD:Persons with Disabilities,Common Reserved:Combined Common for All Reserved Categories",,,,,,,,,,,,,,,,,,,,
,"STATE CET CELL , Mumbai", ,Page 42 of 191,,,,,,,,,,,,,,,,,,
Vacant seats after last date of reporting for Admission to First Year of PostGraduate Degree Courses in Master of Computer Applications for the Academic Year 2025-26,,,,,,,,,,,,,,,,,,,,,
,"3167 - Mumbai Education Trust's Institute of Computer Science, Bandra (W), Mumbai",,,,,,,,,,,,,,,,,,,,
,Un-Aided, ,CAP Seats: 7,,,,,,,,,,,,,,,,,,
Choice Code, ,Course Name, ,SI, ,MS Seats, ,All India, ,Minority Seats, ,Institute Seats,,,,,,,,,
0316724110, ,60, ,3, ,4, ,0, ,12,,,,,,,,,,,
Master in Computer Application, ,,,,,,,,,,,,,,,,,,,,
Category, ,OPEN, ,SC, ,ST, ,VJDT, ,NTB, ,NTC, ,NTD, ,OBC, ,SEBC, ,Total,
HU, ,1, ,0, ,0, ,0, ,0, ,0, ,0, ,0, ,0, ,1,
,OHU, ,0, ,0, ,1, ,0, ,1, ,0, ,0, ,0, ,0, ,2
,PWD, ,0, ,0, ,0, ,0, ,0, ,0, ,0, ,0, ,0, ,0
,PWD Common Reserved Seats :0,,,,,,,,,,,,,,,,,,,,
Economically Weaker Section (EWS) Seats :1, ,TFWS Choice Code : 0316724111T, ,Seats: 0,,,,,,,,,,,,,,,,,
,"F:Only For Female, HU:Home University, OHU:Other than Home University, PWD:Persons with Disabilities,Common Reserved:Combined Common for All Reserved Categories",,,,,,,,,,,,,,,,,,,,
,"STATE CET CELL , Mumbai", ,Page 43 of 191,,,,,,,,,,,,,,,,,,
Vacant seats after last date of reporting for Admission to First Year of PostGraduate Degree Courses in Master of Computer Applications for the Academic Year 2025-26,,,,,,,,,,,,,,,,,,,,,
,"3168 - Thakur Institute of Management Studies Career Development & Research, Kandivali (E), Mumbai",,,,,,,,,,,,,,,,,,,,
,Un-Aided-Autonomous-Linguistic Minority - Hindi, ,CAP Seats: 20,,,,,,,,,,,,,,,,,,
Choice Code, ,Course Name, ,SI, ,MS Seats, ,All India, ,Minority Seats, ,Institute Seats,,,,,,,,,
0316824110, ,240, ,13, ,3, ,4, ,48,,,,,,,,,,,
Master in Computer Application, ,,,,,,,,,,,,,,,,,,,,
Category, ,OPEN, ,SC, ,ST, ,VJDT, ,NTB, ,NTC, ,NTD, ,OBC, ,SEBC, ,Total,
HU, ,7, ,0, ,0, ,0, ,0, ,0, ,0, ,0, ,0, ,7,
,OHU, ,6, ,0, ,0, ,0, ,0, ,0, ,0, ,0, ,0, ,6
,PWD, ,0, ,0, ,0, ,0, ,0, ,0, ,0, ,0, ,0, ,0
,PWD Common Reserved Seats :0,,,,,,,,,,,,,,,,,,,,
Economically Weaker Section (EWS) Seats :0, ,TFWS Choice Code : 0316824111T, ,Seats: 0,,,,,,,,,,,,,,,,,
,"F:Only For Female, HU:Home University, OHU:Other than Home University, PWD:Persons with Disabilities,Common Reserved:Combined Common for All Reserved Categories",,,,,,,,,,,,,,,,,,,,
,"STATE CET CELL , Mumbai", ,Page 44 of 191,,,,,,,,,,,,,,,,,,
Vacant seats after last date of reporting for Admission to First Year of PostGraduate Degree Courses in Master of Computer Applications for the Academic Year 2025-26,,,,,,,,,,,,,,,,,,,,,
,"3169 - Late Bhausaheb Hiray S. S. Trust's Institute of Computer Application, Bandra (E), Mumbai",,,,,,,,,,,,,,,,,,,,
,Un-Aided, ,CAP Seats: 19,,,,,,,,,,,,,,,,,,
Choice Code, ,Course Name, ,SI, ,MS Seats, ,All India, ,Minority Seats, ,Institute Seats,,,,,,,,,
0316924110, ,120, ,15, ,4, ,0, ,24,,,,,,,,,,,
Master in Computer Application, ,,,,,,,,,,,,,,,,,,,,
Category, ,OPEN, ,SC, ,ST, ,VJDT, ,NTB, ,NTC, ,NTD, ,OBC, ,SEBC, ,Total,
HU, ,2, ,0, ,2, ,0, ,1, ,0, ,0, ,1, ,1, ,7,
,OHU, ,5, ,0, ,1, ,1, ,0, ,0, ,0, ,0, ,1, ,8
,PWD, ,0, ,0, ,0, ,0, ,0, ,0, ,0, ,0, ,0, ,0
,PWD Common Reserved Seats :0,,,,,,,,,,,,,,,,,,,,
Economically Weaker Section (EWS) Seats :11, ,TFWS Choice Code : 0316924111T, ,Seats: 1,,,,,,,,,,,,,,,,,
,"F:Only For Female, HU:Home University, OHU:Other than Home University, PWD:Persons with Disabilities,Common Reserved:Combined Common for All Reserved Categories",,,,,,,,,,,,,,,,,,,,
,"STATE CET CELL , Mumbai", ,Page 45 of 191,,,,,,,,,,,,,,,,,,
Vacant seats after last date of reporting for Admission to First Year of PostGraduate Degree Courses in Master of Computer Applications for the Academic Year 2025-26,,,,,,,,,,,,,,,,,,,,,
,"3173 - Deccan Education Society's Navinchandra Mehta Institute of Technology & Development, Dadar, Mumbai",,,,,,,,,,,,,,,,,,,,
,Un-Aided, ,CAP Seats: 17,,,,,,,,,,,,,,,,,,
Choice Code, ,Course Name, ,SI, ,MS Seats, ,All India, ,Minority Seats, ,Institute Seats,,,,,,,,,
0317324110, ,120, ,12, ,5, ,0, ,0,,,,,,,,,,,
Master in Computer Application, ,,,,,,,,,,,,,,,,,,,,
Category, ,OPEN, ,SC, ,ST, ,VJDT, ,NTB, ,NTC, ,NTD, ,OBC, ,SEBC, ,Total,
HU, ,3, ,1, ,0, ,0, ,0, ,0, ,0, ,1, ,0, ,5,
,OHU, ,3, ,0, ,1, ,0, ,0, ,1, ,1, ,1, ,0, ,7
,PWD, ,0, ,0, ,0, ,0, ,0, ,0, ,0, ,0, ,0, ,0
,PWD Common Reserved Seats :0,,,,,,,,,,,,,,,,,,,,
Economically Weaker Section (EWS) Seats :8, ,TFWS Choice Code : 0317324111T, ,Seats: 0,,,,,,,,,,,,,,,,,
,"F:Only For Female, HU:Home University, OHU:Other than Home University, PWD:Persons with Disabilities,Common Reserved:Combined Common for All Reserved Categories",,,,,,,,,,,,,,,,,,,,
,"STATE CET CELL , Mumbai", ,Page 46 of 191,,,,,,,,,,,,,,,,,,
Vacant seats after last date of reporting for Admission to First Year of PostGraduate Degree Courses in Master of Computer Applications for the Academic Year 2025-26,,,,,,,,,,,,,,,,,,,,,
,"3176 - Thakur College of Engineering and Technology, Kandivali, Mumbai",,,,,,,,,,,,,,,,,,,,
,Un-Aided-Autonomous-Linguistic Minority - Hindi, ,CAP Seats: 5,,,,,,,,,,,,,,,,,,
Choice Code, ,Course Name, ,SI, ,MS Seats, ,All India, ,Minority Seats, ,Institute Seats,,,,,,,,,
0317624210, ,120, ,2, ,1, ,2, ,24,,,,,,,,,,,
Master of Computer Applications, ,,,,,,,,,,,,,,,,,,,,
Category, ,OPEN, ,SC, ,ST, ,VJDT, ,NTB, ,NTC, ,NTD, ,OBC, ,SEBC, ,Total,
HU, ,0, ,0, ,0, ,0, ,0, ,0, ,0, ,0, ,0, ,0,
,OHU, ,2, ,0, ,0, ,0, ,0, ,0, ,0, ,0, ,0, ,2
,PWD, ,0, ,0, ,0, ,0, ,0, ,0, ,0, ,0, ,0, ,0
,PWD Common Reserved Seats :0,,,,,,,,,,,,,,,,,,,,
Economically Weaker Section (EWS) Seats :0, ,TFWS Choice Code : 0317624211T, ,Seats: 0,,,,,,,,,,,,,,,,,
,"F:Only For Female, HU:Home University, OHU:Other than Home University, PWD:Persons with Disabilities,Common Reserved:Combined Common for All Reserved Categories",,,,,,,,,,,,,,,,,,,,
,"STATE CET CELL , Mumbai", ,Page 47 of 191,,,,,,,,,,,,,,,,,,
Vacant seats after last date of reporting for Admission to First Year of PostGraduate Degree Courses in Master of Computer Applications for the Academic Year 2025-26,,,,,,,,,,,,,,,,,,,,,
,"3185 - Vivekanand Education Society's Institute of Technology, Chembur, Mumbai",,,,,,,,,,,,,,,,,,,,
,Un-Aided-Autonomous-Linguistic Minority - Sindhi, ,CAP Seats: 2,,,,,,,,,,,,,,,,,,
Choice Code, ,Course Name, ,SI, ,MS Seats, ,All India, ,Minority Seats, ,Institute Seats,,,,,,,,,
0318524210, ,120, ,1, ,1, ,0, ,0,,,,,,,,,,,
Master of Computer Applications, ,,,,,,,,,,,,,,,,,,,,
Category, ,OPEN, ,SC, ,ST, ,VJDT, ,NTB, ,NTC, ,NTD, ,OBC, ,SEBC, ,Total,
HU, ,1, ,0, ,0, ,0, ,0, ,0, ,0, ,0, ,0, ,1,
,OHU, ,0, ,0, ,0, ,0, ,0, ,0, ,0, ,0, ,0, ,0
,PWD, ,0, ,0, ,0, ,0, ,0, ,0, ,0, ,0, ,0, ,0
,PWD Common Reserved Seats :0,,,,,,,,,,,,,,,,,,,,
Economically Weaker Section (EWS) Seats :0, ,TFWS Choice Code : 0318524211T, ,Seats: 0,,,,,,,,,,,,,,,,,
,"F:Only For Female, HU:Home University, OHU:Other than Home University, PWD:Persons with Disabilities,Common Reserved:Combined Common for All Reserved Categories",,,,,,,,,,,,,,,,,,,,
,"STATE CET CELL , Mumbai", ,Page 48 of 191,,,,,,,,,,,,,,,,,,
Vacant seats after last date of reporting for Admission to First Year of PostGraduate Degree Courses in Master of Computer Applications for the Academic Year 2025-26,,,,,,,,,,,,,,,,,,,,,
,3200 - Hope Foundation and research center's, ,"Finolex Academy of Management and Technology, Ratnagiri",,,,,,,,,,,,,,,,,,
,Un-Aided, ,CAP Seats: 19,,,,,,,,,,,,,,,,,,
Choice Code, ,Course Name, ,SI, ,MS Seats, ,All India, ,Minority Seats, ,Institute Seats,,,,,,,,,
0320024110, ,90, ,14, ,5, ,0, ,0,,,,,,,,,,,
Master in Computer Application, ,,,,,,,,,,,,,,,,,,,,
Category, ,OPEN, ,SC, ,ST, ,VJDT, ,NTB, ,NTC, ,NTD, ,OBC, ,SEBC, ,Total,
HU, ,0, ,1, ,1, ,0, ,1, ,1, ,0, ,1, ,1, ,6,
,OHU, ,3, ,1, ,0, ,0, ,0, ,1, ,0, ,1, ,1, ,7
,PWD, ,1, ,0, ,0, ,0, ,0, ,0, ,0, ,0, ,0, ,1
,PWD Common Reserved Seats :0,,,,,,,,,,,,,,,,,,,,
Economically Weaker Section (EWS) Seats :8, ,TFWS Choice Code : 0320024111T, ,Seats: 0,,,,,,,,,,,,,,,,,
,"F:Only For Female, HU:Home University, OHU:Other than Home University, PWD:Persons with Disabilities,Common Reserved:Combined Common for All Reserved Categories",,,,,,,,,,,,,,,,,,,,
,"STATE CET CELL , Mumbai", ,Page 49 of 191,,,,,,,,,,,,,,,,,,
Vacant seats after last date of reporting for Admission to First Year of PostGraduate Degree Courses in Master of Computer Applications for the Academic Year 2025-26,,,,,,,,,,,,,,,,,,,,,
,3215 - Bhartiya Vidya Bhavan's Sardar Patel Institute, ,"of Technology , Andheri, Mumbai",,,,,,,,,,,,,,,,,,
,Un-Aided-Autonomous, ,CAP Seats: 1,,,,,,,,,,,,,,,,,,
Choice Code, ,Course Name, ,SI, ,MS Seats, ,All India, ,Minority Seats, ,Institute Seats,,,,,,,,,
0321524110, ,60, ,1, ,0, ,0, ,0,,,,,,,,,,,
Master in Computer Application, ,,,,,,,,,,,,,,,,,,,,
Category, ,OPEN, ,SC, ,ST, ,VJDT, ,NTB, ,NTC, ,NTD, ,OBC, ,SEBC, ,Total,
HU, ,0, ,0, ,0, ,0, ,0, ,0, ,0, ,1, ,0, ,1,
,OHU, ,0, ,0, ,0, ,0, ,0, ,0, ,0, ,0, ,0, ,0
,PWD, ,0, ,0, ,0, ,0, ,0, ,0, ,0, ,0, ,0, ,0
,PWD Common Reserved Seats :0,,,,,,,,,,,,,,,,,,,,
Economically Weaker Section (EWS) Seats :0, ,TFWS Choice Code : 0321524111T, ,Seats: 0,,,,,,,,,,,,,,,,,
,"F:Only For Female, HU:Home University, OHU:Other than Home University, PWD:Persons with Disabilities,Common Reserved:Combined Common for All Reserved Categories",,,,,,,,,,,,,,,,,,,,
,"STATE CET CELL , Mumbai", ,Page 50 of 191,,,,,,,,,,,,,,,,,,
Vacant seats after last date of reporting for Admission to First Year of PostGraduate Degree Courses in Master of Computer Applications for the Academic Year 2025-26,,,,,,,,,,,,,,,,,,,,,
,"3216 - Gharda Foundation's Gharda Institute of Technology,Khed, Ratnagiri",,,,,,,,,,,,,,,,,,,,
,Un-Aided, ,CAP Seats: 48,,,,,,,,,,,,,,,,,,
Choice Code, ,Course Name, ,SI, ,MS Seats, ,All India, ,Minority Seats, ,Institute Seats,,,,,,,,,
0321624210, ,60, ,40, ,8, ,0, ,0,,,,,,,,,,,
Master of Computer Applications, ,,,,,,,,,,,,,,,,,,,,
Category, ,OPEN, ,SC, ,ST, ,VJDT, ,NTB, ,NTC, ,NTD, ,OBC, ,SEBC, ,Total,
HU, ,5, ,4, ,3, ,1, ,0, ,1, ,0, ,6, ,3, ,23,
,OHU, ,6, ,2, ,1, ,1, ,0, ,1, ,0, ,3, ,2, ,16
,PWD, ,1, ,0, ,0, ,0, ,0, ,0, ,0, ,0, ,0, ,1
,PWD Common Reserved Seats :0,,,,,,,,,,,,,,,,,,,,
Economically Weaker Section (EWS) Seats :6, ,TFWS Choice Code : 0321624211T, ,Seats: 1,,,,,,,,,,,,,,,,,
,"F:Only For Female, HU:Home University, OHU:Other than Home University, PWD:Persons with Disabilities,Common Reserved:Combined Common for All Reserved Categories",,,,,,,,,,,,,,,,,,,,
,"STATE CET CELL , Mumbai", ,Page 51 of 191,,,,,,,,,,,,,,,,,,
Vacant seats after last date of reporting for Admission to First Year of PostGraduate Degree Courses in Master of Computer Applications for the Academic Year 2025-26,,,,,,,,,,,,,,,,,,,,,
,"3218 - Aldel Education Trust's St. John College of Engineering & Management, Vevoor, Palghar",,,,,,,,,,,,,,,,,,,,
,Un-Aided-Autonomous-Religious Minority - Christian, ,CAP Seats: 35,,,,,,,,,,,,,,,,,,
Choice Code, ,Course Name, ,SI, ,MS Seats, ,All India, ,Minority Seats, ,Institute Seats,,,,,,,,,
0321824110, ,60, ,9, ,2, ,24, ,6,,,,,,,,,,,
Master in Computer Application, ,,,,,,,,,,,,,,,,,,,,
Category, ,OPEN, ,SC, ,ST, ,VJDT, ,NTB, ,NTC, ,NTD, ,OBC, ,SEBC, ,Total,
HU, ,6, ,0, ,0, ,0, ,0, ,0, ,0, ,0, ,0, ,6,
,OHU, ,3, ,0, ,0, ,0, ,0, ,0, ,0, ,0, ,0, ,3
,PWD, ,0, ,0, ,0, ,0, ,0, ,0, ,0, ,0, ,0, ,0
,PWD Common Reserved Seats :0,,,,,,,,,,,,,,,,,,,,
Economically Weaker Section (EWS) Seats :0, ,TFWS Choice Code : 0321824111T, ,Seats: 0,,,,,,,,,,,,,,,,,
,"F:Only For Female, HU:Home University, OHU:Other than Home University, PWD:Persons with Disabilities,Common Reserved:Combined Common for All Reserved Categories",,,,,,,,,,,,,,,,,,,,
,"STATE CET CELL , Mumbai", ,Page 52 of 191,,,,,,,,,,,,,,,,,,
Vacant seats after last date of reporting for Admission to First Year of PostGraduate Degree Courses in Master of Computer Applications for the Academic Year 2025-26,,,,,,,,,,,,,,,,,,,,,
,"3221 - Vishnu Waman Thakur Charitable Trust's VIVA Institute of Technology, Virar",,,,,,,,,,,,,,,,,,,,
,Un-Aided, ,CAP Seats: 21,,,,,,,,,,,,,,,,,,
Choice Code, ,Course Name, ,SI, ,MS Seats, ,All India, ,Minority Seats, ,Institute Seats,,,,,,,,,
0322124110, ,60, ,18, ,3, ,0, ,0,,,,,,,,,,,
Master in Computer Application, ,,,,,,,,,,,,,,,,,,,,
Category, ,OPEN, ,SC, ,ST, ,VJDT, ,NTB, ,NTC, ,NTD, ,OBC, ,SEBC, ,Total,
HU, ,5, ,3, ,1, ,1, ,0, ,0, ,0, ,1, ,2, ,13,
,OHU, ,2, ,0, ,0, ,1, ,0, ,1, ,0, ,1, ,0, ,5
,PWD, ,0, ,0, ,0, ,0, ,0, ,0, ,0, ,0, ,0, ,0
,PWD Common Reserved Seats :0,,,,,,,,,,,,,,,,,,,,
Economically Weaker Section (EWS) Seats :5, ,TFWS Choice Code : 0322124111T, ,Seats: 0,,,,,,,,,,,,,,,,,
,"F:Only For Female, HU:Home University, OHU:Other than Home University, PWD:Persons with Disabilities,Common Reserved:Combined Common for All Reserved Categories",,,,,,,,,,,,,,,,,,,,
,"STATE CET CELL , Mumbai", ,Page 53 of 191,,,,,,,,,,,,,,,,,,
Vacant seats after last date of reporting for Admission to First Year of PostGraduate Degree Courses in Master of Computer Applications for the Academic Year 2025-26,,,,,,,,,,,,,,,,,,,,,
,"3223 - Mahatma Education Society's Pillai HOC College of Engineering & Technology, Tal. Khalapur. Dist. Raigad",,,,,,,,,,,,,,,,,,,,
,Un-Aided-Autonomous-Linguistic Minority - Malyalam, ,CAP Seats: 21,,,,,,,,,,,,,,,,,,
Choice Code, ,Course Name, ,SI, ,MS Seats, ,All India, ,Minority Seats, ,Institute Seats,,,,,,,,,
0322324210, ,120, ,9, ,2, ,10, ,24,,,,,,,,,,,
Master of Computer Applications, ,,,,,,,,,,,,,,,,,,,,
Category, ,OPEN, ,SC, ,ST, ,VJDT, ,NTB, ,NTC, ,NTD, ,OBC, ,SEBC, ,Total,
HU, ,8, ,0, ,0, ,0, ,0, ,0, ,0, ,0, ,0, ,8,
,OHU, ,1, ,0, ,0, ,0, ,0, ,0, ,0, ,0, ,0, ,1
,PWD, ,0, ,0, ,0, ,0, ,0, ,0, ,0, ,0, ,0, ,0
,PWD Common Reserved Seats :0,,,,,,,,,,,,,,,,,,,,
Economically Weaker Section (EWS) Seats :0, ,TFWS Choice Code : 0322324211T, ,Seats: 0,,,,,,,,,,,,,,,,,
,"F:Only For Female, HU:Home University, OHU:Other than Home University, PWD:Persons with Disabilities,Common Reserved:Combined Common for All Reserved Categories",,,,,,,,,,,,,,,,,,,,
,"STATE CET CELL , Mumbai", ,Page 54 of 191,,,,,,,,,,,,,,,,,,
Vacant seats after last date of reporting for Admission to First Year of PostGraduate Degree Courses in Master of Computer Applications for the Academic Year 2025-26,,,,,,,,,,,,,,,,,,,,,
,"3438 - Aditya Institute of Management Studies & Research, Borivali",,,,,,,,,,,,,,,,,,,,
,Un-Aided-Linguistic Minority - Hindi, ,CAP Seats: 16,,,,,,,,,,,,,,,,,,
Choice Code, ,Course Name, ,SI, ,MS Seats, ,All India, ,Minority Seats, ,Institute Seats,,,,,,,,,
0343824110, ,60, ,2, ,0, ,14, ,12,,,,,,,,,,,
Master in Computer Application, ,,,,,,,,,,,,,,,,,,,,
Category, ,OPEN, ,SC, ,ST, ,VJDT, ,NTB, ,NTC, ,NTD, ,OBC, ,SEBC, ,Total,
HU, ,1, ,0, ,0, ,0, ,0, ,0, ,0, ,0, ,0, ,1,
,OHU, ,1, ,0, ,0, ,0, ,0, ,0, ,0, ,0, ,0, ,1
,PWD, ,0, ,0, ,0, ,0, ,0, ,0, ,0, ,0, ,0, ,0
,PWD Common Reserved Seats :0,,,,,,,,,,,,,,,,,,,,
Economically Weaker Section (EWS) Seats :0, ,TFWS Choice Code : 0343824111T, ,Seats: 1,,,,,,,,,,,,,,,,,
,"F:Only For Female, HU:Home University, OHU:Other than Home University, PWD:Persons with Disabilities,Common Reserved:Combined Common for All Reserved Categories",,,,,,,,,,,,,,,,,,,,
,"STATE CET CELL , Mumbai", ,Page 55 of 191,,,,,,,,,,,,,,,,,,
Vacant seats after last date of reporting for Admission to First Year of PostGraduate Degree Courses in Master of Computer Applications for the Academic Year 2025-26,,,,,,,,,,,,,,,,,,,,,
,"3539 - St. Wilfred's College of Computer Sciences, Mira Road(E)",,,,,,,,,,,,,,,,,,,,
,Un-Aided, ,CAP Seats: 123,,,,,,,,,,,,,,,,,,
Choice Code, ,Course Name, ,SI, ,MS Seats, ,All India, ,Minority Seats, ,Institute Seats,,,,,,,,,
0353924110, ,180, ,103, ,20, ,0, ,0,,,,,,,,,,,
Master in Computer Application, ,,,,,,,,,,,,,,,,,,,,
Category, ,OPEN, ,SC, ,ST, ,VJDT, ,NTB, ,NTC, ,NTD, ,OBC, ,SEBC, ,Total,
HU, ,19, ,10, ,6, ,2, ,1, ,3, ,1, ,17, ,7, ,66,
,OHU, ,14, ,6, ,2, ,1, ,1, ,0, ,0, ,6, ,5, ,35
,PWD, ,1, ,0, ,0, ,0, ,0, ,0, ,0, ,1, ,0, ,2
,PWD Common Reserved Seats :0,,,,,,,,,,,,,,,,,,,,
Economically Weaker Section (EWS) Seats :18,,,,,,,,,,,,,,,,,,,,,
,"F:Only For Female, HU:Home University, OHU:Other than Home University, PWD:Persons with Disabilities,Common Reserved:Combined Common for All Reserved Categories",,,,,,,,,,,,,,,,,,,,
,"STATE CET CELL , Mumbai", ,Page 56 of 191,,,,,,,,,,,,,,,,,,
Vacant seats after last date of reporting for Admission to First Year of PostGraduate Degree Courses in Master of Computer Applications for the Academic Year 2025-26,,,,,,,,,,,,,,,,,,,,,
,3651 - KANDIVLI EDUCATION SOCIETY'S B K SHROFF COLLEGE OF ARTS AND M H SHROFF COLLEGE OF COMMERCE,,,,,,,,,,,,,,,,,,,,
,Un-Aided-Autonomous-Linguistic Minority - Gujarathi, ,CAP Seats: 16,,,,,,,,,,,,,,,,,,
Choice Code, ,Course Name, ,SI, ,MS Seats, ,All India, ,Minority Seats, ,Institute Seats,,,,,,,,,
0365124110, ,60, ,4, ,1, ,11, ,12,,,,,,,,,,,
Master in Computer Application, ,,,,,,,,,,,,,,,,,,,,
Category, ,OPEN, ,SC, ,ST, ,VJDT, ,NTB, ,NTC, ,NTD, ,OBC, ,SEBC, ,Total,
HU, ,3, ,0, ,0, ,0, ,0, ,0, ,0, ,0, ,0, ,3,
,OHU, ,1, ,0, ,0, ,0, ,0, ,0, ,0, ,0, ,0, ,1
,PWD, ,0, ,0, ,0, ,0, ,0, ,0, ,0, ,0, ,0, ,0
,PWD Common Reserved Seats :0,,,,,,,,,,,,,,,,,,,,
Economically Weaker Section (EWS) Seats :0, ,TFWS Choice Code : 0365124111T, ,Seats: 0,,,,,,,,,,,,,,,,,
,"F:Only For Female, HU:Home University, OHU:Other than Home University, PWD:Persons with Disabilities,Common Reserved:Combined Common for All Reserved Categories",,,,,,,,,,,,,,,,,,,,
,"STATE CET CELL , Mumbai", ,Page 57 of 191,,,,,,,,,,,,,,,,,,
Vacant seats after last date of reporting for Admission to First Year of PostGraduate Degree Courses in Master of Computer Applications for the Academic Year 2025-26,,,,,,,,,,,,,,,,,,,,,
,Punyashlok Ahilyadevi Holkar Solapur University,,,,,,,,,,,,,,,,,,,,
,"6031 - Punyashlok Ahilyadevi Holkar Solapur University, Solapur",,,,,,,,,,,,,,,,,,,,
,University Managed, ,CAP Seats: 10,,,,,,,,,,,,,,,,,,
Choice Code, ,Course Name, ,SI, ,MS Seats, ,All India, ,Minority Seats, ,Institute Seats,,,,,,,,,
0603124110, ,Master in Computer Application, ,60, ,10, ,0, ,0, ,0,,,,,,,,,
Category, ,OPEN, ,SC, ,ST, ,VJDT, ,NTB, ,NTC, ,NTD, ,OBC, ,SEBC, ,Total,
HU, ,0, ,0, ,0, ,0, ,0, ,0, ,0, ,0, ,0, ,0,
,OHU, ,7, ,1, ,1, ,0, ,0, ,0, ,0, ,0, ,1, ,10
,PWD, ,0, ,0, ,0, ,0, ,0, ,0, ,0, ,0, ,0, ,0
,PWD Common Reserved Seats :0,,,,,,,,,,,,,,,,,,,,
Economically Weaker Section (EWS) Seats :0, ,TFWS Choice Code : 0603124111T, ,Seats: 0,,,,,,,,,,,,,,,,,
,"F:Only For Female, HU:Home University, OHU:Other than Home University, PWD:Persons with Disabilities,Common Reserved:Combined Common for All Reserved Categories",,,,,,,,,,,,,,,,,,,,
,"STATE CET CELL , Mumbai", ,Page 58 of 191,,,,,,,,,,,,,,,,,,
Vacant seats after last date of reporting for Admission to First Year of PostGraduate Degree Courses in Master of Computer Applications for the Academic Year 2025-26,,,,,,,,,,,,,,,,,,,,,
,"6220 - SVERI's College of Engineering, Pandharpur",,,,,,,,,,,,,,,,,,,,
,Un-Aided-Autonomous, ,CAP Seats: 4,,,,,,,,,,,,,,,,,,
Choice Code, ,Course Name, ,SI, ,MS Seats, ,All India, ,Minority Seats, ,Institute Seats,,,,,,,,,
0622024110, ,60, ,4, ,0, ,0, ,0,,,,,,,,,,,
Master in Computer Application, ,,,,,,,,,,,,,,,,,,,,
Category, ,OPEN, ,SC, ,ST, ,VJDT, ,NTB, ,NTC, ,NTD, ,OBC, ,SEBC, ,Total,
HU, ,1, ,0, ,0, ,0, ,0, ,0, ,0, ,1, ,0, ,2,
,OHU, ,1, ,0, ,0, ,0, ,0, ,0, ,1, ,0, ,0, ,2
,PWD, ,0, ,0, ,0, ,0, ,0, ,0, ,0, ,0, ,0, ,0
,PWD Common Reserved Seats :0,,,,,,,,,,,,,,,,,,,,
Economically Weaker Section (EWS) Seats :5, ,TFWS Choice Code : 0622024111T, ,Seats: 1,,,,,,,,,,,,,,,,,
,"F:Only For Female, HU:Home University, OHU:Other than Home University, PWD:Persons with Disabilities,Common Reserved:Combined Common for All Reserved Categories",,,,,,,,,,,,,,,,,,,,
,"STATE CET CELL , Mumbai", ,Page 59 of 191,,,,,,,,,,,,,,,,,,
Vacant seats after last date of reporting for Admission to First Year of PostGraduate Degree Courses in Master of Computer Applications for the Academic Year 2025-26,,,,,,,,,,,,,,,,,,,,,
,"6467 - Swami Vivekanand Institute Of Technology, Solapur",,,,,,,,,,,,,,,,,,,,
,Un-Aided, ,CAP Seats: 38,,,,,,,,,,,,,,,,,,
Choice Code, ,Course Name, ,SI, ,MS Seats, ,All India, ,Minority Seats, ,Institute Seats,,,,,,,,,
0646724110, ,60, ,30, ,8, ,0, ,0,,,,,,,,,,,
Master in Computer Application, ,,,,,,,,,,,,,,,,,,,,
Category, ,OPEN, ,SC, ,ST, ,VJDT, ,NTB, ,NTC, ,NTD, ,OBC, ,SEBC, ,Total,
HU, ,0, ,3, ,3, ,1, ,1, ,2, ,0, ,6, ,3, ,19,
,OHU, ,2, ,2, ,1, ,1, ,0, ,0, ,0, ,3, ,2, ,11
,PWD, ,0, ,0, ,0, ,0, ,0, ,0, ,0, ,0, ,0, ,0
,PWD Common Reserved Seats :0,,,,,,,,,,,,,,,,,,,,
Economically Weaker Section (EWS) Seats :5, ,TFWS Choice Code : 0646724111T, ,Seats: 2,,,,,,,,,,,,,,,,,
,"F:Only For Female, HU:Home University, OHU:Other than Home University, PWD:Persons with Disabilities,Common Reserved:Combined Common for All Reserved Categories",,,,,,,,,,,,,,,,,,,,
,"STATE CET CELL , Mumbai", ,Page 60 of 191,,,,,,,,,,,,,,,,,,
Vacant seats after last date of reporting for Admission to First Year of PostGraduate Degree Courses in Master of Computer Applications for the Academic Year 2025-26,,,,,,,,,,,,,,,,,,,,,
,16145 - KARMAVEER BHAURAO PATIL MAHAVIDYALAYA PANDHARPUR AUTONOMOUS,,,,,,,,,,,,,,,,,,,,
,Un-Aided-Autonomous, ,CAP Seats: 16,,,,,,,,,,,,,,,,,,
Choice Code, ,Course Name, ,SI, ,MS Seats, ,All India, ,Minority Seats, ,Institute Seats,,,,,,,,,
1614524270U, ,60, ,13, ,3, ,0, ,12,,,,,,,,,,,
Master of Computer Applications, ,,,,,,,,,,,,,,,,,,,,
Category, ,OPEN, ,SC, ,ST, ,VJDT, ,NTB, ,NTC, ,NTD, ,OBC, ,SEBC, ,Total,
HU, ,0, ,1, ,1, ,1, ,0, ,1, ,0, ,1, ,0, ,5,
,OHU, ,1, ,2, ,1, ,0, ,0, ,1, ,0, ,2, ,1, ,8
,PWD, ,0, ,0, ,0, ,0, ,0, ,0, ,0, ,0, ,0, ,0
,PWD Common Reserved Seats :0,,,,,,,,,,,,,,,,,,,,
Economically Weaker Section (EWS) Seats :6, ,TFWS Choice Code : 1614524271UT, ,Seats: 0,,,,,,,,,,,,,,,,,
,"F:Only For Female, HU:Home University, OHU:Other than Home University, PWD:Persons with Disabilities,Common Reserved:Combined Common for All Reserved Categories",,,,,,,,,,,,,,,,,,,,
,"STATE CET CELL , Mumbai", ,Page 61 of 191,,,,,,,,,,,,,,,,,,
Vacant seats after last date of reporting for Admission to First Year of PostGraduate Degree Courses in Master of Computer Applications for the Academic Year 2025-26,,,,,,,,,,,,,,,,,,,,,
,16216 - SANGOLA MAHAVIDYALAYA SANGOLA,,,,,,,,,,,,,,,,,,,,
,Un-Aided, ,CAP Seats: 20,,,,,,,,,,,,,,,,,,
Choice Code, ,Course Name, ,SI, ,MS Seats, ,All India, ,Minority Seats, ,Institute Seats,,,,,,,,,
1621624110, ,60, ,11, ,9, ,0, ,0,,,,,,,,,,,
Master in Computer Application, ,,,,,,,,,,,,,,,,,,,,
Category, ,OPEN, ,SC, ,ST, ,VJDT, ,NTB, ,NTC, ,NTD, ,OBC, ,SEBC, ,Total,
HU, ,0, ,2, ,0, ,1, ,0, ,1, ,0, ,6, ,0, ,10,
,OHU, ,0, ,0, ,0, ,0, ,0, ,0, ,0, ,1, ,0, ,1
,PWD, ,0, ,0, ,0, ,0, ,0, ,0, ,0, ,0, ,0, ,0
,PWD Common Reserved Seats :0,,,,,,,,,,,,,,,,,,,,
Economically Weaker Section (EWS) Seats :3, ,TFWS Choice Code : 1621624111T, ,Seats: 1,,,,,,,,,,,,,,,,,
,"F:Only For Female, HU:Home University, OHU:Other than Home University, PWD:Persons with Disabilities,Common Reserved:Combined Common for All Reserved Categories",,,,,,,,,,,,,,,,,,,,
,"STATE CET CELL , Mumbai", ,Page 62 of 191,,,,,,,,,,,,,,,,,,
Vacant seats after last date of reporting for Admission to First Year of PostGraduate Degree Courses in Master of Computer Applications for the Academic Year 2025-26,,,,,,,,,,,,,,,,,,,,,
,16229 - DESHBHAKT HARINARAYAN BANKATLAL SONI COLLEGE SOLAPUR,,,,,,,,,,,,,,,,,,,,
,Un-Aided-Linguistic Minority - Hindi, ,CAP Seats: 13,,,,,,,,,,,,,,,,,,
Choice Code, ,Course Name, ,SI, ,MS Seats, ,All India, ,Minority Seats, ,Institute Seats,,,,,,,,,
1622924210, ,60, ,0, ,3, ,10, ,12,,,,,,,,,,,
Master of Computer Applications, ,,,,,,,,,,,,,,,,,,,,
Category, ,OPEN, ,SC, ,ST, ,VJDT, ,NTB, ,NTC, ,NTD, ,OBC, ,SEBC, ,Total,
HU, ,0, ,0, ,0, ,0, ,0, ,0, ,0, ,0, ,0, ,0,
,OHU, ,0, ,0, ,0, ,0, ,0, ,0, ,0, ,0, ,0, ,0
,PWD, ,0, ,0, ,0, ,0, ,0, ,0, ,0, ,0, ,0, ,0
,PWD Common Reserved Seats :0,,,,,,,,,,,,,,,,,,,,
Economically Weaker Section (EWS) Seats :0, ,TFWS Choice Code : 1622924211T, ,Seats: 1,,,,,,,,,,,,,,,,,
,"F:Only For Female, HU:Home University, OHU:Other than Home University, PWD:Persons with Disabilities,Common Reserved:Combined Common for All Reserved Categories",,,,,,,,,,,,,,,,,,,,
,"STATE CET CELL , Mumbai", ,Page 63 of 191,,,,,,,,,,,,,,,,,,
Vacant seats after last date of reporting for Admission to First Year of PostGraduate Degree Courses in Master of Computer Applications for the Academic Year 2025-26,,,,,,,,,,,,,,,,,,,,,
,Rashtrasant Tukadoji Maharaj Nagpur University,,,,,,,,,,,,,,,,,,,,
,4003 - Inter Institutional Computer Center and, ,Dept., ,"of Computer Science & Electronics, RTM Nagpur University",,,,,,,,,,,,,,,,
,University Department, ,CAP Seats: 9,,,,,,,,,,,,,,,,,,
Choice Code, ,Course Name, ,SI, ,MS Seats, ,All India, ,Minority Seats, ,Institute Seats,,,,,,,,,
0400324110, ,Master in Computer Application, ,30, ,5, ,4, ,0, ,0,,,,,,,,,
Category, ,OPEN, ,SC, ,ST, ,VJDT, ,NTB, ,NTC, ,NTD, ,OBC, ,SEBC, ,Total,
HU, ,1, ,1, ,0, ,0, ,0, ,0, ,0, ,0, ,1, ,3,
,OHU, ,1, ,0, ,0, ,0, ,0, ,0, ,0, ,0, ,1, ,2
,PWD, ,0, ,0, ,0, ,0, ,0, ,0, ,0, ,0, ,0, ,0
,PWD Common Reserved Seats :0,,,,,,,,,,,,,,,,,,,,
Economically Weaker Section (EWS) Seats :0, ,TFWS Choice Code : 0400324111T, ,Seats: 1,,,,,,,,,,,,,,,,,
,"F:Only For Female, HU:Home University, OHU:Other than Home University, PWD:Persons with Disabilities,Common Reserved:Combined Common for All Reserved Categories",,,,,,,,,,,,,,,,,,,,
,"STATE CET CELL , Mumbai", ,Page 64 of 191,,,,,,,,,,,,,,,,,,
Vacant seats after last date of reporting for Admission to First Year of PostGraduate Degree Courses in Master of Computer Applications for the Academic Year 2025-26,,,,,,,,,,,,,,,,,,,,,
,"4124 - Amar Seva Mandal's Kamla Nehru Mahavidyalaya, Nagpur",,,,,,,,,,,,,,,,,,,,
,Un-Aided, ,CAP Seats: 7,,,,,,,,,,,,,,,,,,
Choice Code, ,Course Name, ,SI, ,MS Seats, ,All India, ,Minority Seats, ,Institute Seats,,,,,,,,,
0412424110, ,60, ,7, ,0, ,0, ,0,,,,,,,,,,,
Master in Computer Application, ,,,,,,,,,,,,,,,,,,,,
Category, ,OPEN, ,SC, ,ST, ,VJDT, ,NTB, ,NTC, ,NTD, ,OBC, ,SEBC, ,Total,
HU, ,2, ,0, ,0, ,0, ,1, ,0, ,0, ,1, ,0, ,4,
,OHU, ,1, ,0, ,0, ,0, ,0, ,0, ,0, ,1, ,1, ,3
,PWD, ,0, ,0, ,0, ,0, ,0, ,0, ,0, ,0, ,0, ,0
,PWD Common Reserved Seats :0,,,,,,,,,,,,,,,,,,,,
Economically Weaker Section (EWS) Seats :5, ,TFWS Choice Code : 0412424111T, ,Seats: 0,,,,,,,,,,,,,,,,,
,"F:Only For Female, HU:Home University, OHU:Other than Home University, PWD:Persons with Disabilities,Common Reserved:Combined Common for All Reserved Categories",,,,,,,,,,,,,,,,,,,,
,"STATE CET CELL , Mumbai", ,Page 65 of 191,,,,,,,,,,,,,,,,,,
Vacant seats after last date of reporting for Admission to First Year of PostGraduate Degree Courses in Master of Computer Applications for the Academic Year 2025-26,,,,,,,,,,,,,,,,,,,,,
,"4128 - Ranibai Agnihotri Institute of Computer Information Technology, Wardha",,,,,,,,,,,,,,,,,,,,
,Un-Aided, ,CAP Seats: 11,,,,,,,,,,,,,,,,,,
Choice Code, ,Course Name, ,SI, ,MS Seats, ,All India, ,Minority Seats, ,Institute Seats,,,,,,,,,
0412824110, ,60, ,9, ,2, ,0, ,0,,,,,,,,,,,
Master in Computer Application, ,,,,,,,,,,,,,,,,,,,,
Category, ,OPEN, ,SC, ,ST, ,VJDT, ,NTB, ,NTC, ,NTD, ,OBC, ,SEBC, ,Total,
HU, ,1, ,0, ,0, ,0, ,0, ,0, ,0, ,2, ,2, ,5,
,OHU, ,1, ,0, ,1, ,0, ,0, ,0, ,1, ,0, ,1, ,4
,PWD, ,0, ,0, ,0, ,0, ,0, ,0, ,0, ,0, ,0, ,0
,PWD Common Reserved Seats :0,,,,,,,,,,,,,,,,,,,,
Economically Weaker Section (EWS) Seats :5, ,TFWS Choice Code : 0412824111T, ,Seats: 2,,,,,,,,,,,,,,,,,
,"F:Only For Female, HU:Home University, OHU:Other than Home University, PWD:Persons with Disabilities,Common Reserved:Combined Common for All Reserved Categories",,,,,,,,,,,,,,,,,,,,
,"STATE CET CELL , Mumbai", ,Page 66 of 191,,,,,,,,,,,,,,,,,,
Vacant seats after last date of reporting for Admission to First Year of PostGraduate Degree Courses in Master of Computer Applications for the Academic Year 2025-26,,,,,,,,,,,,,,,,,,,,,
,"4133 - Sanmarg Shikshan Sanstha's Smt. Radhikatai Pandav College of Engineering, Nagpur",,,,,,,,,,,,,,,,,,,,
,Un-Aided, ,CAP Seats: 12,,,,,,,,,,,,,,,,,,
Choice Code, ,Course Name, ,SI, ,MS Seats, ,All India, ,Minority Seats, ,Institute Seats,,,,,,,,,
0413324110, ,60, ,10, ,2, ,0, ,0,,,,,,,,,,,
Master in Computer Application, ,,,,,,,,,,,,,,,,,,,,
Category, ,OPEN, ,SC, ,ST, ,VJDT, ,NTB, ,NTC, ,NTD, ,OBC, ,SEBC, ,Total,
HU, ,1, ,1, ,0, ,0, ,0, ,0, ,0, ,1, ,1, ,4,
,OHU, ,3, ,0, ,1, ,0, ,0, ,0, ,0, ,0, ,1, ,5
,PWD, ,1, ,0, ,0, ,0, ,0, ,0, ,0, ,0, ,0, ,1
,PWD Common Reserved Seats :0,,,,,,,,,,,,,,,,,,,,
Economically Weaker Section (EWS) Seats :5, ,TFWS Choice Code : 0413324111T, ,Seats: 0,,,,,,,,,,,,,,,,,
,"F:Only For Female, HU:Home University, OHU:Other than Home University, PWD:Persons with Disabilities,Common Reserved:Combined Common for All Reserved Categories",,,,,,,,,,,,,,,,,,,,
,"STATE CET CELL , Mumbai", ,Page 67 of 191,,,,,,,,,,,,,,,,,,
Vacant seats after last date of reporting for Admission to First Year of PostGraduate Degree Courses in Master of Computer Applications for the Academic Year 2025-26,,,,,,,,,,,,,,,,,,,,,
,"4137 - Sir Shantilal Badjate Charitable Trust's S. B. Jain Institute of technology, Management & Research, Nagpur",,,,,,,,,,,,,,,,,,,,
,Un-Aided-Autonomous-Linguistic Minority - Hindi, ,CAP Seats: 5,,,,,,,,,,,,,,,,,,
Choice Code, ,Course Name, ,SI, ,MS Seats, ,All India, ,Minority Seats, ,Institute Seats,,,,,,,,,
0413724210, ,120, ,5, ,0, ,0, ,0,,,,,,,,,,,
Master of Computer Applications, ,,,,,,,,,,,,,,,,,,,,
Category, ,OPEN, ,SC, ,ST, ,VJDT, ,NTB, ,NTC, ,NTD, ,OBC, ,SEBC, ,Total,
HU, ,1, ,0, ,0, ,0, ,0, ,0, ,0, ,0, ,0, ,1,
,OHU, ,4, ,0, ,0, ,0, ,0, ,0, ,0, ,0, ,0, ,4
,PWD, ,0, ,0, ,0, ,0, ,0, ,0, ,0, ,0, ,0, ,0
,PWD Common Reserved Seats :0,,,,,,,,,,,,,,,,,,,,
Economically Weaker Section (EWS) Seats :0, ,TFWS Choice Code : 0413724211T, ,Seats: 0,,,,,,,,,,,,,,,,,
,"F:Only For Female, HU:Home University, OHU:Other than Home University, PWD:Persons with Disabilities,Common Reserved:Combined Common for All Reserved Categories",,,,,,,,,,,,,,,,,,,,
,"STATE CET CELL , Mumbai", ,Page 68 of 191,,,,,,,,,,,,,,,,,,
Vacant seats after last date of reporting for Admission to First Year of PostGraduate Degree Courses in Master of Computer Applications for the Academic Year 2025-26,,,,,,,,,,,,,,,,,,,,,
,"4142 - G H Raisoni College of Engineering & Management, Nagpur",,,,,,,,,,,,,,,,,,,,
,Un-Aided-Autonomous-Linguistic Minority - Hindi, ,CAP Seats: 7,,,,,,,,,,,,,,,,,,
Choice Code, ,Course Name, ,SI, ,MS Seats, ,All India, ,Minority Seats, ,Institute Seats,,,,,,,,,
0414224110, ,180, ,0, ,4, ,3, ,18,,,,,,,,,,,
Master in Computer Application, ,,,,,,,,,,,,,,,,,,,,
Category, ,OPEN, ,SC, ,ST, ,VJDT, ,NTB, ,NTC, ,NTD, ,OBC, ,SEBC, ,Total,
HU, ,0, ,0, ,0, ,0, ,0, ,0, ,0, ,0, ,0, ,0,
,OHU, ,0, ,0, ,0, ,0, ,0, ,0, ,0, ,0, ,0, ,0
,PWD, ,0, ,0, ,0, ,0, ,0, ,0, ,0, ,0, ,0, ,0
,PWD Common Reserved Seats :0,,,,,,,,,,,,,,,,,,,,
Economically Weaker Section (EWS) Seats :0, ,TFWS Choice Code : 0414224111T, ,Seats: 0,,,,,,,,,,,,,,,,,
,"F:Only For Female, HU:Home University, OHU:Other than Home University, PWD:Persons with Disabilities,Common Reserved:Combined Common for All Reserved Categories",,,,,,,,,,,,,,,,,,,,
,"STATE CET CELL , Mumbai", ,Page 69 of 191,,,,,,,,,,,,,,,,,,
Vacant seats after last date of reporting for Admission to First Year of PostGraduate Degree Courses in Master of Computer Applications for the Academic Year 2025-26,,,,,,,,,,,,,,,,,,,,,
,"4145 - Wainganga College of Engineering and Management, Dongargaon, Nagpur",,,,,,,,,,,,,,,,,,,,
,Un-Aided-Autonomous, ,CAP Seats: 28,,,,,,,,,,,,,,,,,,
Choice Code, ,Course Name, ,SI, ,MS Seats, ,All India, ,Minority Seats, ,Institute Seats,,,,,,,,,
0414524110, ,180, ,28, ,0, ,0, ,0,,,,,,,,,,,
Master in Computer Application, ,,,,,,,,,,,,,,,,,,,,
Category, ,OPEN, ,SC, ,ST, ,VJDT, ,NTB, ,NTC, ,NTD, ,OBC, ,SEBC, ,Total,
HU, ,3, ,1, ,2, ,2, ,1, ,2, ,1, ,6, ,6, ,24,
,OHU, ,1, ,0, ,0, ,0, ,1, ,0, ,0, ,1, ,0, ,3
,PWD, ,0, ,0, ,0, ,0, ,0, ,0, ,0, ,1, ,0, ,1
,PWD Common Reserved Seats :0,,,,,,,,,,,,,,,,,,,,
Economically Weaker Section (EWS) Seats :11, ,TFWS Choice Code : 0414524111T, ,Seats: 1,,,,,,,,,,,,,,,,,
,"F:Only For Female, HU:Home University, OHU:Other than Home University, PWD:Persons with Disabilities,Common Reserved:Combined Common for All Reserved Categories",,,,,,,,,,,,,,,,,,,,
,"STATE CET CELL , Mumbai", ,Page 70 of 191,,,,,,,,,,,,,,,,,,
Vacant seats after last date of reporting for Admission to First Year of PostGraduate Degree Courses in Master of Computer Applications for the Academic Year 2025-26,,,,,,,,,,,,,,,,,,,,,
,"4147 - K.D.K. College of Engineering, Nagpur",,,,,,,,,,,,,,,,,,,,
,Un-Aided-Autonomous, ,CAP Seats: 7,,,,,,,,,,,,,,,,,,
Choice Code, ,Course Name, ,SI, ,MS Seats, ,All India, ,Minority Seats, ,Institute Seats,,,,,,,,,
0414724110, ,120, ,7, ,0, ,0, ,0,,,,,,,,,,,
Master in Computer Application, ,,,,,,,,,,,,,,,,,,,,
Category, ,OPEN, ,SC, ,ST, ,VJDT, ,NTB, ,NTC, ,NTD, ,OBC, ,SEBC, ,Total,
HU, ,1, ,0, ,0, ,0, ,0, ,0, ,0, ,0, ,0, ,1,
,OHU, ,0, ,1, ,2, ,1, ,0, ,0, ,0, ,2, ,0, ,6
,PWD, ,0, ,0, ,0, ,0, ,0, ,0, ,0, ,0, ,0, ,0
,PWD Common Reserved Seats :0,,,,,,,,,,,,,,,,,,,,
Economically Weaker Section (EWS) Seats :6, ,TFWS Choice Code : 0414724111T, ,Seats: 0,,,,,,,,,,,,,,,,,
,"F:Only For Female, HU:Home University, OHU:Other than Home University, PWD:Persons with Disabilities,Common Reserved:Combined Common for All Reserved Categories",,,,,,,,,,,,,,,,,,,,
,"STATE CET CELL , Mumbai", ,Page 71 of 191,,,,,,,,,,,,,,,,,,
Vacant seats after last date of reporting for Admission to First Year of PostGraduate Degree Courses in Master of Computer Applications for the Academic Year 2025-26,,,,,,,,,,,,,,,,,,,,,
,"4151 - Tulsiramji Gaikwad Patil College of Engineering & Technology, Nagpur",,,,,,,,,,,,,,,,,,,,
,Un-Aided-Autonomous, ,CAP Seats: 26,,,,,,,,,,,,,,,,,,
Choice Code, ,Course Name, ,SI, ,MS Seats, ,All India, ,Minority Seats, ,Institute Seats,,,,,,,,,
0415124110, ,300, ,24, ,2, ,0, ,0,,,,,,,,,,,
Master in Computer Application, ,,,,,,,,,,,,,,,,,,,,
Category, ,OPEN, ,SC, ,ST, ,VJDT, ,NTB, ,NTC, ,NTD, ,OBC, ,SEBC, ,Total,
HU, ,3, ,1, ,1, ,1, ,1, ,0, ,1, ,7, ,0, ,15,
,OHU, ,0, ,0, ,1, ,0, ,0, ,2, ,0, ,4, ,1, ,8
,PWD, ,1, ,0, ,0, ,0, ,0, ,0, ,0, ,0, ,0, ,1
,PWD Common Reserved Seats :0,,,,,,,,,,,,,,,,,,,,
Economically Weaker Section (EWS) Seats :17, ,TFWS Choice Code : 0415124111T, ,Seats: 3,,,,,,,,,,,,,,,,,
,"F:Only For Female, HU:Home University, OHU:Other than Home University, PWD:Persons with Disabilities,Common Reserved:Combined Common for All Reserved Categories",,,,,,,,,,,,,,,,,,,,
,"STATE CET CELL , Mumbai", ,Page 72 of 191,,,,,,,,,,,,,,,,,,
Vacant seats after last date of reporting for Admission to First Year of PostGraduate Degree Courses in Master of Computer Applications for the Academic Year 2025-26,,,,,,,,,,,,,,,,,,,,,
,"4152 - Shri Shivaji Education Society Amravati's Science College (MCA), Nagpur",,,,,,,,,,,,,,,,,,,,
,Un-Aided, ,CAP Seats: 0,,,,,,,,,,,,,,,,,,
Choice Code, ,Course Name, ,SI, ,MS Seats, ,All India, ,Minority Seats, ,Institute Seats,,,,,,,,,
0415224110, ,30, ,0, ,0, ,0, ,3,,,,,,,,,,,
Master in Computer Application, ,,,,,,,,,,,,,,,,,,,,
Category, ,OPEN, ,SC, ,ST, ,VJDT, ,NTB, ,NTC, ,NTD, ,OBC, ,SEBC, ,Total,
HU, ,0, ,0, ,0, ,0, ,0, ,0, ,0, ,0, ,0, ,0,
,OHU, ,0, ,0, ,0, ,0, ,0, ,0, ,0, ,0, ,0, ,0
,PWD, ,0, ,0, ,0, ,0, ,0, ,0, ,0, ,0, ,0, ,0
,PWD Common Reserved Seats :0,,,,,,,,,,,,,,,,,,,,
Economically Weaker Section (EWS) Seats :0, ,TFWS Choice Code : 0415224111T, ,Seats: 0,,,,,,,,,,,,,,,,,
,"F:Only For Female, HU:Home University, OHU:Other than Home University, PWD:Persons with Disabilities,Common Reserved:Combined Common for All Reserved Categories",,,,,,,,,,,,,,,,,,,,
,"STATE CET CELL , Mumbai", ,Page 73 of 191,,,,,,,,,,,,,,,,,,
Vacant seats after last date of reporting for Admission to First Year of PostGraduate Degree Courses in Master of Computer Applications for the Academic Year 2025-26,,,,,,,,,,,,,,,,,,,,,
,"4157 - V. M. Vasant Commerce, J.M. Thakar Arts & J.J. Patel Science College,Nagpur",,,,,,,,,,,,,,,,,,,,
,Un-Aided-Linguistic Minority - Gujarathi, ,CAP Seats: 14,,,,,,,,,,,,,,,,,,
Choice Code, ,Course Name, ,SI, ,MS Seats, ,All India, ,Minority Seats, ,Institute Seats,,,,,,,,,
0415724110, ,120, ,2, ,1, ,11, ,0,,,,,,,,,,,
Master in Computer Application, ,,,,,,,,,,,,,,,,,,,,
Category, ,OPEN, ,SC, ,ST, ,VJDT, ,NTB, ,NTC, ,NTD, ,OBC, ,SEBC, ,Total,
HU, ,0, ,0, ,0, ,0, ,0, ,0, ,0, ,0, ,0, ,0,
,OHU, ,2, ,0, ,0, ,0, ,0, ,0, ,0, ,0, ,0, ,2
,PWD, ,0, ,0, ,0, ,0, ,0, ,0, ,0, ,0, ,0, ,0
,PWD Common Reserved Seats :0,,,,,,,,,,,,,,,,,,,,
Economically Weaker Section (EWS) Seats :0, ,TFWS Choice Code : 0415724111T, ,Seats: 0,,,,,,,,,,,,,,,,,
,"F:Only For Female, HU:Home University, OHU:Other than Home University, PWD:Persons with Disabilities,Common Reserved:Combined Common for All Reserved Categories",,,,,,,,,,,,,,,,,,,,
,"STATE CET CELL , Mumbai", ,Page 74 of 191,,,,,,,,,,,,,,,,,,
Vacant seats after last date of reporting for Admission to First Year of PostGraduate Degree Courses in Master of Computer Applications for the Academic Year 2025-26,,,,,,,,,,,,,,,,,,,,,
,"4613 - Suryodaya College of Engineering & Technology, Nagpur",,,,,,,,,,,,,,,,,,,,
,Un-Aided-Autonomous, ,CAP Seats: 13,,,,,,,,,,,,,,,,,,
Choice Code, ,Course Name, ,SI, ,MS Seats, ,All India, ,Minority Seats, ,Institute Seats,,,,,,,,,
0461324110, ,120, ,13, ,0, ,0, ,0,,,,,,,,,,,
Master in Computer Application, ,,,,,,,,,,,,,,,,,,,,
Category, ,OPEN, ,SC, ,ST, ,VJDT, ,NTB, ,NTC, ,NTD, ,OBC, ,SEBC, ,Total,
HU, ,1, ,0, ,1, ,0, ,0, ,0, ,0, ,2, ,0, ,4,
,OHU, ,1, ,2, ,0, ,1, ,0, ,1, ,1, ,2, ,1, ,9
,PWD, ,0, ,0, ,0, ,0, ,0, ,0, ,0, ,0, ,0, ,0
,PWD Common Reserved Seats :0,,,,,,,,,,,,,,,,,,,,
Economically Weaker Section (EWS) Seats :8, ,TFWS Choice Code : 0461324111T, ,Seats: 1,,,,,,,,,,,,,,,,,
,"F:Only For Female, HU:Home University, OHU:Other than Home University, PWD:Persons with Disabilities,Common Reserved:Combined Common for All Reserved Categories",,,,,,,,,,,,,,,,,,,,
,"STATE CET CELL , Mumbai", ,Page 75 of 191,,,,,,,,,,,,,,,,,,
Vacant seats after last date of reporting for Admission to First Year of PostGraduate Degree Courses in Master of Computer Applications for the Academic Year 2025-26,,,,,,,,,,,,,,,,,,,,,
,"4701 - Dr.S.C. Gulhane Prerna College of Management and Technology, Nagpur",,,,,,,,,,,,,,,,,,,,
,Un-Aided, ,CAP Seats: 8,,,,,,,,,,,,,,,,,,
Choice Code, ,Course Name, ,SI, ,MS Seats, ,All India, ,Minority Seats, ,Institute Seats,,,,,,,,,
0470124110, ,120, ,8, ,0, ,0, ,0,,,,,,,,,,,
Master in Computer Application, ,,,,,,,,,,,,,,,,,,,,
Category, ,OPEN, ,SC, ,ST, ,VJDT, ,NTB, ,NTC, ,NTD, ,OBC, ,SEBC, ,Total,
HU, ,0, ,1, ,0, ,0, ,0, ,0, ,0, ,0, ,1, ,2,
,OHU, ,2, ,0, ,1, ,0, ,0, ,1, ,0, ,1, ,1, ,6
,PWD, ,0, ,0, ,0, ,0, ,0, ,0, ,0, ,0, ,0, ,0
,PWD Common Reserved Seats :0,,,,,,,,,,,,,,,,,,,,
Economically Weaker Section (EWS) Seats :10, ,TFWS Choice Code : 0470124111T, ,Seats: 1,,,,,,,,,,,,,,,,,
,"F:Only For Female, HU:Home University, OHU:Other than Home University, PWD:Persons with Disabilities,Common Reserved:Combined Common for All Reserved Categories",,,,,,,,,,,,,,,,,,,,
,"STATE CET CELL , Mumbai", ,Page 76 of 191,,,,,,,,,,,,,,,,,,
Vacant seats after last date of reporting for Admission to First Year of PostGraduate Degree Courses in Master of Computer Applications for the Academic Year 2025-26,,,,,,,,,,,,,,,,,,,,,
,Sant Gadge Baba Amravati University,,,,,,,,,,,,,,,,,,,,
,"1005 - Sant Gadge Baba Amravati University,Amravati",,,,,,,,,,,,,,,,,,,,
,University Department, ,CAP Seats: 12,,,,,,,,,,,,,,,,,,
Choice Code, ,Course Name, ,SI, ,MS Seats, ,All India, ,Minority Seats, ,Institute Seats,,,,,,,,,
0100524110, ,Master in Computer Application, ,60, ,11, ,1, ,0, ,0,,,,,,,,,
Category, ,OPEN, ,SC, ,ST, ,VJDT, ,NTB, ,NTC, ,NTD, ,OBC, ,SEBC, ,Total,
HU, ,2, ,0, ,0, ,0, ,0, ,1, ,1, ,1, ,2, ,7,
,OHU, ,2, ,0, ,0, ,0, ,0, ,0, ,0, ,1, ,1, ,4
,PWD, ,0, ,0, ,0, ,0, ,0, ,0, ,0, ,0, ,0, ,0
,PWD Common Reserved Seats :0,,,,,,,,,,,,,,,,,,,,
Economically Weaker Section (EWS) Seats :1, ,TFWS Choice Code : 0100524111T, ,Seats: 1,,,,,,,,,,,,,,,,,
,"F:Only For Female, HU:Home University, OHU:Other than Home University, PWD:Persons with Disabilities,Common Reserved:Combined Common for All Reserved Categories",,,,,,,,,,,,,,,,,,,,
,"STATE CET CELL , Mumbai", ,Page 77 of 191,,,,,,,,,,,,,,,,,,
Vacant seats after last date of reporting for Admission to First Year of PostGraduate Degree Courses in Master of Computer Applications for the Academic Year 2025-26,,,,,,,,,,,,,,,,,,,,,
,"1102 - Vidya Bharati Mahavidyalaya Department of Research and PG Studies in Science & Management, Amravati",,,,,,,,,,,,,,,,,,,,
,Un-Aided-Linguistic Minority - Hindi, ,CAP Seats: 7,,,,,,,,,,,,,,,,,,
Choice Code, ,Course Name, ,SI, ,MS Seats, ,All India, ,Minority Seats, ,Institute Seats,,,,,,,,,
0110224110, ,60, ,4, ,1, ,2, ,0,,,,,,,,,,,
Master in Computer Application, ,,,,,,,,,,,,,,,,,,,,
Category, ,OPEN, ,SC, ,ST, ,VJDT, ,NTB, ,NTC, ,NTD, ,OBC, ,SEBC, ,Total,
HU, ,1, ,0, ,0, ,0, ,0, ,0, ,0, ,0, ,0, ,1,
,OHU, ,3, ,0, ,0, ,0, ,0, ,0, ,0, ,0, ,0, ,3
,PWD, ,0, ,0, ,0, ,0, ,0, ,0, ,0, ,0, ,0, ,0
,PWD Common Reserved Seats :0,,,,,,,,,,,,,,,,,,,,
Economically Weaker Section (EWS) Seats :0, ,TFWS Choice Code : 0110224111T, ,Seats: 0,,,,,,,,,,,,,,,,,
,"F:Only For Female, HU:Home University, OHU:Other than Home University, PWD:Persons with Disabilities,Common Reserved:Combined Common for All Reserved Categories",,,,,,,,,,,,,,,,,,,,
,"STATE CET CELL , Mumbai", ,Page 78 of 191,,,,,,,,,,,,,,,,,,
Vacant seats after last date of reporting for Admission to First Year of PostGraduate Degree Courses in Master of Computer Applications for the Academic Year 2025-26,,,,,,,,,,,,,,,,,,,,,
,"1105 - Prof. Ram Meghe Institute of Technology & Research, Amravati",,,,,,,,,,,,,,,,,,,,
,Un-Aided-Autonomous, ,CAP Seats: 2,,,,,,,,,,,,,,,,,,
Choice Code, ,Course Name, ,SI, ,MS Seats, ,All India, ,Minority Seats, ,Institute Seats,,,,,,,,,
0110524110, ,60, ,2, ,0, ,0, ,6,,,,,,,,,,,
Master in Computer Application, ,,,,,,,,,,,,,,,,,,,,
Category, ,OPEN, ,SC, ,ST, ,VJDT, ,NTB, ,NTC, ,NTD, ,OBC, ,SEBC, ,Total,
HU, ,0, ,0, ,0, ,0, ,0, ,1, ,0, ,0, ,0, ,1,
,OHU, ,0, ,0, ,0, ,0, ,0, ,0, ,0, ,0, ,1, ,1
,PWD, ,0, ,0, ,0, ,0, ,0, ,0, ,0, ,0, ,0, ,0
,PWD Common Reserved Seats :0,,,,,,,,,,,,,,,,,,,,
Economically Weaker Section (EWS) Seats :0, ,TFWS Choice Code : 0110524111T, ,Seats: 0,,,,,,,,,,,,,,,,,
,"F:Only For Female, HU:Home University, OHU:Other than Home University, PWD:Persons with Disabilities,Common Reserved:Combined Common for All Reserved Categories",,,,,,,,,,,,,,,,,,,,
,"STATE CET CELL , Mumbai", ,Page 79 of 191,,,,,,,,,,,,,,,,,,
Vacant seats after last date of reporting for Admission to First Year of PostGraduate Degree Courses in Master of Computer Applications for the Academic Year 2025-26,,,,,,,,,,,,,,,,,,,,,
,"1107 - P. R. Pote Patil College of Engineering & Management, Amravati",,,,,,,,,,,,,,,,,,,,
,Un-Aided-Autonomous, ,CAP Seats: 1,,,,,,,,,,,,,,,,,,
Choice Code, ,Course Name, ,SI, ,MS Seats, ,All India, ,Minority Seats, ,Institute Seats,,,,,,,,,
0110724110, ,60, ,1, ,0, ,0, ,12,,,,,,,,,,,
Master in Computer Application, ,,,,,,,,,,,,,,,,,,,,
Category, ,OPEN, ,SC, ,ST, ,VJDT, ,NTB, ,NTC, ,NTD, ,OBC, ,SEBC, ,Total,
HU, ,0, ,0, ,0, ,0, ,0, ,0, ,0, ,0, ,1, ,1,
,OHU, ,0, ,0, ,0, ,0, ,0, ,0, ,0, ,0, ,0, ,0
,PWD, ,0, ,0, ,0, ,0, ,0, ,0, ,0, ,0, ,0, ,0
,PWD Common Reserved Seats :0,,,,,,,,,,,,,,,,,,,,
Economically Weaker Section (EWS) Seats :0, ,TFWS Choice Code : 0110724111T, ,Seats: 0,,,,,,,,,,,,,,,,,
,"F:Only For Female, HU:Home University, OHU:Other than Home University, PWD:Persons with Disabilities,Common Reserved:Combined Common for All Reserved Categories",,,,,,,,,,,,,,,,,,,,
,"STATE CET CELL , Mumbai", ,Page 80 of 191,,,,,,,,,,,,,,,,,,
Vacant seats after last date of reporting for Admission to First Year of PostGraduate Degree Courses in Master of Computer Applications for the Academic Year 2025-26,,,,,,,,,,,,,,,,,,,,,
,1111 - P.G. Department, ,"of Computer Science & Technology, D.C.P.E., H.V.P. Mandal,", ,Amravati,,,,,,,,,,,,,,,,
,Un-Aided-Autonomous, ,CAP Seats: 12,,,,,,,,,,,,,,,,,,
Choice Code, ,Course Name, ,SI, ,MS Seats, ,All India, ,Minority Seats, ,Institute Seats,,,,,,,,,
0111124110, ,120, ,12, ,0, ,0, ,6,,,,,,,,,,,
Master in Computer Application, ,,,,,,,,,,,,,,,,,,,,
Category, ,OPEN, ,SC, ,ST, ,VJDT, ,NTB, ,NTC, ,NTD, ,OBC, ,SEBC, ,Total,
HU, ,2, ,2, ,2, ,0, ,0, ,1, ,0, ,1, ,2, ,10,
,OHU, ,0, ,0, ,1, ,0, ,0, ,0, ,0, ,0, ,1, ,2
,PWD, ,0, ,0, ,0, ,0, ,0, ,0, ,0, ,0, ,0, ,0
,PWD Common Reserved Seats :0,,,,,,,,,,,,,,,,,,,,
Economically Weaker Section (EWS) Seats :6, ,TFWS Choice Code : 0111124111T, ,Seats: 0,,,,,,,,,,,,,,,,,
,"F:Only For Female, HU:Home University, OHU:Other than Home University, PWD:Persons with Disabilities,Common Reserved:Combined Common for All Reserved Categories",,,,,,,,,,,,,,,,,,,,
,"STATE CET CELL , Mumbai", ,Page 81 of 191,,,,,,,,,,,,,,,,,,
Vacant seats after last date of reporting for Admission to First Year of PostGraduate Degree Courses in Master of Computer Applications for the Academic Year 2025-26,,,,,,,,,,,,,,,,,,,,,
,"1113 - Sadhana Shikshan Mandal, Saraswati College, Shegaon",,,,,,,,,,,,,,,,,,,,
,Un-Aided, ,CAP Seats: 16,,,,,,,,,,,,,,,,,,
Choice Code, ,Course Name, ,SI, ,MS Seats, ,All India, ,Minority Seats, ,Institute Seats,,,,,,,,,
0111324110, ,120, ,15, ,1, ,0, ,0,,,,,,,,,,,
Master in Computer Application, ,,,,,,,,,,,,,,,,,,,,
Category, ,OPEN, ,SC, ,ST, ,VJDT, ,NTB, ,NTC, ,NTD, ,OBC, ,SEBC, ,Total,
HU, ,1, ,1, ,2, ,0, ,0, ,1, ,0, ,2, ,3, ,10,
,OHU, ,3, ,0, ,0, ,0, ,0, ,0, ,0, ,1, ,0, ,4
,PWD, ,1, ,0, ,0, ,0, ,0, ,0, ,0, ,0, ,0, ,1
,PWD Common Reserved Seats :0,,,,,,,,,,,,,,,,,,,,
Economically Weaker Section (EWS) Seats :5, ,TFWS Choice Code : 0111324111T, ,Seats: 0,,,,,,,,,,,,,,,,,
,"F:Only For Female, HU:Home University, OHU:Other than Home University, PWD:Persons with Disabilities,Common Reserved:Combined Common for All Reserved Categories",,,,,,,,,,,,,,,,,,,,
,"STATE CET CELL , Mumbai", ,Page 82 of 191,,,,,,,,,,,,,,,,,,
Vacant seats after last date of reporting for Admission to First Year of PostGraduate Degree Courses in Master of Computer Applications for the Academic Year 2025-26,,,,,,,,,,,,,,,,,,,,,
,1314 - SMT RADHADEVI GOENKA COLLEGE FOR WOMEN,,,,,,,,,,,,,,,,,,,,
,Un-Aided-Linguistic Minority - Marwadi, ,CAP Seats: 74,,,,,,,,,,,,,,,,,,
Choice Code, ,Course Name, ,SI, ,MS Seats, ,All India, ,Minority Seats, ,Institute Seats,,,,,,,,,
0131424170U, ,120, ,13, ,0, ,61, ,12,,,,,,,,,,,
Master in Computer Application, ,,,,,,,,,,,,,,,,,,,,
Category, ,OPEN, ,SC, ,ST, ,VJDT, ,NTB, ,NTC, ,NTD, ,OBC, ,SEBC, ,Total,
HU, ,4, ,0, ,0, ,0, ,0, ,0, ,0, ,0, ,0, ,4,
,OHU, ,9, ,0, ,0, ,0, ,0, ,0, ,0, ,0, ,0, ,9
,PWD, ,0, ,0, ,0, ,0, ,0, ,0, ,0, ,0, ,0, ,0
,PWD Common Reserved Seats :0,,,,,,,,,,,,,,,,,,,,
Economically Weaker Section (EWS) Seats :0, ,TFWS Choice Code : 0131424171UT, ,Seats: 4,,,,,,,,,,,,,,,,,
,"F:Only For Female, HU:Home University, OHU:Other than Home University, PWD:Persons with Disabilities,Common Reserved:Combined Common for All Reserved Categories",,,,,,,,,,,,,,,,,,,,
,"STATE CET CELL , Mumbai", ,Page 83 of 191,,,,,,,,,,,,,,,,,,
Vacant seats after last date of reporting for Admission to First Year of PostGraduate Degree Courses in Master of Computer Applications for the Academic Year 2025-26,,,,,,,,,,,,,,,,,,,,,
,Savitribai Phule Pune University,,,,,,,,,,,,,,,,,,,,
,"5109 - Sandip Foundation, Sandip Institute of Technology and Research Centre, Mahiravani, Nashik",,,,,,,,,,,,,,,,,,,,
,Un-Aided-Autonomous, ,CAP Seats: 12,,,,,,,,,,,,,,,,,,
Choice Code, ,Course Name, ,SI, ,MS Seats, ,All India, ,Minority Seats, ,Institute Seats,,,,,,,,,
0510924110, ,Master in Computer Application, ,60, ,12, ,0, ,0, ,0,,,,,,,,,
Category, ,OPEN, ,SC, ,ST, ,VJDT, ,NTB, ,NTC, ,NTD, ,OBC, ,SEBC, ,Total,
HU, ,2, ,2, ,0, ,0, ,1, ,0, ,0, ,3, ,0, ,8,
,OHU, ,1, ,1, ,0, ,1, ,0, ,0, ,0, ,0, ,1, ,4
,PWD, ,0, ,0, ,0, ,0, ,0, ,0, ,0, ,0, ,0, ,0
,PWD Common Reserved Seats :0,,,,,,,,,,,,,,,,,,,,
Economically Weaker Section (EWS) Seats :3, ,TFWS Choice Code : 0510924111T, ,Seats: 0,,,,,,,,,,,,,,,,,
,"F:Only For Female, HU:Home University, OHU:Other than Home University, PWD:Persons with Disabilities,Common Reserved:Combined Common for All Reserved Categories",,,,,,,,,,,,,,,,,,,,
,"STATE CET CELL , Mumbai", ,Page 84 of 191,,,,,,,,,,,,,,,,,,
Vacant seats after last date of reporting for Admission to First Year of PostGraduate Degree Courses in Master of Computer Applications for the Academic Year 2025-26,,,,,,,,,,,,,,,,,,,,,
,"5111 - B. P. Hivale Education Society's Institute of Management Studies Career Development Research, Ahmednagar",,,,,,,,,,,,,,,,,,,,
,Un-Aided-Religious Minority - Christian, ,CAP Seats: 7,,,,,,,,,,,,,,,,,,
Choice Code, ,Course Name, ,SI, ,MS Seats, ,All India, ,Minority Seats, ,Institute Seats,,,,,,,,,
0511124110, ,120, ,5, ,0, ,2, ,0,,,,,,,,,,,
Master in Computer Application, ,,,,,,,,,,,,,,,,,,,,
Category, ,OPEN, ,SC, ,ST, ,VJDT, ,NTB, ,NTC, ,NTD, ,OBC, ,SEBC, ,Total,
HU, ,2, ,0, ,0, ,0, ,0, ,0, ,0, ,0, ,0, ,2,
,OHU, ,3, ,0, ,0, ,0, ,0, ,0, ,0, ,0, ,0, ,3
,PWD, ,0, ,0, ,0, ,0, ,0, ,0, ,0, ,0, ,0, ,0
,PWD Common Reserved Seats :0,,,,,,,,,,,,,,,,,,,,
Economically Weaker Section (EWS) Seats :0, ,TFWS Choice Code : 0511124111T, ,Seats: 0,,,,,,,,,,,,,,,,,
,"F:Only For Female, HU:Home University, OHU:Other than Home University, PWD:Persons with Disabilities,Common Reserved:Combined Common for All Reserved Categories",,,,,,,,,,,,,,,,,,,,
,"STATE CET CELL , Mumbai", ,Page 85 of 191,,,,,,,,,,,,,,,,,,
Vacant seats after last date of reporting for Admission to First Year of PostGraduate Degree Courses in Master of Computer Applications for the Academic Year 2025-26,,,,,,,,,,,,,,,,,,,,,
,"5112 - Padmashree Dr. Vithalrao Vikhe Patil Foundation's Institute of Business Management & Rural Development, Ahmednagar",,,,,,,,,,,,,,,,,,,,
,Un-Aided, ,CAP Seats: 7,,,,,,,,,,,,,,,,,,
Choice Code, ,Course Name, ,SI, ,MS Seats, ,All India, ,Minority Seats, ,Institute Seats,,,,,,,,,
0511224110, ,60, ,6, ,1, ,0, ,0,,,,,,,,,,,
Master in Computer Application, ,,,,,,,,,,,,,,,,,,,,
Category, ,OPEN, ,SC, ,ST, ,VJDT, ,NTB, ,NTC, ,NTD, ,OBC, ,SEBC, ,Total,
HU, ,0, ,0, ,1, ,0, ,0, ,0, ,0, ,0, ,0, ,1,
,OHU, ,3, ,0, ,1, ,0, ,0, ,0, ,0, ,0, ,1, ,5
,PWD, ,0, ,0, ,0, ,0, ,0, ,0, ,0, ,0, ,0, ,0
,PWD Common Reserved Seats :0,,,,,,,,,,,,,,,,,,,,
Economically Weaker Section (EWS) Seats :2, ,TFWS Choice Code : 0511224111T, ,Seats: 0,,,,,,,,,,,,,,,,,
,"F:Only For Female, HU:Home University, OHU:Other than Home University, PWD:Persons with Disabilities,Common Reserved:Combined Common for All Reserved Categories",,,,,,,,,,,,,,,,,,,,
,"STATE CET CELL , Mumbai", ,Page 86 of 191,,,,,,,,,,,,,,,,,,
Vacant seats after last date of reporting for Admission to First Year of PostGraduate Degree Courses in Master of Computer Applications for the Academic Year 2025-26,,,,,,,,,,,,,,,,,,,,,
,"5113 - Nashik District Maratha Vidya Prasarak Samaj's Institute of Management Research & Technology, Nashik",,,,,,,,,,,,,,,,,,,,
,Un-Aided, ,CAP Seats: 15,,,,,,,,,,,,,,,,,,
Choice Code, ,Course Name, ,SI, ,MS Seats, ,All India, ,Minority Seats, ,Institute Seats,,,,,,,,,
0511324110, ,60, ,14, ,1, ,0, ,6,,,,,,,,,,,
Master in Computer Application, ,,,,,,,,,,,,,,,,,,,,
Category, ,OPEN, ,SC, ,ST, ,VJDT, ,NTB, ,NTC, ,NTD, ,OBC, ,SEBC, ,Total,
HU, ,2, ,1, ,2, ,0, ,0, ,1, ,1, ,2, ,2, ,11,
,OHU, ,1, ,0, ,0, ,0, ,0, ,0, ,0, ,0, ,1, ,2
,PWD, ,1, ,0, ,0, ,0, ,0, ,0, ,0, ,0, ,0, ,1
,PWD Common Reserved Seats :0,,,,,,,,,,,,,,,,,,,,
Economically Weaker Section (EWS) Seats :5, ,TFWS Choice Code : 0511324111T, ,Seats: 0,,,,,,,,,,,,,,,,,
,"F:Only For Female, HU:Home University, OHU:Other than Home University, PWD:Persons with Disabilities,Common Reserved:Combined Common for All Reserved Categories",,,,,,,,,,,,,,,,,,,,
,"STATE CET CELL , Mumbai", ,Page 87 of 191,,,,,,,,,,,,,,,,,,
Vacant seats after last date of reporting for Admission to First Year of PostGraduate Degree Courses in Master of Computer Applications for the Academic Year 2025-26,,,,,,,,,,,,,,,,,,,,,
,5117 - Pirens Institute Of Business Management And Administration (IBMA) Loni (BK),,,,,,,,,,,,,,,,,,,,
,Un-Aided, ,CAP Seats: 12,,,,,,,,,,,,,,,,,,
Choice Code, ,Course Name, ,SI, ,MS Seats, ,All India, ,Minority Seats, ,Institute Seats,,,,,,,,,
0511724110, ,120, ,9, ,3, ,0, ,0,,,,,,,,,,,
Master in Computer Application, ,,,,,,,,,,,,,,,,,,,,
Category, ,OPEN, ,SC, ,ST, ,VJDT, ,NTB, ,NTC, ,NTD, ,OBC, ,SEBC, ,Total,
HU, ,0, ,1, ,0, ,0, ,0, ,0, ,0, ,0, ,0, ,1,
,OHU, ,5, ,1, ,0, ,0, ,0, ,0, ,0, ,2, ,0, ,8
,PWD, ,0, ,0, ,0, ,0, ,0, ,0, ,0, ,0, ,0, ,0
,PWD Common Reserved Seats :0,,,,,,,,,,,,,,,,,,,,
Economically Weaker Section (EWS) Seats :7, ,TFWS Choice Code : 0511724111T, ,Seats: 0,,,,,,,,,,,,,,,,,
,"F:Only For Female, HU:Home University, OHU:Other than Home University, PWD:Persons with Disabilities,Common Reserved:Combined Common for All Reserved Categories",,,,,,,,,,,,,,,,,,,,
,"STATE CET CELL , Mumbai", ,Page 88 of 191,,,,,,,,,,,,,,,,,,
Vacant seats after last date of reporting for Admission to First Year of PostGraduate Degree Courses in Master of Computer Applications for the Academic Year 2025-26,,,,,,,,,,,,,,,,,,,,,
,"5119 - C.H.M.E. Society's Dr. Moonje Institute for Management & Computer Studies, Nashik",,,,,,,,,,,,,,,,,,,,
,Un-Aided, ,CAP Seats: 9,,,,,,,,,,,,,,,,,,
Choice Code, ,Course Name, ,SI, ,MS Seats, ,All India, ,Minority Seats, ,Institute Seats,,,,,,,,,
0511924110, ,60, ,9, ,0, ,0, ,0,,,,,,,,,,,
Master in Computer Application, ,,,,,,,,,,,,,,,,,,,,
Category, ,OPEN, ,SC, ,ST, ,VJDT, ,NTB, ,NTC, ,NTD, ,OBC, ,SEBC, ,Total,
HU, ,1, ,0, ,0, ,0, ,0, ,0, ,0, ,2, ,2, ,5,
,OHU, ,2, ,1, ,1, ,0, ,0, ,0, ,0, ,0, ,0, ,4
,PWD, ,0, ,0, ,0, ,0, ,0, ,0, ,0, ,0, ,0, ,0
,PWD Common Reserved Seats :0,,,,,,,,,,,,,,,,,,,,
Economically Weaker Section (EWS) Seats :3, ,TFWS Choice Code : 0511924111T, ,Seats: 0,,,,,,,,,,,,,,,,,
,"F:Only For Female, HU:Home University, OHU:Other than Home University, PWD:Persons with Disabilities,Common Reserved:Combined Common for All Reserved Categories",,,,,,,,,,,,,,,,,,,,
,"STATE CET CELL , Mumbai", ,Page 89 of 191,,,,,,,,,,,,,,,,,,
Vacant seats after last date of reporting for Admission to First Year of PostGraduate Degree Courses in Master of Computer Applications for the Academic Year 2025-26,,,,,,,,,,,,,,,,,,,,,
,"5120 - MET's Institute of Management, Adgaon, Nashik",,,,,,,,,,,,,,,,,,,,
,Un-Aided, ,CAP Seats: 4,,,,,,,,,,,,,,,,,,
Choice Code, ,Course Name, ,SI, ,MS Seats, ,All India, ,Minority Seats, ,Institute Seats,,,,,,,,,
0512024110, ,60, ,1, ,3, ,0, ,12,,,,,,,,,,,
Master in Computer Application, ,,,,,,,,,,,,,,,,,,,,
Category, ,OPEN, ,SC, ,ST, ,VJDT, ,NTB, ,NTC, ,NTD, ,OBC, ,SEBC, ,Total,
HU, ,0, ,0, ,0, ,0, ,0, ,0, ,0, ,0, ,0, ,0,
,OHU, ,1, ,0, ,0, ,0, ,0, ,0, ,0, ,0, ,0, ,1
,PWD, ,0, ,0, ,0, ,0, ,0, ,0, ,0, ,0, ,0, ,0
,PWD Common Reserved Seats :0,,,,,,,,,,,,,,,,,,,,
Economically Weaker Section (EWS) Seats :2, ,TFWS Choice Code : 0512024111T, ,Seats: 0,,,,,,,,,,,,,,,,,
,"F:Only For Female, HU:Home University, OHU:Other than Home University, PWD:Persons with Disabilities,Common Reserved:Combined Common for All Reserved Categories",,,,,,,,,,,,,,,,,,,,
,"STATE CET CELL , Mumbai", ,Page 90 of 191,,,,,,,,,,,,,,,,,,
Vacant seats after last date of reporting for Admission to First Year of PostGraduate Degree Courses in Master of Computer Applications for the Academic Year 2025-26,,,,,,,,,,,,,,,,,,,,,
,"5121 - K. K. Wagh Institute of Engineering Education and Research, Nashik",,,,,,,,,,,,,,,,,,,,
,Un-Aided-Autonomous, ,CAP Seats: 6,,,,,,,,,,,,,,,,,,
Choice Code, ,Course Name, ,SI, ,MS Seats, ,All India, ,Minority Seats, ,Institute Seats,,,,,,,,,
0512124110, ,120, ,4, ,2, ,0, ,24,,,,,,,,,,,
Master in Computer Application, ,,,,,,,,,,,,,,,,,,,,
Category, ,OPEN, ,SC, ,ST, ,VJDT, ,NTB, ,NTC, ,NTD, ,OBC, ,SEBC, ,Total,
HU, ,0, ,0, ,0, ,0, ,0, ,0, ,0, ,1, ,0, ,1,
,OHU, ,2, ,0, ,0, ,0, ,0, ,0, ,0, ,0, ,0, ,2
,PWD, ,1, ,0, ,0, ,0, ,0, ,0, ,0, ,0, ,0, ,1
,PWD Common Reserved Seats :0,,,,,,,,,,,,,,,,,,,,
Economically Weaker Section (EWS) Seats :0, ,TFWS Choice Code : 0512124111T, ,Seats: 0,,,,,,,,,,,,,,,,,
,"F:Only For Female, HU:Home University, OHU:Other than Home University, PWD:Persons with Disabilities,Common Reserved:Combined Common for All Reserved Categories",,,,,,,,,,,,,,,,,,,,
,"STATE CET CELL , Mumbai", ,Page 91 of 191,,,,,,,,,,,,,,,,,,
Vacant seats after last date of reporting for Admission to First Year of PostGraduate Degree Courses in Master of Computer Applications for the Academic Year 2025-26,,,,,,,,,,,,,,,,,,,,,
,"5124 - Jagadamba Education Soc. Nashik's S.N.D. College of Engineering & Reserch, Babulgaon",,,,,,,,,,,,,,,,,,,,
,Un-Aided, ,CAP Seats: 5,,,,,,,,,,,,,,,,,,
Choice Code, ,Course Name, ,SI, ,MS Seats, ,All India, ,Minority Seats, ,Institute Seats,,,,,,,,,
0512424210, ,60, ,5, ,0, ,0, ,0,,,,,,,,,,,
Master of Computer Applications, ,,,,,,,,,,,,,,,,,,,,
Category, ,OPEN, ,SC, ,ST, ,VJDT, ,NTB, ,NTC, ,NTD, ,OBC, ,SEBC, ,Total,
HU, ,0, ,0, ,0, ,0, ,0, ,0, ,0, ,1, ,0, ,1,
,OHU, ,1, ,1, ,0, ,0, ,1, ,0, ,0, ,0, ,1, ,4
,PWD, ,0, ,0, ,0, ,0, ,0, ,0, ,0, ,0, ,0, ,0
,PWD Common Reserved Seats :0,,,,,,,,,,,,,,,,,,,,
Economically Weaker Section (EWS) Seats :4, ,TFWS Choice Code : 0512424211T, ,Seats: 0,,,,,,,,,,,,,,,,,
,"F:Only For Female, HU:Home University, OHU:Other than Home University, PWD:Persons with Disabilities,Common Reserved:Combined Common for All Reserved Categories",,,,,,,,,,,,,,,,,,,,
,"STATE CET CELL , Mumbai", ,Page 92 of 191,,,,,,,,,,,,,,,,,,
Vacant seats after last date of reporting for Admission to First Year of PostGraduate Degree Courses in Master of Computer Applications for the Academic Year 2025-26,,,,,,,,,,,,,,,,,,,,,
,"5131 - C.H.M.E. Society's Dr. Moonje Institute of Management & Information Technology, Nashik",,,,,,,,,,,,,,,,,,,,
,Un-Aided, ,CAP Seats: 3,,,,,,,,,,,,,,,,,,
Choice Code, ,Course Name, ,SI, ,MS Seats, ,All India, ,Minority Seats, ,Institute Seats,,,,,,,,,
0513124110, ,60, ,2, ,1, ,0, ,0,,,,,,,,,,,
Master in Computer Application, ,,,,,,,,,,,,,,,,,,,,
Category, ,OPEN, ,SC, ,ST, ,VJDT, ,NTB, ,NTC, ,NTD, ,OBC, ,SEBC, ,Total,
HU, ,0, ,0, ,0, ,0, ,0, ,1, ,0, ,0, ,0, ,1,
,OHU, ,0, ,0, ,0, ,0, ,0, ,1, ,0, ,0, ,0, ,1
,PWD, ,0, ,0, ,0, ,0, ,0, ,0, ,0, ,0, ,0, ,0
,PWD Common Reserved Seats :0,,,,,,,,,,,,,,,,,,,,
Economically Weaker Section (EWS) Seats :5, ,TFWS Choice Code : 0513124111T, ,Seats: 0,,,,,,,,,,,,,,,,,
,"F:Only For Female, HU:Home University, OHU:Other than Home University, PWD:Persons with Disabilities,Common Reserved:Combined Common for All Reserved Categories",,,,,,,,,,,,,,,,,,,,
,"STATE CET CELL , Mumbai", ,Page 93 of 191,,,,,,,,,,,,,,,,,,
Vacant seats after last date of reporting for Admission to First Year of PostGraduate Degree Courses in Master of Computer Applications for the Academic Year 2025-26,,,,,,,,,,,,,,,,,,,,,
,"5151 - MET Bhujbal Knowledge City MET League's Engineering College, Adgaon, Nashik.",,,,,,,,,,,,,,,,,,,,
,Un-Aided, ,CAP Seats: 0,,,,,,,,,,,,,,,,,,
Choice Code, ,Course Name, ,SI, ,MS Seats, ,All India, ,Minority Seats, ,Institute Seats,,,,,,,,,
0515124110, ,60, ,0, ,0, ,0, ,12,,,,,,,,,,,
Master in Computer Application, ,,,,,,,,,,,,,,,,,,,,
Category, ,OPEN, ,SC, ,ST, ,VJDT, ,NTB, ,NTC, ,NTD, ,OBC, ,SEBC, ,Total,
HU, ,0, ,0, ,0, ,0, ,0, ,0, ,0, ,0, ,0, ,0,
,OHU, ,0, ,0, ,0, ,0, ,0, ,0, ,0, ,0, ,0, ,0
,PWD, ,0, ,0, ,0, ,0, ,0, ,0, ,0, ,0, ,0, ,0
,PWD Common Reserved Seats :0,,,,,,,,,,,,,,,,,,,,
Economically Weaker Section (EWS) Seats :0, ,TFWS Choice Code : 0515124111T, ,Seats: 0,,,,,,,,,,,,,,,,,
,"F:Only For Female, HU:Home University, OHU:Other than Home University, PWD:Persons with Disabilities,Common Reserved:Combined Common for All Reserved Categories",,,,,,,,,,,,,,,,,,,,
,"STATE CET CELL , Mumbai", ,Page 94 of 191,,,,,,,,,,,,,,,,,,
Vacant seats after last date of reporting for Admission to First Year of PostGraduate Degree Courses in Master of Computer Applications for the Academic Year 2025-26,,,,,,,,,,,,,,,,,,,,,
,"5177 - Matoshri College of Engineering and Research Centre, Eklahare, Nashik",,,,,,,,,,,,,,,,,,,,
,Un-Aided-Autonomous, ,CAP Seats: 4,,,,,,,,,,,,,,,,,,
Choice Code, ,Course Name, ,SI, ,MS Seats, ,All India, ,Minority Seats, ,Institute Seats,,,,,,,,,
0517724110, ,60, ,4, ,0, ,0, ,0,,,,,,,,,,,
Master in Computer Application, ,,,,,,,,,,,,,,,,,,,,
Category, ,OPEN, ,SC, ,ST, ,VJDT, ,NTB, ,NTC, ,NTD, ,OBC, ,SEBC, ,Total,
HU, ,0, ,0, ,1, ,0, ,0, ,1, ,0, ,1, ,0, ,3,
,OHU, ,0, ,0, ,0, ,0, ,0, ,0, ,0, ,1, ,0, ,1
,PWD, ,0, ,0, ,0, ,0, ,0, ,0, ,0, ,0, ,0, ,0
,PWD Common Reserved Seats :0,,,,,,,,,,,,,,,,,,,,
Economically Weaker Section (EWS) Seats :2, ,TFWS Choice Code : 0517724111T, ,Seats: 0,,,,,,,,,,,,,,,,,
,"F:Only For Female, HU:Home University, OHU:Other than Home University, PWD:Persons with Disabilities,Common Reserved:Combined Common for All Reserved Categories",,,,,,,,,,,,,,,,,,,,
,"STATE CET CELL , Mumbai", ,Page 95 of 191,,,,,,,,,,,,,,,,,,
Vacant seats after last date of reporting for Admission to First Year of PostGraduate Degree Courses in Master of Computer Applications for the Academic Year 2025-26,,,,,,,,,,,,,,,,,,,,,
,"5181 - Gokhale Education Society's, R.H. Sapat College of Engineering, Management Studies and Research, Nashik",,,,,,,,,,,,,,,,,,,,
,Un-Aided, ,CAP Seats: 1,,,,,,,,,,,,,,,,,,
Choice Code, ,Course Name, ,SI, ,MS Seats, ,All India, ,Minority Seats, ,Institute Seats,,,,,,,,,
0518124110, ,60, ,1, ,0, ,0, ,6,,,,,,,,,,,
Master in Computer Application, ,,,,,,,,,,,,,,,,,,,,
Category, ,OPEN, ,SC, ,ST, ,VJDT, ,NTB, ,NTC, ,NTD, ,OBC, ,SEBC, ,Total,
HU, ,0, ,0, ,1, ,0, ,0, ,0, ,0, ,0, ,0, ,1,
,OHU, ,0, ,0, ,0, ,0, ,0, ,0, ,0, ,0, ,0, ,0
,PWD, ,0, ,0, ,0, ,0, ,0, ,0, ,0, ,0, ,0, ,0
,PWD Common Reserved Seats :0,,,,,,,,,,,,,,,,,,,,
Economically Weaker Section (EWS) Seats :1, ,TFWS Choice Code : 0518124111T, ,Seats: 0,,,,,,,,,,,,,,,,,
,"F:Only For Female, HU:Home University, OHU:Other than Home University, PWD:Persons with Disabilities,Common Reserved:Combined Common for All Reserved Categories",,,,,,,,,,,,,,,,,,,,
,"STATE CET CELL , Mumbai", ,Page 96 of 191,,,,,,,,,,,,,,,,,,
Vacant seats after last date of reporting for Admission to First Year of PostGraduate Degree Courses in Master of Computer Applications for the Academic Year 2025-26,,,,,,,,,,,,,,,,,,,,,
,"5303 - Hon. Shri. Babanrao Pachpute Vichardhara Trust, Group of Institutions (Integrated Campus)-Parikrama, Kashti Shrigondha,",,,,,,,,,,,,,,,,,,,,
,Un-Aided, ,CAP Seats: 2,,,,,,,,,,,,,,,,,,
Choice Code, ,Course Name, ,SI, ,MS Seats, ,All India, ,Minority Seats, ,Institute Seats,,,,,,,,,
0530324110, ,60, ,2, ,0, ,0, ,0,,,,,,,,,,,
Master in Computer Application, ,,,,,,,,,,,,,,,,,,,,
Category, ,OPEN, ,SC, ,ST, ,VJDT, ,NTB, ,NTC, ,NTD, ,OBC, ,SEBC, ,Total,
HU, ,0, ,0, ,0, ,0, ,0, ,0, ,0, ,0, ,0, ,0,
,OHU, ,1, ,0, ,0, ,0, ,0, ,0, ,0, ,1, ,0, ,2
,PWD, ,0, ,0, ,0, ,0, ,0, ,0, ,0, ,0, ,0, ,0
,PWD Common Reserved Seats :0,,,,,,,,,,,,,,,,,,,,
Economically Weaker Section (EWS) Seats :5, ,TFWS Choice Code : 0530324111T, ,Seats: 0,,,,,,,,,,,,,,,,,
,"F:Only For Female, HU:Home University, OHU:Other than Home University, PWD:Persons with Disabilities,Common Reserved:Combined Common for All Reserved Categories",,,,,,,,,,,,,,,,,,,,
,"STATE CET CELL , Mumbai", ,Page 97 of 191,,,,,,,,,,,,,,,,,,
Vacant seats after last date of reporting for Admission to First Year of PostGraduate Degree Courses in Master of Computer Applications for the Academic Year 2025-26,,,,,,,,,,,,,,,,,,,,,
,"5331 - Sandip Foundation's, Sandip Institute of Engineering & Management, Nashik",,,,,,,,,,,,,,,,,,,,
,Un-Aided, ,CAP Seats: 14,,,,,,,,,,,,,,,,,,
Choice Code, ,Course Name, ,SI, ,MS Seats, ,All India, ,Minority Seats, ,Institute Seats,,,,,,,,,
0533124110, ,60, ,11, ,3, ,0, ,0,,,,,,,,,,,
Master in Computer Application, ,,,,,,,,,,,,,,,,,,,,
Category, ,OPEN, ,SC, ,ST, ,VJDT, ,NTB, ,NTC, ,NTD, ,OBC, ,SEBC, ,Total,
HU, ,2, ,1, ,0, ,0, ,0, ,1, ,0, ,2, ,2, ,8,
,OHU, ,0, ,0, ,0, ,0, ,0, ,0, ,0, ,0, ,2, ,2
,PWD, ,1, ,0, ,0, ,0, ,0, ,0, ,0, ,0, ,0, ,1
,PWD Common Reserved Seats :0,,,,,,,,,,,,,,,,,,,,
Economically Weaker Section (EWS) Seats :4, ,TFWS Choice Code : 0533124111T, ,Seats: 0,,,,,,,,,,,,,,,,,
,"F:Only For Female, HU:Home University, OHU:Other than Home University, PWD:Persons with Disabilities,Common Reserved:Combined Common for All Reserved Categories",,,,,,,,,,,,,,,,,,,,
,"STATE CET CELL , Mumbai", ,Page 98 of 191,,,,,,,,,,,,,,,,,,
Vacant seats after last date of reporting for Admission to First Year of PostGraduate Degree Courses in Master of Computer Applications for the Academic Year 2025-26,,,,,,,,,,,,,,,,,,,,,
,"5380 - Adsul's Technical Campus, Chas Dist. Ahmednagar",,,,,,,,,,,,,,,,,,,,
,Un-Aided, ,CAP Seats: 7,,,,,,,,,,,,,,,,,,
Choice Code, ,Course Name, ,SI, ,MS Seats, ,All India, ,Minority Seats, ,Institute Seats,,,,,,,,,
0538024110, ,120, ,7, ,0, ,0, ,0,,,,,,,,,,,
Master in Computer Application, ,,,,,,,,,,,,,,,,,,,,
Category, ,OPEN, ,SC, ,ST, ,VJDT, ,NTB, ,NTC, ,NTD, ,OBC, ,SEBC, ,Total,
HU, ,0, ,0, ,1, ,0, ,0, ,0, ,1, ,0, ,2, ,4,
,OHU, ,2, ,0, ,0, ,0, ,0, ,0, ,0, ,0, ,1, ,3
,PWD, ,0, ,0, ,0, ,0, ,0, ,0, ,0, ,0, ,0, ,0
,PWD Common Reserved Seats :0,,,,,,,,,,,,,,,,,,,,
Economically Weaker Section (EWS) Seats :3, ,TFWS Choice Code : 0538024111T, ,Seats: 0,,,,,,,,,,,,,,,,,
,"F:Only For Female, HU:Home University, OHU:Other than Home University, PWD:Persons with Disabilities,Common Reserved:Combined Common for All Reserved Categories",,,,,,,,,,,,,,,,,,,,
,"STATE CET CELL , Mumbai", ,Page 99 of 191,,,,,,,,,,,,,,,,,,
Vacant seats after last date of reporting for Admission to First Year of PostGraduate Degree Courses in Master of Computer Applications for the Academic Year 2025-26,,,,,,,,,,,,,,,,,,,,,
,"5385 - Akole Taluka Education Society,s Agasti Institute of Management, Computer Application & Research, Akole, Ahmednagar",,,,,,,,,,,,,,,,,,,,
,Un-Aided, ,CAP Seats: 12,,,,,,,,,,,,,,,,,,
Choice Code, ,Course Name, ,SI, ,MS Seats, ,All India, ,Minority Seats, ,Institute Seats,,,,,,,,,
0538524110, ,120, ,10, ,2, ,0, ,0,,,,,,,,,,,
Master in Computer Application, ,,,,,,,,,,,,,,,,,,,,
Category, ,OPEN, ,SC, ,ST, ,VJDT, ,NTB, ,NTC, ,NTD, ,OBC, ,SEBC, ,Total,
HU, ,0, ,0, ,0, ,0, ,1, ,1, ,0, ,1, ,2, ,5,
,OHU, ,1, ,1, ,1, ,0, ,0, ,1, ,0, ,0, ,1, ,5
,PWD, ,0, ,0, ,0, ,0, ,0, ,0, ,0, ,0, ,0, ,0
,PWD Common Reserved Seats :0,,,,,,,,,,,,,,,,,,,,
Economically Weaker Section (EWS) Seats :12, ,TFWS Choice Code : 0538524111T, ,Seats: 0,,,,,,,,,,,,,,,,,
,"F:Only For Female, HU:Home University, OHU:Other than Home University, PWD:Persons with Disabilities,Common Reserved:Combined Common for All Reserved Categories",,,,,,,,,,,,,,,,,,,,
,"STATE CET CELL , Mumbai", ,Page 100 of 191,,,,,,,,,,,,,,,,,,
Vacant seats after last date of reporting for Admission to First Year of PostGraduate Degree Courses in Master of Computer Applications for the Academic Year 2025-26,,,,,,,,,,,,,,,,,,,,,
,"5386 - Dr. B.V. Hiray College of Management & Research Centre, Malegaon.",,,,,,,,,,,,,,,,,,,,
,Un-Aided, ,CAP Seats: 2,,,,,,,,,,,,,,,,,,
Choice Code, ,Course Name, ,SI, ,MS Seats, ,All India, ,Minority Seats, ,Institute Seats,,,,,,,,,
0538624110, ,60, ,2, ,0, ,0, ,12,,,,,,,,,,,
Master in Computer Application, ,,,,,,,,,,,,,,,,,,,,
Category, ,OPEN, ,SC, ,ST, ,VJDT, ,NTB, ,NTC, ,NTD, ,OBC, ,SEBC, ,Total,
HU, ,0, ,0, ,0, ,0, ,0, ,0, ,0, ,0, ,1, ,1,
,OHU, ,1, ,0, ,0, ,0, ,0, ,0, ,0, ,0, ,0, ,1
,PWD, ,0, ,0, ,0, ,0, ,0, ,0, ,0, ,0, ,0, ,0
,PWD Common Reserved Seats :0,,,,,,,,,,,,,,,,,,,,
Economically Weaker Section (EWS) Seats :5, ,TFWS Choice Code : 0538624111T, ,Seats: 0,,,,,,,,,,,,,,,,,
,"F:Only For Female, HU:Home University, OHU:Other than Home University, PWD:Persons with Disabilities,Common Reserved:Combined Common for All Reserved Categories",,,,,,,,,,,,,,,,,,,,
,"STATE CET CELL , Mumbai", ,Page 101 of 191,,,,,,,,,,,,,,,,,,
Vacant seats after last date of reporting for Admission to First Year of PostGraduate Degree Courses in Master of Computer Applications for the Academic Year 2025-26,,,,,,,,,,,,,,,,,,,,,
,"5509 - Shri Swami Samarth Institute of Management and Technology, Malwadi-Bota",,,,,,,,,,,,,,,,,,,,
,Un-Aided, ,CAP Seats: 14,,,,,,,,,,,,,,,,,,
Choice Code, ,Course Name, ,SI, ,MS Seats, ,All India, ,Minority Seats, ,Institute Seats,,,,,,,,,
0550924110, ,180, ,13, ,1, ,0, ,0,,,,,,,,,,,
Master in Computer Application, ,,,,,,,,,,,,,,,,,,,,
Category, ,OPEN, ,SC, ,ST, ,VJDT, ,NTB, ,NTC, ,NTD, ,OBC, ,SEBC, ,Total,
HU, ,1, ,3, ,2, ,0, ,2, ,1, ,0, ,0, ,1, ,10,
,OHU, ,2, ,0, ,0, ,0, ,0, ,0, ,0, ,0, ,0, ,2
,PWD, ,0, ,1, ,0, ,0, ,0, ,0, ,0, ,0, ,0, ,1
,PWD Common Reserved Seats :0,,,,,,,,,,,,,,,,,,,,
Economically Weaker Section (EWS) Seats :17, ,TFWS Choice Code : 0550924111T, ,Seats: 0,,,,,,,,,,,,,,,,,
,"F:Only For Female, HU:Home University, OHU:Other than Home University, PWD:Persons with Disabilities,Common Reserved:Combined Common for All Reserved Categories",,,,,,,,,,,,,,,,,,,,
,"STATE CET CELL , Mumbai", ,Page 102 of 191,,,,,,,,,,,,,,,,,,
Vacant seats after last date of reporting for Admission to First Year of PostGraduate Degree Courses in Master of Computer Applications for the Academic Year 2025-26,,,,,,,,,,,,,,,,,,,,,
,5597 - VAMANRAO ITHAPE COLLEGE OF ENGINEERING AND MANAGEMENT,,,,,,,,,,,,,,,,,,,,
,Un-Aided, ,CAP Seats: 15,,,,,,,,,,,,,,,,,,
Choice Code, ,Course Name, ,SI, ,MS Seats, ,All India, ,Minority Seats, ,Institute Seats,,,,,,,,,
0559724110, ,120, ,14, ,1, ,0, ,0,,,,,,,,,,,
Master in Computer Application, ,,,,,,,,,,,,,,,,,,,,
Category, ,OPEN, ,SC, ,ST, ,VJDT, ,NTB, ,NTC, ,NTD, ,OBC, ,SEBC, ,Total,
HU, ,0, ,1, ,1, ,0, ,0, ,1, ,0, ,2, ,0, ,5,
,OHU, ,3, ,1, ,0, ,0, ,0, ,0, ,0, ,2, ,2, ,8
,PWD, ,1, ,0, ,0, ,0, ,0, ,0, ,0, ,0, ,0, ,1
,PWD Common Reserved Seats :0,,,,,,,,,,,,,,,,,,,,
Economically Weaker Section (EWS) Seats :11, ,TFWS Choice Code : 0559724111T, ,Seats: 0,,,,,,,,,,,,,,,,,
,"F:Only For Female, HU:Home University, OHU:Other than Home University, PWD:Persons with Disabilities,Common Reserved:Combined Common for All Reserved Categories",,,,,,,,,,,,,,,,,,,,
,"STATE CET CELL , Mumbai", ,Page 103 of 191,,,,,,,,,,,,,,,,,,
Vacant seats after last date of reporting for Admission to First Year of PostGraduate Degree Courses in Master of Computer Applications for the Academic Year 2025-26,,,,,,,,,,,,,,,,,,,,,
,5619 - COMMERCE MANAGEMENT AND COMPUTER SCIENCE COLLEGE,,,,,,,,,,,,,,,,,,,,
,Un-Aided, ,CAP Seats: 14,,,,,,,,,,,,,,,,,,
Choice Code, ,Course Name, ,SI, ,MS Seats, ,All India, ,Minority Seats, ,Institute Seats,,,,,,,,,
0561924110, ,60, ,11, ,3, ,0, ,12,,,,,,,,,,,
Master in Computer Application, ,,,,,,,,,,,,,,,,,,,,
Category, ,OPEN, ,SC, ,ST, ,VJDT, ,NTB, ,NTC, ,NTD, ,OBC, ,SEBC, ,Total,
HU, ,2, ,1, ,0, ,1, ,0, ,0, ,0, ,1, ,1, ,6,
,OHU, ,2, ,2, ,0, ,0, ,0, ,0, ,0, ,0, ,1, ,5
,PWD, ,0, ,0, ,0, ,0, ,0, ,0, ,0, ,0, ,0, ,0
,PWD Common Reserved Seats :0,,,,,,,,,,,,,,,,,,,,
Economically Weaker Section (EWS) Seats :6, ,TFWS Choice Code : 0561924111T, ,Seats: 1,,,,,,,,,,,,,,,,,
,"F:Only For Female, HU:Home University, OHU:Other than Home University, PWD:Persons with Disabilities,Common Reserved:Combined Common for All Reserved Categories",,,,,,,,,,,,,,,,,,,,
,"STATE CET CELL , Mumbai", ,Page 104 of 191,,,,,,,,,,,,,,,,,,
Vacant seats after last date of reporting for Admission to First Year of PostGraduate Degree Courses in Master of Computer Applications for the Academic Year 2025-26,,,,,,,,,,,,,,,,,,,,,
,5665 - Vidya Niketan Institute of Management And Computer Applications,,,,,,,,,,,,,,,,,,,,
,Un-Aided, ,CAP Seats: 12,,,,,,,,,,,,,,,,,,
Choice Code, ,Course Name, ,SI, ,MS Seats, ,All India, ,Minority Seats, ,Institute Seats,,,,,,,,,
0566524210, ,60, ,12, ,0, ,0, ,0,,,,,,,,,,,
Master of Computer Applications, ,,,,,,,,,,,,,,,,,,,,
Category, ,OPEN, ,SC, ,ST, ,VJDT, ,NTB, ,NTC, ,NTD, ,OBC, ,SEBC, ,Total,
HU, ,0, ,1, ,0, ,0, ,1, ,0, ,0, ,1, ,1, ,4,
,OHU, ,3, ,0, ,1, ,0, ,0, ,0, ,0, ,3, ,1, ,8
,PWD, ,0, ,0, ,0, ,0, ,0, ,0, ,0, ,0, ,0, ,0
,PWD Common Reserved Seats :0,,,,,,,,,,,,,,,,,,,,
Economically Weaker Section (EWS) Seats :5, ,TFWS Choice Code : 0566524211T, ,Seats: 0,,,,,,,,,,,,,,,,,
,"F:Only For Female, HU:Home University, OHU:Other than Home University, PWD:Persons with Disabilities,Common Reserved:Combined Common for All Reserved Categories",,,,,,,,,,,,,,,,,,,,
,"STATE CET CELL , Mumbai", ,Page 105 of 191,,,,,,,,,,,,,,,,,,
Vacant seats after last date of reporting for Admission to First Year of PostGraduate Degree Courses in Master of Computer Applications for the Academic Year 2025-26,,,,,,,,,,,,,,,,,,,,,
,"6033 - Department of Computer Science, Savitribai Phule Pune University, Pune",,,,,,,,,,,,,,,,,,,,
,University Department, ,CAP Seats: 7,,,,,,,,,,,,,,,,,,
Choice Code, ,Course Name, ,SI, ,MS Seats, ,All India, ,Minority Seats, ,Institute Seats,,,,,,,,,
0603324110, ,40, ,5, ,2, ,0, ,0,,,,,,,,,,,
Master in Computer Application, ,,,,,,,,,,,,,,,,,,,,
Category, ,OPEN, ,SC, ,ST, ,VJDT, ,NTB, ,NTC, ,NTD, ,OBC, ,SEBC, ,Total,
HU, ,1, ,2, ,1, ,0, ,0, ,0, ,0, ,0, ,0, ,4,
,OHU, ,0, ,0, ,0, ,0, ,0, ,0, ,0, ,0, ,1, ,1
,PWD, ,0, ,0, ,0, ,0, ,0, ,0, ,0, ,0, ,0, ,0
,PWD Common Reserved Seats :0,,,,,,,,,,,,,,,,,,,,
Economically Weaker Section (EWS) Seats :1, ,TFWS Choice Code : 0603324111T, ,Seats: 0,,,,,,,,,,,,,,,,,
,"F:Only For Female, HU:Home University, OHU:Other than Home University, PWD:Persons with Disabilities,Common Reserved:Combined Common for All Reserved Categories",,,,,,,,,,,,,,,,,,,,
,"STATE CET CELL , Mumbai", ,Page 106 of 191,,,,,,,,,,,,,,,,,,
Vacant seats after last date of reporting for Admission to First Year of PostGraduate Degree Courses in Master of Computer Applications for the Academic Year 2025-26,,,,,,,,,,,,,,,,,,,,,
,"6120 - Shri. Khanderai Pratishthans Dnyansagar Institute of Management and Research, Balewadi, Pune",,,,,,,,,,,,,,,,,,,,
,Un-Aided, ,CAP Seats: 28,,,,,,,,,,,,,,,,,,
Choice Code, ,Course Name, ,SI, ,MS Seats, ,All India, ,Minority Seats, ,Institute Seats,,,,,,,,,
0612024110, ,120, ,23, ,5, ,0, ,0,,,,,,,,,,,
Master in Computer Application, ,,,,,,,,,,,,,,,,,,,,
Category, ,OPEN, ,SC, ,ST, ,VJDT, ,NTB, ,NTC, ,NTD, ,OBC, ,SEBC, ,Total,
HU, ,6, ,2, ,2, ,0, ,0, ,0, ,0, ,5, ,0, ,15,
,OHU, ,2, ,0, ,1, ,0, ,1, ,0, ,0, ,1, ,2, ,7
,PWD, ,1, ,0, ,0, ,0, ,0, ,0, ,0, ,0, ,0, ,1
,PWD Common Reserved Seats :0,,,,,,,,,,,,,,,,,,,,
Economically Weaker Section (EWS) Seats :9, ,TFWS Choice Code : 0612024111T, ,Seats: 0,,,,,,,,,,,,,,,,,
,"F:Only For Female, HU:Home University, OHU:Other than Home University, PWD:Persons with Disabilities,Common Reserved:Combined Common for All Reserved Categories",,,,,,,,,,,,,,,,,,,,
,"STATE CET CELL , Mumbai", ,Page 107 of 191,,,,,,,,,,,,,,,,,,
Vacant seats after last date of reporting for Admission to First Year of PostGraduate Degree Courses in Master of Computer Applications for the Academic Year 2025-26,,,,,,,,,,,,,,,,,,,,,
,"6129 - Jayawant Shikshan Prasarak Mandal's Jayawant Institute of Management Studies, Tathawade Pune-411033",,,,,,,,,,,,,,,,,,,,
,Un-Aided, ,CAP Seats: 4,,,,,,,,,,,,,,,,,,
Choice Code, ,Course Name, ,SI, ,MS Seats, ,All India, ,Minority Seats, ,Institute Seats,,,,,,,,,
0612924110, ,60, ,3, ,1, ,0, ,12,,,,,,,,,,,
Master in Computer Application, ,,,,,,,,,,,,,,,,,,,,
Category, ,OPEN, ,SC, ,ST, ,VJDT, ,NTB, ,NTC, ,NTD, ,OBC, ,SEBC, ,Total,
HU, ,1, ,0, ,0, ,0, ,0, ,0, ,0, ,0, ,1, ,2,
,OHU, ,0, ,0, ,0, ,0, ,0, ,0, ,0, ,1, ,0, ,1
,PWD, ,0, ,0, ,0, ,0, ,0, ,0, ,0, ,0, ,0, ,0
,PWD Common Reserved Seats :0,,,,,,,,,,,,,,,,,,,,
Economically Weaker Section (EWS) Seats :0, ,TFWS Choice Code : 0612924111T, ,Seats: 0,,,,,,,,,,,,,,,,,
,"F:Only For Female, HU:Home University, OHU:Other than Home University, PWD:Persons with Disabilities,Common Reserved:Combined Common for All Reserved Categories",,,,,,,,,,,,,,,,,,,,
,"STATE CET CELL , Mumbai", ,Page 108 of 191,,,,,,,,,,,,,,,,,,
Vacant seats after last date of reporting for Admission to First Year of PostGraduate Degree Courses in Master of Computer Applications for the Academic Year 2025-26,,,,,,,,,,,,,,,,,,,,,
,"6137 - Vidya Pratishthan Institute of Information Technology, Baramati, Pune",,,,,,,,,,,,,,,,,,,,
,Un-Aided, ,CAP Seats: 6,,,,,,,,,,,,,,,,,,
Choice Code, ,Course Name, ,SI, ,MS Seats, ,All India, ,Minority Seats, ,Institute Seats,,,,,,,,,
0613724110, ,60, ,5, ,1, ,0, ,6,,,,,,,,,,,
Master in Computer Application, ,,,,,,,,,,,,,,,,,,,,
Category, ,OPEN, ,SC, ,ST, ,VJDT, ,NTB, ,NTC, ,NTD, ,OBC, ,SEBC, ,Total,
HU, ,0, ,0, ,0, ,0, ,0, ,0, ,0, ,0, ,2, ,2,
,OHU, ,2, ,0, ,0, ,0, ,0, ,0, ,0, ,0, ,1, ,3
,PWD, ,0, ,0, ,0, ,0, ,0, ,0, ,0, ,0, ,0, ,0
,PWD Common Reserved Seats :0,,,,,,,,,,,,,,,,,,,,
Economically Weaker Section (EWS) Seats :0, ,TFWS Choice Code : 0613724111T, ,Seats: 0,,,,,,,,,,,,,,,,,
,"F:Only For Female, HU:Home University, OHU:Other than Home University, PWD:Persons with Disabilities,Common Reserved:Combined Common for All Reserved Categories",,,,,,,,,,,,,,,,,,,,
,"STATE CET CELL , Mumbai", ,Page 109 of 191,,,,,,,,,,,,,,,,,,
Vacant seats after last date of reporting for Admission to First Year of PostGraduate Degree Courses in Master of Computer Applications for the Academic Year 2025-26,,,,,,,,,,,,,,,,,,,,,
,"6138 - Genba Sopanrao Moze Trust Parvatibai Genba Moze College of Engineering,Wagholi, Pune",,,,,,,,,,,,,,,,,,,,
,Un-Aided, ,CAP Seats: 4,,,,,,,,,,,,,,,,,,
Choice Code, ,Course Name, ,SI, ,MS Seats, ,All India, ,Minority Seats, ,Institute Seats,,,,,,,,,
0613824110, ,60, ,4, ,0, ,0, ,12,,,,,,,,,,,
Master in Computer Application, ,,,,,,,,,,,,,,,,,,,,
Category, ,OPEN, ,SC, ,ST, ,VJDT, ,NTB, ,NTC, ,NTD, ,OBC, ,SEBC, ,Total,
HU, ,0, ,0, ,1, ,0, ,0, ,0, ,0, ,2, ,0, ,3,
,OHU, ,0, ,0, ,1, ,0, ,0, ,0, ,0, ,0, ,0, ,1
,PWD, ,0, ,0, ,0, ,0, ,0, ,0, ,0, ,0, ,0, ,0
,PWD Common Reserved Seats :0,,,,,,,,,,,,,,,,,,,,
Economically Weaker Section (EWS) Seats :6, ,TFWS Choice Code : 0613824111T, ,Seats: 0,,,,,,,,,,,,,,,,,
,"F:Only For Female, HU:Home University, OHU:Other than Home University, PWD:Persons with Disabilities,Common Reserved:Combined Common for All Reserved Categories",,,,,,,,,,,,,,,,,,,,
,"STATE CET CELL , Mumbai", ,Page 110 of 191,,,,,,,,,,,,,,,,,,
Vacant seats after last date of reporting for Admission to First Year of PostGraduate Degree Courses in Master of Computer Applications for the Academic Year 2025-26,,,,,,,,,,,,,,,,,,,,,
,"6139 - Progressive Education Society's Modern College of Engineering, Pune",,,,,,,,,,,,,,,,,,,,
,Un-Aided-Autonomous, ,CAP Seats: 7,,,,,,,,,,,,,,,,,,
Choice Code, ,Course Name, ,SI, ,MS Seats, ,All India, ,Minority Seats, ,Institute Seats,,,,,,,,,
0613924110, ,120, ,4, ,3, ,0, ,12,,,,,,,,,,,
Master in Computer Application, ,,,,,,,,,,,,,,,,,,,,
Category, ,OPEN, ,SC, ,ST, ,VJDT, ,NTB, ,NTC, ,NTD, ,OBC, ,SEBC, ,Total,
HU, ,0, ,0, ,0, ,0, ,0, ,0, ,1, ,0, ,0, ,1,
,OHU, ,1, ,1, ,0, ,0, ,0, ,0, ,0, ,1, ,0, ,3
,PWD, ,0, ,0, ,0, ,0, ,0, ,0, ,0, ,0, ,0, ,0
,PWD Common Reserved Seats :0,,,,,,,,,,,,,,,,,,,,
Economically Weaker Section (EWS) Seats :1, ,TFWS Choice Code : 0613924111T, ,Seats: 0,,,,,,,,,,,,,,,,,
,"F:Only For Female, HU:Home University, OHU:Other than Home University, PWD:Persons with Disabilities,Common Reserved:Combined Common for All Reserved Categories",,,,,,,,,,,,,,,,,,,,
,"STATE CET CELL , Mumbai", ,Page 111 of 191,,,,,,,,,,,,,,,,,,
Vacant seats after last date of reporting for Admission to First Year of PostGraduate Degree Courses in Master of Computer Applications for the Academic Year 2025-26,,,,,,,,,,,,,,,,,,,,,
,"6140 - Dnyan Kala Krida & Krishi Prathishtan's Maharashtra Institute of Management, Kalamb, Pune",,,,,,,,,,,,,,,,,,,,
,Un-Aided, ,CAP Seats: 24,,,,,,,,,,,,,,,,,,
Choice Code, ,Course Name, ,SI, ,MS Seats, ,All India, ,Minority Seats, ,Institute Seats,,,,,,,,,
0614024110, ,60, ,20, ,4, ,0, ,0,,,,,,,,,,,
Master in Computer Application, ,,,,,,,,,,,,,,,,,,,,
Category, ,OPEN, ,SC, ,ST, ,VJDT, ,NTB, ,NTC, ,NTD, ,OBC, ,SEBC, ,Total,
HU, ,2, ,2, ,0, ,1, ,0, ,0, ,0, ,7, ,0, ,12,
,OHU, ,3, ,1, ,0, ,0, ,1, ,0, ,1, ,1, ,0, ,7
,PWD, ,1, ,0, ,0, ,0, ,0, ,0, ,0, ,0, ,0, ,1
,PWD Common Reserved Seats :0,,,,,,,,,,,,,,,,,,,,
Economically Weaker Section (EWS) Seats :6, ,TFWS Choice Code : 0614024111T, ,Seats: 0,,,,,,,,,,,,,,,,,
,"F:Only For Female, HU:Home University, OHU:Other than Home University, PWD:Persons with Disabilities,Common Reserved:Combined Common for All Reserved Categories",,,,,,,,,,,,,,,,,,,,
,"STATE CET CELL , Mumbai", ,Page 112 of 191,,,,,,,,,,,,,,,,,,
Vacant seats after last date of reporting for Admission to First Year of PostGraduate Degree Courses in Master of Computer Applications for the Academic Year 2025-26,,,,,,,,,,,,,,,,,,,,,
,"6141 - Jaywant Shikshan Prasarak Mandal's,Rajarshi Shahu College of Engineering, Tathawade, Pune",,,,,,,,,,,,,,,,,,,,
,Un-Aided-Autonomous, ,CAP Seats: 3,,,,,,,,,,,,,,,,,,
Choice Code, ,Course Name, ,SI, ,MS Seats, ,All India, ,Minority Seats, ,Institute Seats,,,,,,,,,
0614124110, ,60, ,3, ,0, ,0, ,12,,,,,,,,,,,
Master in Computer Application, ,,,,,,,,,,,,,,,,,,,,
Category, ,OPEN, ,SC, ,ST, ,VJDT, ,NTB, ,NTC, ,NTD, ,OBC, ,SEBC, ,Total,
HU, ,1, ,1, ,0, ,0, ,0, ,0, ,0, ,0, ,0, ,2,
,OHU, ,1, ,0, ,0, ,0, ,0, ,0, ,0, ,0, ,0, ,1
,PWD, ,0, ,0, ,0, ,0, ,0, ,0, ,0, ,0, ,0, ,0
,PWD Common Reserved Seats :0,,,,,,,,,,,,,,,,,,,,
Economically Weaker Section (EWS) Seats :0, ,TFWS Choice Code : 0614124111T, ,Seats: 1,,,,,,,,,,,,,,,,,
,"F:Only For Female, HU:Home University, OHU:Other than Home University, PWD:Persons with Disabilities,Common Reserved:Combined Common for All Reserved Categories",,,,,,,,,,,,,,,,,,,,
,"STATE CET CELL , Mumbai", ,Page 113 of 191,,,,,,,,,,,,,,,,,,
Vacant seats after last date of reporting for Admission to First Year of PostGraduate Degree Courses in Master of Computer Applications for the Academic Year 2025-26,,,,,,,,,,,,,,,,,,,,,
,"6144 - Genba Sopanrao Moze College of Engineering, Baner-Balewadi, Pune",,,,,,,,,,,,,,,,,,,,
,Un-Aided, ,CAP Seats: 5,,,,,,,,,,,,,,,,,,
Choice Code, ,Course Name, ,SI, ,MS Seats, ,All India, ,Minority Seats, ,Institute Seats,,,,,,,,,
0614424110, ,60, ,4, ,1, ,0, ,12,,,,,,,,,,,
Master in Computer Application, ,,,,,,,,,,,,,,,,,,,,
Category, ,OPEN, ,SC, ,ST, ,VJDT, ,NTB, ,NTC, ,NTD, ,OBC, ,SEBC, ,Total,
HU, ,1, ,0, ,0, ,0, ,0, ,0, ,1, ,1, ,0, ,3,
,OHU, ,0, ,0, ,0, ,0, ,0, ,0, ,0, ,0, ,1, ,1
,PWD, ,0, ,0, ,0, ,0, ,0, ,0, ,0, ,0, ,0, ,0
,PWD Common Reserved Seats :0,,,,,,,,,,,,,,,,,,,,
Economically Weaker Section (EWS) Seats :1, ,TFWS Choice Code : 0614424111T, ,Seats: 0,,,,,,,,,,,,,,,,,
,"F:Only For Female, HU:Home University, OHU:Other than Home University, PWD:Persons with Disabilities,Common Reserved:Combined Common for All Reserved Categories",,,,,,,,,,,,,,,,,,,,
,"STATE CET CELL , Mumbai", ,Page 114 of 191,,,,,,,,,,,,,,,,,,
Vacant seats after last date of reporting for Admission to First Year of PostGraduate Degree Courses in Master of Computer Applications for the Academic Year 2025-26,,,,,,,,,,,,,,,,,,,,,
,"6145 - JSPM'S Jaywantrao Sawant College of Engineering,Pune",,,,,,,,,,,,,,,,,,,,
,Un-Aided, ,CAP Seats: 8,,,,,,,,,,,,,,,,,,
Choice Code, ,Course Name, ,SI, ,MS Seats, ,All India, ,Minority Seats, ,Institute Seats,,,,,,,,,
0614524110, ,60, ,5, ,3, ,0, ,12,,,,,,,,,,,
Master in Computer Application, ,,,,,,,,,,,,,,,,,,,,
Category, ,OPEN, ,SC, ,ST, ,VJDT, ,NTB, ,NTC, ,NTD, ,OBC, ,SEBC, ,Total,
HU, ,1, ,0, ,0, ,0, ,0, ,0, ,0, ,0, ,0, ,1,
,OHU, ,1, ,0, ,1, ,0, ,0, ,0, ,0, ,1, ,0, ,3
,PWD, ,1, ,0, ,0, ,0, ,0, ,0, ,0, ,0, ,0, ,1
,PWD Common Reserved Seats :0,,,,,,,,,,,,,,,,,,,,
Economically Weaker Section (EWS) Seats :0, ,TFWS Choice Code : 0614524111T, ,Seats: 0,,,,,,,,,,,,,,,,,
,"F:Only For Female, HU:Home University, OHU:Other than Home University, PWD:Persons with Disabilities,Common Reserved:Combined Common for All Reserved Categories",,,,,,,,,,,,,,,,,,,,
,"STATE CET CELL , Mumbai", ,Page 115 of 191,,,,,,,,,,,,,,,,,,
Vacant seats after last date of reporting for Admission to First Year of PostGraduate Degree Courses in Master of Computer Applications for the Academic Year 2025-26,,,,,,,,,,,,,,,,,,,,,
,"6152 - Zeal Education Society's Zeal Institute of Business Administration, Computer Application and Research, Pune",,,,,,,,,,,,,,,,,,,,
,Un-Aided, ,CAP Seats: 33,,,,,,,,,,,,,,,,,,
Choice Code, ,Course Name, ,SI, ,MS Seats, ,All India, ,Minority Seats, ,Institute Seats,,,,,,,,,
0615224110, ,240, ,30, ,3, ,0, ,5,,,,,,,,,,,
Master in Computer Application, ,,,,,,,,,,,,,,,,,,,,
Category, ,OPEN, ,SC, ,ST, ,VJDT, ,NTB, ,NTC, ,NTD, ,OBC, ,SEBC, ,Total,
HU, ,11, ,3, ,1, ,0, ,1, ,0, ,1, ,5, ,1, ,23,
,OHU, ,3, ,0, ,0, ,0, ,1, ,0, ,0, ,2, ,0, ,6
,PWD, ,1, ,0, ,0, ,0, ,0, ,0, ,0, ,0, ,0, ,1
,PWD Common Reserved Seats :0,,,,,,,,,,,,,,,,,,,,
Economically Weaker Section (EWS) Seats :8, ,TFWS Choice Code : 0615224111T, ,Seats: 0,,,,,,,,,,,,,,,,,
,"F:Only For Female, HU:Home University, OHU:Other than Home University, PWD:Persons with Disabilities,Common Reserved:Combined Common for All Reserved Categories",,,,,,,,,,,,,,,,,,,,
,"STATE CET CELL , Mumbai", ,Page 116 of 191,,,,,,,,,,,,,,,,,,
Vacant seats after last date of reporting for Admission to First Year of PostGraduate Degree Courses in Master of Computer Applications for the Academic Year 2025-26,,,,,,,,,,,,,,,,,,,,,
,"6154 - Institute of Industrial & Computer Management & Research, Nigdi, Pune",,,,,,,,,,,,,,,,,,,,
,Un-Aided-Linguistic Minority - Konkani, ,CAP Seats: 12,,,,,,,,,,,,,,,,,,
Choice Code, ,Course Name, ,SI, ,MS Seats, ,All India, ,Minority Seats, ,Institute Seats,,,,,,,,,
0615424110, ,120, ,5, ,0, ,7, ,24,,,,,,,,,,,
Master in Computer Application, ,,,,,,,,,,,,,,,,,,,,
Category, ,OPEN, ,SC, ,ST, ,VJDT, ,NTB, ,NTC, ,NTD, ,OBC, ,SEBC, ,Total,
HU, ,3, ,0, ,0, ,0, ,0, ,0, ,0, ,0, ,0, ,3,
,OHU, ,2, ,0, ,0, ,0, ,0, ,0, ,0, ,0, ,0, ,2
,PWD, ,0, ,0, ,0, ,0, ,0, ,0, ,0, ,0, ,0, ,0
,PWD Common Reserved Seats :0,,,,,,,,,,,,,,,,,,,,
Economically Weaker Section (EWS) Seats :0, ,TFWS Choice Code : 0615424111T, ,Seats: 0,,,,,,,,,,,,,,,,,
,"F:Only For Female, HU:Home University, OHU:Other than Home University, PWD:Persons with Disabilities,Common Reserved:Combined Common for All Reserved Categories",,,,,,,,,,,,,,,,,,,,
,"STATE CET CELL , Mumbai", ,Page 117 of 191,,,,,,,,,,,,,,,,,,
Vacant seats after last date of reporting for Admission to First Year of PostGraduate Degree Courses in Master of Computer Applications for the Academic Year 2025-26,,,,,,,,,,,,,,,,,,,,,
,"6155 - G.H.Raisoni College of Engineering & Management, Wagholi, Pune",,,,,,,,,,,,,,,,,,,,
,Un-Aided-Autonomous-Linguistic Minority - Hindi, ,CAP Seats: 15,,,,,,,,,,,,,,,,,,
Choice Code, ,Course Name, ,SI, ,MS Seats, ,All India, ,Minority Seats, ,Institute Seats,,,,,,,,,
0615524110, ,120, ,2, ,3, ,10, ,24,,,,,,,,,,,
Master in Computer Application, ,,,,,,,,,,,,,,,,,,,,
Category, ,OPEN, ,SC, ,ST, ,VJDT, ,NTB, ,NTC, ,NTD, ,OBC, ,SEBC, ,Total,
HU, ,2, ,0, ,0, ,0, ,0, ,0, ,0, ,0, ,0, ,2,
,OHU, ,0, ,0, ,0, ,0, ,0, ,0, ,0, ,0, ,0, ,0
,PWD, ,0, ,0, ,0, ,0, ,0, ,0, ,0, ,0, ,0, ,0
,PWD Common Reserved Seats :0,,,,,,,,,,,,,,,,,,,,
Economically Weaker Section (EWS) Seats :0, ,TFWS Choice Code : 0615524111T, ,Seats: 0,,,,,,,,,,,,,,,,,
,"F:Only For Female, HU:Home University, OHU:Other than Home University, PWD:Persons with Disabilities,Common Reserved:Combined Common for All Reserved Categories",,,,,,,,,,,,,,,,,,,,
,"STATE CET CELL , Mumbai", ,Page 118 of 191,,,,,,,,,,,,,,,,,,
Vacant seats after last date of reporting for Admission to First Year of PostGraduate Degree Courses in Master of Computer Applications for the Academic Year 2025-26,,,,,,,,,,,,,,,,,,,,,
,"6158 - Rajmata Jijau Shikshan Prasarak Mandal's Institute of Computer and Management Research, Dudulgaon, Pune",,,,,,,,,,,,,,,,,,,,
,Un-Aided, ,CAP Seats: 10,,,,,,,,,,,,,,,,,,
Choice Code, ,Course Name, ,SI, ,MS Seats, ,All India, ,Minority Seats, ,Institute Seats,,,,,,,,,
0615824110, ,60, ,9, ,1, ,0, ,0,,,,,,,,,,,
Master in Computer Application, ,,,,,,,,,,,,,,,,,,,,
Category, ,OPEN, ,SC, ,ST, ,VJDT, ,NTB, ,NTC, ,NTD, ,OBC, ,SEBC, ,Total,
HU, ,1, ,2, ,0, ,0, ,1, ,0, ,0, ,1, ,1, ,6,
,OHU, ,1, ,2, ,0, ,0, ,0, ,0, ,0, ,0, ,0, ,3
,PWD, ,0, ,0, ,0, ,0, ,0, ,0, ,0, ,0, ,0, ,0
,PWD Common Reserved Seats :0,,,,,,,,,,,,,,,,,,,,
Economically Weaker Section (EWS) Seats :4, ,TFWS Choice Code : 0615824111T, ,Seats: 0,,,,,,,,,,,,,,,,,
,"F:Only For Female, HU:Home University, OHU:Other than Home University, PWD:Persons with Disabilities,Common Reserved:Combined Common for All Reserved Categories",,,,,,,,,,,,,,,,,,,,
,"STATE CET CELL , Mumbai", ,Page 119 of 191,,,,,,,,,,,,,,,,,,
Vacant seats after last date of reporting for Admission to First Year of PostGraduate Degree Courses in Master of Computer Applications for the Academic Year 2025-26,,,,,,,,,,,,,,,,,,,,,
,"6164 - Psd Shastri Educational Foundation's Asma Institute Of Management, Pune",,,,,,,,,,,,,,,,,,,,
,Un-Aided-Linguistic Minority - Hindi, ,CAP Seats: 9,,,,,,,,,,,,,,,,,,
Choice Code, ,Course Name, ,SI, ,MS Seats, ,All India, ,Minority Seats, ,Institute Seats,,,,,,,,,
0616424110, ,60, ,1, ,2, ,6, ,12,,,,,,,,,,,
Master in Computer Application, ,,,,,,,,,,,,,,,,,,,,
Category, ,OPEN, ,SC, ,ST, ,VJDT, ,NTB, ,NTC, ,NTD, ,OBC, ,SEBC, ,Total,
HU, ,1, ,0, ,0, ,0, ,0, ,0, ,0, ,0, ,0, ,1,
,OHU, ,0, ,0, ,0, ,0, ,0, ,0, ,0, ,0, ,0, ,0
,PWD, ,0, ,0, ,0, ,0, ,0, ,0, ,0, ,0, ,0, ,0
,PWD Common Reserved Seats :0,,,,,,,,,,,,,,,,,,,,
Economically Weaker Section (EWS) Seats :0, ,TFWS Choice Code : 0616424111T, ,Seats: 0,,,,,,,,,,,,,,,,,
,"F:Only For Female, HU:Home University, OHU:Other than Home University, PWD:Persons with Disabilities,Common Reserved:Combined Common for All Reserved Categories",,,,,,,,,,,,,,,,,,,,
,"STATE CET CELL , Mumbai", ,Page 120 of 191,,,,,,,,,,,,,,,,,,
Vacant seats after last date of reporting for Admission to First Year of PostGraduate Degree Courses in Master of Computer Applications for the Academic Year 2025-26,,,,,,,,,,,,,,,,,,,,,
,6167 - Kamla Education Society's, ,"Pratibha Institute of Business Management, Chinchwad, Pune",,,,,,,,,,,,,,,,,,
,Un-Aided, ,CAP Seats: 5,,,,,,,,,,,,,,,,,,
Choice Code, ,Course Name, ,SI, ,MS Seats, ,All India, ,Minority Seats, ,Institute Seats,,,,,,,,,
0616724110, ,120, ,3, ,2, ,0, ,24,,,,,,,,,,,
Master in Computer Application, ,,,,,,,,,,,,,,,,,,,,
Category, ,OPEN, ,SC, ,ST, ,VJDT, ,NTB, ,NTC, ,NTD, ,OBC, ,SEBC, ,Total,
HU, ,0, ,0, ,1, ,1, ,1, ,0, ,0, ,0, ,0, ,3,
,OHU, ,0, ,0, ,0, ,0, ,0, ,0, ,0, ,0, ,0, ,0
,PWD, ,0, ,0, ,0, ,0, ,0, ,0, ,0, ,0, ,0, ,0
,PWD Common Reserved Seats :0,,,,,,,,,,,,,,,,,,,,
Economically Weaker Section (EWS) Seats :2, ,TFWS Choice Code : 0616724111T, ,Seats: 0,,,,,,,,,,,,,,,,,
,"F:Only For Female, HU:Home University, OHU:Other than Home University, PWD:Persons with Disabilities,Common Reserved:Combined Common for All Reserved Categories",,,,,,,,,,,,,,,,,,,,
,"STATE CET CELL , Mumbai", ,Page 121 of 191,,,,,,,,,,,,,,,,,,
Vacant seats after last date of reporting for Admission to First Year of PostGraduate Degree Courses in Master of Computer Applications for the Academic Year 2025-26,,,,,,,,,,,,,,,,,,,,,
,"6168 - Shikshan Maharshi Dr. D.Y. Patil Centre for Management & Research, Chikhali , Pune",,,,,,,,,,,,,,,,,,,,
,Un-Aided, ,CAP Seats: 7,,,,,,,,,,,,,,,,,,
Choice Code, ,Course Name, ,SI, ,MS Seats, ,All India, ,Minority Seats, ,Institute Seats,,,,,,,,,
0616824110, ,120, ,7, ,0, ,0, ,12,,,,,,,,,,,
Master in Computer Application, ,,,,,,,,,,,,,,,,,,,,
Category, ,OPEN, ,SC, ,ST, ,VJDT, ,NTB, ,NTC, ,NTD, ,OBC, ,SEBC, ,Total,
HU, ,0, ,0, ,0, ,0, ,1, ,0, ,1, ,1, ,0, ,3,
,OHU, ,2, ,0, ,0, ,0, ,1, ,0, ,0, ,1, ,0, ,4
,PWD, ,0, ,0, ,0, ,0, ,0, ,0, ,0, ,0, ,0, ,0
,PWD Common Reserved Seats :0,,,,,,,,,,,,,,,,,,,,
Economically Weaker Section (EWS) Seats :4, ,TFWS Choice Code : 0616824111T, ,Seats: 0,,,,,,,,,,,,,,,,,
,"F:Only For Female, HU:Home University, OHU:Other than Home University, PWD:Persons with Disabilities,Common Reserved:Combined Common for All Reserved Categories",,,,,,,,,,,,,,,,,,,,
,"STATE CET CELL , Mumbai", ,Page 122 of 191,,,,,,,,,,,,,,,,,,
Vacant seats after last date of reporting for Admission to First Year of PostGraduate Degree Courses in Master of Computer Applications for the Academic Year 2025-26,,,,,,,,,,,,,,,,,,,,,
,"6170 - Abhinav Education Society's Institute of Management and Research, Haveli, Pune",,,,,,,,,,,,,,,,,,,,
,Un-Aided, ,CAP Seats: 9,,,,,,,,,,,,,,,,,,
Choice Code, ,Course Name, ,SI, ,MS Seats, ,All India, ,Minority Seats, ,Institute Seats,,,,,,,,,
0617024110, ,60, ,8, ,1, ,0, ,0,,,,,,,,,,,
Master in Computer Application, ,,,,,,,,,,,,,,,,,,,,
Category, ,OPEN, ,SC, ,ST, ,VJDT, ,NTB, ,NTC, ,NTD, ,OBC, ,SEBC, ,Total,
HU, ,2, ,1, ,0, ,0, ,0, ,0, ,0, ,0, ,0, ,3,
,OHU, ,3, ,1, ,0, ,0, ,0, ,0, ,0, ,0, ,0, ,4
,PWD, ,1, ,0, ,0, ,0, ,0, ,0, ,0, ,0, ,0, ,1
,PWD Common Reserved Seats :0,,,,,,,,,,,,,,,,,,,,
Economically Weaker Section (EWS) Seats :1, ,TFWS Choice Code : 0617024111T, ,Seats: 0,,,,,,,,,,,,,,,,,
,"F:Only For Female, HU:Home University, OHU:Other than Home University, PWD:Persons with Disabilities,Common Reserved:Combined Common for All Reserved Categories",,,,,,,,,,,,,,,,,,,,
,"STATE CET CELL , Mumbai", ,Page 123 of 191,,,,,,,,,,,,,,,,,,
Vacant seats after last date of reporting for Admission to First Year of PostGraduate Degree Courses in Master of Computer Applications for the Academic Year 2025-26,,,,,,,,,,,,,,,,,,,,,
,"6175 - Pimpri Chinchwad Education Trust, Pimpri Chinchwad College of Engineering, Pune",,,,,,,,,,,,,,,,,,,,
,Un-Aided-Autonomous, ,CAP Seats: 1,,,,,,,,,,,,,,,,,,
Choice Code, ,Course Name, ,SI, ,MS Seats, ,All India, ,Minority Seats, ,Institute Seats,,,,,,,,,
0617524110, ,60, ,0, ,1, ,0, ,12,,,,,,,,,,,
Master in Computer Application, ,,,,,,,,,,,,,,,,,,,,
Category, ,OPEN, ,SC, ,ST, ,VJDT, ,NTB, ,NTC, ,NTD, ,OBC, ,SEBC, ,Total,
HU, ,0, ,0, ,0, ,0, ,0, ,0, ,0, ,0, ,0, ,0,
,OHU, ,0, ,0, ,0, ,0, ,0, ,0, ,0, ,0, ,0, ,0
,PWD, ,0, ,0, ,0, ,0, ,0, ,0, ,0, ,0, ,0, ,0
,PWD Common Reserved Seats :0,,,,,,,,,,,,,,,,,,,,
Economically Weaker Section (EWS) Seats :0, ,TFWS Choice Code : 0617524111T, ,Seats: 0,,,,,,,,,,,,,,,,,
,"F:Only For Female, HU:Home University, OHU:Other than Home University, PWD:Persons with Disabilities,Common Reserved:Combined Common for All Reserved Categories",,,,,,,,,,,,,,,,,,,,
,"STATE CET CELL , Mumbai", ,Page 124 of 191,,,,,,,,,,,,,,,,,,
Vacant seats after last date of reporting for Admission to First Year of PostGraduate Degree Courses in Master of Computer Applications for the Academic Year 2025-26,,,,,,,,,,,,,,,,,,,,,
,"6179 - Indira College of Engineering & Management, Pune",,,,,,,,,,,,,,,,,,,,
,Un-Aided-Autonomous, ,CAP Seats: 4,,,,,,,,,,,,,,,,,,
Choice Code, ,Course Name, ,SI, ,MS Seats, ,All India, ,Minority Seats, ,Institute Seats,,,,,,,,,
0617924110, ,60, ,1, ,3, ,0, ,12,,,,,,,,,,,
Master in Computer Application, ,,,,,,,,,,,,,,,,,,,,
Category, ,OPEN, ,SC, ,ST, ,VJDT, ,NTB, ,NTC, ,NTD, ,OBC, ,SEBC, ,Total,
HU, ,0, ,0, ,0, ,0, ,0, ,0, ,0, ,0, ,0, ,0,
,OHU, ,0, ,0, ,0, ,0, ,0, ,0, ,0, ,0, ,0, ,0
,PWD, ,1, ,0, ,0, ,0, ,0, ,0, ,0, ,0, ,0, ,1
,PWD Common Reserved Seats :0,,,,,,,,,,,,,,,,,,,,
Economically Weaker Section (EWS) Seats :1, ,TFWS Choice Code : 0617924111T, ,Seats: 0,,,,,,,,,,,,,,,,,
,"F:Only For Female, HU:Home University, OHU:Other than Home University, PWD:Persons with Disabilities,Common Reserved:Combined Common for All Reserved Categories",,,,,,,,,,,,,,,,,,,,
,"STATE CET CELL , Mumbai", ,Page 125 of 191,,,,,,,,,,,,,,,,,,
Vacant seats after last date of reporting for Admission to First Year of PostGraduate Degree Courses in Master of Computer Applications for the Academic Year 2025-26,,,,,,,,,,,,,,,,,,,,,
,"6201 - Dr. D. Y. Patil School Of MCA, Lohegaon,Pune",,,,,,,,,,,,,,,,,,,,
,Un-Aided, ,CAP Seats: 19,,,,,,,,,,,,,,,,,,
Choice Code, ,Course Name, ,SI, ,MS Seats, ,All India, ,Minority Seats, ,Institute Seats,,,,,,,,,
0620124110, ,180, ,16, ,3, ,0, ,27,,,,,,,,,,,
Master in Computer Application, ,,,,,,,,,,,,,,,,,,,,
Category, ,OPEN, ,SC, ,ST, ,VJDT, ,NTB, ,NTC, ,NTD, ,OBC, ,SEBC, ,Total,
HU, ,2, ,1, ,2, ,1, ,0, ,0, ,0, ,1, ,2, ,9,
,OHU, ,3, ,0, ,2, ,1, ,0, ,0, ,0, ,1, ,0, ,7
,PWD, ,0, ,0, ,0, ,0, ,0, ,0, ,0, ,0, ,0, ,0
,PWD Common Reserved Seats :0,,,,,,,,,,,,,,,,,,,,
Economically Weaker Section (EWS) Seats :0, ,TFWS Choice Code : 0620124111T, ,Seats: 0,,,,,,,,,,,,,,,,,
,"F:Only For Female, HU:Home University, OHU:Other than Home University, PWD:Persons with Disabilities,Common Reserved:Combined Common for All Reserved Categories",,,,,,,,,,,,,,,,,,,,
,"STATE CET CELL , Mumbai", ,Page 126 of 191,,,,,,,,,,,,,,,,,,
Vacant seats after last date of reporting for Admission to First Year of PostGraduate Degree Courses in Master of Computer Applications for the Academic Year 2025-26,,,,,,,,,,,,,,,,,,,,,
,6206 - Pune District Education, ,"Association's College of Engineering, Manjari(Bk), Hadapsar, Pune",,,,,,,,,,,,,,,,,,
,Un-Aided, ,CAP Seats: 9,,,,,,,,,,,,,,,,,,
Choice Code, ,Course Name, ,SI, ,MS Seats, ,All India, ,Minority Seats, ,Institute Seats,,,,,,,,,
0620624110, ,60, ,8, ,1, ,0, ,0,,,,,,,,,,,
Master in Computer Application, ,,,,,,,,,,,,,,,,,,,,
Category, ,OPEN, ,SC, ,ST, ,VJDT, ,NTB, ,NTC, ,NTD, ,OBC, ,SEBC, ,Total,
HU, ,2, ,0, ,1, ,1, ,0, ,0, ,0, ,1, ,0, ,5,
,OHU, ,2, ,0, ,1, ,0, ,0, ,0, ,0, ,0, ,0, ,3
,PWD, ,0, ,0, ,0, ,0, ,0, ,0, ,0, ,0, ,0, ,0
,PWD Common Reserved Seats :0,,,,,,,,,,,,,,,,,,,,
Economically Weaker Section (EWS) Seats :3, ,TFWS Choice Code : 0620624111T, ,Seats: 0,,,,,,,,,,,,,,,,,
,"F:Only For Female, HU:Home University, OHU:Other than Home University, PWD:Persons with Disabilities,Common Reserved:Combined Common for All Reserved Categories",,,,,,,,,,,,,,,,,,,,
,"STATE CET CELL , Mumbai", ,Page 127 of 191,,,,,,,,,,,,,,,,,,
Vacant seats after last date of reporting for Admission to First Year of PostGraduate Degree Courses in Master of Computer Applications for the Academic Year 2025-26,,,,,,,,,,,,,,,,,,,,,
,"6228 - Dr. D. Y. Patil Pratishthan's D.Y.Patil Institute of Master of Computer Applications and Management, Akurdi, Pune",,,,,,,,,,,,,,,,,,,,
,Un-Aided, ,CAP Seats: 9,,,,,,,,,,,,,,,,,,
Choice Code, ,Course Name, ,SI, ,MS Seats, ,All India, ,Minority Seats, ,Institute Seats,,,,,,,,,
0622824110, ,180, ,3, ,6, ,0, ,36,,,,,,,,,,,
Master in Computer Application, ,,,,,,,,,,,,,,,,,,,,
Category, ,OPEN, ,SC, ,ST, ,VJDT, ,NTB, ,NTC, ,NTD, ,OBC, ,SEBC, ,Total,
HU, ,0, ,1, ,0, ,1, ,0, ,0, ,0, ,0, ,0, ,2,
,OHU, ,0, ,0, ,0, ,0, ,0, ,0, ,0, ,0, ,0, ,0
,PWD, ,0, ,0, ,0, ,0, ,0, ,0, ,0, ,1, ,0, ,1
,PWD Common Reserved Seats :0,,,,,,,,,,,,,,,,,,,,
Economically Weaker Section (EWS) Seats :1, ,TFWS Choice Code : 0622824111T, ,Seats: 1,,,,,,,,,,,,,,,,,
,"F:Only For Female, HU:Home University, OHU:Other than Home University, PWD:Persons with Disabilities,Common Reserved:Combined Common for All Reserved Categories",,,,,,,,,,,,,,,,,,,,
,"STATE CET CELL , Mumbai", ,Page 128 of 191,,,,,,,,,,,,,,,,,,
Vacant seats after last date of reporting for Admission to First Year of PostGraduate Degree Courses in Master of Computer Applications for the Academic Year 2025-26,,,,,,,,,,,,,,,,,,,,,
,"6231 - Sinhgad Technical Education Society's Sinhgad Institute of Management ,Vadgaon(Budruk),Pune",,,,,,,,,,,,,,,,,,,,
,Un-Aided, ,CAP Seats: 22,,,,,,,,,,,,,,,,,,
Choice Code, ,Course Name, ,SI, ,MS Seats, ,All India, ,Minority Seats, ,Institute Seats,,,,,,,,,
0623124110, ,240, ,13, ,9, ,0, ,48,,,,,,,,,,,
Master in Computer Application, ,,,,,,,,,,,,,,,,,,,,
Category, ,OPEN, ,SC, ,ST, ,VJDT, ,NTB, ,NTC, ,NTD, ,OBC, ,SEBC, ,Total,
HU, ,4, ,2, ,0, ,0, ,0, ,0, ,0, ,1, ,0, ,7,
,OHU, ,2, ,0, ,2, ,0, ,0, ,0, ,0, ,1, ,0, ,5
,PWD, ,1, ,0, ,0, ,0, ,0, ,0, ,0, ,0, ,0, ,1
,PWD Common Reserved Seats :0,,,,,,,,,,,,,,,,,,,,
Economically Weaker Section (EWS) Seats :0, ,TFWS Choice Code : 0623124111T, ,Seats: 1,,,,,,,,,,,,,,,,,
,"F:Only For Female, HU:Home University, OHU:Other than Home University, PWD:Persons with Disabilities,Common Reserved:Combined Common for All Reserved Categories",,,,,,,,,,,,,,,,,,,,
,"STATE CET CELL , Mumbai", ,Page 129 of 191,,,,,,,,,,,,,,,,,,
Vacant seats after last date of reporting for Admission to First Year of PostGraduate Degree Courses in Master of Computer Applications for the Academic Year 2025-26,,,,,,,,,,,,,,,,,,,,,
,"6232 - Maharashtra Education Society's Institute of Management and Career Courses (IMCC), Pune",,,,,,,,,,,,,,,,,,,,
,Un-Aided-Autonomous, ,CAP Seats: 9,,,,,,,,,,,,,,,,,,
Choice Code, ,Course Name, ,SI, ,MS Seats, ,All India, ,Minority Seats, ,Institute Seats,,,,,,,,,
0623224110, ,180, ,3, ,6, ,0, ,36,,,,,,,,,,,
Master in Computer Application, ,,,,,,,,,,,,,,,,,,,,
Category, ,OPEN, ,SC, ,ST, ,VJDT, ,NTB, ,NTC, ,NTD, ,OBC, ,SEBC, ,Total,
HU, ,0, ,0, ,0, ,0, ,0, ,0, ,0, ,1, ,0, ,1,
,OHU, ,0, ,0, ,0, ,0, ,1, ,0, ,0, ,0, ,0, ,1
,PWD, ,1, ,0, ,0, ,0, ,0, ,0, ,0, ,0, ,0, ,1
,PWD Common Reserved Seats :0,,,,,,,,,,,,,,,,,,,,
Economically Weaker Section (EWS) Seats :2, ,TFWS Choice Code : 0623224111T, ,Seats: 0,,,,,,,,,,,,,,,,,
,"F:Only For Female, HU:Home University, OHU:Other than Home University, PWD:Persons with Disabilities,Common Reserved:Combined Common for All Reserved Categories",,,,,,,,,,,,,,,,,,,,
,"STATE CET CELL , Mumbai", ,Page 130 of 191,,,,,,,,,,,,,,,,,,
Vacant seats after last date of reporting for Admission to First Year of PostGraduate Degree Courses in Master of Computer Applications for the Academic Year 2025-26,,,,,,,,,,,,,,,,,,,,,
,"6236 - Sinhgad Technical Education Society's , Sinhgad Institute of Business Administration & Research, Kondhawa-Saswad Road, Pune",,,,,,,,,,,,,,,,,,,,
,Un-Aided, ,CAP Seats: 16,,,,,,,,,,,,,,,,,,
Choice Code, ,Course Name, ,SI, ,MS Seats, ,All India, ,Minority Seats, ,Institute Seats,,,,,,,,,
0623624110, ,120, ,12, ,4, ,0, ,12,,,,,,,,,,,
Master in Computer Application, ,,,,,,,,,,,,,,,,,,,,
Category, ,OPEN, ,SC, ,ST, ,VJDT, ,NTB, ,NTC, ,NTD, ,OBC, ,SEBC, ,Total,
HU, ,2, ,0, ,0, ,0, ,1, ,0, ,0, ,3, ,1, ,7,
,OHU, ,2, ,0, ,0, ,0, ,0, ,0, ,0, ,1, ,2, ,5
,PWD, ,0, ,0, ,0, ,0, ,0, ,0, ,0, ,0, ,0, ,0
,PWD Common Reserved Seats :0,,,,,,,,,,,,,,,,,,,,
Economically Weaker Section (EWS) Seats :2, ,TFWS Choice Code : 0623624111T, ,Seats: 0,,,,,,,,,,,,,,,,,
,"F:Only For Female, HU:Home University, OHU:Other than Home University, PWD:Persons with Disabilities,Common Reserved:Combined Common for All Reserved Categories",,,,,,,,,,,,,,,,,,,,
,"STATE CET CELL , Mumbai", ,Page 131 of 191,,,,,,,,,,,,,,,,,,
Vacant seats after last date of reporting for Admission to First Year of PostGraduate Degree Courses in Master of Computer Applications for the Academic Year 2025-26,,,,,,,,,,,,,,,,,,,,,
,"6239 - Sinhgad Technical Education Society, Sinhgad Institute of Management & Computer Application, Narhe (Ambegaon), Pune",,,,,,,,,,,,,,,,,,,,
,Un-Aided, ,CAP Seats: 15,,,,,,,,,,,,,,,,,,
Choice Code, ,Course Name, ,SI, ,MS Seats, ,All India, ,Minority Seats, ,Institute Seats,,,,,,,,,
0623924110, ,120, ,10, ,5, ,0, ,12,,,,,,,,,,,
Master in Computer Application, ,,,,,,,,,,,,,,,,,,,,
Category, ,OPEN, ,SC, ,ST, ,VJDT, ,NTB, ,NTC, ,NTD, ,OBC, ,SEBC, ,Total,
HU, ,3, ,0, ,1, ,0, ,0, ,0, ,1, ,0, ,1, ,6,
,OHU, ,0, ,1, ,0, ,0, ,0, ,0, ,0, ,2, ,1, ,4
,PWD, ,0, ,0, ,0, ,0, ,0, ,0, ,0, ,0, ,0, ,0
,PWD Common Reserved Seats :0,,,,,,,,,,,,,,,,,,,,
Economically Weaker Section (EWS) Seats :1, ,TFWS Choice Code : 0623924111T, ,Seats: 0,,,,,,,,,,,,,,,,,
,"F:Only For Female, HU:Home University, OHU:Other than Home University, PWD:Persons with Disabilities,Common Reserved:Combined Common for All Reserved Categories",,,,,,,,,,,,,,,,,,,,
,"STATE CET CELL , Mumbai", ,Page 132 of 191,,,,,,,,,,,,,,,,,,
Vacant seats after last date of reporting for Admission to First Year of PostGraduate Degree Courses in Master of Computer Applications for the Academic Year 2025-26,,,,,,,,,,,,,,,,,,,,,
,"6240 - Siddhant Institute Of Computer Application, Sudambare",,,,,,,,,,,,,,,,,,,,
,Un-Aided-Linguistic Minority - Hindi, ,CAP Seats: 16,,,,,,,,,,,,,,,,,,
Choice Code, ,Course Name, ,SI, ,MS Seats, ,All India, ,Minority Seats, ,Institute Seats,,,,,,,,,
0624024110, ,120, ,1, ,3, ,12, ,0,,,,,,,,,,,
Master in Computer Application, ,,,,,,,,,,,,,,,,,,,,
Category, ,OPEN, ,SC, ,ST, ,VJDT, ,NTB, ,NTC, ,NTD, ,OBC, ,SEBC, ,Total,
HU, ,0, ,0, ,0, ,0, ,0, ,0, ,0, ,0, ,0, ,0,
,OHU, ,1, ,0, ,0, ,0, ,0, ,0, ,0, ,0, ,0, ,1
,PWD, ,0, ,0, ,0, ,0, ,0, ,0, ,0, ,0, ,0, ,0
,PWD Common Reserved Seats :0,,,,,,,,,,,,,,,,,,,,
Economically Weaker Section (EWS) Seats :0, ,TFWS Choice Code : 0624024111T, ,Seats: 0,,,,,,,,,,,,,,,,,
,"F:Only For Female, HU:Home University, OHU:Other than Home University, PWD:Persons with Disabilities,Common Reserved:Combined Common for All Reserved Categories",,,,,,,,,,,,,,,,,,,,
,"STATE CET CELL , Mumbai", ,Page 133 of 191,,,,,,,,,,,,,,,,,,
Vacant seats after last date of reporting for Admission to First Year of PostGraduate Degree Courses in Master of Computer Applications for the Academic Year 2025-26,,,,,,,,,,,,,,,,,,,,,
,"6310 - Nutan Maharashtra Vidya Prasarak Mandal, Nutan Maharashtra Institute of Engineering &Technology, Talegaon station, Pune",,,,,,,,,,,,,,,,,,,,
,Un-Aided-Autonomous, ,CAP Seats: 8,,,,,,,,,,,,,,,,,,
Choice Code, ,Course Name, ,SI, ,MS Seats, ,All India, ,Minority Seats, ,Institute Seats,,,,,,,,,
0631024110, ,120, ,5, ,3, ,0, ,12,,,,,,,,,,,
Master in Computer Application, ,,,,,,,,,,,,,,,,,,,,
Category, ,OPEN, ,SC, ,ST, ,VJDT, ,NTB, ,NTC, ,NTD, ,OBC, ,SEBC, ,Total,
HU, ,0, ,0, ,0, ,1, ,0, ,1, ,0, ,0, ,0, ,2,
,OHU, ,0, ,0, ,0, ,0, ,0, ,0, ,0, ,0, ,2, ,2
,PWD, ,1, ,0, ,0, ,0, ,0, ,0, ,0, ,0, ,0, ,1
,PWD Common Reserved Seats :0,,,,,,,,,,,,,,,,,,,,
Economically Weaker Section (EWS) Seats :1, ,TFWS Choice Code : 0631024111T, ,Seats: 0,,,,,,,,,,,,,,,,,
,"F:Only For Female, HU:Home University, OHU:Other than Home University, PWD:Persons with Disabilities,Common Reserved:Combined Common for All Reserved Categories",,,,,,,,,,,,,,,,,,,,
,"STATE CET CELL , Mumbai", ,Page 134 of 191,,,,,,,,,,,,,,,,,,
Vacant seats after last date of reporting for Admission to First Year of PostGraduate Degree Courses in Master of Computer Applications for the Academic Year 2025-26,,,,,,,,,,,,,,,,,,,,,
,"6319 - Shahajirao Patil Vikas Pratishthan, S.B.Patil College of Engineering, Vangali, Tal. Indapur",,,,,,,,,,,,,,,,,,,,
,Un-Aided, ,CAP Seats: 12,,,,,,,,,,,,,,,,,,
Choice Code, ,Course Name, ,SI, ,MS Seats, ,All India, ,Minority Seats, ,Institute Seats,,,,,,,,,
0631924110, ,60, ,11, ,1, ,0, ,0,,,,,,,,,,,
Master in Computer Application, ,,,,,,,,,,,,,,,,,,,,
Category, ,OPEN, ,SC, ,ST, ,VJDT, ,NTB, ,NTC, ,NTD, ,OBC, ,SEBC, ,Total,
HU, ,0, ,0, ,1, ,1, ,0, ,0, ,0, ,5, ,2, ,9,
,OHU, ,0, ,1, ,0, ,0, ,0, ,0, ,0, ,1, ,0, ,2
,PWD, ,0, ,0, ,0, ,0, ,0, ,0, ,0, ,0, ,0, ,0
,PWD Common Reserved Seats :0,,,,,,,,,,,,,,,,,,,,
Economically Weaker Section (EWS) Seats :5, ,TFWS Choice Code : 0631924111T, ,Seats: 0,,,,,,,,,,,,,,,,,
,"F:Only For Female, HU:Home University, OHU:Other than Home University, PWD:Persons with Disabilities,Common Reserved:Combined Common for All Reserved Categories",,,,,,,,,,,,,,,,,,,,
,"STATE CET CELL , Mumbai", ,Page 135 of 191,,,,,,,,,,,,,,,,,,
Vacant seats after last date of reporting for Admission to First Year of PostGraduate Degree Courses in Master of Computer Applications for the Academic Year 2025-26,,,,,,,,,,,,,,,,,,,,,
,"6547 - Suryadatta Educational Foundation, Suryadatta Institute of Management and Mass Communication, Pune",,,,,,,,,,,,,,,,,,,,
,Un-Aided-Religious Minority - Jain, ,CAP Seats: 5,,,,,,,,,,,,,,,,,,
Choice Code, ,Course Name, ,SI, ,MS Seats, ,All India, ,Minority Seats, ,Institute Seats,,,,,,,,,
0654724110, ,120, ,1, ,1, ,3, ,24,,,,,,,,,,,
Master in Computer Application, ,,,,,,,,,,,,,,,,,,,,
Category, ,OPEN, ,SC, ,ST, ,VJDT, ,NTB, ,NTC, ,NTD, ,OBC, ,SEBC, ,Total,
HU, ,0, ,0, ,0, ,0, ,0, ,0, ,0, ,0, ,0, ,0,
,OHU, ,1, ,0, ,0, ,0, ,0, ,0, ,0, ,0, ,0, ,1
,PWD, ,0, ,0, ,0, ,0, ,0, ,0, ,0, ,0, ,0, ,0
,PWD Common Reserved Seats :0,,,,,,,,,,,,,,,,,,,,
Economically Weaker Section (EWS) Seats :0, ,TFWS Choice Code : 0654724111T, ,Seats: 0,,,,,,,,,,,,,,,,,
,"F:Only For Female, HU:Home University, OHU:Other than Home University, PWD:Persons with Disabilities,Common Reserved:Combined Common for All Reserved Categories",,,,,,,,,,,,,,,,,,,,
,"STATE CET CELL , Mumbai", ,Page 136 of 191,,,,,,,,,,,,,,,,,,
Vacant seats after last date of reporting for Admission to First Year of PostGraduate Degree Courses in Master of Computer Applications for the Academic Year 2025-26,,,,,,,,,,,,,,,,,,,,,
,"6548 - Suryadatta Educational Foundation, Suryadatta Institute of Business Management and Technology, Pune",,,,,,,,,,,,,,,,,,,,
,Un-Aided-Religious Minority - Jain, ,CAP Seats: 2,,,,,,,,,,,,,,,,,,
Choice Code, ,Course Name, ,SI, ,MS Seats, ,All India, ,Minority Seats, ,Institute Seats,,,,,,,,,
0654824110, ,120, ,1, ,0, ,1, ,24,,,,,,,,,,,
Master in Computer Application, ,,,,,,,,,,,,,,,,,,,,
Category, ,OPEN, ,SC, ,ST, ,VJDT, ,NTB, ,NTC, ,NTD, ,OBC, ,SEBC, ,Total,
HU, ,0, ,0, ,0, ,0, ,0, ,0, ,0, ,0, ,0, ,0,
,OHU, ,1, ,0, ,0, ,0, ,0, ,0, ,0, ,0, ,0, ,1
,PWD, ,0, ,0, ,0, ,0, ,0, ,0, ,0, ,0, ,0, ,0
,PWD Common Reserved Seats :0,,,,,,,,,,,,,,,,,,,,
Economically Weaker Section (EWS) Seats :0, ,TFWS Choice Code : 0654824111T, ,Seats: 0,,,,,,,,,,,,,,,,,
,"F:Only For Female, HU:Home University, OHU:Other than Home University, PWD:Persons with Disabilities,Common Reserved:Combined Common for All Reserved Categories",,,,,,,,,,,,,,,,,,,,
,"STATE CET CELL , Mumbai", ,Page 137 of 191,,,,,,,,,,,,,,,,,,
Vacant seats after last date of reporting for Admission to First Year of PostGraduate Degree Courses in Master of Computer Applications for the Academic Year 2025-26,,,,,,,,,,,,,,,,,,,,,
,"6614 - Sadhu Vaswani Institute Of Management Studies For Girls, Koregaon, Pune",,,,,,,,,,,,,,,,,,,,
,Un-Aided-Linguistic Minority - Sindhi, ,CAP Seats: 2,,,,,,,,,,,,,,,,,,
Choice Code, ,Course Name, ,SI, ,MS Seats, ,All India, ,Minority Seats, ,Institute Seats,,,,,,,,,
0661424150F, ,60, ,0, ,0, ,2, ,2,,,,,,,,,,,
Master in Computer Application, ,,,,,,,,,,,,,,,,,,,,
Category, ,OPEN, ,SC, ,ST, ,VJDT, ,NTB, ,NTC, ,NTD, ,OBC, ,SEBC, ,Total,
HU, ,0, ,0, ,0, ,0, ,0, ,0, ,0, ,0, ,0, ,0,
,OHU, ,0, ,0, ,0, ,0, ,0, ,0, ,0, ,0, ,0, ,0
,PWD, ,0, ,0, ,0, ,0, ,0, ,0, ,0, ,0, ,0, ,0
,PWD Common Reserved Seats :0,,,,,,,,,,,,,,,,,,,,
Economically Weaker Section (EWS) Seats :0, ,TFWS Choice Code : 0661424151FT, ,Seats: 0,,,,,,,,,,,,,,,,,
,"F:Only For Female, HU:Home University, OHU:Other than Home University, PWD:Persons with Disabilities,Common Reserved:Combined Common for All Reserved Categories",,,,,,,,,,,,,,,,,,,,
,"STATE CET CELL , Mumbai", ,Page 138 of 191,,,,,,,,,,,,,,,,,,
Vacant seats after last date of reporting for Admission to First Year of PostGraduate Degree Courses in Master of Computer Applications for the Academic Year 2025-26,,,,,,,,,,,,,,,,,,,,,
,"6628 - Dattakala Group Of Institutions, Swami - Chincholi Tal. Daund Dist. Pune",,,,,,,,,,,,,,,,,,,,
,Un-Aided, ,CAP Seats: 49,,,,,,,,,,,,,,,,,,
Choice Code, ,Course Name, ,SI, ,MS Seats, ,All India, ,Minority Seats, ,Institute Seats,,,,,,,,,
0662824110, ,180, ,35, ,14, ,0, ,0,,,,,,,,,,,
Master in Computer Application, ,,,,,,,,,,,,,,,,,,,,
Category, ,OPEN, ,SC, ,ST, ,VJDT, ,NTB, ,NTC, ,NTD, ,OBC, ,SEBC, ,Total,
HU, ,3, ,5, ,4, ,1, ,1, ,0, ,0, ,3, ,1, ,18,
,OHU, ,3, ,4, ,0, ,0, ,0, ,1, ,0, ,5, ,3, ,16
,PWD, ,0, ,1, ,0, ,0, ,0, ,0, ,0, ,0, ,0, ,1
,PWD Common Reserved Seats :0,,,,,,,,,,,,,,,,,,,,
Economically Weaker Section (EWS) Seats :18, ,TFWS Choice Code : 0662824111T, ,Seats: 0,,,,,,,,,,,,,,,,,
,"F:Only For Female, HU:Home University, OHU:Other than Home University, PWD:Persons with Disabilities,Common Reserved:Combined Common for All Reserved Categories",,,,,,,,,,,,,,,,,,,,
,"STATE CET CELL , Mumbai", ,Page 139 of 191,,,,,,,,,,,,,,,,,,
Vacant seats after last date of reporting for Admission to First Year of PostGraduate Degree Courses in Master of Computer Applications for the Academic Year 2025-26,,,,,,,,,,,,,,,,,,,,,
,6632 - Navsahyadri Education Society's Group of Institutions,,,,,,,,,,,,,,,,,,,,
,Un-Aided, ,CAP Seats: 25,,,,,,,,,,,,,,,,,,
Choice Code, ,Course Name, ,SI, ,MS Seats, ,All India, ,Minority Seats, ,Institute Seats,,,,,,,,,
0663224110, ,180, ,20, ,5, ,0, ,0,,,,,,,,,,,
Master in Computer Application, ,,,,,,,,,,,,,,,,,,,,
Category, ,OPEN, ,SC, ,ST, ,VJDT, ,NTB, ,NTC, ,NTD, ,OBC, ,SEBC, ,Total,
HU, ,1, ,0, ,0, ,0, ,1, ,0, ,1, ,4, ,0, ,7,
,OHU, ,3, ,1, ,1, ,0, ,0, ,0, ,0, ,4, ,2, ,11
,PWD, ,1, ,1, ,0, ,0, ,0, ,0, ,0, ,0, ,0, ,2
,PWD Common Reserved Seats :0,,,,,,,,,,,,,,,,,,,,
Economically Weaker Section (EWS) Seats :13, ,TFWS Choice Code : 0663224111T, ,Seats: 0,,,,,,,,,,,,,,,,,
,"F:Only For Female, HU:Home University, OHU:Other than Home University, PWD:Persons with Disabilities,Common Reserved:Combined Common for All Reserved Categories",,,,,,,,,,,,,,,,,,,,
,"STATE CET CELL , Mumbai", ,Page 140 of 191,,,,,,,,,,,,,,,,,,
Vacant seats after last date of reporting for Admission to First Year of PostGraduate Degree Courses in Master of Computer Applications for the Academic Year 2025-26,,,,,,,,,,,,,,,,,,,,,
,"6634 - KJEI's Trinity Academy of Engineering, Yewalewadi, Pune",,,,,,,,,,,,,,,,,,,,
,Un-Aided, ,CAP Seats: 22,,,,,,,,,,,,,,,,,,
Choice Code, ,Course Name, ,SI, ,MS Seats, ,All India, ,Minority Seats, ,Institute Seats,,,,,,,,,
0663424110, ,180, ,18, ,4, ,0, ,0,,,,,,,,,,,
Master in Computer Application, ,,,,,,,,,,,,,,,,,,,,
Category, ,OPEN, ,SC, ,ST, ,VJDT, ,NTB, ,NTC, ,NTD, ,OBC, ,SEBC, ,Total,
HU, ,7, ,1, ,1, ,0, ,0, ,1, ,0, ,1, ,0, ,11,
,OHU, ,2, ,2, ,0, ,0, ,0, ,0, ,0, ,2, ,0, ,6
,PWD, ,0, ,0, ,0, ,0, ,0, ,0, ,0, ,1, ,0, ,1
,PWD Common Reserved Seats :0,,,,,,,,,,,,,,,,,,,,
Economically Weaker Section (EWS) Seats :11, ,TFWS Choice Code : 0663424111T, ,Seats: 0,,,,,,,,,,,,,,,,,
,"F:Only For Female, HU:Home University, OHU:Other than Home University, PWD:Persons with Disabilities,Common Reserved:Combined Common for All Reserved Categories",,,,,,,,,,,,,,,,,,,,
,"STATE CET CELL , Mumbai", ,Page 141 of 191,,,,,,,,,,,,,,,,,,
Vacant seats after last date of reporting for Admission to First Year of PostGraduate Degree Courses in Master of Computer Applications for the Academic Year 2025-26,,,,,,,,,,,,,,,,,,,,,
,6635 - Samarth College of Engineering and Management,,,,,,,,,,,,,,,,,,,,
,Un-Aided, ,CAP Seats: 18,,,,,,,,,,,,,,,,,,
Choice Code, ,Course Name, ,SI, ,MS Seats, ,All India, ,Minority Seats, ,Institute Seats,,,,,,,,,
0663524110, ,60, ,18, ,0, ,0, ,0,,,,,,,,,,,
Master in Computer Application, ,,,,,,,,,,,,,,,,,,,,
Category, ,OPEN, ,SC, ,ST, ,VJDT, ,NTB, ,NTC, ,NTD, ,OBC, ,SEBC, ,Total,
HU, ,2, ,0, ,1, ,1, ,0, ,0, ,0, ,2, ,3, ,9,
,OHU, ,4, ,2, ,0, ,0, ,0, ,0, ,1, ,1, ,1, ,9
,PWD, ,0, ,0, ,0, ,0, ,0, ,0, ,0, ,0, ,0, ,0
,PWD Common Reserved Seats :0,,,,,,,,,,,,,,,,,,,,
Economically Weaker Section (EWS) Seats :6, ,TFWS Choice Code : 0663524111T, ,Seats: 1,,,,,,,,,,,,,,,,,
,"F:Only For Female, HU:Home University, OHU:Other than Home University, PWD:Persons with Disabilities,Common Reserved:Combined Common for All Reserved Categories",,,,,,,,,,,,,,,,,,,,
,"STATE CET CELL , Mumbai", ,Page 142 of 191,,,,,,,,,,,,,,,,,,
Vacant seats after last date of reporting for Admission to First Year of PostGraduate Degree Courses in Master of Computer Applications for the Academic Year 2025-26,,,,,,,,,,,,,,,,,,,,,
,"6755 - JSPM Narhe Technical Campus, Pune.",,,,,,,,,,,,,,,,,,,,
,Un-Aided, ,CAP Seats: 7,,,,,,,,,,,,,,,,,,
Choice Code, ,Course Name, ,SI, ,MS Seats, ,All India, ,Minority Seats, ,Institute Seats,,,,,,,,,
0675524110, ,60, ,5, ,2, ,0, ,12,,,,,,,,,,,
Master in Computer Application, ,,,,,,,,,,,,,,,,,,,,
Category, ,OPEN, ,SC, ,ST, ,VJDT, ,NTB, ,NTC, ,NTD, ,OBC, ,SEBC, ,Total,
HU, ,2, ,0, ,0, ,0, ,0, ,0, ,0, ,2, ,0, ,4,
,OHU, ,1, ,0, ,0, ,0, ,0, ,0, ,0, ,0, ,0, ,1
,PWD, ,0, ,0, ,0, ,0, ,0, ,0, ,0, ,0, ,0, ,0
,PWD Common Reserved Seats :0,,,,,,,,,,,,,,,,,,,,
Economically Weaker Section (EWS) Seats :0, ,TFWS Choice Code : 0675524111T, ,Seats: 0,,,,,,,,,,,,,,,,,
,"F:Only For Female, HU:Home University, OHU:Other than Home University, PWD:Persons with Disabilities,Common Reserved:Combined Common for All Reserved Categories",,,,,,,,,,,,,,,,,,,,
,"STATE CET CELL , Mumbai", ,Page 143 of 191,,,,,,,,,,,,,,,,,,
Vacant seats after last date of reporting for Admission to First Year of PostGraduate Degree Courses in Master of Computer Applications for the Academic Year 2025-26,,,,,,,,,,,,,,,,,,,,,
,"6775 - Yashaswi Education Society's International Institute of Management Science, Chinchwad, Pune",,,,,,,,,,,,,,,,,,,,
,Un-Aided, ,CAP Seats: 9,,,,,,,,,,,,,,,,,,
Choice Code, ,Course Name, ,SI, ,MS Seats, ,All India, ,Minority Seats, ,Institute Seats,,,,,,,,,
0677524110, ,120, ,6, ,3, ,0, ,12,,,,,,,,,,,
Master in Computer Application, ,,,,,,,,,,,,,,,,,,,,
Category, ,OPEN, ,SC, ,ST, ,VJDT, ,NTB, ,NTC, ,NTD, ,OBC, ,SEBC, ,Total,
HU, ,1, ,1, ,0, ,0, ,0, ,0, ,0, ,2, ,0, ,4,
,OHU, ,1, ,1, ,0, ,0, ,0, ,0, ,0, ,0, ,0, ,2
,PWD, ,0, ,0, ,0, ,0, ,0, ,0, ,0, ,0, ,0, ,0
,PWD Common Reserved Seats :0,,,,,,,,,,,,,,,,,,,,
Economically Weaker Section (EWS) Seats :7, ,TFWS Choice Code : 0677524111T, ,Seats: 0,,,,,,,,,,,,,,,,,
,"F:Only For Female, HU:Home University, OHU:Other than Home University, PWD:Persons with Disabilities,Common Reserved:Combined Common for All Reserved Categories",,,,,,,,,,,,,,,,,,,,
,"STATE CET CELL , Mumbai", ,Page 144 of 191,,,,,,,,,,,,,,,,,,
Vacant seats after last date of reporting for Admission to First Year of PostGraduate Degree Courses in Master of Computer Applications for the Academic Year 2025-26,,,,,,,,,,,,,,,,,,,,,
,"6794 - Anantrao Pawar College of Engineering & Research, Pune",,,,,,,,,,,,,,,,,,,,
,Un-Aided, ,CAP Seats: 16,,,,,,,,,,,,,,,,,,
Choice Code, ,Course Name, ,SI, ,MS Seats, ,All India, ,Minority Seats, ,Institute Seats,,,,,,,,,
0679424110, ,120, ,14, ,2, ,0, ,2,,,,,,,,,,,
Master in Computer Application, ,,,,,,,,,,,,,,,,,,,,
Category, ,OPEN, ,SC, ,ST, ,VJDT, ,NTB, ,NTC, ,NTD, ,OBC, ,SEBC, ,Total,
HU, ,1, ,1, ,0, ,0, ,0, ,1, ,0, ,5, ,0, ,8,
,OHU, ,1, ,0, ,0, ,0, ,0, ,0, ,0, ,2, ,2, ,5
,PWD, ,1, ,0, ,0, ,0, ,0, ,0, ,0, ,0, ,0, ,1
,PWD Common Reserved Seats :0,,,,,,,,,,,,,,,,,,,,
Economically Weaker Section (EWS) Seats :4, ,TFWS Choice Code : 0679424111T, ,Seats: 0,,,,,,,,,,,,,,,,,
,"F:Only For Female, HU:Home University, OHU:Other than Home University, PWD:Persons with Disabilities,Common Reserved:Combined Common for All Reserved Categories",,,,,,,,,,,,,,,,,,,,
,"STATE CET CELL , Mumbai", ,Page 145 of 191,,,,,,,,,,,,,,,,,,
Vacant seats after last date of reporting for Admission to First Year of PostGraduate Degree Courses in Master of Computer Applications for the Academic Year 2025-26,,,,,,,,,,,,,,,,,,,,,
,6812 - Progressive Education Society's Modern Institute of, ,"Business Studies, Nigdi, Pune",,,,,,,,,,,,,,,,,,
,Un-Aided-Autonomous, ,CAP Seats: 15,,,,,,,,,,,,,,,,,,
Choice Code, ,Course Name, ,SI, ,MS Seats, ,All India, ,Minority Seats, ,Institute Seats,,,,,,,,,
0681224110, ,60, ,8, ,7, ,0, ,12,,,,,,,,,,,
Master in Computer Application, ,,,,,,,,,,,,,,,,,,,,
Category, ,OPEN, ,SC, ,ST, ,VJDT, ,NTB, ,NTC, ,NTD, ,OBC, ,SEBC, ,Total,
HU, ,3, ,0, ,0, ,0, ,0, ,0, ,0, ,1, ,0, ,4,
,OHU, ,0, ,2, ,0, ,0, ,0, ,0, ,0, ,1, ,1, ,4
,PWD, ,0, ,0, ,0, ,0, ,0, ,0, ,0, ,0, ,0, ,0
,PWD Common Reserved Seats :0,,,,,,,,,,,,,,,,,,,,
Economically Weaker Section (EWS) Seats :1, ,TFWS Choice Code : 0681224111T, ,Seats: 0,,,,,,,,,,,,,,,,,
,"F:Only For Female, HU:Home University, OHU:Other than Home University, PWD:Persons with Disabilities,Common Reserved:Combined Common for All Reserved Categories",,,,,,,,,,,,,,,,,,,,
,"STATE CET CELL , Mumbai", ,Page 146 of 191,,,,,,,,,,,,,,,,,,
Vacant seats after last date of reporting for Admission to First Year of PostGraduate Degree Courses in Master of Computer Applications for the Academic Year 2025-26,,,,,,,,,,,,,,,,,,,,,
,"6836 - Dr.D.Y.Patil Institute Of Management & Entrepreneur Development,Talegaon",,,,,,,,,,,,,,,,,,,,
,Un-Aided, ,CAP Seats: 17,,,,,,,,,,,,,,,,,,
Choice Code, ,Course Name, ,SI, ,MS Seats, ,All India, ,Minority Seats, ,Institute Seats,,,,,,,,,
0683624110, ,120, ,10, ,7, ,0, ,0,,,,,,,,,,,
Master in Computer Application, ,,,,,,,,,,,,,,,,,,,,
Category, ,OPEN, ,SC, ,ST, ,VJDT, ,NTB, ,NTC, ,NTD, ,OBC, ,SEBC, ,Total,
HU, ,3, ,1, ,1, ,0, ,0, ,0, ,1, ,0, ,0, ,6,
,OHU, ,1, ,0, ,1, ,0, ,0, ,1, ,1, ,0, ,0, ,4
,PWD, ,0, ,0, ,0, ,0, ,0, ,0, ,0, ,0, ,0, ,0
,PWD Common Reserved Seats :0,,,,,,,,,,,,,,,,,,,,
Economically Weaker Section (EWS) Seats :7, ,TFWS Choice Code : 0683624111T, ,Seats: 0,,,,,,,,,,,,,,,,,
,"F:Only For Female, HU:Home University, OHU:Other than Home University, PWD:Persons with Disabilities,Common Reserved:Combined Common for All Reserved Categories",,,,,,,,,,,,,,,,,,,,
,"STATE CET CELL , Mumbai", ,Page 147 of 191,,,,,,,,,,,,,,,,,,
Vacant seats after last date of reporting for Admission to First Year of PostGraduate Degree Courses in Master of Computer Applications for the Academic Year 2025-26,,,,,,,,,,,,,,,,,,,,,
,"6973 - ASMS Institute of Business Management and Research MCA, Pune",,,,,,,,,,,,,,,,,,,,
,Un-Aided, ,CAP Seats: 11,,,,,,,,,,,,,,,,,,
Choice Code, ,Course Name, ,SI, ,MS Seats, ,All India, ,Minority Seats, ,Institute Seats,,,,,,,,,
0697324110, ,180, ,8, ,3, ,0, ,36,,,,,,,,,,,
Master in Computer Application, ,,,,,,,,,,,,,,,,,,,,
Category, ,OPEN, ,SC, ,ST, ,VJDT, ,NTB, ,NTC, ,NTD, ,OBC, ,SEBC, ,Total,
HU, ,1, ,2, ,0, ,0, ,1, ,0, ,1, ,1, ,1, ,7,
,OHU, ,0, ,0, ,0, ,0, ,0, ,0, ,0, ,0, ,0, ,0
,PWD, ,1, ,0, ,0, ,0, ,0, ,0, ,0, ,0, ,0, ,1
,PWD Common Reserved Seats :0,,,,,,,,,,,,,,,,,,,,
Economically Weaker Section (EWS) Seats :9, ,TFWS Choice Code : 0697324111T, ,Seats: 0,,,,,,,,,,,,,,,,,
,"F:Only For Female, HU:Home University, OHU:Other than Home University, PWD:Persons with Disabilities,Common Reserved:Combined Common for All Reserved Categories",,,,,,,,,,,,,,,,,,,,
,"STATE CET CELL , Mumbai", ,Page 148 of 191,,,,,,,,,,,,,,,,,,
Vacant seats after last date of reporting for Admission to First Year of PostGraduate Degree Courses in Master of Computer Applications for the Academic Year 2025-26,,,,,,,,,,,,,,,,,,,,,
,6990 - Jaihind Institute of Management and Research,,,,,,,,,,,,,,,,,,,,
,Un-Aided, ,CAP Seats: 29,,,,,,,,,,,,,,,,,,
Choice Code, ,Course Name, ,SI, ,MS Seats, ,All India, ,Minority Seats, ,Institute Seats,,,,,,,,,
0699024110, ,120, ,28, ,1, ,0, ,0,,,,,,,,,,,
Master in Computer Application, ,,,,,,,,,,,,,,,,,,,,
Category, ,OPEN, ,SC, ,ST, ,VJDT, ,NTB, ,NTC, ,NTD, ,OBC, ,SEBC, ,Total,
HU, ,3, ,4, ,0, ,0, ,1, ,2, ,0, ,1, ,0, ,11,
,OHU, ,7, ,1, ,2, ,0, ,1, ,0, ,0, ,2, ,3, ,16
,PWD, ,1, ,0, ,0, ,0, ,0, ,0, ,0, ,0, ,0, ,1
,PWD Common Reserved Seats :0,,,,,,,,,,,,,,,,,,,,
Economically Weaker Section (EWS) Seats :10, ,TFWS Choice Code : 0699024111T, ,Seats: 0,,,,,,,,,,,,,,,,,
,"F:Only For Female, HU:Home University, OHU:Other than Home University, PWD:Persons with Disabilities,Common Reserved:Combined Common for All Reserved Categories",,,,,,,,,,,,,,,,,,,,
,"STATE CET CELL , Mumbai", ,Page 149 of 191,,,,,,,,,,,,,,,,,,
Vacant seats after last date of reporting for Admission to First Year of PostGraduate Degree Courses in Master of Computer Applications for the Academic Year 2025-26,,,,,,,,,,,,,,,,,,,,,
,"6991 - Dr. D.Y. Patil Technical Campus, Varale, Talegaon, Pune",,,,,,,,,,,,,,,,,,,,
,Un-Aided, ,CAP Seats: 22,,,,,,,,,,,,,,,,,,
Choice Code, ,Course Name, ,SI, ,MS Seats, ,All India, ,Minority Seats, ,Institute Seats,,,,,,,,,
0699124110, ,120, ,16, ,6, ,0, ,0,,,,,,,,,,,
Master in Computer Application, ,,,,,,,,,,,,,,,,,,,,
Category, ,OPEN, ,SC, ,ST, ,VJDT, ,NTB, ,NTC, ,NTD, ,OBC, ,SEBC, ,Total,
HU, ,2, ,2, ,0, ,0, ,1, ,1, ,0, ,4, ,2, ,12,
,OHU, ,2, ,0, ,0, ,0, ,0, ,0, ,0, ,1, ,0, ,3
,PWD, ,1, ,0, ,0, ,0, ,0, ,0, ,0, ,0, ,0, ,1
,PWD Common Reserved Seats :0,,,,,,,,,,,,,,,,,,,,
Economically Weaker Section (EWS) Seats :10, ,TFWS Choice Code : 0699124111T, ,Seats: 0,,,,,,,,,,,,,,,,,
,"F:Only For Female, HU:Home University, OHU:Other than Home University, PWD:Persons with Disabilities,Common Reserved:Combined Common for All Reserved Categories",,,,,,,,,,,,,,,,,,,,
,"STATE CET CELL , Mumbai", ,Page 150 of 191,,,,,,,,,,,,,,,,,,
Vacant seats after last date of reporting for Admission to First Year of PostGraduate Degree Courses in Master of Computer Applications for the Academic Year 2025-26,,,,,,,,,,,,,,,,,,,,,
,"6992 - Pune Cambridge Institute of Management and Computer Application, Ambegaon Pathar, Pune",,,,,,,,,,,,,,,,,,,,
,Un-Aided, ,CAP Seats: 8,,,,,,,,,,,,,,,,,,
Choice Code, ,Course Name, ,SI, ,MS Seats, ,All India, ,Minority Seats, ,Institute Seats,,,,,,,,,
0699224110, ,120, ,7, ,1, ,0, ,0,,,,,,,,,,,
Master in Computer Application, ,,,,,,,,,,,,,,,,,,,,
Category, ,OPEN, ,SC, ,ST, ,VJDT, ,NTB, ,NTC, ,NTD, ,OBC, ,SEBC, ,Total,
HU, ,1, ,0, ,1, ,1, ,0, ,0, ,0, ,3, ,1, ,7,
,OHU, ,0, ,0, ,0, ,0, ,0, ,0, ,0, ,0, ,0, ,0
,PWD, ,0, ,0, ,0, ,0, ,0, ,0, ,0, ,0, ,0, ,0
,PWD Common Reserved Seats :0,,,,,,,,,,,,,,,,,,,,
Economically Weaker Section (EWS) Seats :6, ,TFWS Choice Code : 0699224111T, ,Seats: 0,,,,,,,,,,,,,,,,,
,"F:Only For Female, HU:Home University, OHU:Other than Home University, PWD:Persons with Disabilities,Common Reserved:Combined Common for All Reserved Categories",,,,,,,,,,,,,,,,,,,,
,"STATE CET CELL , Mumbai", ,Page 151 of 191,,,,,,,,,,,,,,,,,,
Vacant seats after last date of reporting for Admission to First Year of PostGraduate Degree Courses in Master of Computer Applications for the Academic Year 2025-26,,,,,,,,,,,,,,,,,,,,,
,16122 - Pharate Patil Management Institutes,,,,,,,,,,,,,,,,,,,,
,Un-Aided, ,CAP Seats: 22,,,,,,,,,,,,,,,,,,
Choice Code, ,Course Name, ,SI, ,MS Seats, ,All India, ,Minority Seats, ,Institute Seats,,,,,,,,,
1612224110, ,120, ,19, ,3, ,0, ,24,,,,,,,,,,,
Master in Computer Application, ,,,,,,,,,,,,,,,,,,,,
Category, ,OPEN, ,SC, ,ST, ,VJDT, ,NTB, ,NTC, ,NTD, ,OBC, ,SEBC, ,Total,
HU, ,0, ,0, ,0, ,0, ,1, ,0, ,0, ,4, ,1, ,6,
,OHU, ,2, ,2, ,2, ,1, ,0, ,1, ,1, ,4, ,0, ,13
,PWD, ,0, ,0, ,0, ,0, ,0, ,0, ,0, ,0, ,0, ,0
,PWD Common Reserved Seats :0,,,,,,,,,,,,,,,,,,,,
Economically Weaker Section (EWS) Seats :12, ,TFWS Choice Code : 1612224111T, ,Seats: 0,,,,,,,,,,,,,,,,,
,"F:Only For Female, HU:Home University, OHU:Other than Home University, PWD:Persons with Disabilities,Common Reserved:Combined Common for All Reserved Categories",,,,,,,,,,,,,,,,,,,,
,"STATE CET CELL , Mumbai", ,Page 152 of 191,,,,,,,,,,,,,,,,,,
Vacant seats after last date of reporting for Admission to First Year of PostGraduate Degree Courses in Master of Computer Applications for the Academic Year 2025-26,,,,,,,,,,,,,,,,,,,,,
,16259 - FRIENDS UNION FOR ENERGISING LIVES FUEL COLLEGE,,,,,,,,,,,,,,,,,,,,
,Un-Aided, ,CAP Seats: 11,,,,,,,,,,,,,,,,,,
Choice Code, ,Course Name, ,SI, ,MS Seats, ,All India, ,Minority Seats, ,Institute Seats,,,,,,,,,
1625924110, ,60, ,10, ,1, ,0, ,6,,,,,,,,,,,
Master in Computer Application, ,,,,,,,,,,,,,,,,,,,,
Category, ,OPEN, ,SC, ,ST, ,VJDT, ,NTB, ,NTC, ,NTD, ,OBC, ,SEBC, ,Total,
HU, ,0, ,1, ,0, ,0, ,0, ,0, ,0, ,4, ,2, ,7,
,OHU, ,1, ,0, ,0, ,0, ,0, ,0, ,0, ,2, ,0, ,3
,PWD, ,0, ,0, ,0, ,0, ,0, ,0, ,0, ,0, ,0, ,0
,PWD Common Reserved Seats :0,,,,,,,,,,,,,,,,,,,,
Economically Weaker Section (EWS) Seats :6, ,TFWS Choice Code : 1625924111T, ,Seats: 1,,,,,,,,,,,,,,,,,
,"F:Only For Female, HU:Home University, OHU:Other than Home University, PWD:Persons with Disabilities,Common Reserved:Combined Common for All Reserved Categories",,,,,,,,,,,,,,,,,,,,
,"STATE CET CELL , Mumbai", ,Page 153 of 191,,,,,,,,,,,,,,,,,,
Vacant seats after last date of reporting for Admission to First Year of PostGraduate Degree Courses in Master of Computer Applications for the Academic Year 2025-26,,,,,,,,,,,,,,,,,,,,,
,16331 - SarSam College of Management & Technology,,,,,,,,,,,,,,,,,,,,
,Un-Aided, ,CAP Seats: 19,,,,,,,,,,,,,,,,,,
Choice Code, ,Course Name, ,SI, ,MS Seats, ,All India, ,Minority Seats, ,Institute Seats,,,,,,,,,
1633124110, ,60, ,16, ,3, ,0, ,12,,,,,,,,,,,
Master in Computer Application, ,,,,,,,,,,,,,,,,,,,,
Category, ,OPEN, ,SC, ,ST, ,VJDT, ,NTB, ,NTC, ,NTD, ,OBC, ,SEBC, ,Total,
HU, ,5, ,2, ,0, ,0, ,0, ,1, ,0, ,4, ,0, ,12,
,OHU, ,1, ,1, ,0, ,0, ,0, ,0, ,0, ,1, ,1, ,4
,PWD, ,0, ,0, ,0, ,0, ,0, ,0, ,0, ,0, ,0, ,0
,PWD Common Reserved Seats :0,,,,,,,,,,,,,,,,,,,,
Economically Weaker Section (EWS) Seats :6, ,TFWS Choice Code : 1633124111T, ,Seats: 0,,,,,,,,,,,,,,,,,
,"F:Only For Female, HU:Home University, OHU:Other than Home University, PWD:Persons with Disabilities,Common Reserved:Combined Common for All Reserved Categories",,,,,,,,,,,,,,,,,,,,
,"STATE CET CELL , Mumbai", ,Page 154 of 191,,,,,,,,,,,,,,,,,,
Vacant seats after last date of reporting for Admission to First Year of PostGraduate Degree Courses in Master of Computer Applications for the Academic Year 2025-26,,,,,,,,,,,,,,,,,,,,,
,16355 - Audyogik Shikshan Mandal's Nextgen Technical Campus,,,,,,,,,,,,,,,,,,,,
,Un-Aided, ,CAP Seats: 39,,,,,,,,,,,,,,,,,,
Choice Code, ,Course Name, ,SI, ,MS Seats, ,All India, ,Minority Seats, ,Institute Seats,,,,,,,,,
1635524210, ,180, ,32, ,7, ,0, ,0,,,,,,,,,,,
Master of Computer Applications, ,,,,,,,,,,,,,,,,,,,,
Category, ,OPEN, ,SC, ,ST, ,VJDT, ,NTB, ,NTC, ,NTD, ,OBC, ,SEBC, ,Total,
HU, ,3, ,1, ,3, ,0, ,0, ,1, ,1, ,6, ,5, ,20,
,OHU, ,2, ,1, ,1, ,0, ,0, ,1, ,0, ,3, ,3, ,11
,PWD, ,1, ,0, ,0, ,0, ,0, ,0, ,0, ,0, ,0, ,1
,PWD Common Reserved Seats :0,,,,,,,,,,,,,,,,,,,,
Economically Weaker Section (EWS) Seats :17, ,TFWS Choice Code : 1635524211T, ,Seats: 2,,,,,,,,,,,,,,,,,
,"F:Only For Female, HU:Home University, OHU:Other than Home University, PWD:Persons with Disabilities,Common Reserved:Combined Common for All Reserved Categories",,,,,,,,,,,,,,,,,,,,
,"STATE CET CELL , Mumbai", ,Page 155 of 191,,,,,,,,,,,,,,,,,,
Vacant seats after last date of reporting for Admission to First Year of PostGraduate Degree Courses in Master of Computer Applications for the Academic Year 2025-26,,,,,,,,,,,,,,,,,,,,,
,16356 - Dr. Sudhakar Rao Jadhavar Institute of Management & Technology,,,,,,,,,,,,,,,,,,,,
,Un-Aided, ,CAP Seats: 9,,,,,,,,,,,,,,,,,,
Choice Code, ,Course Name, ,SI, ,MS Seats, ,All India, ,Minority Seats, ,Institute Seats,,,,,,,,,
1635624110, ,120, ,7, ,2, ,0, ,0,,,,,,,,,,,
Master in Computer Application, ,,,,,,,,,,,,,,,,,,,,
Category, ,OPEN, ,SC, ,ST, ,VJDT, ,NTB, ,NTC, ,NTD, ,OBC, ,SEBC, ,Total,
HU, ,0, ,0, ,0, ,0, ,1, ,1, ,0, ,0, ,1, ,3,
,OHU, ,1, ,0, ,0, ,1, ,1, ,0, ,0, ,0, ,1, ,4
,PWD, ,0, ,0, ,0, ,0, ,0, ,0, ,0, ,0, ,0, ,0
,PWD Common Reserved Seats :0,,,,,,,,,,,,,,,,,,,,
Economically Weaker Section (EWS) Seats :10, ,TFWS Choice Code : 1635624111T, ,Seats: 0,,,,,,,,,,,,,,,,,
,"F:Only For Female, HU:Home University, OHU:Other than Home University, PWD:Persons with Disabilities,Common Reserved:Combined Common for All Reserved Categories",,,,,,,,,,,,,,,,,,,,
,"STATE CET CELL , Mumbai", ,Page 156 of 191,,,,,,,,,,,,,,,,,,
Vacant seats after last date of reporting for Admission to First Year of PostGraduate Degree Courses in Master of Computer Applications for the Academic Year 2025-26,,,,,,,,,,,,,,,,,,,,,
,Shivaji University,,,,,,,,,,,,,,,,,,,,
,"6005 - Government College of Engineering, Karad",,,,,,,,,,,,,,,,,,,,
,Government-Autonomous, ,CAP Seats: 1,,,,,,,,,,,,,,,,,,
Choice Code, ,Course Name, ,SI, ,MS Seats, ,All India, ,Minority Seats, ,Institute Seats,,,,,,,,,
0600524110, ,Master in Computer Application, ,30, ,1, ,0, ,0, ,0,,,,,,,,,
Category, ,OPEN, ,SC, ,ST, ,VJDT, ,NTB, ,NTC, ,NTD, ,OBC, ,SEBC, ,Total,
HU, ,0, ,0, ,0, ,0, ,0, ,0, ,0, ,0, ,1, ,1,
,OHU, ,0, ,0, ,0, ,0, ,0, ,0, ,0, ,0, ,0, ,0
,PWD, ,0, ,0, ,0, ,0, ,0, ,0, ,0, ,0, ,0, ,0
,PWD Common Reserved Seats :0,,,,,,,,,,,,,,,,,,,,
Economically Weaker Section (EWS) Seats :0, ,TFWS Choice Code : 0600524111T, ,Seats: 0,,,,,,,,,,,,,,,,,
,"F:Only For Female, HU:Home University, OHU:Other than Home University, PWD:Persons with Disabilities,Common Reserved:Combined Common for All Reserved Categories",,,,,,,,,,,,,,,,,,,,
,"STATE CET CELL , Mumbai", ,Page 157 of 191,,,,,,,,,,,,,,,,,,
Vacant seats after last date of reporting for Admission to First Year of PostGraduate Degree Courses in Master of Computer Applications for the Academic Year 2025-26,,,,,,,,,,,,,,,,,,,,,
,"6029 - Yashwantrao Chavan School of Rural Development, Kolhapur",,,,,,,,,,,,,,,,,,,,
,University Department, ,CAP Seats: 4,,,,,,,,,,,,,,,,,,
Choice Code, ,Course Name, ,SI, ,MS Seats, ,All India, ,Minority Seats, ,Institute Seats,,,,,,,,,
0602924110, ,60, ,3, ,1, ,0, ,0,,,,,,,,,,,
Master in Computer Application, ,,,,,,,,,,,,,,,,,,,,
Category, ,OPEN, ,SC, ,ST, ,VJDT, ,NTB, ,NTC, ,NTD, ,OBC, ,SEBC, ,Total,
HU, ,0, ,0, ,0, ,0, ,0, ,1, ,0, ,0, ,0, ,1,
,OHU, ,1, ,0, ,0, ,0, ,0, ,1, ,0, ,0, ,0, ,2
,PWD, ,0, ,0, ,0, ,0, ,0, ,0, ,0, ,0, ,0, ,0
,PWD Common Reserved Seats :0,,,,,,,,,,,,,,,,,,,,
Economically Weaker Section (EWS) Seats :5, ,TFWS Choice Code : 0602924111T, ,Seats: 0,,,,,,,,,,,,,,,,,
,"F:Only For Female, HU:Home University, OHU:Other than Home University, PWD:Persons with Disabilities,Common Reserved:Combined Common for All Reserved Categories",,,,,,,,,,,,,,,,,,,,
,"STATE CET CELL , Mumbai", ,Page 158 of 191,,,,,,,,,,,,,,,,,,
Vacant seats after last date of reporting for Admission to First Year of PostGraduate Degree Courses in Master of Computer Applications for the Academic Year 2025-26,,,,,,,,,,,,,,,,,,,,,
,"6208 - Deccan Education Society's Chintamanrao Institute of Management Development & Research, Sangli",,,,,,,,,,,,,,,,,,,,
,Un-Aided, ,CAP Seats: 7,,,,,,,,,,,,,,,,,,
Choice Code, ,Course Name, ,SI, ,MS Seats, ,All India, ,Minority Seats, ,Institute Seats,,,,,,,,,
0620824110, ,60, ,7, ,0, ,0, ,0,,,,,,,,,,,
Master in Computer Application, ,,,,,,,,,,,,,,,,,,,,
Category, ,OPEN, ,SC, ,ST, ,VJDT, ,NTB, ,NTC, ,NTD, ,OBC, ,SEBC, ,Total,
HU, ,0, ,1, ,0, ,0, ,0, ,1, ,0, ,1, ,0, ,3,
,OHU, ,3, ,0, ,0, ,0, ,1, ,0, ,0, ,0, ,0, ,4
,PWD, ,0, ,0, ,0, ,0, ,0, ,0, ,0, ,0, ,0, ,0
,PWD Common Reserved Seats :0,,,,,,,,,,,,,,,,,,,,
Economically Weaker Section (EWS) Seats :5, ,TFWS Choice Code : 0620824111T, ,Seats: 0,,,,,,,,,,,,,,,,,
,"F:Only For Female, HU:Home University, OHU:Other than Home University, PWD:Persons with Disabilities,Common Reserved:Combined Common for All Reserved Categories",,,,,,,,,,,,,,,,,,,,
,"STATE CET CELL , Mumbai", ,Page 159 of 191,,,,,,,,,,,,,,,,,,
Vacant seats after last date of reporting for Admission to First Year of PostGraduate Degree Courses in Master of Computer Applications for the Academic Year 2025-26,,,,,,,,,,,,,,,,,,,,,
,6212 - KIT's Institute of Management, ,"Education & Research, Kolhapur",,,,,,,,,,,,,,,,,,
,Un-Aided-Autonomous, ,CAP Seats: 3,,,,,,,,,,,,,,,,,,
Choice Code, ,Course Name, ,SI, ,MS Seats, ,All India, ,Minority Seats, ,Institute Seats,,,,,,,,,
0621224110, ,120, ,3, ,0, ,0, ,24,,,,,,,,,,,
Master in Computer Application, ,,,,,,,,,,,,,,,,,,,,
Category, ,OPEN, ,SC, ,ST, ,VJDT, ,NTB, ,NTC, ,NTD, ,OBC, ,SEBC, ,Total,
HU, ,1, ,0, ,0, ,0, ,0, ,0, ,0, ,1, ,0, ,2,
,OHU, ,0, ,0, ,0, ,0, ,0, ,0, ,1, ,0, ,0, ,1
,PWD, ,0, ,0, ,0, ,0, ,0, ,0, ,0, ,0, ,0, ,0
,PWD Common Reserved Seats :0,,,,,,,,,,,,,,,,,,,,
Economically Weaker Section (EWS) Seats :0, ,TFWS Choice Code : 0621224111T, ,Seats: 0,,,,,,,,,,,,,,,,,
,"F:Only For Female, HU:Home University, OHU:Other than Home University, PWD:Persons with Disabilities,Common Reserved:Combined Common for All Reserved Categories",,,,,,,,,,,,,,,,,,,,
,"STATE CET CELL , Mumbai", ,Page 160 of 191,,,,,,,,,,,,,,,,,,
Vacant seats after last date of reporting for Admission to First Year of PostGraduate Degree Courses in Master of Computer Applications for the Academic Year 2025-26,,,,,,,,,,,,,,,,,,,,,
,6213 - Chh. Shahu Institute Of Business, ,Edu, ,"And Res Vasantraodada Patil Institute Of Management Studies & Research, Sangli",,,,,,,,,,,,,,,,
,Un-Aided-Autonomous, ,CAP Seats: 11,,,,,,,,,,,,,,,,,,
Choice Code, ,Course Name, ,SI, ,MS Seats, ,All India, ,Minority Seats, ,Institute Seats,,,,,,,,,
0621324110, ,120, ,10, ,1, ,0, ,0,,,,,,,,,,,
Master in Computer Application, ,,,,,,,,,,,,,,,,,,,,
Category, ,OPEN, ,SC, ,ST, ,VJDT, ,NTB, ,NTC, ,NTD, ,OBC, ,SEBC, ,Total,
HU, ,0, ,0, ,1, ,0, ,1, ,1, ,0, ,3, ,3, ,9,
,OHU, ,0, ,0, ,0, ,1, ,0, ,0, ,0, ,0, ,0, ,1
,PWD, ,0, ,0, ,0, ,0, ,0, ,0, ,0, ,0, ,0, ,0
,PWD Common Reserved Seats :0,,,,,,,,,,,,,,,,,,,,
Economically Weaker Section (EWS) Seats :7, ,TFWS Choice Code : 0621324111T, ,Seats: 0,,,,,,,,,,,,,,,,,
,"F:Only For Female, HU:Home University, OHU:Other than Home University, PWD:Persons with Disabilities,Common Reserved:Combined Common for All Reserved Categories",,,,,,,,,,,,,,,,,,,,
,"STATE CET CELL , Mumbai", ,Page 161 of 191,,,,,,,,,,,,,,,,,,
Vacant seats after last date of reporting for Admission to First Year of PostGraduate Degree Courses in Master of Computer Applications for the Academic Year 2025-26,,,,,,,,,,,,,,,,,,,,,
,"6214 - K. E. Society's Rajarambapu Institute of Technology, Walwa, Sangli",,,,,,,,,,,,,,,,,,,,
,Un-Aided-Autonomous, ,CAP Seats: 1,,,,,,,,,,,,,,,,,,
Choice Code, ,Course Name, ,SI, ,MS Seats, ,All India, ,Minority Seats, ,Institute Seats,,,,,,,,,
0621424110, ,60, ,1, ,0, ,0, ,0,,,,,,,,,,,
Master in Computer Application, ,,,,,,,,,,,,,,,,,,,,
Category, ,OPEN, ,SC, ,ST, ,VJDT, ,NTB, ,NTC, ,NTD, ,OBC, ,SEBC, ,Total,
HU, ,0, ,0, ,0, ,0, ,0, ,1, ,0, ,0, ,0, ,1,
,OHU, ,0, ,0, ,0, ,0, ,0, ,0, ,0, ,0, ,0, ,0
,PWD, ,0, ,0, ,0, ,0, ,0, ,0, ,0, ,0, ,0, ,0
,PWD Common Reserved Seats :0,,,,,,,,,,,,,,,,,,,,
Economically Weaker Section (EWS) Seats :0, ,TFWS Choice Code : 0621424111T, ,Seats: 0,,,,,,,,,,,,,,,,,
,"F:Only For Female, HU:Home University, OHU:Other than Home University, PWD:Persons with Disabilities,Common Reserved:Combined Common for All Reserved Categories",,,,,,,,,,,,,,,,,,,,
,"STATE CET CELL , Mumbai", ,Page 162 of 191,,,,,,,,,,,,,,,,,,
Vacant seats after last date of reporting for Admission to First Year of PostGraduate Degree Courses in Master of Computer Applications for the Academic Year 2025-26,,,,,,,,,,,,,,,,,,,,,
,"6222 - Dattajirao Kadam Technical Education Society's Textile & Engineering Institute, Ichalkaranji.",,,,,,,,,,,,,,,,,,,,
,Un-Aided-Autonomous, ,CAP Seats: 1,,,,,,,,,,,,,,,,,,
Choice Code, ,Course Name, ,SI, ,MS Seats, ,All India, ,Minority Seats, ,Institute Seats,,,,,,,,,
0622224110, ,60, ,1, ,0, ,0, ,2,,,,,,,,,,,
Master in Computer Application, ,,,,,,,,,,,,,,,,,,,,
Category, ,OPEN, ,SC, ,ST, ,VJDT, ,NTB, ,NTC, ,NTD, ,OBC, ,SEBC, ,Total,
HU, ,0, ,0, ,0, ,0, ,0, ,1, ,0, ,0, ,0, ,1,
,OHU, ,0, ,0, ,0, ,0, ,0, ,0, ,0, ,0, ,0, ,0
,PWD, ,0, ,0, ,0, ,0, ,0, ,0, ,0, ,0, ,0, ,0
,PWD Common Reserved Seats :0,,,,,,,,,,,,,,,,,,,,
Economically Weaker Section (EWS) Seats :0, ,TFWS Choice Code : 0622224111T, ,Seats: 0,,,,,,,,,,,,,,,,,
,"F:Only For Female, HU:Home University, OHU:Other than Home University, PWD:Persons with Disabilities,Common Reserved:Combined Common for All Reserved Categories",,,,,,,,,,,,,,,,,,,,
,"STATE CET CELL , Mumbai", ,Page 163 of 191,,,,,,,,,,,,,,,,,,
Vacant seats after last date of reporting for Admission to First Year of PostGraduate Degree Courses in Master of Computer Applications for the Academic Year 2025-26,,,,,,,,,,,,,,,,,,,,,
,"6248 - KFS - Krishna Institute of Computer Application & Management, Wathar",,,,,,,,,,,,,,,,,,,,
,Un-Aided, ,CAP Seats: 9,,,,,,,,,,,,,,,,,,
Choice Code, ,Course Name, ,SI, ,MS Seats, ,All India, ,Minority Seats, ,Institute Seats,,,,,,,,,
0624824110, ,120, ,7, ,2, ,0, ,0,,,,,,,,,,,
Master in Computer Application, ,,,,,,,,,,,,,,,,,,,,
Category, ,OPEN, ,SC, ,ST, ,VJDT, ,NTB, ,NTC, ,NTD, ,OBC, ,SEBC, ,Total,
HU, ,1, ,1, ,0, ,0, ,0, ,0, ,1, ,1, ,0, ,4,
,OHU, ,2, ,0, ,0, ,0, ,0, ,0, ,0, ,0, ,1, ,3
,PWD, ,0, ,0, ,0, ,0, ,0, ,0, ,0, ,0, ,0, ,0
,PWD Common Reserved Seats :0,,,,,,,,,,,,,,,,,,,,
Economically Weaker Section (EWS) Seats :12, ,TFWS Choice Code : 0624824111T, ,Seats: 0,,,,,,,,,,,,,,,,,
,"F:Only For Female, HU:Home University, OHU:Other than Home University, PWD:Persons with Disabilities,Common Reserved:Combined Common for All Reserved Categories",,,,,,,,,,,,,,,,,,,,
,"STATE CET CELL , Mumbai", ,Page 164 of 191,,,,,,,,,,,,,,,,,,
Vacant seats after last date of reporting for Admission to First Year of PostGraduate Degree Courses in Master of Computer Applications for the Academic Year 2025-26,,,,,,,,,,,,,,,,,,,,,
,6277 - Dr. J. J. Magdum, ,"Charitable Trust's Dr. J.J. Magdum College of Engineering, Jaysingpur",,,,,,,,,,,,,,,,,,
,Un-Aided-Autonomous, ,CAP Seats: 4,,,,,,,,,,,,,,,,,,
Choice Code, ,Course Name, ,SI, ,MS Seats, ,All India, ,Minority Seats, ,Institute Seats,,,,,,,,,
0627724110, ,60, ,4, ,0, ,0, ,3,,,,,,,,,,,
Master in Computer Application, ,,,,,,,,,,,,,,,,,,,,
Category, ,OPEN, ,SC, ,ST, ,VJDT, ,NTB, ,NTC, ,NTD, ,OBC, ,SEBC, ,Total,
HU, ,2, ,0, ,0, ,0, ,0, ,0, ,0, ,0, ,0, ,2,
,OHU, ,1, ,0, ,0, ,0, ,0, ,0, ,0, ,1, ,0, ,2
,PWD, ,0, ,0, ,0, ,0, ,0, ,0, ,0, ,0, ,0, ,0
,PWD Common Reserved Seats :0,,,,,,,,,,,,,,,,,,,,
Economically Weaker Section (EWS) Seats :2, ,TFWS Choice Code : 0627724111T, ,Seats: 0,,,,,,,,,,,,,,,,,
,"F:Only For Female, HU:Home University, OHU:Other than Home University, PWD:Persons with Disabilities,Common Reserved:Combined Common for All Reserved Categories",,,,,,,,,,,,,,,,,,,,
,"STATE CET CELL , Mumbai", ,Page 165 of 191,,,,,,,,,,,,,,,,,,
Vacant seats after last date of reporting for Admission to First Year of PostGraduate Degree Courses in Master of Computer Applications for the Academic Year 2025-26,,,,,,,,,,,,,,,,,,,,,
,"6757 - Yashoda Technical Campus, Wadhe, Satara.",,,,,,,,,,,,,,,,,,,,
,Un-Aided, ,CAP Seats: 18,,,,,,,,,,,,,,,,,,
Choice Code, ,Course Name, ,SI, ,MS Seats, ,All India, ,Minority Seats, ,Institute Seats,,,,,,,,,
0675724110, ,180, ,18, ,0, ,0, ,0,,,,,,,,,,,
Master in Computer Application, ,,,,,,,,,,,,,,,,,,,,
Category, ,OPEN, ,SC, ,ST, ,VJDT, ,NTB, ,NTC, ,NTD, ,OBC, ,SEBC, ,Total,
HU, ,1, ,1, ,2, ,0, ,0, ,1, ,0, ,8, ,2, ,15,
,OHU, ,0, ,0, ,0, ,0, ,0, ,0, ,0, ,2, ,1, ,3
,PWD, ,0, ,0, ,0, ,0, ,0, ,0, ,0, ,0, ,0, ,0
,PWD Common Reserved Seats :0,,,,,,,,,,,,,,,,,,,,
Economically Weaker Section (EWS) Seats :18, ,TFWS Choice Code : 0675724111T, ,Seats: 0,,,,,,,,,,,,,,,,,
,"F:Only For Female, HU:Home University, OHU:Other than Home University, PWD:Persons with Disabilities,Common Reserved:Combined Common for All Reserved Categories",,,,,,,,,,,,,,,,,,,,
,"STATE CET CELL , Mumbai", ,Page 166 of 191,,,,,,,,,,,,,,,,,,
Vacant seats after last date of reporting for Admission to First Year of PostGraduate Degree Courses in Master of Computer Applications for the Academic Year 2025-26,,,,,,,,,,,,,,,,,,,,,
,"6803 - Sant Gajanan Maharaj College of Engineering, Gadhinglaj",,,,,,,,,,,,,,,,,,,,
,Un-Aided, ,CAP Seats: 4,,,,,,,,,,,,,,,,,,
Choice Code, ,Course Name, ,SI, ,MS Seats, ,All India, ,Minority Seats, ,Institute Seats,,,,,,,,,
0680324110, ,60, ,3, ,1, ,0, ,6,,,,,,,,,,,
Master in Computer Application, ,,,,,,,,,,,,,,,,,,,,
Category, ,OPEN, ,SC, ,ST, ,VJDT, ,NTB, ,NTC, ,NTD, ,OBC, ,SEBC, ,Total,
HU, ,0, ,0, ,0, ,0, ,0, ,0, ,0, ,1, ,1, ,2,
,OHU, ,0, ,1, ,0, ,0, ,0, ,0, ,0, ,0, ,0, ,1
,PWD, ,0, ,0, ,0, ,0, ,0, ,0, ,0, ,0, ,0, ,0
,PWD Common Reserved Seats :0,,,,,,,,,,,,,,,,,,,,
Economically Weaker Section (EWS) Seats :0, ,TFWS Choice Code : 0680324111T, ,Seats: 0,,,,,,,,,,,,,,,,,
,"F:Only For Female, HU:Home University, OHU:Other than Home University, PWD:Persons with Disabilities,Common Reserved:Combined Common for All Reserved Categories",,,,,,,,,,,,,,,,,,,,
,"STATE CET CELL , Mumbai", ,Page 167 of 191,,,,,,,,,,,,,,,,,,
Vacant seats after last date of reporting for Admission to First Year of PostGraduate Degree Courses in Master of Computer Applications for the Academic Year 2025-26,,,,,,,,,,,,,,,,,,,,,
,"6899 - Chhatrapati Shahu Institute of Business Education & Research, Kolhapur",,,,,,,,,,,,,,,,,,,,
,Un-Aided-Autonomous, ,CAP Seats: 4,,,,,,,,,,,,,,,,,,
Choice Code, ,Course Name, ,SI, ,MS Seats, ,All India, ,Minority Seats, ,Institute Seats,,,,,,,,,
0689924110, ,120, ,3, ,1, ,0, ,0,,,,,,,,,,,
Master in Computer Application, ,,,,,,,,,,,,,,,,,,,,
Category, ,OPEN, ,SC, ,ST, ,VJDT, ,NTB, ,NTC, ,NTD, ,OBC, ,SEBC, ,Total,
HU, ,0, ,0, ,0, ,0, ,0, ,0, ,0, ,2, ,0, ,2,
,OHU, ,1, ,0, ,0, ,0, ,0, ,0, ,0, ,0, ,0, ,1
,PWD, ,0, ,0, ,0, ,0, ,0, ,0, ,0, ,0, ,0, ,0
,PWD Common Reserved Seats :0,,,,,,,,,,,,,,,,,,,,
Economically Weaker Section (EWS) Seats :2, ,TFWS Choice Code : 0689924111T, ,Seats: 0,,,,,,,,,,,,,,,,,
,"F:Only For Female, HU:Home University, OHU:Other than Home University, PWD:Persons with Disabilities,Common Reserved:Combined Common for All Reserved Categories",,,,,,,,,,,,,,,,,,,,
,"STATE CET CELL , Mumbai", ,Page 168 of 191,,,,,,,,,,,,,,,,,,
Vacant seats after last date of reporting for Admission to First Year of PostGraduate Degree Courses in Master of Computer Applications for the Academic Year 2025-26,,,,,,,,,,,,,,,,,,,,,
,"16125 - Vivekanand College, Kolhapur",,,,,,,,,,,,,,,,,,,,
,Un-Aided, ,CAP Seats: 3,,,,,,,,,,,,,,,,,,
Choice Code, ,Course Name, ,SI, ,MS Seats, ,All India, ,Minority Seats, ,Institute Seats,,,,,,,,,
1612524210, ,60, ,2, ,1, ,0, ,0,,,,,,,,,,,
Master of Computer Applications, ,,,,,,,,,,,,,,,,,,,,
Category, ,OPEN, ,SC, ,ST, ,VJDT, ,NTB, ,NTC, ,NTD, ,OBC, ,SEBC, ,Total,
HU, ,0, ,0, ,0, ,0, ,0, ,1, ,0, ,0, ,0, ,1,
,OHU, ,1, ,0, ,0, ,0, ,0, ,0, ,0, ,0, ,0, ,1
,PWD, ,0, ,0, ,0, ,0, ,0, ,0, ,0, ,0, ,0, ,0
,PWD Common Reserved Seats :0,,,,,,,,,,,,,,,,,,,,
Economically Weaker Section (EWS) Seats :3, ,TFWS Choice Code : 1612524211T, ,Seats: 0,,,,,,,,,,,,,,,,,
,"F:Only For Female, HU:Home University, OHU:Other than Home University, PWD:Persons with Disabilities,Common Reserved:Combined Common for All Reserved Categories",,,,,,,,,,,,,,,,,,,,
,"STATE CET CELL , Mumbai", ,Page 169 of 191,,,,,,,,,,,,,,,,,,
Vacant seats after last date of reporting for Admission to First Year of PostGraduate Degree Courses in Master of Computer Applications for the Academic Year 2025-26,,,,,,,,,,,,,,,,,,,,,
,16130 - KARMAVEER HIRE ARTS SCIENCE COMMERCE AND EDUCATION COLLEGE,,,,,,,,,,,,,,,,,,,,
,Un-Aided, ,CAP Seats: 2,,,,,,,,,,,,,,,,,,
Choice Code, ,Course Name, ,SI, ,MS Seats, ,All India, ,Minority Seats, ,Institute Seats,,,,,,,,,
1613024270U, ,60, ,2, ,0, ,0, ,0,,,,,,,,,,,
Master of Computer Applications, ,,,,,,,,,,,,,,,,,,,,
Category, ,OPEN, ,SC, ,ST, ,VJDT, ,NTB, ,NTC, ,NTD, ,OBC, ,SEBC, ,Total,
HU, ,0, ,0, ,0, ,0, ,0, ,0, ,0, ,0, ,0, ,0,
,OHU, ,2, ,0, ,0, ,0, ,0, ,0, ,0, ,0, ,0, ,2
,PWD, ,0, ,0, ,0, ,0, ,0, ,0, ,0, ,0, ,0, ,0
,PWD Common Reserved Seats :0,,,,,,,,,,,,,,,,,,,,
Economically Weaker Section (EWS) Seats :6, ,TFWS Choice Code : 1613024271UT, ,Seats: 0,,,,,,,,,,,,,,,,,
,"F:Only For Female, HU:Home University, OHU:Other than Home University, PWD:Persons with Disabilities,Common Reserved:Combined Common for All Reserved Categories",,,,,,,,,,,,,,,,,,,,
,"STATE CET CELL , Mumbai", ,Page 170 of 191,,,,,,,,,,,,,,,,,,
Vacant seats after last date of reporting for Admission to First Year of PostGraduate Degree Courses in Master of Computer Applications for the Academic Year 2025-26,,,,,,,,,,,,,,,,,,,,,
,16153 - MUDHOJI COLLEGE PHALTAN,,,,,,,,,,,,,,,,,,,,
,Un-Aided, ,CAP Seats: 26,,,,,,,,,,,,,,,,,,
Choice Code, ,Course Name, ,SI, ,MS Seats, ,All India, ,Minority Seats, ,Institute Seats,,,,,,,,,
1615324170U, ,60, ,18, ,8, ,0, ,0,,,,,,,,,,,
Master in Computer Application, ,,,,,,,,,,,,,,,,,,,,
Category, ,OPEN, ,SC, ,ST, ,VJDT, ,NTB, ,NTC, ,NTD, ,OBC, ,SEBC, ,Total,
HU, ,0, ,2, ,1, ,1, ,1, ,0, ,1, ,1, ,1, ,8,
,OHU, ,2, ,1, ,1, ,1, ,0, ,0, ,0, ,3, ,1, ,9
,PWD, ,1, ,0, ,0, ,0, ,0, ,0, ,0, ,0, ,0, ,1
,PWD Common Reserved Seats :0,,,,,,,,,,,,,,,,,,,,
Economically Weaker Section (EWS) Seats :6, ,TFWS Choice Code : 1615324171UT, ,Seats: 1,,,,,,,,,,,,,,,,,
,"F:Only For Female, HU:Home University, OHU:Other than Home University, PWD:Persons with Disabilities,Common Reserved:Combined Common for All Reserved Categories",,,,,,,,,,,,,,,,,,,,
,"STATE CET CELL , Mumbai", ,Page 171 of 191,,,,,,,,,,,,,,,,,,
Vacant seats after last date of reporting for Admission to First Year of PostGraduate Degree Courses in Master of Computer Applications for the Academic Year 2025-26,,,,,,,,,,,,,,,,,,,,,
,"16200 - YASHWANTRAO CHAVAN MAHAVIDYALAYA, ISLAMPUR",,,,,,,,,,,,,,,,,,,,
,Un-Aided, ,CAP Seats: 9,,,,,,,,,,,,,,,,,,
Choice Code, ,Course Name, ,SI, ,MS Seats, ,All India, ,Minority Seats, ,Institute Seats,,,,,,,,,
1620024110, ,60, ,8, ,1, ,0, ,0,,,,,,,,,,,
Master in Computer Application, ,,,,,,,,,,,,,,,,,,,,
Category, ,OPEN, ,SC, ,ST, ,VJDT, ,NTB, ,NTC, ,NTD, ,OBC, ,SEBC, ,Total,
HU, ,1, ,0, ,0, ,0, ,1, ,0, ,0, ,3, ,2, ,7,
,OHU, ,0, ,0, ,0, ,0, ,1, ,0, ,0, ,0, ,0, ,1
,PWD, ,0, ,0, ,0, ,0, ,0, ,0, ,0, ,0, ,0, ,0
,PWD Common Reserved Seats :0,,,,,,,,,,,,,,,,,,,,
Economically Weaker Section (EWS) Seats :6, ,TFWS Choice Code : 1620024111T, ,Seats: 0,,,,,,,,,,,,,,,,,
,"F:Only For Female, HU:Home University, OHU:Other than Home University, PWD:Persons with Disabilities,Common Reserved:Combined Common for All Reserved Categories",,,,,,,,,,,,,,,,,,,,
,"STATE CET CELL , Mumbai", ,Page 172 of 191,,,,,,,,,,,,,,,,,,
Vacant seats after last date of reporting for Admission to First Year of PostGraduate Degree Courses in Master of Computer Applications for the Academic Year 2025-26,,,,,,,,,,,,,,,,,,,,,
,16207 - SADGURU GADGE MAHARAJ COLLEGE KARAD,,,,,,,,,,,,,,,,,,,,
,Un-Aided-Autonomous, ,CAP Seats: 9,,,,,,,,,,,,,,,,,,
Choice Code, ,Course Name, ,SI, ,MS Seats, ,All India, ,Minority Seats, ,Institute Seats,,,,,,,,,
1620724170U, ,60, ,9, ,0, ,0, ,0,,,,,,,,,,,
Master in Computer Application, ,,,,,,,,,,,,,,,,,,,,
Category, ,OPEN, ,SC, ,ST, ,VJDT, ,NTB, ,NTC, ,NTD, ,OBC, ,SEBC, ,Total,
HU, ,0, ,1, ,0, ,0, ,0, ,0, ,1, ,4, ,1, ,7,
,OHU, ,1, ,0, ,0, ,0, ,0, ,0, ,0, ,1, ,0, ,2
,PWD, ,0, ,0, ,0, ,0, ,0, ,0, ,0, ,0, ,0, ,0
,PWD Common Reserved Seats :0,,,,,,,,,,,,,,,,,,,,
Economically Weaker Section (EWS) Seats :5, ,TFWS Choice Code : 1620724171UT, ,Seats: 0,,,,,,,,,,,,,,,,,
,"F:Only For Female, HU:Home University, OHU:Other than Home University, PWD:Persons with Disabilities,Common Reserved:Combined Common for All Reserved Categories",,,,,,,,,,,,,,,,,,,,
,"STATE CET CELL , Mumbai", ,Page 173 of 191,,,,,,,,,,,,,,,,,,
Vacant seats after last date of reporting for Admission to First Year of PostGraduate Degree Courses in Master of Computer Applications for the Academic Year 2025-26,,,,,,,,,,,,,,,,,,,,,
,"16353 - Shivsamarth Institute of Management, Talmawale",,,,,,,,,,,,,,,,,,,,
,Un-Aided, ,CAP Seats: 8,,,,,,,,,,,,,,,,,,
Choice Code, ,Course Name, ,SI, ,MS Seats, ,All India, ,Minority Seats, ,Institute Seats,,,,,,,,,
1635324110, ,60, ,8, ,0, ,0, ,0,,,,,,,,,,,
Master in Computer Application, ,,,,,,,,,,,,,,,,,,,,
Category, ,OPEN, ,SC, ,ST, ,VJDT, ,NTB, ,NTC, ,NTD, ,OBC, ,SEBC, ,Total,
HU, ,1, ,0, ,0, ,0, ,0, ,0, ,0, ,3, ,2, ,6,
,OHU, ,0, ,1, ,0, ,0, ,0, ,0, ,0, ,0, ,1, ,2
,PWD, ,0, ,0, ,0, ,0, ,0, ,0, ,0, ,0, ,0, ,0
,PWD Common Reserved Seats :0,,,,,,,,,,,,,,,,,,,,
Economically Weaker Section (EWS) Seats :6, ,TFWS Choice Code : 1635324111T, ,Seats: 0,,,,,,,,,,,,,,,,,
,"F:Only For Female, HU:Home University, OHU:Other than Home University, PWD:Persons with Disabilities,Common Reserved:Combined Common for All Reserved Categories",,,,,,,,,,,,,,,,,,,,
,"STATE CET CELL , Mumbai", ,Page 174 of 191,,,,,,,,,,,,,,,,,,
Vacant seats after last date of reporting for Admission to First Year of PostGraduate Degree Courses in Master of Computer Applications for the Academic Year 2025-26,,,,,,,,,,,,,,,,,,,,,
,16358 - Zeal Institute of Technology,,,,,,,,,,,,,,,,,,,,
,Un-Aided, ,CAP Seats: 26,,,,,,,,,,,,,,,,,,
Choice Code, ,Course Name, ,SI, ,MS Seats, ,All India, ,Minority Seats, ,Institute Seats,,,,,,,,,
1635824110, ,120, ,21, ,5, ,0, ,0,,,,,,,,,,,
Master in Computer Application, ,,,,,,,,,,,,,,,,,,,,
Category, ,OPEN, ,SC, ,ST, ,VJDT, ,NTB, ,NTC, ,NTD, ,OBC, ,SEBC, ,Total,
HU, ,2, ,2, ,2, ,0, ,0, ,0, ,0, ,3, ,1, ,10,
,OHU, ,9, ,0, ,1, ,0, ,1, ,0, ,0, ,0, ,0, ,11
,PWD, ,0, ,0, ,0, ,0, ,0, ,0, ,0, ,0, ,0, ,0
,PWD Common Reserved Seats :0,,,,,,,,,,,,,,,,,,,,
Economically Weaker Section (EWS) Seats :11, ,TFWS Choice Code : 1635824111T, ,Seats: 0,,,,,,,,,,,,,,,,,
,"F:Only For Female, HU:Home University, OHU:Other than Home University, PWD:Persons with Disabilities,Common Reserved:Combined Common for All Reserved Categories",,,,,,,,,,,,,,,,,,,,
,"STATE CET CELL , Mumbai", ,Page 175 of 191,,,,,,,,,,,,,,,,,,
Vacant seats after last date of reporting for Admission to First Year of PostGraduate Degree Courses in Master of Computer Applications for the Academic Year 2025-26,,,,,,,,,,,,,,,,,,,,,
,SNDT Women's University,,,,,,,,,,,,,,,,,,,,
,"3032 - S.N.D.T Women's University P.G.D. of Computer Science, Mumbai",,,,,,,,,,,,,,,,,,,,
,University Managed, ,CAP Seats: 12,,,,,,,,,,,,,,,,,,
Choice Code, ,Course Name, ,SI, ,MS Seats, ,All India, ,Minority Seats, ,Institute Seats,,,,,,,,,
0303224150F, ,Master in Computer Application, ,60, ,11, ,1, ,0, ,0,,,,,,,,,
Category, ,OPEN, ,SC, ,ST, ,VJDT, ,NTB, ,NTC, ,NTD, ,OBC, ,SEBC, ,Total,
State Level, ,3, ,3, ,0, ,1, ,1, ,0, ,1, ,0, ,2, ,11,
,PWD, ,0, ,0, ,0, ,0, ,0, ,0, ,0, ,0, ,0, ,0
,PWD Common Reserved Seats :0,,,,,,,,,,,,,,,,,,,,
Economically Weaker Section (EWS) Seats :5, ,TFWS Choice Code : 0303224151FT, ,Seats: 0,,,,,,,,,,,,,,,,,
,"F:Only For Female, HU:Home University, OHU:Other than Home University, PWD:Persons with Disabilities,Common Reserved:Combined Common for All Reserved Categories",,,,,,,,,,,,,,,,,,,,
,"STATE CET CELL , Mumbai", ,Page 176 of 191,,,,,,,,,,,,,,,,,,
Vacant seats after last date of reporting for Admission to First Year of PostGraduate Degree Courses in Master of Computer Applications for the Academic Year 2025-26,,,,,,,,,,,,,,,,,,,,,
,"5153 - West Khandesh Bhagini Seva Mandal's Dr. Suryakanta R. Ajmera M.C.A. College for Women, Dhule",,,,,,,,,,,,,,,,,,,,
,Un-Aided-Linguistic Minority - Hindi, ,CAP Seats: 0,,,,,,,,,,,,,,,,,,
Choice Code, ,Course Name, ,SI, ,MS Seats, ,All India, ,Minority Seats, ,Institute Seats,,,,,,,,,
0515324150F, ,60, ,0, ,0, ,0, ,0,,,,,,,,,,,
Master in Computer Application, ,,,,,,,,,,,,,,,,,,,,
Category, ,OPEN, ,SC, ,ST, ,VJDT, ,NTB, ,NTC, ,NTD, ,OBC, ,SEBC, ,Total,
State Level, ,0, ,0, ,0, ,0, ,0, ,0, ,0, ,0, ,0, ,0,
,PWD, ,0, ,0, ,0, ,0, ,0, ,0, ,0, ,0, ,0, ,0
,PWD Common Reserved Seats :0,,,,,,,,,,,,,,,,,,,,
Economically Weaker Section (EWS) Seats :0, ,TFWS Choice Code : 0515324151FT, ,Seats: 0,,,,,,,,,,,,,,,,,
,"F:Only For Female, HU:Home University, OHU:Other than Home University, PWD:Persons with Disabilities,Common Reserved:Combined Common for All Reserved Categories",,,,,,,,,,,,,,,,,,,,
,"STATE CET CELL , Mumbai", ,Page 177 of 191,,,,,,,,,,,,,,,,,,
Vacant seats after last date of reporting for Admission to First Year of PostGraduate Degree Courses in Master of Computer Applications for the Academic Year 2025-26,,,,,,,,,,,,,,,,,,,,,
,"6971 - K.B. Joshi Institute of Information Technology, Pune",,,,,,,,,,,,,,,,,,,,
,Un-Aided, ,CAP Seats: 4,,,,,,,,,,,,,,,,,,
Choice Code, ,Course Name, ,SI, ,MS Seats, ,All India, ,Minority Seats, ,Institute Seats,,,,,,,,,
0697124150F, ,60, ,4, ,0, ,0, ,0,,,,,,,,,,,
Master in Computer Application, ,,,,,,,,,,,,,,,,,,,,
Category, ,OPEN, ,SC, ,ST, ,VJDT, ,NTB, ,NTC, ,NTD, ,OBC, ,SEBC, ,Total,
State Level, ,2, ,0, ,0, ,0, ,0, ,0, ,0, ,2, ,0, ,4,
,PWD, ,0, ,0, ,0, ,0, ,0, ,0, ,0, ,0, ,0, ,0
,PWD Common Reserved Seats :0,,,,,,,,,,,,,,,,,,,,
Economically Weaker Section (EWS) Seats :0, ,TFWS Choice Code : 0697124151FT, ,Seats: 0,,,,,,,,,,,,,,,,,
,"F:Only For Female, HU:Home University, OHU:Other than Home University, PWD:Persons with Disabilities,Common Reserved:Combined Common for All Reserved Categories",,,,,,,,,,,,,,,,,,,,
,"STATE CET CELL , Mumbai", ,Page 178 of 191,,,,,,,,,,,,,,,,,,
Vacant seats after last date of reporting for Admission to First Year of PostGraduate Degree Courses in Master of Computer Applications for the Academic Year 2025-26,,,,,,,,,,,,,,,,,,,,,
,"Swami Ramanand Teerth Marathwada University, Nanded",,,,,,,,,,,,,,,,,,,,
,2007 - Swami, ,"Ramanand Teerth Marathwada Vidyapeeth, Nanded",,,,,,,,,,,,,,,,,,
,University Department, ,CAP Seats: 7,,,,,,,,,,,,,,,,,,
Choice Code, ,Course Name, ,SI, ,MS Seats, ,All India, ,Minority Seats, ,Institute Seats,,,,,,,,,
0200724110, ,Master in Computer Application, ,60, ,6, ,1, ,0, ,0,,,,,,,,,
Category, ,OPEN, ,SC, ,ST, ,VJDT, ,NTB, ,NTC, ,NTD, ,OBC, ,SEBC, ,Total,
HU, ,1, ,1, ,0, ,1, ,0, ,0, ,0, ,1, ,0, ,4,
,OHU, ,2, ,0, ,0, ,0, ,0, ,0, ,0, ,0, ,0, ,2
,PWD, ,0, ,0, ,0, ,0, ,0, ,0, ,0, ,0, ,0, ,0
,PWD Common Reserved Seats :0,,,,,,,,,,,,,,,,,,,,
Economically Weaker Section (EWS) Seats :1, ,TFWS Choice Code : 0200724111T, ,Seats: 0,,,,,,,,,,,,,,,,,
,"F:Only For Female, HU:Home University, OHU:Other than Home University, PWD:Persons with Disabilities,Common Reserved:Combined Common for All Reserved Categories",,,,,,,,,,,,,,,,,,,,
,"STATE CET CELL , Mumbai", ,Page 179 of 191,,,,,,,,,,,,,,,,,,
Vacant seats after last date of reporting for Admission to First Year of PostGraduate Degree Courses in Master of Computer Applications for the Academic Year 2025-26,,,,,,,,,,,,,,,,,,,,,
,"2115 - Sahyog Sevabhavi Santha's Indira Institute of Management Science, Nanded",,,,,,,,,,,,,,,,,,,,
,Un-Aided, ,CAP Seats: 14,,,,,,,,,,,,,,,,,,
Choice Code, ,Course Name, ,SI, ,MS Seats, ,All India, ,Minority Seats, ,Institute Seats,,,,,,,,,
0211524110, ,60, ,12, ,2, ,0, ,0,,,,,,,,,,,
Master in Computer Application, ,,,,,,,,,,,,,,,,,,,,
Category, ,OPEN, ,SC, ,ST, ,VJDT, ,NTB, ,NTC, ,NTD, ,OBC, ,SEBC, ,Total,
HU, ,3, ,1, ,0, ,0, ,0, ,0, ,0, ,2, ,0, ,6,
,OHU, ,2, ,1, ,0, ,1, ,0, ,1, ,0, ,1, ,0, ,6
,PWD, ,0, ,0, ,0, ,0, ,0, ,0, ,0, ,0, ,0, ,0
,PWD Common Reserved Seats :0,,,,,,,,,,,,,,,,,,,,
Economically Weaker Section (EWS) Seats :1, ,TFWS Choice Code : 0211524111T, ,Seats: 0,,,,,,,,,,,,,,,,,
,"F:Only For Female, HU:Home University, OHU:Other than Home University, PWD:Persons with Disabilities,Common Reserved:Combined Common for All Reserved Categories",,,,,,,,,,,,,,,,,,,,
,"STATE CET CELL , Mumbai", ,Page 180 of 191,,,,,,,,,,,,,,,,,,
Vacant seats after last date of reporting for Admission to First Year of PostGraduate Degree Courses in Master of Computer Applications for the Academic Year 2025-26,,,,,,,,,,,,,,,,,,,,,
,"2119 - Shree Sharda Bhavan Education Society's Institute of Technology & Management, Nanded",,,,,,,,,,,,,,,,,,,,
,Un-Aided, ,CAP Seats: 1,,,,,,,,,,,,,,,,,,
Choice Code, ,Course Name, ,SI, ,MS Seats, ,All India, ,Minority Seats, ,Institute Seats,,,,,,,,,
0211924110, ,60, ,1, ,0, ,0, ,0,,,,,,,,,,,
Master in Computer Application, ,,,,,,,,,,,,,,,,,,,,
Category, ,OPEN, ,SC, ,ST, ,VJDT, ,NTB, ,NTC, ,NTD, ,OBC, ,SEBC, ,Total,
HU, ,0, ,0, ,0, ,0, ,0, ,0, ,0, ,0, ,1, ,1,
,OHU, ,0, ,0, ,0, ,0, ,0, ,0, ,0, ,0, ,0, ,0
,PWD, ,0, ,0, ,0, ,0, ,0, ,0, ,0, ,0, ,0, ,0
,PWD Common Reserved Seats :0,,,,,,,,,,,,,,,,,,,,
Economically Weaker Section (EWS) Seats :0, ,TFWS Choice Code : 0211924111T, ,Seats: 0,,,,,,,,,,,,,,,,,
,"F:Only For Female, HU:Home University, OHU:Other than Home University, PWD:Persons with Disabilities,Common Reserved:Combined Common for All Reserved Categories",,,,,,,,,,,,,,,,,,,,
,"STATE CET CELL , Mumbai", ,Page 181 of 191,,,,,,,,,,,,,,,,,,
Vacant seats after last date of reporting for Admission to First Year of PostGraduate Degree Courses in Master of Computer Applications for the Academic Year 2025-26,,,,,,,,,,,,,,,,,,,,,
,"2120 - Dnyanopasak Shikshan Mandal's Institute of Information Technology & Management, Parbhani.",,,,,,,,,,,,,,,,,,,,
,Un-Aided, ,CAP Seats: 4,,,,,,,,,,,,,,,,,,
Choice Code, ,Course Name, ,SI, ,MS Seats, ,All India, ,Minority Seats, ,Institute Seats,,,,,,,,,
0212024110, ,60, ,3, ,1, ,0, ,12,,,,,,,,,,,
Master in Computer Application, ,,,,,,,,,,,,,,,,,,,,
Category, ,OPEN, ,SC, ,ST, ,VJDT, ,NTB, ,NTC, ,NTD, ,OBC, ,SEBC, ,Total,
HU, ,0, ,0, ,0, ,0, ,0, ,0, ,0, ,1, ,0, ,1,
,OHU, ,2, ,0, ,0, ,0, ,0, ,0, ,0, ,0, ,0, ,2
,PWD, ,0, ,0, ,0, ,0, ,0, ,0, ,0, ,0, ,0, ,0
,PWD Common Reserved Seats :0,,,,,,,,,,,,,,,,,,,,
Economically Weaker Section (EWS) Seats :1, ,TFWS Choice Code : 0212024111T, ,Seats: 0,,,,,,,,,,,,,,,,,
,"F:Only For Female, HU:Home University, OHU:Other than Home University, PWD:Persons with Disabilities,Common Reserved:Combined Common for All Reserved Categories",,,,,,,,,,,,,,,,,,,,
,"STATE CET CELL , Mumbai", ,Page 182 of 191,,,,,,,,,,,,,,,,,,
Vacant seats after last date of reporting for Admission to First Year of PostGraduate Degree Courses in Master of Computer Applications for the Academic Year 2025-26,,,,,,,,,,,,,,,,,,,,,
,"2129 - M.S. Bidve Engineering College, Latur",,,,,,,,,,,,,,,,,,,,
,Un-Aided, ,CAP Seats: 1,,,,,,,,,,,,,,,,,,
Choice Code, ,Course Name, ,SI, ,MS Seats, ,All India, ,Minority Seats, ,Institute Seats,,,,,,,,,
0212924110, ,60, ,1, ,0, ,0, ,12,,,,,,,,,,,
Master in Computer Application, ,,,,,,,,,,,,,,,,,,,,
Category, ,OPEN, ,SC, ,ST, ,VJDT, ,NTB, ,NTC, ,NTD, ,OBC, ,SEBC, ,Total,
HU, ,1, ,0, ,0, ,0, ,0, ,0, ,0, ,0, ,0, ,1,
,OHU, ,0, ,0, ,0, ,0, ,0, ,0, ,0, ,0, ,0, ,0
,PWD, ,0, ,0, ,0, ,0, ,0, ,0, ,0, ,0, ,0, ,0
,PWD Common Reserved Seats :0,,,,,,,,,,,,,,,,,,,,
Economically Weaker Section (EWS) Seats :0, ,TFWS Choice Code : 0212924111T, ,Seats: 0,,,,,,,,,,,,,,,,,
,"F:Only For Female, HU:Home University, OHU:Other than Home University, PWD:Persons with Disabilities,Common Reserved:Combined Common for All Reserved Categories",,,,,,,,,,,,,,,,,,,,
,"STATE CET CELL , Mumbai", ,Page 183 of 191,,,,,,,,,,,,,,,,,,
Vacant seats after last date of reporting for Admission to First Year of PostGraduate Degree Courses in Master of Computer Applications for the Academic Year 2025-26,,,,,,,,,,,,,,,,,,,,,
,"2519 - Shri V. D. Deshmukh College of MCA, Kolpa Dist. Latur",,,,,,,,,,,,,,,,,,,,
,Un-Aided, ,CAP Seats: 5,,,,,,,,,,,,,,,,,,
Choice Code, ,Course Name, ,SI, ,MS Seats, ,All India, ,Minority Seats, ,Institute Seats,,,,,,,,,
0251924110, ,120, ,5, ,0, ,0, ,0,,,,,,,,,,,
Master in Computer Application, ,,,,,,,,,,,,,,,,,,,,
Category, ,OPEN, ,SC, ,ST, ,VJDT, ,NTB, ,NTC, ,NTD, ,OBC, ,SEBC, ,Total,
HU, ,2, ,0, ,0, ,0, ,0, ,0, ,0, ,0, ,0, ,2,
,OHU, ,3, ,0, ,0, ,0, ,0, ,0, ,0, ,0, ,0, ,3
,PWD, ,0, ,0, ,0, ,0, ,0, ,0, ,0, ,0, ,0, ,0
,PWD Common Reserved Seats :0,,,,,,,,,,,,,,,,,,,,
Economically Weaker Section (EWS) Seats :0, ,TFWS Choice Code : 0251924111T, ,Seats: 0,,,,,,,,,,,,,,,,,
,"F:Only For Female, HU:Home University, OHU:Other than Home University, PWD:Persons with Disabilities,Common Reserved:Combined Common for All Reserved Categories",,,,,,,,,,,,,,,,,,,,
,"STATE CET CELL , Mumbai", ,Page 184 of 191,,,,,,,,,,,,,,,,,,
Vacant seats after last date of reporting for Admission to First Year of PostGraduate Degree Courses in Master of Computer Applications for the Academic Year 2025-26,,,,,,,,,,,,,,,,,,,,,
,"2621 - MDA EDUCATION AND RESEARCH INSTITUTE, KOLPA, LATUR",,,,,,,,,,,,,,,,,,,,
,Un-Aided, ,CAP Seats: 12,,,,,,,,,,,,,,,,,,
Choice Code, ,Course Name, ,SI, ,MS Seats, ,All India, ,Minority Seats, ,Institute Seats,,,,,,,,,
0262124110, ,120, ,10, ,2, ,0, ,0,,,,,,,,,,,
Master in Computer Application, ,,,,,,,,,,,,,,,,,,,,
Category, ,OPEN, ,SC, ,ST, ,VJDT, ,NTB, ,NTC, ,NTD, ,OBC, ,SEBC, ,Total,
HU, ,0, ,1, ,1, ,0, ,0, ,0, ,0, ,4, ,0, ,6,
,OHU, ,1, ,1, ,0, ,0, ,0, ,0, ,0, ,0, ,1, ,3
,PWD, ,1, ,0, ,0, ,0, ,0, ,0, ,0, ,0, ,0, ,1
,PWD Common Reserved Seats :0,,,,,,,,,,,,,,,,,,,,
Economically Weaker Section (EWS) Seats :0, ,TFWS Choice Code : 0262124111T, ,Seats: 0,,,,,,,,,,,,,,,,,
,"F:Only For Female, HU:Home University, OHU:Other than Home University, PWD:Persons with Disabilities,Common Reserved:Combined Common for All Reserved Categories",,,,,,,,,,,,,,,,,,,,
,"STATE CET CELL , Mumbai", ,Page 185 of 191,,,,,,,,,,,,,,,,,,
Vacant seats after last date of reporting for Admission to First Year of PostGraduate Degree Courses in Master of Computer Applications for the Academic Year 2025-26,,,,,,,,,,,,,,,,,,,,,
,"2635 - Shri. Sambhaji College of Management & Technology, Degaon Road, Opp. Nadla Digras, Khadkut, Nanded",,,,,,,,,,,,,,,,,,,,
,Un-Aided, ,CAP Seats: 7,,,,,,,,,,,,,,,,,,
Choice Code, ,Course Name, ,SI, ,MS Seats, ,All India, ,Minority Seats, ,Institute Seats,,,,,,,,,
0263524110, ,120, ,7, ,0, ,0, ,0,,,,,,,,,,,
Master in Computer Application, ,,,,,,,,,,,,,,,,,,,,
Category, ,OPEN, ,SC, ,ST, ,VJDT, ,NTB, ,NTC, ,NTD, ,OBC, ,SEBC, ,Total,
HU, ,1, ,0, ,1, ,0, ,1, ,1, ,0, ,2, ,1, ,7,
,OHU, ,0, ,0, ,0, ,0, ,0, ,0, ,0, ,0, ,0, ,0
,PWD, ,0, ,0, ,0, ,0, ,0, ,0, ,0, ,0, ,0, ,0
,PWD Common Reserved Seats :0,,,,,,,,,,,,,,,,,,,,
Economically Weaker Section (EWS) Seats :3,,,,,,,,,,,,,,,,,,,,,
,"F:Only For Female, HU:Home University, OHU:Other than Home University, PWD:Persons with Disabilities,Common Reserved:Combined Common for All Reserved Categories",,,,,,,,,,,,,,,,,,,,
,"STATE CET CELL , Mumbai", ,Page 186 of 191,,,,,,,,,,,,,,,,,,
Vacant seats after last date of reporting for Admission to First Year of PostGraduate Degree Courses in Master of Computer Applications for the Academic Year 2025-26,,,,,,,,,,,,,,,,,,,,,
,"2665 - Royal Institute of Technical Education, Latur",,,,,,,,,,,,,,,,,,,,
,Un-Aided, ,CAP Seats: 5,,,,,,,,,,,,,,,,,,
Choice Code, ,Course Name, ,SI, ,MS Seats, ,All India, ,Minority Seats, ,Institute Seats,,,,,,,,,
0266524110, ,120, ,4, ,1, ,0, ,24,,,,,,,,,,,
Master in Computer Application, ,,,,,,,,,,,,,,,,,,,,
Category, ,OPEN, ,SC, ,ST, ,VJDT, ,NTB, ,NTC, ,NTD, ,OBC, ,SEBC, ,Total,
HU, ,1, ,0, ,0, ,0, ,0, ,0, ,0, ,0, ,1, ,2,
,OHU, ,0, ,0, ,0, ,0, ,0, ,0, ,0, ,2, ,0, ,2
,PWD, ,0, ,0, ,0, ,0, ,0, ,0, ,0, ,0, ,0, ,0
,PWD Common Reserved Seats :0,,,,,,,,,,,,,,,,,,,,
Economically Weaker Section (EWS) Seats :2, ,TFWS Choice Code : 0266524111T, ,Seats: 0,,,,,,,,,,,,,,,,,
,"F:Only For Female, HU:Home University, OHU:Other than Home University, PWD:Persons with Disabilities,Common Reserved:Combined Common for All Reserved Categories",,,,,,,,,,,,,,,,,,,,
,"STATE CET CELL , Mumbai", ,Page 187 of 191,,,,,,,,,,,,,,,,,,
Vacant seats after last date of reporting for Admission to First Year of PostGraduate Degree Courses in Master of Computer Applications for the Academic Year 2025-26,,,,,,,,,,,,,,,,,,,,,
,2667 - DAYANAND COLLEGE OF COMMERCE LATUR,,,,,,,,,,,,,,,,,,,,
,Un-Aided, ,CAP Seats: 7,,,,,,,,,,,,,,,,,,
Choice Code, ,Course Name, ,SI, ,MS Seats, ,All India, ,Minority Seats, ,Institute Seats,,,,,,,,,
0266724270U, ,60, ,7, ,0, ,0, ,0,,,,,,,,,,,
Master of Computer Applications, ,,,,,,,,,,,,,,,,,,,,
Category, ,OPEN, ,SC, ,ST, ,VJDT, ,NTB, ,NTC, ,NTD, ,OBC, ,SEBC, ,Total,
HU, ,0, ,0, ,0, ,0, ,0, ,1, ,0, ,3, ,1, ,5,
,OHU, ,0, ,0, ,0, ,0, ,0, ,1, ,0, ,0, ,1, ,2
,PWD, ,0, ,0, ,0, ,0, ,0, ,0, ,0, ,0, ,0, ,0
,PWD Common Reserved Seats :0,,,,,,,,,,,,,,,,,,,,
Economically Weaker Section (EWS) Seats :0, ,TFWS Choice Code : 0266724271UT, ,Seats: 0,,,,,,,,,,,,,,,,,
,"F:Only For Female, HU:Home University, OHU:Other than Home University, PWD:Persons with Disabilities,Common Reserved:Combined Common for All Reserved Categories",,,,,,,,,,,,,,,,,,,,
,"STATE CET CELL , Mumbai", ,Page 188 of 191,,,,,,,,,,,,,,,,,,
Vacant seats after last date of reporting for Admission to First Year of PostGraduate Degree Courses in Master of Computer Applications for the Academic Year 2025-26,,,,,,,,,,,,,,,,,,,,,
,2674 - MAHARASHTRA MAHAVIDYALAYA NILANGA,,,,,,,,,,,,,,,,,,,,
,Un-Aided, ,CAP Seats: 4,,,,,,,,,,,,,,,,,,
Choice Code, ,Course Name, ,SI, ,MS Seats, ,All India, ,Minority Seats, ,Institute Seats,,,,,,,,,
0267424270U, ,60, ,4, ,0, ,0, ,0,,,,,,,,,,,
Master of Computer Applications, ,,,,,,,,,,,,,,,,,,,,
Category, ,OPEN, ,SC, ,ST, ,VJDT, ,NTB, ,NTC, ,NTD, ,OBC, ,SEBC, ,Total,
HU, ,0, ,0, ,0, ,1, ,0, ,0, ,0, ,2, ,0, ,3,
,OHU, ,0, ,0, ,0, ,0, ,0, ,1, ,0, ,0, ,0, ,1
,PWD, ,0, ,0, ,0, ,0, ,0, ,0, ,0, ,0, ,0, ,0
,PWD Common Reserved Seats :0,,,,,,,,,,,,,,,,,,,,
Economically Weaker Section (EWS) Seats :1, ,TFWS Choice Code : 0267424271UT, ,Seats: 0,,,,,,,,,,,,,,,,,
,"F:Only For Female, HU:Home University, OHU:Other than Home University, PWD:Persons with Disabilities,Common Reserved:Combined Common for All Reserved Categories",,,,,,,,,,,,,,,,,,,,
,"STATE CET CELL , Mumbai", ,Page 189 of 191,,,,,,,,,,,,,,,,,,
Vacant seats after last date of reporting for Admission to First Year of PostGraduate Degree Courses in Master of Computer Applications for the Academic Year 2025-26,,,,,,,,,,,,,,,,,,,,,
,2694 - JAY BHARAT COLLEGE OF MCA DAPKA TQ.NILANGA DIST LATUR,,,,,,,,,,,,,,,,,,,,
,Un-Aided, ,CAP Seats: 6,,,,,,,,,,,,,,,,,,
Choice Code, ,Course Name, ,SI, ,MS Seats, ,All India, ,Minority Seats, ,Institute Seats,,,,,,,,,
0269424210, ,60, ,6, ,0, ,0, ,12,,,,,,,,,,,
Master of Computer Applications, ,,,,,,,,,,,,,,,,,,,,
Category, ,OPEN, ,SC, ,ST, ,VJDT, ,NTB, ,NTC, ,NTD, ,OBC, ,SEBC, ,Total,
HU, ,3, ,0, ,0, ,0, ,0, ,0, ,0, ,1, ,1, ,5,
,OHU, ,0, ,0, ,1, ,0, ,0, ,0, ,0, ,0, ,0, ,1
,PWD, ,0, ,0, ,0, ,0, ,0, ,0, ,0, ,0, ,0, ,0
,PWD Common Reserved Seats :0,,,,,,,,,,,,,,,,,,,,
Economically Weaker Section (EWS) Seats :1, ,TFWS Choice Code : 0269424211T, ,Seats: 0,,,,,,,,,,,,,,,,,
,"F:Only For Female, HU:Home University, OHU:Other than Home University, PWD:Persons with Disabilities,Common Reserved:Combined Common for All Reserved Categories",,,,,,,,,,,,,,,,,,,,
,"STATE CET CELL , Mumbai", ,Page 190 of 191,,,,,,,,,,,,,,,,,,
Vacant seats after last date of reporting for Admission to First Year of PostGraduate Degree Courses in Master of Computer Applications for the Academic Year 2025-26,,,,,,,,,,,,,,,,,,,,,
,"Warana University, Warananagar, Kolhapur",,,,,,,,,,,,,,,,,,,,
,"6268 - Tatyasaheb Kore Institute of Engineering and Technology, Warananagar",,,,,,,,,,,,,,,,,,,,
,Un-Aided-Autonomous, ,CAP Seats: 6,,,,,,,,,,,,,,,,,,
Choice Code, ,Course Name, ,SI, ,MS Seats, ,All India, ,Minority Seats, ,Institute Seats,,,,,,,,,
0626824110, ,Master in Computer Application, ,120, ,6, ,0, ,0, ,0,,,,,,,,,
Category, ,OPEN, ,SC, ,ST, ,VJDT, ,NTB, ,NTC, ,NTD, ,OBC, ,SEBC, ,Total,
HU, ,2, ,0, ,0, ,0, ,0, ,1, ,0, ,1, ,0, ,4,
,OHU, ,0, ,0, ,1, ,0, ,0, ,0, ,0, ,1, ,0, ,2
,PWD, ,0, ,0, ,0, ,0, ,0, ,0, ,0, ,0, ,0, ,0
,PWD Common Reserved Seats :0,,,,,,,,,,,,,,,,,,,,
Economically Weaker Section (EWS) Seats :6, ,TFWS Choice Code : 0626824111T, ,Seats: 0,,,,,,,,,,,,,,,,,
,"F:Only For Female, HU:Home University, OHU:Other than Home University, PWD:Persons with Disabilities,Common Reserved:Combined Common for All Reserved Categories",,,,,,,,,,,,,,,,,,,,
,"STATE CET CELL , Mumbai", ,Page 191 of 191,,,,,,,,,,,,,,,,,,