GOVERNMENT OF MAHARASHTRA,,,,,,,,,,,,,,,,,,,,,,,,,
,"Directorate of Technical Education, Maharashtra State, Mumbai.",,,,,,,,,,,,,,,,,,,,,,,,
,Cut Off List for Maharashtra & Minority Seats of CAP Round-II for Admission to the First Year Post Graduate Technical Course in Master of Computer Applications (MCA) for the Academic Year 2025-26.,,,,,,,,,,,,,,,,,,,,,,,,
,"1005 - Sant Gadge Baba Amravati University,Amravati",,,,,,,,,,,,,,,,,,,,,,,,
,0100524110 - Master in Computer Application,,,,,,,,,,,,,,,,,,,,,,,,
,Status :, ,University Department,,,,,,,,,,,,,,,,,,,,,,
,Home University Seats,,,,,,,,,,,,,,,,,,,,,,,,
Home University Seats Allotted to Home University Candidates,,,,,,,,,,,,,,,,,,,,,,,,,
,GOPENH, ,GSCH, ,GSTH, ,GNTBH, ,GNTDH, ,GOBCH, ,GSEBCH,,,,,,,,,,,,
6026,19085,13209,6764,,,,,,,,,,,,,,,,,,,,,,
Stage-I, ,,,,,,,,,,,,,,,,,,,,,,,,
(82.8308366),(34.5198145),(58.7911466),(79.9969812),,,,,,,,,,,,,,,,,,,,,,
7095,7837,6882,,,,,,,,,,,,,,,,,,,,,,,
,Stage-IV, ,,,,,,,,,,,,,,,,,,,,,,,
(77.8251197),(76.9216256),(79.9969812),,,,,,,,,,,,,,,,,,,,,,,
,Home University Seats Allotted to Other Than Home University Candidates,,,,,,,,,,,,,,,,,,,,,,,,
,GSEBCH,,,,,,,,,,,,,,,,,,,,,,,,
15232,,,,,,,,,,,,,,,,,,,,,,,,,
Stage-I, ,,,,,,,,,,,,,,,,,,,,,,,,
(49.3533426),,,,,,,,,,,,,,,,,,,,,,,,,
,Other Than Home University Seats,,,,,,,,,,,,,,,,,,,,,,,,
Other Than Home University Seats Allotted to Other Than Home University Candidates,,,,,,,,,,,,,,,,,,,,,,,,,
,GOPENO, ,GSCO, ,GSTO, ,GOBCO, ,GSEBCO,,,,,,,,,,,,,,,,
4909,6460,5128,14419,,,,,,,,,,,,,,,,,,,,,,
Stage-I, ,,,,,,,,,,,,,,,,,,,,,,,,
(85.2118788),(80.5399495),(85.2118788),(53.942159),,,,,,,,,,,,,,,,,,,,,,
6726,,,,,,,,,,,,,,,,,,,,,,,,,
,Stage-IV, ,,,,,,,,,,,,,,,,,,,,,,,
(79.9969812),,,,,,,,,,,,,,,,,,,,,,,,,
,State Level Seats,,,,,,,,,,,,,,,,,,,,,,,,
,EWS, ,TFWS,,,,,,,,,,,,,,,,,,,,,,
11802,4239,,,,,,,,,,,,,,,,,,,,,,,,
Stage-I, ,,,,,,,,,,,,,,,,,,,,,,,,
(63.1574978),(87.2080299),,,,,,,,,,,,,,,,,,,,,,,,
,Legends :, ,"Legends: G-General, L-Ladies, S-State Level Seats ,PWD - Persons with Disabilities,DEF - Defence,PWDR :PWD Common Reserved Seat",,,,,,,,,,,,,,,,,,,,,,
"DEFR :Defense Common Reserved Seat ,* Maharashtra State Seats - Cut Off Indicates State General Merit No. ; Figures in bracket Indicates Merit Score",,,,,,,,,,,,,,,,,,,,,,,,,
,Page 1 of 265,,,,,,,,,,,,,,,,,,,,,,,,
GOVERNMENT OF MAHARASHTRA,,,,,,,,,,,,,,,,,,,,,,,,,
,"Directorate of Technical Education, Maharashtra State, Mumbai.",,,,,,,,,,,,,,,,,,,,,,,,
,Cut Off List for Maharashtra & Minority Seats of CAP Round-II for Admission to the First Year Post Graduate Technical Course in Master of Computer Applications (MCA) for the Academic Year 2025-26.,,,,,,,,,,,,,,,,,,,,,,,,
,"1102 - Vidya Bharati Mahavidyalaya Department of Research and PG Studies in Science & Management, Amravati",,,,,,,,,,,,,,,,,,,,,,,,
,0110224110 - Master in Computer Application,,,,,,,,,,,,,,,,,,,,,,,,
,Status :, ,Un-Aided-Linguistic Minority - Hindi,,,,,,,,,,,,,,,,,,,,,,
,Home University Seats,,,,,,,,,,,,,,,,,,,,,,,,
Home University Seats Allotted to Home University Candidates,,,,,,,,,,,,,,,,,,,,,,,,,
,GOPENH,,,,,,,,,,,,,,,,,,,,,,,,
8915,,,,,,,,,,,,,,,,,,,,,,,,,
Stage-I, ,,,,,,,,,,,,,,,,,,,,,,,,
(73.5368477),,,,,,,,,,,,,,,,,,,,,,,,,
,Other Than Home University Seats,,,,,,,,,,,,,,,,,,,,,,,,
Other Than Home University Seats Allotted to Other Than Home University Candidates,,,,,,,,,,,,,,,,,,,,,,,,,
,GOPENO,,,,,,,,,,,,,,,,,,,,,,,,
16400,,,,,,,,,,,,,,,,,,,,,,,,,
Stage-I, ,,,,,,,,,,,,,,,,,,,,,,,,
(46.3793819),,,,,,,,,,,,,,,,,,,,,,,,,
,State Level Seats,,,,,,,,,,,,,,,,,,,,,,,,
,TFWS,,,,,,,,,,,,,,,,,,,,,,,,
4885,,,,,,,,,,,,,,,,,,,,,,,,,
Stage-I, ,,,,,,,,,,,,,,,,,,,,,,,,
(85.2118788),,,,,,,,,,,,,,,,,,,,,,,,,
,Minority Seats : Minority Seats Allotted to Minority Candidates,,,,,,,,,,,,,,,,,,,,,,,,
,MI,,,,,,,,,,,,,,,,,,,,,,,,
6908,,,,,,,,,,,,,,,,,,,,,,,,,
Stage-I, ,,,,,,,,,,,,,,,,,,,,,,,,
(79.9969812),,,,,,,,,,,,,,,,,,,,,,,,,
,Legends :, ,"Legends: G-General, L-Ladies, S-State Level Seats ,PWD - Persons with Disabilities,DEF - Defence,PWDR :PWD Common Reserved Seat",,,,,,,,,,,,,,,,,,,,,,
"DEFR :Defense Common Reserved Seat ,* Maharashtra State Seats - Cut Off Indicates State General Merit No. ; Figures in bracket Indicates Merit Score",,,,,,,,,,,,,,,,,,,,,,,,,
,Page 2 of 265,,,,,,,,,,,,,,,,,,,,,,,,
GOVERNMENT OF MAHARASHTRA,,,,,,,,,,,,,,,,,,,,,,,,,
,"Directorate of Technical Education, Maharashtra State, Mumbai.",,,,,,,,,,,,,,,,,,,,,,,,
,Cut Off List for Maharashtra & Minority Seats of CAP Round-II for Admission to the First Year Post Graduate Technical Course in Master of Computer Applications (MCA) for the Academic Year 2025-26.,,,,,,,,,,,,,,,,,,,,,,,,
,"1102 - Vidya Bharati Mahavidyalaya Department of Research and PG Studies in Science & Management, Amravati",,,,,,,,,,,,,,,,,,,,,,,,
,0110224110 - Master in Computer Application,,,,,,,,,,,,,,,,,,,,,,,,
,Status :, ,Un-Aided-Linguistic Minority - Hindi,,,,,,,,,,,,,,,,,,,,,,
,Minority Seats : Minority Seats Allotted to Non Minority Candidates,,,,,,,,,,,,,,,,,,,,,,,,
,MI-MH,,,,,,,,,,,,,,,,,,,,,,,,
11213,,,,,,,,,,,,,,,,,,,,,,,,,
Stage-MI-MH, ,,,,,,,,,,,,,,,,,,,,,,,,
(65.8578922),,,,,,,,,,,,,,,,,,,,,,,,,
,Legends :, ,"Legends: G-General, L-Ladies, S-State Level Seats ,PWD - Persons with Disabilities,DEF - Defence,PWDR :PWD Common Reserved Seat",,,,,,,,,,,,,,,,,,,,,,
"DEFR :Defense Common Reserved Seat ,* Maharashtra State Seats - Cut Off Indicates State General Merit No. ; Figures in bracket Indicates Merit Score",,,,,,,,,,,,,,,,,,,,,,,,,
,Page 3 of 265,,,,,,,,,,,,,,,,,,,,,,,,
GOVERNMENT OF MAHARASHTRA,,,,,,,,,,,,,,,,,,,,,,,,,
,"Directorate of Technical Education, Maharashtra State, Mumbai.",,,,,,,,,,,,,,,,,,,,,,,,
,Cut Off List for Maharashtra & Minority Seats of CAP Round-II for Admission to the First Year Post Graduate Technical Course in Master of Computer Applications (MCA) for the Academic Year 2025-26.,,,,,,,,,,,,,,,,,,,,,,,,
,"1105 - Prof. Ram Meghe Institute of Technology & Research, Amravati",,,,,,,,,,,,,,,,,,,,,,,,
,0110524110 - Master in Computer Application,,,,,,,,,,,,,,,,,,,,,,,,
,Status :, ,Un-Aided-Autonomous,,,,,,,,,,,,,,,,,,,,,,
,Home University Seats,,,,,,,,,,,,,,,,,,,,,,,,
Home University Seats Allotted to Home University Candidates,,,,,,,,,,,,,,,,,,,,,,,,,
,GOPENH, ,GSCH, ,GSTH, ,GNTCH, ,GOBCH, ,GSEBCH, ,PWDOPENH,,,,,,,,,,,,
3754,15550,14571,5730,,,,,,,,,,,,,,,,,,,,,,
Stage-I, ,,,,,,,,,,,,,,,,,,,,,,,,
(89.1331398),(49.3533426),(53.942159),(82.8308366),,,,,,,,,,,,,,,,,,,,,,
6925,6424,,,,,,,,,,,,,,,,,,,,,,,,
,Stage-IV, ,,,,,,,,,,,,,,,,,,,,,,,
(79.9969812),(80.5399495),,,,,,,,,,,,,,,,,,,,,,,,
6065,,,,,,,,,,,,,,,,,,,,,,,,,
,I-Non PWD / DEF, ,,,,,,,,,,,,,,,,,,,,,,,
(82.8308366),,,,,,,,,,,,,,,,,,,,,,,,,
,Other Than Home University Seats,,,,,,,,,,,,,,,,,,,,,,,,
Other Than Home University Seats Allotted to Other Than Home University Candidates,,,,,,,,,,,,,,,,,,,,,,,,,
,GOPENO, ,GSTO, ,GNTAO, ,GOBCO, ,GSEBCO,,,,,,,,,,,,,,,,
11576,19280,22807,,,,,,,,,,,,,,,,,,,,,,,
Stage-I, ,,,,,,,,,,,,,,,,,,,,,,,,
(63.1574978),(34.5198145),(15.5994113),,,,,,,,,,,,,,,,,,,,,,,
14807,15314,,,,,,,,,,,,,,,,,,,,,,,,
,Stage-IV, ,,,,,,,,,,,,,,,,,,,,,,,
(51.4093808),(49.3533426),,,,,,,,,,,,,,,,,,,,,,,,
,Other Than Home University Seats Allotted to Home University Candidates,,,,,,,,,,,,,,,,,,,,,,,,
,GSCO, ,GNTCO,,,,,,,,,,,,,,,,,,,,,,
17155,16363,,,,,,,,,,,,,,,,,,,,,,,,
Stage-I, ,,,,,,,,,,,,,,,,,,,,,,,,
(41.4550394),(46.3793819),,,,,,,,,,,,,,,,,,,,,,,,
,Legends :, ,"Legends: G-General, L-Ladies, S-State Level Seats ,PWD - Persons with Disabilities,DEF - Defence,PWDR :PWD Common Reserved Seat",,,,,,,,,,,,,,,,,,,,,,
"DEFR :Defense Common Reserved Seat ,* Maharashtra State Seats - Cut Off Indicates State General Merit No. ; Figures in bracket Indicates Merit Score",,,,,,,,,,,,,,,,,,,,,,,,,
,Page 4 of 265,,,,,,,,,,,,,,,,,,,,,,,,
GOVERNMENT OF MAHARASHTRA,,,,,,,,,,,,,,,,,,,,,,,,,
,"Directorate of Technical Education, Maharashtra State, Mumbai.",,,,,,,,,,,,,,,,,,,,,,,,
,Cut Off List for Maharashtra & Minority Seats of CAP Round-II for Admission to the First Year Post Graduate Technical Course in Master of Computer Applications (MCA) for the Academic Year 2025-26.,,,,,,,,,,,,,,,,,,,,,,,,
,"1105 - Prof. Ram Meghe Institute of Technology & Research, Amravati",,,,,,,,,,,,,,,,,,,,,,,,
,0110524110 - Master in Computer Application,,,,,,,,,,,,,,,,,,,,,,,,
,Status :, ,Un-Aided-Autonomous,,,,,,,,,,,,,,,,,,,,,,
,State Level Seats,,,,,,,,,,,,,,,,,,,,,,,,
,EWS,,,,,,,,,,,,,,,,,,,,,,,,
12989,,,,,,,,,,,,,,,,,,,,,,,,,
Stage-I, ,,,,,,,,,,,,,,,,,,,,,,,,
(58.7911466),,,,,,,,,,,,,,,,,,,,,,,,,
,Legends :, ,"Legends: G-General, L-Ladies, S-State Level Seats ,PWD - Persons with Disabilities,DEF - Defence,PWDR :PWD Common Reserved Seat",,,,,,,,,,,,,,,,,,,,,,
"DEFR :Defense Common Reserved Seat ,* Maharashtra State Seats - Cut Off Indicates State General Merit No. ; Figures in bracket Indicates Merit Score",,,,,,,,,,,,,,,,,,,,,,,,,
,Page 5 of 265,,,,,,,,,,,,,,,,,,,,,,,,
GOVERNMENT OF MAHARASHTRA,,,,,,,,,,,,,,,,,,,,,,,,,
,"Directorate of Technical Education, Maharashtra State, Mumbai.",,,,,,,,,,,,,,,,,,,,,,,,
,Cut Off List for Maharashtra & Minority Seats of CAP Round-II for Admission to the First Year Post Graduate Technical Course in Master of Computer Applications (MCA) for the Academic Year 2025-26.,,,,,,,,,,,,,,,,,,,,,,,,
,"1107 - P. R. Pote Patil College of Engineering & Management, Amravati",,,,,,,,,,,,,,,,,,,,,,,,
,0110724110 - Master in Computer Application,,,,,,,,,,,,,,,,,,,,,,,,
,Status :, ,Un-Aided-Autonomous,,,,,,,,,,,,,,,,,,,,,,
,Home University Seats,,,,,,,,,,,,,,,,,,,,,,,,
Home University Seats Allotted to Home University Candidates,,,,,,,,,,,,,,,,,,,,,,,,,
,GSCH, ,GNTCH, ,GNTDH, ,GOBCH, ,GSEBCH, ,PWDOPENH,,,,,,,,,,,,,,
6455,6454,2631,24988,,,,,,,,,,,,,,,,,,,,,,
Stage-I, ,,,,,,,,,,,,,,,,,,,,,,,,
(80.5399495),(80.5399495),(92.1797821),(4.067771),,,,,,,,,,,,,,,,,,,,,,
4123,2795,,,,,,,,,,,,,,,,,,,,,,,,
,Stage-IV, ,,,,,,,,,,,,,,,,,,,,,,,
(87.3496474),(90.9663786),,,,,,,,,,,,,,,,,,,,,,,,
,Home University Seats Allotted to Other Than Home University Candidates,,,,,,,,,,,,,,,,,,,,,,,,
,GSTH,,,,,,,,,,,,,,,,,,,,,,,,
11528,,,,,,,,,,,,,,,,,,,,,,,,,
Stage-I, ,,,,,,,,,,,,,,,,,,,,,,,,
(63.1574978),,,,,,,,,,,,,,,,,,,,,,,,,
,Other Than Home University Seats,,,,,,,,,,,,,,,,,,,,,,,,
Other Than Home University Seats Allotted to Other Than Home University Candidates,,,,,,,,,,,,,,,,,,,,,,,,,
,GOPENO, ,GNTDO,,,,,,,,,,,,,,,,,,,,,,
10544,,,,,,,,,,,,,,,,,,,,,,,,,
Stage-I, ,,,,,,,,,,,,,,,,,,,,,,,,
(67.3579428),,,,,,,,,,,,,,,,,,,,,,,,,
10828,,,,,,,,,,,,,,,,,,,,,,,,,
,Stage-IV, ,,,,,,,,,,,,,,,,,,,,,,,
(65.8578922),,,,,,,,,,,,,,,,,,,,,,,,,
,State Level Seats,,,,,,,,,,,,,,,,,,,,,,,,
,TFWS,,,,,,,,,,,,,,,,,,,,,,,,
3791,,,,,,,,,,,,,,,,,,,,,,,,,
Stage-I, ,,,,,,,,,,,,,,,,,,,,,,,,
(89.1331398),,,,,,,,,,,,,,,,,,,,,,,,,
,Legends :, ,"Legends: G-General, L-Ladies, S-State Level Seats ,PWD - Persons with Disabilities,DEF - Defence,PWDR :PWD Common Reserved Seat",,,,,,,,,,,,,,,,,,,,,,
"DEFR :Defense Common Reserved Seat ,* Maharashtra State Seats - Cut Off Indicates State General Merit No. ; Figures in bracket Indicates Merit Score",,,,,,,,,,,,,,,,,,,,,,,,,
,Page 6 of 265,,,,,,,,,,,,,,,,,,,,,,,,
GOVERNMENT OF MAHARASHTRA,,,,,,,,,,,,,,,,,,,,,,,,,
,"Directorate of Technical Education, Maharashtra State, Mumbai.",,,,,,,,,,,,,,,,,,,,,,,,
,Cut Off List for Maharashtra & Minority Seats of CAP Round-II for Admission to the First Year Post Graduate Technical Course in Master of Computer Applications (MCA) for the Academic Year 2025-26.,,,,,,,,,,,,,,,,,,,,,,,,
,"1111 - P.G. Department of Computer Science & Technology, D.C.P.E., H.V.P. Mandal, Amravati",,,,,,,,,,,,,,,,,,,,,,,,
,0111124110 - Master in Computer Application,,,,,,,,,,,,,,,,,,,,,,,,
,Status :, ,Un-Aided-Autonomous,,,,,,,,,,,,,,,,,,,,,,
,Home University Seats,,,,,,,,,,,,,,,,,,,,,,,,
Home University Seats Allotted to Home University Candidates,,,,,,,,,,,,,,,,,,,,,,,,,
,GOPENH, ,GSCH, ,GSTH, ,GNTAH, ,GNTBH, ,GNTCH, ,GNTDH, ,GOBCH, ,GSEBCH, ,PWDOPENH,,,,,,
12684,15112,22307,20850,13558,,,,,,,,,,,,,,,,,,,,,
Stage-I, ,,,,,,,,,,,,,,,,,,,,,,,,
(61.2807064),(51.4093808),(19.1539942),(25.4779232),(56.5488095),,,,,,,,,,,,,,,,,,,,,
14119,13347,13971,14297,13997,,,,,,,,,,,,,,,,,,,,,
,Stage-IV, ,,,,,,,,,,,,,,,,,,,,,,,
(53.942159),(58.7911466),(56.5488095),(53.942159),(53.942159),,,,,,,,,,,,,,,,,,,,,
13066,,,,,,,,,,,,,,,,,,,,,,,,,
,I-Non PWD / DEF, ,,,,,,,,,,,,,,,,,,,,,,,
(58.7911466),,,,,,,,,,,,,,,,,,,,,,,,,
,Other Than Home University Seats,,,,,,,,,,,,,,,,,,,,,,,,
Other Than Home University Seats Allotted to Other Than Home University Candidates,,,,,,,,,,,,,,,,,,,,,,,,,
,GOPENO,,,,,,,,,,,,,,,,,,,,,,,,
25365,,,,,,,,,,,,,,,,,,,,,,,,,
Stage-I, ,,,,,,,,,,,,,,,,,,,,,,,,
(0.8905324),,,,,,,,,,,,,,,,,,,,,,,,,
,Other Than Home University Seats Allotted to Home University Candidates,,,,,,,,,,,,,,,,,,,,,,,,
,GOPENO, ,GSCO, ,GSTO, ,GNTAO, ,GNTCO, ,GNTDO, ,GOBCO, ,GSEBCO,,,,,,,,,,
14024,22737,14296,,,,,,,,,,,,,,,,,,,,,,,
Stage-I, ,,,,,,,,,,,,,,,,,,,,,,,,
(53.942159),(16.9789978),(53.942159),,,,,,,,,,,,,,,,,,,,,,,
14665,14404,14645,14394,14558,,,,,,,,,,,,,,,,,,,,,
,Stage-IV, ,,,,,,,,,,,,,,,,,,,,,,,
(51.4093808),(53.942159),(51.4093808),(53.942159),(53.942159),,,,,,,,,,,,,,,,,,,,,
,Legends :, ,"Legends: G-General, L-Ladies, S-State Level Seats ,PWD - Persons with Disabilities,DEF - Defence,PWDR :PWD Common Reserved Seat",,,,,,,,,,,,,,,,,,,,,,
"DEFR :Defense Common Reserved Seat ,* Maharashtra State Seats - Cut Off Indicates State General Merit No. ; Figures in bracket Indicates Merit Score",,,,,,,,,,,,,,,,,,,,,,,,,
,Page 7 of 265,,,,,,,,,,,,,,,,,,,,,,,,
GOVERNMENT OF MAHARASHTRA,,,,,,,,,,,,,,,,,,,,,,,,,
,"Directorate of Technical Education, Maharashtra State, Mumbai.",,,,,,,,,,,,,,,,,,,,,,,,
,Cut Off List for Maharashtra & Minority Seats of CAP Round-II for Admission to the First Year Post Graduate Technical Course in Master of Computer Applications (MCA) for the Academic Year 2025-26.,,,,,,,,,,,,,,,,,,,,,,,,
,"1111 - P.G. Department of Computer Science & Technology, D.C.P.E., H.V.P. Mandal, Amravati",,,,,,,,,,,,,,,,,,,,,,,,
,0111124110 - Master in Computer Application,,,,,,,,,,,,,,,,,,,,,,,,
,Status :, ,Un-Aided-Autonomous,,,,,,,,,,,,,,,,,,,,,,
,State Level Seats,,,,,,,,,,,,,,,,,,,,,,,,
,EWS, ,TFWS,,,,,,,,,,,,,,,,,,,,,,
22081,6221,,,,,,,,,,,,,,,,,,,,,,,,
Stage-I, ,,,,,,,,,,,,,,,,,,,,,,,,
(21.0059952),(80.5399495),,,,,,,,,,,,,,,,,,,,,,,,
,Legends :, ,"Legends: G-General, L-Ladies, S-State Level Seats ,PWD - Persons with Disabilities,DEF - Defence,PWDR :PWD Common Reserved Seat",,,,,,,,,,,,,,,,,,,,,,
"DEFR :Defense Common Reserved Seat ,* Maharashtra State Seats - Cut Off Indicates State General Merit No. ; Figures in bracket Indicates Merit Score",,,,,,,,,,,,,,,,,,,,,,,,,
,Page 8 of 265,,,,,,,,,,,,,,,,,,,,,,,,
GOVERNMENT OF MAHARASHTRA,,,,,,,,,,,,,,,,,,,,,,,,,
,"Directorate of Technical Education, Maharashtra State, Mumbai.",,,,,,,,,,,,,,,,,,,,,,,,
,Cut Off List for Maharashtra & Minority Seats of CAP Round-II for Admission to the First Year Post Graduate Technical Course in Master of Computer Applications (MCA) for the Academic Year 2025-26.,,,,,,,,,,,,,,,,,,,,,,,,
,"1113 - Sadhana Shikshan Mandal, Saraswati College, Shegaon",,,,,,,,,,,,,,,,,,,,,,,,
,0111324110 - Master in Computer Application,,,,,,,,,,,,,,,,,,,,,,,,
,Status :, ,Un-Aided,,,,,,,,,,,,,,,,,,,,,,
,Home University Seats,,,,,,,,,,,,,,,,,,,,,,,,
Home University Seats Allotted to Home University Candidates,,,,,,,,,,,,,,,,,,,,,,,,,
,GOPENH, ,GSCH, ,GSTH, ,GNTAH, ,GNTBH, ,GNTCH, ,GNTDH, ,GOBCH, ,GSEBCH, ,PWDOPENH,,,,,,
15702,24576,25353,21794,17552,21543,,,,,,,,,,,,,,,,,,,,
Stage-I, ,,,,,,,,,,,,,,,,,,,,,,,,
(49.3533426),(5.9311489),(1.3498737),(21.0059952),(41.4550394),(23.1010151),,,,,,,,,,,,,,,,,,,,
19075,19086,19349,19552,19680,,,,,,,,,,,,,,,,,,,,,
,Stage-IV, ,,,,,,,,,,,,,,,,,,,,,,,
(34.5198145),(34.5198145),(31.6629561),(31.6629561),(31.6629561),,,,,,,,,,,,,,,,,,,,,
17559,,,,,,,,,,,,,,,,,,,,,,,,,
,I-Non PWD / DEF, ,,,,,,,,,,,,,,,,,,,,,,,
(41.4550394),,,,,,,,,,,,,,,,,,,,,,,,,
,Other Than Home University Seats,,,,,,,,,,,,,,,,,,,,,,,,
Other Than Home University Seats Allotted to Other Than Home University Candidates,,,,,,,,,,,,,,,,,,,,,,,,,
,GOPENO,,,,,,,,,,,,,,,,,,,,,,,,
24517,,,,,,,,,,,,,,,,,,,,,,,,,
Stage-I, ,,,,,,,,,,,,,,,,,,,,,,,,
(5.9311489),,,,,,,,,,,,,,,,,,,,,,,,,
,Other Than Home University Seats Allotted to Home University Candidates,,,,,,,,,,,,,,,,,,,,,,,,
,GSCO, ,GSTO, ,GNTAO, ,GNTBO, ,GNTCO, ,GOBCO, ,GSEBCO,,,,,,,,,,,,
20892,20106,20142,20385,20401,20857,,,,,,,,,,,,,,,,,,,,
Stage-IV, ,,,,,,,,,,,,,,,,,,,,,,,,
(25.4779232),(29.9046039),(29.9046039),(27.2744425),(27.2744425),(25.4779232),,,,,,,,,,,,,,,,,,,,
25081,19391,,,,,,,,,,,,,,,,,,,,,,,,
,Stage-I, ,,,,,,,,,,,,,,,,,,,,,,,
(3.0466423),(31.6629561),,,,,,,,,,,,,,,,,,,,,,,,
,Legends :, ,"Legends: G-General, L-Ladies, S-State Level Seats ,PWD - Persons with Disabilities,DEF - Defence,PWDR :PWD Common Reserved Seat",,,,,,,,,,,,,,,,,,,,,,
"DEFR :Defense Common Reserved Seat ,* Maharashtra State Seats - Cut Off Indicates State General Merit No. ; Figures in bracket Indicates Merit Score",,,,,,,,,,,,,,,,,,,,,,,,,
,Page 9 of 265,,,,,,,,,,,,,,,,,,,,,,,,
GOVERNMENT OF MAHARASHTRA,,,,,,,,,,,,,,,,,,,,,,,,,
,"Directorate of Technical Education, Maharashtra State, Mumbai.",,,,,,,,,,,,,,,,,,,,,,,,
,Cut Off List for Maharashtra & Minority Seats of CAP Round-II for Admission to the First Year Post Graduate Technical Course in Master of Computer Applications (MCA) for the Academic Year 2025-26.,,,,,,,,,,,,,,,,,,,,,,,,
,"1113 - Sadhana Shikshan Mandal, Saraswati College, Shegaon",,,,,,,,,,,,,,,,,,,,,,,,
,0111324110 - Master in Computer Application,,,,,,,,,,,,,,,,,,,,,,,,
,Status :, ,Un-Aided,,,,,,,,,,,,,,,,,,,,,,
,State Level Seats,,,,,,,,,,,,,,,,,,,,,,,,
,EWS, ,TFWS,,,,,,,,,,,,,,,,,,,,,,
16432,1570,,,,,,,,,,,,,,,,,,,,,,,,
Stage-I, ,,,,,,,,,,,,,,,,,,,,,,,,
(44.5345198),(94.6454851),,,,,,,,,,,,,,,,,,,,,,,,
,Legends :, ,"Legends: G-General, L-Ladies, S-State Level Seats ,PWD - Persons with Disabilities,DEF - Defence,PWDR :PWD Common Reserved Seat",,,,,,,,,,,,,,,,,,,,,,
"DEFR :Defense Common Reserved Seat ,* Maharashtra State Seats - Cut Off Indicates State General Merit No. ; Figures in bracket Indicates Merit Score",,,,,,,,,,,,,,,,,,,,,,,,,
,Page 10 of 265,,,,,,,,,,,,,,,,,,,,,,,,
GOVERNMENT OF MAHARASHTRA,,,,,,,,,,,,,,,,,,,,,,,,,
,"Directorate of Technical Education, Maharashtra State, Mumbai.",,,,,,,,,,,,,,,,,,,,,,,,
,Cut Off List for Maharashtra & Minority Seats of CAP Round-II for Admission to the First Year Post Graduate Technical Course in Master of Computer Applications (MCA) for the Academic Year 2025-26.,,,,,,,,,,,,,,,,,,,,,,,,
,1314 - SMT RADHADEVI GOENKA COLLEGE FOR WOMEN,,,,,,,,,,,,,,,,,,,,,,,,
,0131424170U - Master in Computer Application,,,,,,,,,,,,,,,,,,,,,,,,
,Status :, ,Un-Aided-Linguistic Minority - Marwadi,,,,,,,,,,,,,,,,,,,,,,
,Home University Seats,,,,,,,,,,,,,,,,,,,,,,,,
Home University Seats Allotted to Home University Candidates,,,,,,,,,,,,,,,,,,,,,,,,,
,GOPENH,,,,,,,,,,,,,,,,,,,,,,,,
25470,,,,,,,,,,,,,,,,,,,,,,,,,
Stage-I, ,,,,,,,,,,,,,,,,,,,,,,,,
(0.1696769),,,,,,,,,,,,,,,,,,,,,,,,,
,Other Than Home University Seats,,,,,,,,,,,,,,,,,,,,,,,,
Other Than Home University Seats Allotted to Other Than Home University Candidates,,,,,,,,,,,,,,,,,,,,,,,,,
,GOPENO,,,,,,,,,,,,,,,,,,,,,,,,
24353,,,,,,,,,,,,,,,,,,,,,,,,,
Stage-I, ,,,,,,,,,,,,,,,,,,,,,,,,
(7.4072677),,,,,,,,,,,,,,,,,,,,,,,,,
,Legends :, ,"Legends: G-General, L-Ladies, S-State Level Seats ,PWD - Persons with Disabilities,DEF - Defence,PWDR :PWD Common Reserved Seat",,,,,,,,,,,,,,,,,,,,,,
"DEFR :Defense Common Reserved Seat ,* Maharashtra State Seats - Cut Off Indicates State General Merit No. ; Figures in bracket Indicates Merit Score",,,,,,,,,,,,,,,,,,,,,,,,,
,Page 11 of 265,,,,,,,,,,,,,,,,,,,,,,,,
GOVERNMENT OF MAHARASHTRA,,,,,,,,,,,,,,,,,,,,,,,,,
,"Directorate of Technical Education, Maharashtra State, Mumbai.",,,,,,,,,,,,,,,,,,,,,,,,
,Cut Off List for Maharashtra & Minority Seats of CAP Round-II for Admission to the First Year Post Graduate Technical Course in Master of Computer Applications (MCA) for the Academic Year 2025-26.,,,,,,,,,,,,,,,,,,,,,,,,
,"2001 - Dr. B. A. M.University Dept. Of Management Science, Aurangabad",,,,,,,,,,,,,,,,,,,,,,,,
,0200124110 - Master in Computer Application,,,,,,,,,,,,,,,,,,,,,,,,
,Status :, ,University Department,,,,,,,,,,,,,,,,,,,,,,
,Home University Seats,,,,,,,,,,,,,,,,,,,,,,,,
Home University Seats Allotted to Home University Candidates,,,,,,,,,,,,,,,,,,,,,,,,,
,GOPENH, ,GSCH, ,GSTH, ,GNTAH, ,GNTBH, ,GOBCH, ,GSEBCH,,,,,,,,,,,,
7983,15082,23227,22450,14137,14157,,,,,,,,,,,,,,,,,,,,
Stage-I, ,,,,,,,,,,,,,,,,,,,,,,,,
(74.782248),(51.4093808),(13.5402134),(19.1539942),(53.942159),(53.942159),,,,,,,,,,,,,,,,,,,,
9503,,,,,,,,,,,,,,,,,,,,,,,,,
,Stage-IV, ,,,,,,,,,,,,,,,,,,,,,,,
(71.1549338),,,,,,,,,,,,,,,,,,,,,,,,,
,Home University Seats Allotted to Other Than Home University Candidates,,,,,,,,,,,,,,,,,,,,,,,,
,GNTDH, ,PWDOPENH,,,,,,,,,,,,,,,,,,,,,,
15444,15675,,,,,,,,,,,,,,,,,,,,,,,,
Stage-I, ,,,,,,,,,,,,,,,,,,,,,,,,
(49.3533426),(49.3533426),,,,,,,,,,,,,,,,,,,,,,,,
,Other Than Home University Seats,,,,,,,,,,,,,,,,,,,,,,,,
Other Than Home University Seats Allotted to Other Than Home University Candidates,,,,,,,,,,,,,,,,,,,,,,,,,
,GOPENO, ,GSCO, ,GSTO, ,GOBCO,,,,,,,,,,,,,,,,,,
4451,7516,6177,,,,,,,,,,,,,,,,,,,,,,,
Stage-I, ,,,,,,,,,,,,,,,,,,,,,,,,
(85.3851665),(76.9216256),(80.5399495),,,,,,,,,,,,,,,,,,,,,,,
4579,,,,,,,,,,,,,,,,,,,,,,,,,
,Stage-IV, ,,,,,,,,,,,,,,,,,,,,,,,
(85.3851665),,,,,,,,,,,,,,,,,,,,,,,,,
,State Level Seats,,,,,,,,,,,,,,,,,,,,,,,,
,EWS, ,TFWS,,,,,,,,,,,,,,,,,,,,,,
16642,1900,,,,,,,,,,,,,,,,,,,,,,,,
Stage-I, ,,,,,,,,,,,,,,,,,,,,,,,,
(44.5345198),(93.5511867),,,,,,,,,,,,,,,,,,,,,,,,
,Legends :, ,"Legends: G-General, L-Ladies, S-State Level Seats ,PWD - Persons with Disabilities,DEF - Defence,PWDR :PWD Common Reserved Seat",,,,,,,,,,,,,,,,,,,,,,
"DEFR :Defense Common Reserved Seat ,* Maharashtra State Seats - Cut Off Indicates State General Merit No. ; Figures in bracket Indicates Merit Score",,,,,,,,,,,,,,,,,,,,,,,,,
,Page 12 of 265,,,,,,,,,,,,,,,,,,,,,,,,
GOVERNMENT OF MAHARASHTRA,,,,,,,,,,,,,,,,,,,,,,,,,
,"Directorate of Technical Education, Maharashtra State, Mumbai.",,,,,,,,,,,,,,,,,,,,,,,,
,Cut Off List for Maharashtra & Minority Seats of CAP Round-II for Admission to the First Year Post Graduate Technical Course in Master of Computer Applications (MCA) for the Academic Year 2025-26.,,,,,,,,,,,,,,,,,,,,,,,,
,"2005 - Dr. Babasaheb Ambedkar Marathwada Vidyapeeth,(Aurangabad) Sub Section - Osmanabad",,,,,,,,,,,,,,,,,,,,,,,,
,0200524110 - Master in Computer Application,,,,,,,,,,,,,,,,,,,,,,,,
,Status :, ,University Department,,,,,,,,,,,,,,,,,,,,,,
,Home University Seats,,,,,,,,,,,,,,,,,,,,,,,,
Home University Seats Allotted to Home University Candidates,,,,,,,,,,,,,,,,,,,,,,,,,
,GOPENH, ,GSCH, ,GSTH, ,GNTAH, ,GNTDH, ,GOBCH, ,GSEBCH, ,PWDOPENH,,,,,,,,,,
3878,23499,15932,24830,,,,,,,,,,,,,,,,,,,,,,
Stage-I, ,,,,,,,,,,,,,,,,,,,,,,,,
(87.3496474),(12.4750009),(46.3793819),(4.302251),,,,,,,,,,,,,,,,,,,,,,
12160,10519,11639,,,,,,,,,,,,,,,,,,,,,,,
,Stage-IV, ,,,,,,,,,,,,,,,,,,,,,,,
(61.2807064),(67.3579428),(63.1574978),,,,,,,,,,,,,,,,,,,,,,,
5101,,,,,,,,,,,,,,,,,,,,,,,,,
,I-Non PWD / DEF, ,,,,,,,,,,,,,,,,,,,,,,,
(85.2118788),,,,,,,,,,,,,,,,,,,,,,,,,
,Other Than Home University Seats,,,,,,,,,,,,,,,,,,,,,,,,
Other Than Home University Seats Allotted to Other Than Home University Candidates,,,,,,,,,,,,,,,,,,,,,,,,,
,GOPENO, ,GSCO, ,GNTAO, ,GNTCO, ,GOBCO,,,,,,,,,,,,,,,,
11211,21913,21921,19239,,,,,,,,,,,,,,,,,,,,,,
Stage-I, ,,,,,,,,,,,,,,,,,,,,,,,,
(65.8578922),(21.0059952),(21.0059952),(34.5198145),,,,,,,,,,,,,,,,,,,,,,
11748,,,,,,,,,,,,,,,,,,,,,,,,,
,Stage-IV, ,,,,,,,,,,,,,,,,,,,,,,,
(63.1574978),,,,,,,,,,,,,,,,,,,,,,,,,
,State Level Seats,,,,,,,,,,,,,,,,,,,,,,,,
,TFWS,,,,,,,,,,,,,,,,,,,,,,,,
6214,,,,,,,,,,,,,,,,,,,,,,,,,
Stage-I, ,,,,,,,,,,,,,,,,,,,,,,,,
(80.5399495),,,,,,,,,,,,,,,,,,,,,,,,,
,Legends :, ,"Legends: G-General, L-Ladies, S-State Level Seats ,PWD - Persons with Disabilities,DEF - Defence,PWDR :PWD Common Reserved Seat",,,,,,,,,,,,,,,,,,,,,,
"DEFR :Defense Common Reserved Seat ,* Maharashtra State Seats - Cut Off Indicates State General Merit No. ; Figures in bracket Indicates Merit Score",,,,,,,,,,,,,,,,,,,,,,,,,
,Page 13 of 265,,,,,,,,,,,,,,,,,,,,,,,,
GOVERNMENT OF MAHARASHTRA,,,,,,,,,,,,,,,,,,,,,,,,,
,"Directorate of Technical Education, Maharashtra State, Mumbai.",,,,,,,,,,,,,,,,,,,,,,,,
,Cut Off List for Maharashtra & Minority Seats of CAP Round-II for Admission to the First Year Post Graduate Technical Course in Master of Computer Applications (MCA) for the Academic Year 2025-26.,,,,,,,,,,,,,,,,,,,,,,,,
,"2007 - Swami Ramanand Teerth Marathwada Vidyapeeth, Nanded",,,,,,,,,,,,,,,,,,,,,,,,
,0200724110 - Master in Computer Application,,,,,,,,,,,,,,,,,,,,,,,,
,Status :, ,University Department,,,,,,,,,,,,,,,,,,,,,,
,Home University Seats,,,,,,,,,,,,,,,,,,,,,,,,
Home University Seats Allotted to Home University Candidates,,,,,,,,,,,,,,,,,,,,,,,,,
,GOPENH, ,GSCH, ,GSTH, ,GNTAH, ,GNTCH, ,GOBCH, ,GSEBCH,,,,,,,,,,,,
8294,18288,20577,13487,11068,,,,,,,,,,,,,,,,,,,,,
Stage-I, ,,,,,,,,,,,,,,,,,,,,,,,,
(74.782248),(36.496736),(27.2744425),(56.5488095),(65.8578922),,,,,,,,,,,,,,,,,,,,,
10226,11677,,,,,,,,,,,,,,,,,,,,,,,,
,Stage-IV, ,,,,,,,,,,,,,,,,,,,,,,,
(67.3579428),(63.1574978),,,,,,,,,,,,,,,,,,,,,,,,
,Other Than Home University Seats,,,,,,,,,,,,,,,,,,,,,,,,
Other Than Home University Seats Allotted to Other Than Home University Candidates,,,,,,,,,,,,,,,,,,,,,,,,,
,GOPENO, ,GSTO, ,GOBCO,,,,,,,,,,,,,,,,,,,,
16451,21681,,,,,,,,,,,,,,,,,,,,,,,,
Stage-I, ,,,,,,,,,,,,,,,,,,,,,,,,
(44.5345198),(21.0059952),,,,,,,,,,,,,,,,,,,,,,,,
16495,,,,,,,,,,,,,,,,,,,,,,,,,
,Stage-IV, ,,,,,,,,,,,,,,,,,,,,,,,
(44.5345198),,,,,,,,,,,,,,,,,,,,,,,,,
,Other Than Home University Seats Allotted to Home University Candidates,,,,,,,,,,,,,,,,,,,,,,,,
,GSCO, ,GSEBCO,,,,,,,,,,,,,,,,,,,,,,
18432,12964,,,,,,,,,,,,,,,,,,,,,,,,
Stage-I, ,,,,,,,,,,,,,,,,,,,,,,,,
(36.496736),(58.7911466),,,,,,,,,,,,,,,,,,,,,,,,
,State Level Seats,,,,,,,,,,,,,,,,,,,,,,,,
,EWS, ,TFWS,,,,,,,,,,,,,,,,,,,,,,
12440,5980,,,,,,,,,,,,,,,,,,,,,,,,
Stage-I, ,,,,,,,,,,,,,,,,,,,,,,,,
(61.2807064),(82.8308366),,,,,,,,,,,,,,,,,,,,,,,,
,Legends :, ,"Legends: G-General, L-Ladies, S-State Level Seats ,PWD - Persons with Disabilities,DEF - Defence,PWDR :PWD Common Reserved Seat",,,,,,,,,,,,,,,,,,,,,,
"DEFR :Defense Common Reserved Seat ,* Maharashtra State Seats - Cut Off Indicates State General Merit No. ; Figures in bracket Indicates Merit Score",,,,,,,,,,,,,,,,,,,,,,,,,
,Page 14 of 265,,,,,,,,,,,,,,,,,,,,,,,,
GOVERNMENT OF MAHARASHTRA,,,,,,,,,,,,,,,,,,,,,,,,,
,"Directorate of Technical Education, Maharashtra State, Mumbai.",,,,,,,,,,,,,,,,,,,,,,,,
,Cut Off List for Maharashtra & Minority Seats of CAP Round-II for Admission to the First Year Post Graduate Technical Course in Master of Computer Applications (MCA) for the Academic Year 2025-26.,,,,,,,,,,,,,,,,,,,,,,,,
,"2008 - Government College of Engineering, Chhatrapati Sambhajinagar",,,,,,,,,,,,,,,,,,,,,,,,
,0200824110 - Master in Computer Application,,,,,,,,,,,,,,,,,,,,,,,,
,Status :, ,Government-Autonomous,,,,,,,,,,,,,,,,,,,,,,
,Home University Seats,,,,,,,,,,,,,,,,,,,,,,,,
Home University Seats Allotted to Home University Candidates,,,,,,,,,,,,,,,,,,,,,,,,,
,GOPENH, ,GSCH, ,GSTH, ,GNTAH, ,GNTCH, ,GNTDH, ,GOBCH, ,GSEBCH,,,,,,,,,,
2154,4090,5384,6708,6716,2282,4918,,,,,,,,,,,,,,,,,,,
Stage-I, ,,,,,,,,,,,,,,,,,,,,,,,,
(93.405226),(87.3496474),(82.9644433),(79.9969812),(79.9969812),(92.3361383),(85.2118788),,,,,,,,,,,,,,,,,,,
2254,,,,,,,,,,,,,,,,,,,,,,,,,
,Stage-IV, ,,,,,,,,,,,,,,,,,,,,,,,
(92.3361383),,,,,,,,,,,,,,,,,,,,,,,,,
,Home University Seats Allotted to Other Than Home University Candidates,,,,,,,,,,,,,,,,,,,,,,,,
,PWDOPENH,,,,,,,,,,,,,,,,,,,,,,,,
16056,,,,,,,,,,,,,,,,,,,,,,,,,
Stage-I, ,,,,,,,,,,,,,,,,,,,,,,,,
(46.3793819),,,,,,,,,,,,,,,,,,,,,,,,,
,Other Than Home University Seats,,,,,,,,,,,,,,,,,,,,,,,,
Other Than Home University Seats Allotted to Other Than Home University Candidates,,,,,,,,,,,,,,,,,,,,,,,,,
,GOPENO, ,GSCO, ,GSTO, ,GNTDO, ,GOBCO, ,GSEBCO,,,,,,,,,,,,,,
2281,3892,21916,24031,2900,4180,,,,,,,,,,,,,,,,,,,,
Stage-I, ,,,,,,,,,,,,,,,,,,,,,,,,
(92.3361383),(87.3496474),(21.0059952),(9.7430286),(90.9663786),(87.2080299),,,,,,,,,,,,,,,,,,,,
,State Level Seats,,,,,,,,,,,,,,,,,,,,,,,,
,EWS, ,TFWS,,,,,,,,,,,,,,,,,,,,,,
4165,2730,,,,,,,,,,,,,,,,,,,,,,,,
Stage-I, ,,,,,,,,,,,,,,,,,,,,,,,,
(87.2080299),(90.9663786),,,,,,,,,,,,,,,,,,,,,,,,
,Legends :, ,"Legends: G-General, L-Ladies, S-State Level Seats ,PWD - Persons with Disabilities,DEF - Defence,PWDR :PWD Common Reserved Seat",,,,,,,,,,,,,,,,,,,,,,
"DEFR :Defense Common Reserved Seat ,* Maharashtra State Seats - Cut Off Indicates State General Merit No. ; Figures in bracket Indicates Merit Score",,,,,,,,,,,,,,,,,,,,,,,,,
,Page 15 of 265,,,,,,,,,,,,,,,,,,,,,,,,
GOVERNMENT OF MAHARASHTRA,,,,,,,,,,,,,,,,,,,,,,,,,
,"Directorate of Technical Education, Maharashtra State, Mumbai.",,,,,,,,,,,,,,,,,,,,,,,,
,Cut Off List for Maharashtra & Minority Seats of CAP Round-II for Admission to the First Year Post Graduate Technical Course in Master of Computer Applications (MCA) for the Academic Year 2025-26.,,,,,,,,,,,,,,,,,,,,,,,,
,"2102 - Rajarshi Shahu Institute of Management, Aurangabad",,,,,,,,,,,,,,,,,,,,,,,,
,0210224110 - Master in Computer Application,,,,,,,,,,,,,,,,,,,,,,,,
,Status :, ,Un-Aided,,,,,,,,,,,,,,,,,,,,,,
,Home University Seats,,,,,,,,,,,,,,,,,,,,,,,,
Home University Seats Allotted to Home University Candidates,,,,,,,,,,,,,,,,,,,,,,,,,
,GOPENH, ,GSCH, ,GSTH, ,GNTAH, ,GOBCH, ,GSEBCH, ,PWDOPENH,,,,,,,,,,,,
11962,15173,22117,18499,19987,,,,,,,,,,,,,,,,,,,,,
Stage-I, ,,,,,,,,,,,,,,,,,,,,,,,,
(63.1574978),(51.4093808),(19.1539942),(36.496736),(29.9046039),,,,,,,,,,,,,,,,,,,,,
12726,,,,,,,,,,,,,,,,,,,,,,,,,
,Stage-IV, ,,,,,,,,,,,,,,,,,,,,,,,
(58.7911466),,,,,,,,,,,,,,,,,,,,,,,,,
12561,,,,,,,,,,,,,,,,,,,,,,,,,
,I-Non PWD / DEF, ,,,,,,,,,,,,,,,,,,,,,,,
(61.2807064),,,,,,,,,,,,,,,,,,,,,,,,,
,Home University Seats Allotted to Other Than Home University Candidates,,,,,,,,,,,,,,,,,,,,,,,,
,GNTBH,,,,,,,,,,,,,,,,,,,,,,,,
23198,,,,,,,,,,,,,,,,,,,,,,,,,
Stage-I, ,,,,,,,,,,,,,,,,,,,,,,,,
(13.5402134),,,,,,,,,,,,,,,,,,,,,,,,,
,Other Than Home University Seats,,,,,,,,,,,,,,,,,,,,,,,,
Other Than Home University Seats Allotted to Other Than Home University Candidates,,,,,,,,,,,,,,,,,,,,,,,,,
,GOPENO, ,GSCO, ,GSTO, ,GNTAO, ,GOBCO,,,,,,,,,,,,,,,,
17055,23357,18891,,,,,,,,,,,,,,,,,,,,,,,
Stage-I, ,,,,,,,,,,,,,,,,,,,,,,,,
(41.4550394),(13.5402134),(34.5198145),,,,,,,,,,,,,,,,,,,,,,,
17086,19135,,,,,,,,,,,,,,,,,,,,,,,,
,Stage-IV, ,,,,,,,,,,,,,,,,,,,,,,,
(41.4550394),(34.5198145),,,,,,,,,,,,,,,,,,,,,,,,
,Legends :, ,"Legends: G-General, L-Ladies, S-State Level Seats ,PWD - Persons with Disabilities,DEF - Defence,PWDR :PWD Common Reserved Seat",,,,,,,,,,,,,,,,,,,,,,
"DEFR :Defense Common Reserved Seat ,* Maharashtra State Seats - Cut Off Indicates State General Merit No. ; Figures in bracket Indicates Merit Score",,,,,,,,,,,,,,,,,,,,,,,,,
,Page 16 of 265,,,,,,,,,,,,,,,,,,,,,,,,
GOVERNMENT OF MAHARASHTRA,,,,,,,,,,,,,,,,,,,,,,,,,
,"Directorate of Technical Education, Maharashtra State, Mumbai.",,,,,,,,,,,,,,,,,,,,,,,,
,Cut Off List for Maharashtra & Minority Seats of CAP Round-II for Admission to the First Year Post Graduate Technical Course in Master of Computer Applications (MCA) for the Academic Year 2025-26.,,,,,,,,,,,,,,,,,,,,,,,,
,"2102 - Rajarshi Shahu Institute of Management, Aurangabad",,,,,,,,,,,,,,,,,,,,,,,,
,0210224110 - Master in Computer Application,,,,,,,,,,,,,,,,,,,,,,,,
,Status :, ,Un-Aided,,,,,,,,,,,,,,,,,,,,,,
,Other Than Home University Seats Allotted to Home University Candidates,,,,,,,,,,,,,,,,,,,,,,,,
,GSCO, ,GNTCO, ,GSEBCO,,,,,,,,,,,,,,,,,,,,
15313,21895,20463,,,,,,,,,,,,,,,,,,,,,,,
Stage-I, ,,,,,,,,,,,,,,,,,,,,,,,,
(49.3533426),(21.0059952),(27.2744425),,,,,,,,,,,,,,,,,,,,,,,
,State Level Seats,,,,,,,,,,,,,,,,,,,,,,,,
,EWS, ,TFWS,,,,,,,,,,,,,,,,,,,,,,
19343,5808,,,,,,,,,,,,,,,,,,,,,,,,
Stage-I, ,,,,,,,,,,,,,,,,,,,,,,,,
(31.6629561),(82.8308366),,,,,,,,,,,,,,,,,,,,,,,,
,Legends :, ,"Legends: G-General, L-Ladies, S-State Level Seats ,PWD - Persons with Disabilities,DEF - Defence,PWDR :PWD Common Reserved Seat",,,,,,,,,,,,,,,,,,,,,,
"DEFR :Defense Common Reserved Seat ,* Maharashtra State Seats - Cut Off Indicates State General Merit No. ; Figures in bracket Indicates Merit Score",,,,,,,,,,,,,,,,,,,,,,,,,
,Page 17 of 265,,,,,,,,,,,,,,,,,,,,,,,,
GOVERNMENT OF MAHARASHTRA,,,,,,,,,,,,,,,,,,,,,,,,,
,"Directorate of Technical Education, Maharashtra State, Mumbai.",,,,,,,,,,,,,,,,,,,,,,,,
,Cut Off List for Maharashtra & Minority Seats of CAP Round-II for Admission to the First Year Post Graduate Technical Course in Master of Computer Applications (MCA) for the Academic Year 2025-26.,,,,,,,,,,,,,,,,,,,,,,,,
,"2113 - G. S. Mandal's Maharashtra Institute of Technology, Aurangabad",,,,,,,,,,,,,,,,,,,,,,,,
,0211324110 - Master in Computer Application,,,,,,,,,,,,,,,,,,,,,,,,
,Status :, ,Un-Aided-Autonomous,,,,,,,,,,,,,,,,,,,,,,
,Home University Seats,,,,,,,,,,,,,,,,,,,,,,,,
Home University Seats Allotted to Home University Candidates,,,,,,,,,,,,,,,,,,,,,,,,,
,GOPENH, ,GSCH, ,GSTH, ,GNTAH, ,GNTBH, ,GNTCH, ,GOBCH, ,GSEBCH, ,PWDOPENH, ,PWDSCH, ,PWDOBCH,,,,
15719,20894,25084,15802,23851,23999,,,,,,,,,,,,,,,,,,,,
Stage-I, ,,,,,,,,,,,,,,,,,,,,,,,,
(49.3533426),(25.4779232),(3.0466423),(49.3533426),(10.5199653),(9.7430286),,,,,,,,,,,,,,,,,,,,
18360,18585,17396,,,,,,,,,,,,,,,,,,,,,,,
,Stage-IV, ,,,,,,,,,,,,,,,,,,,,,,,
(36.496736),(36.496736),(41.4550394),,,,,,,,,,,,,,,,,,,,,,,
17009,24249,24294,,,,,,,,,,,,,,,,,,,,,,,
,I-Non PWD / DEF, ,,,,,,,,,,,,,,,,,,,,,,,
(44.5345198),(7.9446476),(7.9446476),,,,,,,,,,,,,,,,,,,,,,,
,Other Than Home University Seats,,,,,,,,,,,,,,,,,,,,,,,,
Other Than Home University Seats Allotted to Other Than Home University Candidates,,,,,,,,,,,,,,,,,,,,,,,,,
,GOPENO, ,GSCO, ,GSTO, ,GNTCO, ,GNTDO, ,GOBCO, ,GSEBCO,,,,,,,,,,,,
19408,24919,20706,24166,,,,,,,,,,,,,,,,,,,,,,
Stage-I, ,,,,,,,,,,,,,,,,,,,,,,,,
(31.6629561),(4.067771),(27.2744425),(7.9446476),,,,,,,,,,,,,,,,,,,,,,
24404,24831,24588,,,,,,,,,,,,,,,,,,,,,,,
,Stage-IV, ,,,,,,,,,,,,,,,,,,,,,,,
(7.4072677),(4.302251),(5.9311489),,,,,,,,,,,,,,,,,,,,,,,
,Other Than Home University Seats Allotted to Home University Candidates,,,,,,,,,,,,,,,,,,,,,,,,
,GSEBCO,,,,,,,,,,,,,,,,,,,,,,,,
25408,,,,,,,,,,,,,,,,,,,,,,,,,
Stage-I, ,,,,,,,,,,,,,,,,,,,,,,,,
(0.5995249),,,,,,,,,,,,,,,,,,,,,,,,,
,Legends :, ,"Legends: G-General, L-Ladies, S-State Level Seats ,PWD - Persons with Disabilities,DEF - Defence,PWDR :PWD Common Reserved Seat",,,,,,,,,,,,,,,,,,,,,,
"DEFR :Defense Common Reserved Seat ,* Maharashtra State Seats - Cut Off Indicates State General Merit No. ; Figures in bracket Indicates Merit Score",,,,,,,,,,,,,,,,,,,,,,,,,
,Page 18 of 265,,,,,,,,,,,,,,,,,,,,,,,,
GOVERNMENT OF MAHARASHTRA,,,,,,,,,,,,,,,,,,,,,,,,,
,"Directorate of Technical Education, Maharashtra State, Mumbai.",,,,,,,,,,,,,,,,,,,,,,,,
,Cut Off List for Maharashtra & Minority Seats of CAP Round-II for Admission to the First Year Post Graduate Technical Course in Master of Computer Applications (MCA) for the Academic Year 2025-26.,,,,,,,,,,,,,,,,,,,,,,,,
,"2113 - G. S. Mandal's Maharashtra Institute of Technology, Aurangabad",,,,,,,,,,,,,,,,,,,,,,,,
,0211324110 - Master in Computer Application,,,,,,,,,,,,,,,,,,,,,,,,
,Status :, ,Un-Aided-Autonomous,,,,,,,,,,,,,,,,,,,,,,
,State Level Seats,,,,,,,,,,,,,,,,,,,,,,,,
,EWS, ,TFWS,,,,,,,,,,,,,,,,,,,,,,
19575,4906,,,,,,,,,,,,,,,,,,,,,,,,
Stage-I, ,,,,,,,,,,,,,,,,,,,,,,,,
(31.6629561),(85.2118788),,,,,,,,,,,,,,,,,,,,,,,,
,Legends :, ,"Legends: G-General, L-Ladies, S-State Level Seats ,PWD - Persons with Disabilities,DEF - Defence,PWDR :PWD Common Reserved Seat",,,,,,,,,,,,,,,,,,,,,,
"DEFR :Defense Common Reserved Seat ,* Maharashtra State Seats - Cut Off Indicates State General Merit No. ; Figures in bracket Indicates Merit Score",,,,,,,,,,,,,,,,,,,,,,,,,
,Page 19 of 265,,,,,,,,,,,,,,,,,,,,,,,,
GOVERNMENT OF MAHARASHTRA,,,,,,,,,,,,,,,,,,,,,,,,,
,"Directorate of Technical Education, Maharashtra State, Mumbai.",,,,,,,,,,,,,,,,,,,,,,,,
,Cut Off List for Maharashtra & Minority Seats of CAP Round-II for Admission to the First Year Post Graduate Technical Course in Master of Computer Applications (MCA) for the Academic Year 2025-26.,,,,,,,,,,,,,,,,,,,,,,,,
,"2115 - Sahyog Sevabhavi Santha's Indira Institute of Management Science, Nanded",,,,,,,,,,,,,,,,,,,,,,,,
,0211524110 - Master in Computer Application,,,,,,,,,,,,,,,,,,,,,,,,
,Status :, ,Un-Aided,,,,,,,,,,,,,,,,,,,,,,
,Home University Seats,,,,,,,,,,,,,,,,,,,,,,,,
Home University Seats Allotted to Home University Candidates,,,,,,,,,,,,,,,,,,,,,,,,,
,GOPENH, ,GSCH, ,GSTH, ,GNTCH, ,GOBCH, ,PWDOPENH,,,,,,,,,,,,,,
9774,15952,16524,,,,,,,,,,,,,,,,,,,,,,,
Stage-I, ,,,,,,,,,,,,,,,,,,,,,,,,
(69.7143504),(46.3793819),(44.5345198),,,,,,,,,,,,,,,,,,,,,,,
13409,11838,,,,,,,,,,,,,,,,,,,,,,,,
,Stage-IV, ,,,,,,,,,,,,,,,,,,,,,,,
(56.5488095),(63.1574978),,,,,,,,,,,,,,,,,,,,,,,,
10202,,,,,,,,,,,,,,,,,,,,,,,,,
,I-Non PWD / DEF, ,,,,,,,,,,,,,,,,,,,,,,,
(67.3579428),,,,,,,,,,,,,,,,,,,,,,,,,
,Other Than Home University Seats,,,,,,,,,,,,,,,,,,,,,,,,
Other Than Home University Seats Allotted to Other Than Home University Candidates,,,,,,,,,,,,,,,,,,,,,,,,,
,GOPENO,,,,,,,,,,,,,,,,,,,,,,,,
23060,,,,,,,,,,,,,,,,,,,,,,,,,
Stage-I, ,,,,,,,,,,,,,,,,,,,,,,,,
(15.5994113),,,,,,,,,,,,,,,,,,,,,,,,,
,Other Than Home University Seats Allotted to Home University Candidates,,,,,,,,,,,,,,,,,,,,,,,,
,GOPENO, ,GSCO, ,GSTO, ,GNTAO, ,GNTCO, ,GOBCO, ,GSEBCO,,,,,,,,,,,,
12934,18190,22776,17669,13743,,,,,,,,,,,,,,,,,,,,,
Stage-I, ,,,,,,,,,,,,,,,,,,,,,,,,
(58.7911466),(39.3989669),(16.9789978),(39.3989669),(56.5488095),,,,,,,,,,,,,,,,,,,,,
13994,13706,,,,,,,,,,,,,,,,,,,,,,,,
,Stage-IV, ,,,,,,,,,,,,,,,,,,,,,,,
(53.942159),(56.5488095),,,,,,,,,,,,,,,,,,,,,,,,
,Legends :, ,"Legends: G-General, L-Ladies, S-State Level Seats ,PWD - Persons with Disabilities,DEF - Defence,PWDR :PWD Common Reserved Seat",,,,,,,,,,,,,,,,,,,,,,
"DEFR :Defense Common Reserved Seat ,* Maharashtra State Seats - Cut Off Indicates State General Merit No. ; Figures in bracket Indicates Merit Score",,,,,,,,,,,,,,,,,,,,,,,,,
,Page 20 of 265,,,,,,,,,,,,,,,,,,,,,,,,
GOVERNMENT OF MAHARASHTRA,,,,,,,,,,,,,,,,,,,,,,,,,
,"Directorate of Technical Education, Maharashtra State, Mumbai.",,,,,,,,,,,,,,,,,,,,,,,,
,Cut Off List for Maharashtra & Minority Seats of CAP Round-II for Admission to the First Year Post Graduate Technical Course in Master of Computer Applications (MCA) for the Academic Year 2025-26.,,,,,,,,,,,,,,,,,,,,,,,,
,"2115 - Sahyog Sevabhavi Santha's Indira Institute of Management Science, Nanded",,,,,,,,,,,,,,,,,,,,,,,,
,0211524110 - Master in Computer Application,,,,,,,,,,,,,,,,,,,,,,,,
,Status :, ,Un-Aided,,,,,,,,,,,,,,,,,,,,,,
,State Level Seats,,,,,,,,,,,,,,,,,,,,,,,,
,EWS,,,,,,,,,,,,,,,,,,,,,,,,
20107,,,,,,,,,,,,,,,,,,,,,,,,,
Stage-I, ,,,,,,,,,,,,,,,,,,,,,,,,
(29.9046039),,,,,,,,,,,,,,,,,,,,,,,,,
,Legends :, ,"Legends: G-General, L-Ladies, S-State Level Seats ,PWD - Persons with Disabilities,DEF - Defence,PWDR :PWD Common Reserved Seat",,,,,,,,,,,,,,,,,,,,,,
"DEFR :Defense Common Reserved Seat ,* Maharashtra State Seats - Cut Off Indicates State General Merit No. ; Figures in bracket Indicates Merit Score",,,,,,,,,,,,,,,,,,,,,,,,,
,Page 21 of 265,,,,,,,,,,,,,,,,,,,,,,,,
GOVERNMENT OF MAHARASHTRA,,,,,,,,,,,,,,,,,,,,,,,,,
,"Directorate of Technical Education, Maharashtra State, Mumbai.",,,,,,,,,,,,,,,,,,,,,,,,
,Cut Off List for Maharashtra & Minority Seats of CAP Round-II for Admission to the First Year Post Graduate Technical Course in Master of Computer Applications (MCA) for the Academic Year 2025-26.,,,,,,,,,,,,,,,,,,,,,,,,
,"2119 - Shree Sharda Bhavan Education Society's Institute of Technology & Management, Nanded",,,,,,,,,,,,,,,,,,,,,,,,
,0211924110 - Master in Computer Application,,,,,,,,,,,,,,,,,,,,,,,,
,Status :, ,Un-Aided,,,,,,,,,,,,,,,,,,,,,,
,Home University Seats,,,,,,,,,,,,,,,,,,,,,,,,
Home University Seats Allotted to Home University Candidates,,,,,,,,,,,,,,,,,,,,,,,,,
,GSTH, ,GNTBH, ,GNTDH, ,GOBCH, ,PWDOPENH,,,,,,,,,,,,,,,,
5399,,,,,,,,,,,,,,,,,,,,,,,,,
Stage-IV, ,,,,,,,,,,,,,,,,,,,,,,,,
(82.9644433),,,,,,,,,,,,,,,,,,,,,,,,,
22323,19344,4980,,,,,,,,,,,,,,,,,,,,,,,
,Stage-I, ,,,,,,,,,,,,,,,,,,,,,,,
(19.1539942),(31.6629561),(85.2118788),,,,,,,,,,,,,,,,,,,,,,,
4462,,,,,,,,,,,,,,,,,,,,,,,,,
,I-Non PWD / DEF, ,,,,,,,,,,,,,,,,,,,,,,,
(85.3851665),,,,,,,,,,,,,,,,,,,,,,,,,
,Other Than Home University Seats,,,,,,,,,,,,,,,,,,,,,,,,
Other Than Home University Seats Allotted to Other Than Home University Candidates,,,,,,,,,,,,,,,,,,,,,,,,,
,GOPENO,,,,,,,,,,,,,,,,,,,,,,,,
15890,,,,,,,,,,,,,,,,,,,,,,,,,
Stage-I, ,,,,,,,,,,,,,,,,,,,,,,,,
(46.3793819),,,,,,,,,,,,,,,,,,,,,,,,,
,Other Than Home University Seats Allotted to Home University Candidates,,,,,,,,,,,,,,,,,,,,,,,,
,GSTO, ,GNTBO, ,GNTDO,,,,,,,,,,,,,,,,,,,,
6517,6232,6312,,,,,,,,,,,,,,,,,,,,,,,
Stage-IV, ,,,,,,,,,,,,,,,,,,,,,,,,
(79.9969812),(80.5399495),(80.5399495),,,,,,,,,,,,,,,,,,,,,,,
,Legends :, ,"Legends: G-General, L-Ladies, S-State Level Seats ,PWD - Persons with Disabilities,DEF - Defence,PWDR :PWD Common Reserved Seat",,,,,,,,,,,,,,,,,,,,,,
"DEFR :Defense Common Reserved Seat ,* Maharashtra State Seats - Cut Off Indicates State General Merit No. ; Figures in bracket Indicates Merit Score",,,,,,,,,,,,,,,,,,,,,,,,,
,Page 22 of 265,,,,,,,,,,,,,,,,,,,,,,,,
GOVERNMENT OF MAHARASHTRA,,,,,,,,,,,,,,,,,,,,,,,,,
,"Directorate of Technical Education, Maharashtra State, Mumbai.",,,,,,,,,,,,,,,,,,,,,,,,
,Cut Off List for Maharashtra & Minority Seats of CAP Round-II for Admission to the First Year Post Graduate Technical Course in Master of Computer Applications (MCA) for the Academic Year 2025-26.,,,,,,,,,,,,,,,,,,,,,,,,
,"2120 - Dnyanopasak Shikshan Mandal's Institute of Information Technology & Management, Parbhani.",,,,,,,,,,,,,,,,,,,,,,,,
,0212024110 - Master in Computer Application,,,,,,,,,,,,,,,,,,,,,,,,
,Status :, ,Un-Aided,,,,,,,,,,,,,,,,,,,,,,
,Home University Seats,,,,,,,,,,,,,,,,,,,,,,,,
Home University Seats Allotted to Home University Candidates,,,,,,,,,,,,,,,,,,,,,,,,,
,GSTH, ,GNTBH, ,GNTCH, ,GNTDH, ,GSEBCH, ,PWDOPENH,,,,,,,,,,,,,,
11647,11818,12257,,,,,,,,,,,,,,,,,,,,,,,
Stage-IV, ,,,,,,,,,,,,,,,,,,,,,,,,
(63.1574978),(63.1574978),(61.2807064),,,,,,,,,,,,,,,,,,,,,,,
12735,11414,,,,,,,,,,,,,,,,,,,,,,,,
,Stage-I, ,,,,,,,,,,,,,,,,,,,,,,,
(58.7911466),(63.1574978),,,,,,,,,,,,,,,,,,,,,,,,
2683,,,,,,,,,,,,,,,,,,,,,,,,,
,I-Non PWD / DEF, ,,,,,,,,,,,,,,,,,,,,,,,
(90.9663786),,,,,,,,,,,,,,,,,,,,,,,,,
,Other Than Home University Seats,,,,,,,,,,,,,,,,,,,,,,,,
Other Than Home University Seats Allotted to Other Than Home University Candidates,,,,,,,,,,,,,,,,,,,,,,,,,
,GNTCO,,,,,,,,,,,,,,,,,,,,,,,,
8319,,,,,,,,,,,,,,,,,,,,,,,,,
Stage-IV, ,,,,,,,,,,,,,,,,,,,,,,,,
(74.782248),,,,,,,,,,,,,,,,,,,,,,,,,
,Other Than Home University Seats Allotted to Home University Candidates,,,,,,,,,,,,,,,,,,,,,,,,
,GOBCO, ,GSEBCO,,,,,,,,,,,,,,,,,,,,,,
10765,17486,,,,,,,,,,,,,,,,,,,,,,,,
Stage-I, ,,,,,,,,,,,,,,,,,,,,,,,,
(67.3579428),(41.4550394),,,,,,,,,,,,,,,,,,,,,,,,
,Legends :, ,"Legends: G-General, L-Ladies, S-State Level Seats ,PWD - Persons with Disabilities,DEF - Defence,PWDR :PWD Common Reserved Seat",,,,,,,,,,,,,,,,,,,,,,
"DEFR :Defense Common Reserved Seat ,* Maharashtra State Seats - Cut Off Indicates State General Merit No. ; Figures in bracket Indicates Merit Score",,,,,,,,,,,,,,,,,,,,,,,,,
,Page 23 of 265,,,,,,,,,,,,,,,,,,,,,,,,
GOVERNMENT OF MAHARASHTRA,,,,,,,,,,,,,,,,,,,,,,,,,
,"Directorate of Technical Education, Maharashtra State, Mumbai.",,,,,,,,,,,,,,,,,,,,,,,,
,Cut Off List for Maharashtra & Minority Seats of CAP Round-II for Admission to the First Year Post Graduate Technical Course in Master of Computer Applications (MCA) for the Academic Year 2025-26.,,,,,,,,,,,,,,,,,,,,,,,,
,"2124 - Maratha Education Society's Institute of Management studies & Information Technology, Aurangabad",,,,,,,,,,,,,,,,,,,,,,,,
,0212424110 - Master in Computer Application,,,,,,,,,,,,,,,,,,,,,,,,
,Status :, ,Un-Aided,,,,,,,,,,,,,,,,,,,,,,
,Home University Seats,,,,,,,,,,,,,,,,,,,,,,,,
Home University Seats Allotted to Home University Candidates,,,,,,,,,,,,,,,,,,,,,,,,,
,GOPENH, ,GSCH, ,GSTH, ,GNTAH, ,GSEBCH, ,PWDOPENH,,,,,,,,,,,,,,
4485,11002,17731,17670,,,,,,,,,,,,,,,,,,,,,,
Stage-I, ,,,,,,,,,,,,,,,,,,,,,,,,
(85.3851665),(65.8578922),(39.3989669),(39.3989669),,,,,,,,,,,,,,,,,,,,,,
7530,,,,,,,,,,,,,,,,,,,,,,,,,
,Stage-IV, ,,,,,,,,,,,,,,,,,,,,,,,
(76.9216256),,,,,,,,,,,,,,,,,,,,,,,,,
7342,,,,,,,,,,,,,,,,,,,,,,,,,
,I-Non PWD / DEF, ,,,,,,,,,,,,,,,,,,,,,,,
(77.8251197),,,,,,,,,,,,,,,,,,,,,,,,,
,Other Than Home University Seats,,,,,,,,,,,,,,,,,,,,,,,,
Other Than Home University Seats Allotted to Other Than Home University Candidates,,,,,,,,,,,,,,,,,,,,,,,,,
,GOPENO, ,GSCO, ,GSTO, ,GOBCO,,,,,,,,,,,,,,,,,,
19697,25068,22135,,,,,,,,,,,,,,,,,,,,,,,
Stage-I, ,,,,,,,,,,,,,,,,,,,,,,,,
(31.6629561),(3.0466423),(19.1539942),,,,,,,,,,,,,,,,,,,,,,,
20775,,,,,,,,,,,,,,,,,,,,,,,,,
,Stage-IV, ,,,,,,,,,,,,,,,,,,,,,,,
(25.4779232),,,,,,,,,,,,,,,,,,,,,,,,,
,Other Than Home University Seats Allotted to Home University Candidates,,,,,,,,,,,,,,,,,,,,,,,,
,GSCO,,,,,,,,,,,,,,,,,,,,,,,,
19024,,,,,,,,,,,,,,,,,,,,,,,,,
Stage-I, ,,,,,,,,,,,,,,,,,,,,,,,,
(34.5198145),,,,,,,,,,,,,,,,,,,,,,,,,
,Legends :, ,"Legends: G-General, L-Ladies, S-State Level Seats ,PWD - Persons with Disabilities,DEF - Defence,PWDR :PWD Common Reserved Seat",,,,,,,,,,,,,,,,,,,,,,
"DEFR :Defense Common Reserved Seat ,* Maharashtra State Seats - Cut Off Indicates State General Merit No. ; Figures in bracket Indicates Merit Score",,,,,,,,,,,,,,,,,,,,,,,,,
,Page 24 of 265,,,,,,,,,,,,,,,,,,,,,,,,
GOVERNMENT OF MAHARASHTRA,,,,,,,,,,,,,,,,,,,,,,,,,
,"Directorate of Technical Education, Maharashtra State, Mumbai.",,,,,,,,,,,,,,,,,,,,,,,,
,Cut Off List for Maharashtra & Minority Seats of CAP Round-II for Admission to the First Year Post Graduate Technical Course in Master of Computer Applications (MCA) for the Academic Year 2025-26.,,,,,,,,,,,,,,,,,,,,,,,,
,"2124 - Maratha Education Society's Institute of Management studies & Information Technology, Aurangabad",,,,,,,,,,,,,,,,,,,,,,,,
,0212424110 - Master in Computer Application,,,,,,,,,,,,,,,,,,,,,,,,
,Status :, ,Un-Aided,,,,,,,,,,,,,,,,,,,,,,
,State Level Seats,,,,,,,,,,,,,,,,,,,,,,,,
,EWS, ,TFWS,,,,,,,,,,,,,,,,,,,,,,
23644,6172,,,,,,,,,,,,,,,,,,,,,,,,
Stage-I, ,,,,,,,,,,,,,,,,,,,,,,,,
(12.4750009),(80.5399495),,,,,,,,,,,,,,,,,,,,,,,,
,Legends :, ,"Legends: G-General, L-Ladies, S-State Level Seats ,PWD - Persons with Disabilities,DEF - Defence,PWDR :PWD Common Reserved Seat",,,,,,,,,,,,,,,,,,,,,,
"DEFR :Defense Common Reserved Seat ,* Maharashtra State Seats - Cut Off Indicates State General Merit No. ; Figures in bracket Indicates Merit Score",,,,,,,,,,,,,,,,,,,,,,,,,
,Page 25 of 265,,,,,,,,,,,,,,,,,,,,,,,,
GOVERNMENT OF MAHARASHTRA,,,,,,,,,,,,,,,,,,,,,,,,,
,"Directorate of Technical Education, Maharashtra State, Mumbai.",,,,,,,,,,,,,,,,,,,,,,,,
,Cut Off List for Maharashtra & Minority Seats of CAP Round-II for Admission to the First Year Post Graduate Technical Course in Master of Computer Applications (MCA) for the Academic Year 2025-26.,,,,,,,,,,,,,,,,,,,,,,,,
,"2129 - M.S. Bidve Engineering College, Latur",,,,,,,,,,,,,,,,,,,,,,,,
,0212924110 - Master in Computer Application,,,,,,,,,,,,,,,,,,,,,,,,
,Status :, ,Un-Aided,,,,,,,,,,,,,,,,,,,,,,
,Home University Seats,,,,,,,,,,,,,,,,,,,,,,,,
Home University Seats Allotted to Home University Candidates,,,,,,,,,,,,,,,,,,,,,,,,,
,GOPENH, ,GSCH, ,GSTH, ,GOBCH, ,PWDOPENH,,,,,,,,,,,,,,,,
4069,10233,5720,23691,,,,,,,,,,,,,,,,,,,,,,
Stage-I, ,,,,,,,,,,,,,,,,,,,,,,,,
(87.3496474),(67.3579428),(82.8308366),(10.5199653),,,,,,,,,,,,,,,,,,,,,,
4847,,,,,,,,,,,,,,,,,,,,,,,,,
,Stage-IV, ,,,,,,,,,,,,,,,,,,,,,,,
(85.2118788),,,,,,,,,,,,,,,,,,,,,,,,,
,Other Than Home University Seats,,,,,,,,,,,,,,,,,,,,,,,,
Other Than Home University Seats Allotted to Other Than Home University Candidates,,,,,,,,,,,,,,,,,,,,,,,,,
,GSTO,,,,,,,,,,,,,,,,,,,,,,,,
5899,,,,,,,,,,,,,,,,,,,,,,,,,
Stage-IV, ,,,,,,,,,,,,,,,,,,,,,,,,
(82.8308366),,,,,,,,,,,,,,,,,,,,,,,,,
,Other Than Home University Seats Allotted to Home University Candidates,,,,,,,,,,,,,,,,,,,,,,,,
,GSCO,,,,,,,,,,,,,,,,,,,,,,,,
13482,,,,,,,,,,,,,,,,,,,,,,,,,
Stage-I, ,,,,,,,,,,,,,,,,,,,,,,,,
(56.5488095),,,,,,,,,,,,,,,,,,,,,,,,,
,State Level Seats,,,,,,,,,,,,,,,,,,,,,,,,
,EWS, ,TFWS,,,,,,,,,,,,,,,,,,,,,,
2044,4961,,,,,,,,,,,,,,,,,,,,,,,,
Stage-I, ,,,,,,,,,,,,,,,,,,,,,,,,
(93.405226),(85.2118788),,,,,,,,,,,,,,,,,,,,,,,,
,Legends :, ,"Legends: G-General, L-Ladies, S-State Level Seats ,PWD - Persons with Disabilities,DEF - Defence,PWDR :PWD Common Reserved Seat",,,,,,,,,,,,,,,,,,,,,,
"DEFR :Defense Common Reserved Seat ,* Maharashtra State Seats - Cut Off Indicates State General Merit No. ; Figures in bracket Indicates Merit Score",,,,,,,,,,,,,,,,,,,,,,,,,
,Page 26 of 265,,,,,,,,,,,,,,,,,,,,,,,,
GOVERNMENT OF MAHARASHTRA,,,,,,,,,,,,,,,,,,,,,,,,,
,"Directorate of Technical Education, Maharashtra State, Mumbai.",,,,,,,,,,,,,,,,,,,,,,,,
,Cut Off List for Maharashtra & Minority Seats of CAP Round-II for Admission to the First Year Post Graduate Technical Course in Master of Computer Applications (MCA) for the Academic Year 2025-26.,,,,,,,,,,,,,,,,,,,,,,,,
,"2259 - Shri Sai Institute of Management & Research, Aurangabad",,,,,,,,,,,,,,,,,,,,,,,,
,0225924110 - Master in Computer Application,,,,,,,,,,,,,,,,,,,,,,,,
,Status :, ,Un-Aided,,,,,,,,,,,,,,,,,,,,,,
,Home University Seats,,,,,,,,,,,,,,,,,,,,,,,,
Home University Seats Allotted to Home University Candidates,,,,,,,,,,,,,,,,,,,,,,,,,
,GOPENH, ,GSCH, ,GSTH, ,GNTAH, ,GNTBH, ,GNTCH, ,GNTDH, ,GOBCH, ,GSEBCH, ,PWDOPENH,,,,,,
15879,24481,25399,15971,20251,20014,24243,24217,,,,,,,,,,,,,,,,,,
Stage-I, ,,,,,,,,,,,,,,,,,,,,,,,,
(46.3793819),(7.4072677),(0.8710079),(46.3793819),(29.9046039),(29.9046039),(7.9446476),(7.9446476),,,,,,,,,,,,,,,,,,
18966,18985,19888,19727,,,,,,,,,,,,,,,,,,,,,,
,Stage-IV, ,,,,,,,,,,,,,,,,,,,,,,,
(34.5198145),(34.5198145),(29.9046039),(31.6629561),,,,,,,,,,,,,,,,,,,,,,
16463,,,,,,,,,,,,,,,,,,,,,,,,,
,I-Non PWD / DEF, ,,,,,,,,,,,,,,,,,,,,,,,
(44.5345198),,,,,,,,,,,,,,,,,,,,,,,,,
,Other Than Home University Seats,,,,,,,,,,,,,,,,,,,,,,,,
Other Than Home University Seats Allotted to Other Than Home University Candidates,,,,,,,,,,,,,,,,,,,,,,,,,
,GOPENO,,,,,,,,,,,,,,,,,,,,,,,,
25134,,,,,,,,,,,,,,,,,,,,,,,,,
Stage-I, ,,,,,,,,,,,,,,,,,,,,,,,,
(2.8640429),,,,,,,,,,,,,,,,,,,,,,,,,
,Other Than Home University Seats Allotted to Home University Candidates,,,,,,,,,,,,,,,,,,,,,,,,
,GOPENO, ,GSCO, ,GSTO, ,GNTAO, ,GNTBO, ,GNTCO, ,GNTDO, ,GOBCO, ,GSEBCO,,,,,,,,
20492,,,,,,,,,,,,,,,,,,,,,,,,,
Stage-I, ,,,,,,,,,,,,,,,,,,,,,,,,
(27.2744425),,,,,,,,,,,,,,,,,,,,,,,,,
22814,22896,23173,22251,22105,20825,23311,22536,,,,,,,,,,,,,,,,,,
,Stage-IV, ,,,,,,,,,,,,,,,,,,,,,,,
(15.5994113),(15.5994113),(13.5402134),(19.1539942),(19.1539942),(25.4779232),(13.5402134),(16.9789978),,,,,,,,,,,,,,,,,,
,Legends :, ,"Legends: G-General, L-Ladies, S-State Level Seats ,PWD - Persons with Disabilities,DEF - Defence,PWDR :PWD Common Reserved Seat",,,,,,,,,,,,,,,,,,,,,,
"DEFR :Defense Common Reserved Seat ,* Maharashtra State Seats - Cut Off Indicates State General Merit No. ; Figures in bracket Indicates Merit Score",,,,,,,,,,,,,,,,,,,,,,,,,
,Page 27 of 265,,,,,,,,,,,,,,,,,,,,,,,,
GOVERNMENT OF MAHARASHTRA,,,,,,,,,,,,,,,,,,,,,,,,,
,"Directorate of Technical Education, Maharashtra State, Mumbai.",,,,,,,,,,,,,,,,,,,,,,,,
,Cut Off List for Maharashtra & Minority Seats of CAP Round-II for Admission to the First Year Post Graduate Technical Course in Master of Computer Applications (MCA) for the Academic Year 2025-26.,,,,,,,,,,,,,,,,,,,,,,,,
,"2259 - Shri Sai Institute of Management & Research, Aurangabad",,,,,,,,,,,,,,,,,,,,,,,,
,0225924110 - Master in Computer Application,,,,,,,,,,,,,,,,,,,,,,,,
,Status :, ,Un-Aided,,,,,,,,,,,,,,,,,,,,,,
,State Level Seats,,,,,,,,,,,,,,,,,,,,,,,,
,TFWS,,,,,,,,,,,,,,,,,,,,,,,,
10449,,,,,,,,,,,,,,,,,,,,,,,,,
Stage-I, ,,,,,,,,,,,,,,,,,,,,,,,,
(67.3579428),,,,,,,,,,,,,,,,,,,,,,,,,
,Legends :, ,"Legends: G-General, L-Ladies, S-State Level Seats ,PWD - Persons with Disabilities,DEF - Defence,PWDR :PWD Common Reserved Seat",,,,,,,,,,,,,,,,,,,,,,
"DEFR :Defense Common Reserved Seat ,* Maharashtra State Seats - Cut Off Indicates State General Merit No. ; Figures in bracket Indicates Merit Score",,,,,,,,,,,,,,,,,,,,,,,,,
,Page 28 of 265,,,,,,,,,,,,,,,,,,,,,,,,
GOVERNMENT OF MAHARASHTRA,,,,,,,,,,,,,,,,,,,,,,,,,
,"Directorate of Technical Education, Maharashtra State, Mumbai.",,,,,,,,,,,,,,,,,,,,,,,,
,Cut Off List for Maharashtra & Minority Seats of CAP Round-II for Admission to the First Year Post Graduate Technical Course in Master of Computer Applications (MCA) for the Academic Year 2025-26.,,,,,,,,,,,,,,,,,,,,,,,,
,2508 - GRAMIN TECHNICAL AND MANAGEMENT CAMPUS NANDED.,,,,,,,,,,,,,,,,,,,,,,,,
,0250824110 - Master in Computer Application,,,,,,,,,,,,,,,,,,,,,,,,
,Status :, ,Un-Aided,,,,,,,,,,,,,,,,,,,,,,
,Home University Seats,,,,,,,,,,,,,,,,,,,,,,,,
Home University Seats Allotted to Home University Candidates,,,,,,,,,,,,,,,,,,,,,,,,,
,GOPENH, ,GSCH, ,GSTH, ,GNTAH, ,GNTBH, ,GNTCH, ,GNTDH, ,GOBCH, ,GSEBCH, ,PWDOPENH,,,,,,
17700,20732,22031,,,,,,,,,,,,,,,,,,,,,,,
Stage-I, ,,,,,,,,,,,,,,,,,,,,,,,,
(39.3989669),(27.2744425),(21.0059952),,,,,,,,,,,,,,,,,,,,,,,
20780,21202,21212,18364,18854,19356,20379,,,,,,,,,,,,,,,,,,,
,Stage-IV, ,,,,,,,,,,,,,,,,,,,,,,,
(25.4779232),(25.4779232),(25.4779232),(36.496736),(34.5198145),(31.6629561),(27.2744425),,,,,,,,,,,,,,,,,,,
17895,,,,,,,,,,,,,,,,,,,,,,,,,
,I-Non PWD / DEF, ,,,,,,,,,,,,,,,,,,,,,,,
(39.3989669),,,,,,,,,,,,,,,,,,,,,,,,,
,Other Than Home University Seats,,,,,,,,,,,,,,,,,,,,,,,,
Other Than Home University Seats Allotted to Other Than Home University Candidates,,,,,,,,,,,,,,,,,,,,,,,,,
,GOPENO,,,,,,,,,,,,,,,,,,,,,,,,
23191,,,,,,,,,,,,,,,,,,,,,,,,,
Stage-I, ,,,,,,,,,,,,,,,,,,,,,,,,
(13.5402134),,,,,,,,,,,,,,,,,,,,,,,,,
,Other Than Home University Seats Allotted to Home University Candidates,,,,,,,,,,,,,,,,,,,,,,,,
,GOPENO, ,GSCO, ,GSTO, ,GNTAO, ,GNTCO, ,GOBCO, ,GSEBCO,,,,,,,,,,,,
21678,,,,,,,,,,,,,,,,,,,,,,,,,
Stage-I, ,,,,,,,,,,,,,,,,,,,,,,,,
(21.0059952),,,,,,,,,,,,,,,,,,,,,,,,,
22461,21786,22588,23749,24073,21714,,,,,,,,,,,,,,,,,,,,
,Stage-IV, ,,,,,,,,,,,,,,,,,,,,,,,
(16.9789978),(21.0059952),(16.9789978),(10.5199653),(9.7430286),(21.0059952),,,,,,,,,,,,,,,,,,,,
,Legends :, ,"Legends: G-General, L-Ladies, S-State Level Seats ,PWD - Persons with Disabilities,DEF - Defence,PWDR :PWD Common Reserved Seat",,,,,,,,,,,,,,,,,,,,,,
"DEFR :Defense Common Reserved Seat ,* Maharashtra State Seats - Cut Off Indicates State General Merit No. ; Figures in bracket Indicates Merit Score",,,,,,,,,,,,,,,,,,,,,,,,,
,Page 29 of 265,,,,,,,,,,,,,,,,,,,,,,,,
GOVERNMENT OF MAHARASHTRA,,,,,,,,,,,,,,,,,,,,,,,,,
,"Directorate of Technical Education, Maharashtra State, Mumbai.",,,,,,,,,,,,,,,,,,,,,,,,
,Cut Off List for Maharashtra & Minority Seats of CAP Round-II for Admission to the First Year Post Graduate Technical Course in Master of Computer Applications (MCA) for the Academic Year 2025-26.,,,,,,,,,,,,,,,,,,,,,,,,
,2508 - GRAMIN TECHNICAL AND MANAGEMENT CAMPUS NANDED.,,,,,,,,,,,,,,,,,,,,,,,,
,0250824110 - Master in Computer Application,,,,,,,,,,,,,,,,,,,,,,,,
,Status :, ,Un-Aided,,,,,,,,,,,,,,,,,,,,,,
,State Level Seats,,,,,,,,,,,,,,,,,,,,,,,,
,EWS, ,TFWS,,,,,,,,,,,,,,,,,,,,,,
22017,14780,,,,,,,,,,,,,,,,,,,,,,,,
Stage-I, ,,,,,,,,,,,,,,,,,,,,,,,,
(21.0059952),(51.4093808),,,,,,,,,,,,,,,,,,,,,,,,
,Legends :, ,"Legends: G-General, L-Ladies, S-State Level Seats ,PWD - Persons with Disabilities,DEF - Defence,PWDR :PWD Common Reserved Seat",,,,,,,,,,,,,,,,,,,,,,
"DEFR :Defense Common Reserved Seat ,* Maharashtra State Seats - Cut Off Indicates State General Merit No. ; Figures in bracket Indicates Merit Score",,,,,,,,,,,,,,,,,,,,,,,,,
,Page 30 of 265,,,,,,,,,,,,,,,,,,,,,,,,
GOVERNMENT OF MAHARASHTRA,,,,,,,,,,,,,,,,,,,,,,,,,
,"Directorate of Technical Education, Maharashtra State, Mumbai.",,,,,,,,,,,,,,,,,,,,,,,,
,Cut Off List for Maharashtra & Minority Seats of CAP Round-II for Admission to the First Year Post Graduate Technical Course in Master of Computer Applications (MCA) for the Academic Year 2025-26.,,,,,,,,,,,,,,,,,,,,,,,,
,"2519 - Shri V. D. Deshmukh College of MCA, Kolpa Dist. Latur",,,,,,,,,,,,,,,,,,,,,,,,
,0251924110 - Master in Computer Application,,,,,,,,,,,,,,,,,,,,,,,,
,Status :, ,Un-Aided,,,,,,,,,,,,,,,,,,,,,,
,Home University Seats,,,,,,,,,,,,,,,,,,,,,,,,
Home University Seats Allotted to Home University Candidates,,,,,,,,,,,,,,,,,,,,,,,,,
,GOPENH, ,GSCH, ,GSTH, ,GNTAH, ,GNTBH, ,GNTCH, ,GNTDH, ,GOBCH, ,GSEBCH, ,PWDOPENH,,,,,,
9488,23806,13064,21551,17528,22199,18283,16735,,,,,,,,,,,,,,,,,,
Stage-I, ,,,,,,,,,,,,,,,,,,,,,,,,
(71.1549338),(10.5199653),(58.7911466),(23.1010151),(41.4550394),(19.1539942),(36.496736),(44.5345198),,,,,,,,,,,,,,,,,,
10830,,,,,,,,,,,,,,,,,,,,,,,,,
,Stage-IV, ,,,,,,,,,,,,,,,,,,,,,,,
(65.8578922),,,,,,,,,,,,,,,,,,,,,,,,,
10159,,,,,,,,,,,,,,,,,,,,,,,,,
,I-Non PWD / DEF, ,,,,,,,,,,,,,,,,,,,,,,,
(69.7143504),,,,,,,,,,,,,,,,,,,,,,,,,
,Other Than Home University Seats,,,,,,,,,,,,,,,,,,,,,,,,
Other Than Home University Seats Allotted to Other Than Home University Candidates,,,,,,,,,,,,,,,,,,,,,,,,,
,GOPENO,,,,,,,,,,,,,,,,,,,,,,,,
22763,,,,,,,,,,,,,,,,,,,,,,,,,
Stage-I, ,,,,,,,,,,,,,,,,,,,,,,,,
(16.9789978),,,,,,,,,,,,,,,,,,,,,,,,,
,Other Than Home University Seats Allotted to Home University Candidates,,,,,,,,,,,,,,,,,,,,,,,,
,GOPENO, ,GSCO, ,GSTO, ,GOBCO, ,GSEBCO,,,,,,,,,,,,,,,,
10789,25232,20483,18176,,,,,,,,,,,,,,,,,,,,,,
Stage-I, ,,,,,,,,,,,,,,,,,,,,,,,,
(65.8578922),(2.0662871),(27.2744425),(39.3989669),,,,,,,,,,,,,,,,,,,,,,
11089,,,,,,,,,,,,,,,,,,,,,,,,,
,Stage-IV, ,,,,,,,,,,,,,,,,,,,,,,,
(65.8578922),,,,,,,,,,,,,,,,,,,,,,,,,
,Legends :, ,"Legends: G-General, L-Ladies, S-State Level Seats ,PWD - Persons with Disabilities,DEF - Defence,PWDR :PWD Common Reserved Seat",,,,,,,,,,,,,,,,,,,,,,
"DEFR :Defense Common Reserved Seat ,* Maharashtra State Seats - Cut Off Indicates State General Merit No. ; Figures in bracket Indicates Merit Score",,,,,,,,,,,,,,,,,,,,,,,,,
,Page 31 of 265,,,,,,,,,,,,,,,,,,,,,,,,
GOVERNMENT OF MAHARASHTRA,,,,,,,,,,,,,,,,,,,,,,,,,
,"Directorate of Technical Education, Maharashtra State, Mumbai.",,,,,,,,,,,,,,,,,,,,,,,,
,Cut Off List for Maharashtra & Minority Seats of CAP Round-II for Admission to the First Year Post Graduate Technical Course in Master of Computer Applications (MCA) for the Academic Year 2025-26.,,,,,,,,,,,,,,,,,,,,,,,,
,"2519 - Shri V. D. Deshmukh College of MCA, Kolpa Dist. Latur",,,,,,,,,,,,,,,,,,,,,,,,
,0251924110 - Master in Computer Application,,,,,,,,,,,,,,,,,,,,,,,,
,Status :, ,Un-Aided,,,,,,,,,,,,,,,,,,,,,,
,State Level Seats,,,,,,,,,,,,,,,,,,,,,,,,
,EWS, ,TFWS,,,,,,,,,,,,,,,,,,,,,,
10605,6554,,,,,,,,,,,,,,,,,,,,,,,,
Stage-I, ,,,,,,,,,,,,,,,,,,,,,,,,
(67.3579428),(79.9969812),,,,,,,,,,,,,,,,,,,,,,,,
,Legends :, ,"Legends: G-General, L-Ladies, S-State Level Seats ,PWD - Persons with Disabilities,DEF - Defence,PWDR :PWD Common Reserved Seat",,,,,,,,,,,,,,,,,,,,,,
"DEFR :Defense Common Reserved Seat ,* Maharashtra State Seats - Cut Off Indicates State General Merit No. ; Figures in bracket Indicates Merit Score",,,,,,,,,,,,,,,,,,,,,,,,,
,Page 32 of 265,,,,,,,,,,,,,,,,,,,,,,,,
GOVERNMENT OF MAHARASHTRA,,,,,,,,,,,,,,,,,,,,,,,,,
,"Directorate of Technical Education, Maharashtra State, Mumbai.",,,,,,,,,,,,,,,,,,,,,,,,
,Cut Off List for Maharashtra & Minority Seats of CAP Round-II for Admission to the First Year Post Graduate Technical Course in Master of Computer Applications (MCA) for the Academic Year 2025-26.,,,,,,,,,,,,,,,,,,,,,,,,
,"2569 - Suraj Institute of Management, Beed",,,,,,,,,,,,,,,,,,,,,,,,
,0256924110 - Master in Computer Application,,,,,,,,,,,,,,,,,,,,,,,,
,Status :, ,Un-Aided,,,,,,,,,,,,,,,,,,,,,,
,Home University Seats,,,,,,,,,,,,,,,,,,,,,,,,
Home University Seats Allotted to Home University Candidates,,,,,,,,,,,,,,,,,,,,,,,,,
,GOPENH, ,GSCH, ,GSTH, ,GNTAH, ,GNTBH, ,GNTCH, ,GNTDH, ,GOBCH, ,GSEBCH, ,PWDOPENH, ,PWDSCH, ,PWDOBCH, ,PWDSEBCH
18812,24374,23289,21450,,,,,,,,,,,,,,,,,,,,,,
Stage-I, ,,,,,,,,,,,,,,,,,,,,,,,,
(34.5198145),(7.4072677),(13.5402134),(23.1010151),,,,,,,,,,,,,,,,,,,,,,
25347,25409,22351,22551,22859,22873,25476,25100,25141,25253,25307,,,,,,,,,,,,,,,
,Stage-IV, ,,,,,,,,,,,,,,,,,,,,,,,
(1.3498737),(0.5995249),(19.1539942),(16.9789978),(15.5994113),(15.5994113),(0.1433908),(2.8640429),(2.8640429),(2.0301121),(1.3622127),,,,,,,,,,,,,,,
21045,,,,,,,,,,,,,,,,,,,,,,,,,
,I-Non PWD / DEF, ,,,,,,,,,,,,,,,,,,,,,,,
(25.4779232),,,,,,,,,,,,,,,,,,,,,,,,,
,Other Than Home University Seats,,,,,,,,,,,,,,,,,,,,,,,,
Other Than Home University Seats Allotted to Other Than Home University Candidates,,,,,,,,,,,,,,,,,,,,,,,,,
,GOPENO, ,GSCO, ,GSTO, ,GNTAO, ,GOBCO,,,,,,,,,,,,,,,,
21563,22866,,,,,,,,,,,,,,,,,,,,,,,,
Stage-I, ,,,,,,,,,,,,,,,,,,,,,,,,
(23.1010151),(15.5994113),,,,,,,,,,,,,,,,,,,,,,,,
22467,24656,25004,,,,,,,,,,,,,,,,,,,,,,,
,Stage-IV, ,,,,,,,,,,,,,,,,,,,,,,,
(16.9789978),(5.5960152),(3.0466423),,,,,,,,,,,,,,,,,,,,,,,
,State Level Seats,,,,,,,,,,,,,,,,,,,,,,,,
,EWS,,,,,,,,,,,,,,,,,,,,,,,,
24880,,,,,,,,,,,,,,,,,,,,,,,,,
Stage-I, ,,,,,,,,,,,,,,,,,,,,,,,,
(4.067771),,,,,,,,,,,,,,,,,,,,,,,,,
,Legends :, ,"Legends: G-General, L-Ladies, S-State Level Seats ,PWD - Persons with Disabilities,DEF - Defence,PWDR :PWD Common Reserved Seat",,,,,,,,,,,,,,,,,,,,,,
"DEFR :Defense Common Reserved Seat ,* Maharashtra State Seats - Cut Off Indicates State General Merit No. ; Figures in bracket Indicates Merit Score",,,,,,,,,,,,,,,,,,,,,,,,,
,Page 33 of 265,,,,,,,,,,,,,,,,,,,,,,,,
GOVERNMENT OF MAHARASHTRA,,,,,,,,,,,,,,,,,,,,,,,,,
,"Directorate of Technical Education, Maharashtra State, Mumbai.",,,,,,,,,,,,,,,,,,,,,,,,
,Cut Off List for Maharashtra & Minority Seats of CAP Round-II for Admission to the First Year Post Graduate Technical Course in Master of Computer Applications (MCA) for the Academic Year 2025-26.,,,,,,,,,,,,,,,,,,,,,,,,
,"2621 - MDA EDUCATION AND RESEARCH INSTITUTE, KOLPA, LATUR",,,,,,,,,,,,,,,,,,,,,,,,
,0262124110 - Master in Computer Application,,,,,,,,,,,,,,,,,,,,,,,,
,Status :, ,Un-Aided,,,,,,,,,,,,,,,,,,,,,,
,Home University Seats,,,,,,,,,,,,,,,,,,,,,,,,
Home University Seats Allotted to Home University Candidates,,,,,,,,,,,,,,,,,,,,,,,,,
,GOPENH, ,GSCH, ,GSTH, ,GNTAH, ,GNTBH, ,GNTCH, ,GNTDH, ,GOBCH, ,GSEBCH, ,PWDOPENH,,,,,,
9556,21620,12379,18626,20364,24078,21592,,,,,,,,,,,,,,,,,,,
Stage-I, ,,,,,,,,,,,,,,,,,,,,,,,,
(71.1549338),(23.1010151),(61.2807064),(36.496736),(27.2744425),(9.7430286),(23.1010151),,,,,,,,,,,,,,,,,,,
14202,12505,,,,,,,,,,,,,,,,,,,,,,,,
,Stage-IV, ,,,,,,,,,,,,,,,,,,,,,,,
(53.942159),(61.2807064),,,,,,,,,,,,,,,,,,,,,,,,
10990,,,,,,,,,,,,,,,,,,,,,,,,,
,I-Non PWD / DEF, ,,,,,,,,,,,,,,,,,,,,,,,
(65.8578922),,,,,,,,,,,,,,,,,,,,,,,,,
,Other Than Home University Seats,,,,,,,,,,,,,,,,,,,,,,,,
Other Than Home University Seats Allotted to Other Than Home University Candidates,,,,,,,,,,,,,,,,,,,,,,,,,
,GOPENO,,,,,,,,,,,,,,,,,,,,,,,,
25454,,,,,,,,,,,,,,,,,,,,,,,,,
Stage-I, ,,,,,,,,,,,,,,,,,,,,,,,,
(0.2564006),,,,,,,,,,,,,,,,,,,,,,,,,
,Other Than Home University Seats Allotted to Home University Candidates,,,,,,,,,,,,,,,,,,,,,,,,
,GOPENO, ,GSCO, ,GSTO, ,GNTBO, ,GNTCO, ,GOBCO, ,GSEBCO,,,,,,,,,,,,
14868,22974,19494,23330,,,,,,,,,,,,,,,,,,,,,,
Stage-I, ,,,,,,,,,,,,,,,,,,,,,,,,
(51.4093808),(15.5994113),(31.6629561),(13.5402134),,,,,,,,,,,,,,,,,,,,,,
15661,15065,15754,,,,,,,,,,,,,,,,,,,,,,,
,Stage-IV, ,,,,,,,,,,,,,,,,,,,,,,,
(49.3533426),(51.4093808),(49.3533426),,,,,,,,,,,,,,,,,,,,,,,
,Legends :, ,"Legends: G-General, L-Ladies, S-State Level Seats ,PWD - Persons with Disabilities,DEF - Defence,PWDR :PWD Common Reserved Seat",,,,,,,,,,,,,,,,,,,,,,
"DEFR :Defense Common Reserved Seat ,* Maharashtra State Seats - Cut Off Indicates State General Merit No. ; Figures in bracket Indicates Merit Score",,,,,,,,,,,,,,,,,,,,,,,,,
,Page 34 of 265,,,,,,,,,,,,,,,,,,,,,,,,
GOVERNMENT OF MAHARASHTRA,,,,,,,,,,,,,,,,,,,,,,,,,
,"Directorate of Technical Education, Maharashtra State, Mumbai.",,,,,,,,,,,,,,,,,,,,,,,,
,Cut Off List for Maharashtra & Minority Seats of CAP Round-II for Admission to the First Year Post Graduate Technical Course in Master of Computer Applications (MCA) for the Academic Year 2025-26.,,,,,,,,,,,,,,,,,,,,,,,,
,"2621 - MDA EDUCATION AND RESEARCH INSTITUTE, KOLPA, LATUR",,,,,,,,,,,,,,,,,,,,,,,,
,0262124110 - Master in Computer Application,,,,,,,,,,,,,,,,,,,,,,,,
,Status :, ,Un-Aided,,,,,,,,,,,,,,,,,,,,,,
,State Level Seats,,,,,,,,,,,,,,,,,,,,,,,,
,EWS,,,,,,,,,,,,,,,,,,,,,,,,
14758,,,,,,,,,,,,,,,,,,,,,,,,,
Stage-I, ,,,,,,,,,,,,,,,,,,,,,,,,
(51.4093808),,,,,,,,,,,,,,,,,,,,,,,,,
,Legends :, ,"Legends: G-General, L-Ladies, S-State Level Seats ,PWD - Persons with Disabilities,DEF - Defence,PWDR :PWD Common Reserved Seat",,,,,,,,,,,,,,,,,,,,,,
"DEFR :Defense Common Reserved Seat ,* Maharashtra State Seats - Cut Off Indicates State General Merit No. ; Figures in bracket Indicates Merit Score",,,,,,,,,,,,,,,,,,,,,,,,,
,Page 35 of 265,,,,,,,,,,,,,,,,,,,,,,,,
GOVERNMENT OF MAHARASHTRA,,,,,,,,,,,,,,,,,,,,,,,,,
,"Directorate of Technical Education, Maharashtra State, Mumbai.",,,,,,,,,,,,,,,,,,,,,,,,
,Cut Off List for Maharashtra & Minority Seats of CAP Round-II for Admission to the First Year Post Graduate Technical Course in Master of Computer Applications (MCA) for the Academic Year 2025-26.,,,,,,,,,,,,,,,,,,,,,,,,
,"2622 - Jay Bhavani Institute of Management, Badnapur, Jalna",,,,,,,,,,,,,,,,,,,,,,,,
,0262224110 - Master in Computer Application,,,,,,,,,,,,,,,,,,,,,,,,
,Status :, ,Un-Aided,,,,,,,,,,,,,,,,,,,,,,
,Home University Seats,,,,,,,,,,,,,,,,,,,,,,,,
Home University Seats Allotted to Home University Candidates,,,,,,,,,,,,,,,,,,,,,,,,,
,GOPENH, ,GOBCH, ,GSEBCH, ,PWDOPENH,,,,,,,,,,,,,,,,,,
6283,13627,13584,,,,,,,,,,,,,,,,,,,,,,,
Stage-I, ,,,,,,,,,,,,,,,,,,,,,,,,
(80.5399495),(56.5488095),(56.5488095),,,,,,,,,,,,,,,,,,,,,,,
7592,,,,,,,,,,,,,,,,,,,,,,,,,
,I-Non PWD / DEF, ,,,,,,,,,,,,,,,,,,,,,,,
(76.9216256),,,,,,,,,,,,,,,,,,,,,,,,,
,Home University Seats Allotted to Other Than Home University Candidates,,,,,,,,,,,,,,,,,,,,,,,,
,GSEBCH,,,,,,,,,,,,,,,,,,,,,,,,
17406,,,,,,,,,,,,,,,,,,,,,,,,,
Stage-I, ,,,,,,,,,,,,,,,,,,,,,,,,
(41.4550394),,,,,,,,,,,,,,,,,,,,,,,,,
,Other Than Home University Seats,,,,,,,,,,,,,,,,,,,,,,,,
Other Than Home University Seats Allotted to Other Than Home University Candidates,,,,,,,,,,,,,,,,,,,,,,,,,
,GOPENO, ,GSCO, ,GSTO, ,GOBCO,,,,,,,,,,,,,,,,,,
2444,20562,24585,,,,,,,,,,,,,,,,,,,,,,,
Stage-I, ,,,,,,,,,,,,,,,,,,,,,,,,
(92.1797821),(27.2744425),(5.9311489),,,,,,,,,,,,,,,,,,,,,,,
8484,,,,,,,,,,,,,,,,,,,,,,,,,
,Stage-IV, ,,,,,,,,,,,,,,,,,,,,,,,
(74.782248),,,,,,,,,,,,,,,,,,,,,,,,,
,Other Than Home University Seats Allotted to Home University Candidates,,,,,,,,,,,,,,,,,,,,,,,,
,GSCO, ,GOBCO,,,,,,,,,,,,,,,,,,,,,,
22052,17793,,,,,,,,,,,,,,,,,,,,,,,,
Stage-I, ,,,,,,,,,,,,,,,,,,,,,,,,
(21.0059952),(39.3989669),,,,,,,,,,,,,,,,,,,,,,,,
,Legends :, ,"Legends: G-General, L-Ladies, S-State Level Seats ,PWD - Persons with Disabilities,DEF - Defence,PWDR :PWD Common Reserved Seat",,,,,,,,,,,,,,,,,,,,,,
"DEFR :Defense Common Reserved Seat ,* Maharashtra State Seats - Cut Off Indicates State General Merit No. ; Figures in bracket Indicates Merit Score",,,,,,,,,,,,,,,,,,,,,,,,,
,Page 36 of 265,,,,,,,,,,,,,,,,,,,,,,,,
GOVERNMENT OF MAHARASHTRA,,,,,,,,,,,,,,,,,,,,,,,,,
,"Directorate of Technical Education, Maharashtra State, Mumbai.",,,,,,,,,,,,,,,,,,,,,,,,
,Cut Off List for Maharashtra & Minority Seats of CAP Round-II for Admission to the First Year Post Graduate Technical Course in Master of Computer Applications (MCA) for the Academic Year 2025-26.,,,,,,,,,,,,,,,,,,,,,,,,
,"2622 - Jay Bhavani Institute of Management, Badnapur, Jalna",,,,,,,,,,,,,,,,,,,,,,,,
,0262224110 - Master in Computer Application,,,,,,,,,,,,,,,,,,,,,,,,
,Status :, ,Un-Aided,,,,,,,,,,,,,,,,,,,,,,
,State Level Seats,,,,,,,,,,,,,,,,,,,,,,,,
,EWS,,,,,,,,,,,,,,,,,,,,,,,,
18908,,,,,,,,,,,,,,,,,,,,,,,,,
Stage-I, ,,,,,,,,,,,,,,,,,,,,,,,,
(34.5198145),,,,,,,,,,,,,,,,,,,,,,,,,
,Legends :, ,"Legends: G-General, L-Ladies, S-State Level Seats ,PWD - Persons with Disabilities,DEF - Defence,PWDR :PWD Common Reserved Seat",,,,,,,,,,,,,,,,,,,,,,
"DEFR :Defense Common Reserved Seat ,* Maharashtra State Seats - Cut Off Indicates State General Merit No. ; Figures in bracket Indicates Merit Score",,,,,,,,,,,,,,,,,,,,,,,,,
,Page 37 of 265,,,,,,,,,,,,,,,,,,,,,,,,
GOVERNMENT OF MAHARASHTRA,,,,,,,,,,,,,,,,,,,,,,,,,
,"Directorate of Technical Education, Maharashtra State, Mumbai.",,,,,,,,,,,,,,,,,,,,,,,,
,Cut Off List for Maharashtra & Minority Seats of CAP Round-II for Admission to the First Year Post Graduate Technical Course in Master of Computer Applications (MCA) for the Academic Year 2025-26.,,,,,,,,,,,,,,,,,,,,,,,,
,"2633 - Yashodeep Institute of Computer Application, MCA",,,,,,,,,,,,,,,,,,,,,,,,
,0263324110 - Master in Computer Application,,,,,,,,,,,,,,,,,,,,,,,,
,Status :, ,Un-Aided,,,,,,,,,,,,,,,,,,,,,,
,Home University Seats,,,,,,,,,,,,,,,,,,,,,,,,
Home University Seats Allotted to Home University Candidates,,,,,,,,,,,,,,,,,,,,,,,,,
,GOPENH, ,GSCH, ,GSTH, ,GNTBH, ,GNTCH, ,GOBCH, ,GSEBCH, ,PWDOPENH,,,,,,,,,,
17865,24317,,,,,,,,,,,,,,,,,,,,,,,,
Stage-I, ,,,,,,,,,,,,,,,,,,,,,,,,
(39.3989669),(7.4072677),,,,,,,,,,,,,,,,,,,,,,,,
24736,25255,21976,22129,22171,23158,,,,,,,,,,,,,,,,,,,,
,Stage-IV, ,,,,,,,,,,,,,,,,,,,,,,,
(5.5960152),(2.0301121),(21.0059952),(19.1539942),(19.1539942),(13.5402134),,,,,,,,,,,,,,,,,,,,
19889,,,,,,,,,,,,,,,,,,,,,,,,,
,I-Non PWD / DEF, ,,,,,,,,,,,,,,,,,,,,,,,
(29.9046039),,,,,,,,,,,,,,,,,,,,,,,,,
,Other Than Home University Seats Allotted to Home University Candidates,,,,,,,,,,,,,,,,,,,,,,,,
,GOPENO,,,,,,,,,,,,,,,,,,,,,,,,
25405,,,,,,,,,,,,,,,,,,,,,,,,,
Stage-I, ,,,,,,,,,,,,,,,,,,,,,,,,
(0.5995249),,,,,,,,,,,,,,,,,,,,,,,,,
,Legends :, ,"Legends: G-General, L-Ladies, S-State Level Seats ,PWD - Persons with Disabilities,DEF - Defence,PWDR :PWD Common Reserved Seat",,,,,,,,,,,,,,,,,,,,,,
"DEFR :Defense Common Reserved Seat ,* Maharashtra State Seats - Cut Off Indicates State General Merit No. ; Figures in bracket Indicates Merit Score",,,,,,,,,,,,,,,,,,,,,,,,,
,Page 38 of 265,,,,,,,,,,,,,,,,,,,,,,,,
GOVERNMENT OF MAHARASHTRA,,,,,,,,,,,,,,,,,,,,,,,,,
,"Directorate of Technical Education, Maharashtra State, Mumbai.",,,,,,,,,,,,,,,,,,,,,,,,
,Cut Off List for Maharashtra & Minority Seats of CAP Round-II for Admission to the First Year Post Graduate Technical Course in Master of Computer Applications (MCA) for the Academic Year 2025-26.,,,,,,,,,,,,,,,,,,,,,,,,
,"2635 - Shri. Sambhaji College of Management & Technology, Degaon Road, Opp. Nadla Digras, Khadkut, Nanded",,,,,,,,,,,,,,,,,,,,,,,,
,0263524110 - Master in Computer Application,,,,,,,,,,,,,,,,,,,,,,,,
,Status :, ,Un-Aided,,,,,,,,,,,,,,,,,,,,,,
,Home University Seats,,,,,,,,,,,,,,,,,,,,,,,,
Home University Seats Allotted to Home University Candidates,,,,,,,,,,,,,,,,,,,,,,,,,
,GOPENH, ,GSCH, ,GSTH, ,GNTCH, ,GNTDH, ,GOBCH, ,GSEBCH, ,PWDOPENH,,,,,,,,,,
13524,19215,20765,16621,,,,,,,,,,,,,,,,,,,,,,
Stage-I, ,,,,,,,,,,,,,,,,,,,,,,,,
(56.5488095),(34.5198145),(27.2744425),(44.5345198),,,,,,,,,,,,,,,,,,,,,,
16927,16280,16946,,,,,,,,,,,,,,,,,,,,,,,
,Stage-IV, ,,,,,,,,,,,,,,,,,,,,,,,
(44.5345198),(46.3793819),(44.5345198),,,,,,,,,,,,,,,,,,,,,,,
15717,,,,,,,,,,,,,,,,,,,,,,,,,
,I-Non PWD / DEF, ,,,,,,,,,,,,,,,,,,,,,,,
(49.3533426),,,,,,,,,,,,,,,,,,,,,,,,,
,Other Than Home University Seats Allotted to Home University Candidates,,,,,,,,,,,,,,,,,,,,,,,,
,GOPENO, ,GSCO, ,GSTO, ,GNTAO, ,GNTCO, ,GOBCO, ,GSEBCO,,,,,,,,,,,,
16579,20749,25304,19525,,,,,,,,,,,,,,,,,,,,,,
Stage-I, ,,,,,,,,,,,,,,,,,,,,,,,,
(44.5345198),(27.2744425),(1.3622127),(31.6629561),,,,,,,,,,,,,,,,,,,,,,
17556,17362,17427,,,,,,,,,,,,,,,,,,,,,,,
,Stage-IV, ,,,,,,,,,,,,,,,,,,,,,,,
(41.4550394),(41.4550394),(41.4550394),,,,,,,,,,,,,,,,,,,,,,,
,State Level Seats,,,,,,,,,,,,,,,,,,,,,,,,
,EWS,,,,,,,,,,,,,,,,,,,,,,,,
22639,,,,,,,,,,,,,,,,,,,,,,,,,
Stage-I, ,,,,,,,,,,,,,,,,,,,,,,,,
(16.9789978),,,,,,,,,,,,,,,,,,,,,,,,,
,Legends :, ,"Legends: G-General, L-Ladies, S-State Level Seats ,PWD - Persons with Disabilities,DEF - Defence,PWDR :PWD Common Reserved Seat",,,,,,,,,,,,,,,,,,,,,,
"DEFR :Defense Common Reserved Seat ,* Maharashtra State Seats - Cut Off Indicates State General Merit No. ; Figures in bracket Indicates Merit Score",,,,,,,,,,,,,,,,,,,,,,,,,
,Page 39 of 265,,,,,,,,,,,,,,,,,,,,,,,,
GOVERNMENT OF MAHARASHTRA,,,,,,,,,,,,,,,,,,,,,,,,,
,"Directorate of Technical Education, Maharashtra State, Mumbai.",,,,,,,,,,,,,,,,,,,,,,,,
,Cut Off List for Maharashtra & Minority Seats of CAP Round-II for Admission to the First Year Post Graduate Technical Course in Master of Computer Applications (MCA) for the Academic Year 2025-26.,,,,,,,,,,,,,,,,,,,,,,,,
,"2664 - Deogiri College, Chh. Sambhaji Nagar",,,,,,,,,,,,,,,,,,,,,,,,
,0266424110 - Master in Computer Application,,,,,,,,,,,,,,,,,,,,,,,,
,Status :, ,Un-Aided-Autonomous,,,,,,,,,,,,,,,,,,,,,,
,Home University Seats,,,,,,,,,,,,,,,,,,,,,,,,
Home University Seats Allotted to Home University Candidates,,,,,,,,,,,,,,,,,,,,,,,,,
,GOPENH, ,GSCH, ,GSTH, ,GOBCH, ,PWDOPENH,,,,,,,,,,,,,,,,
7999,12000,11641,,,,,,,,,,,,,,,,,,,,,,,
Stage-I, ,,,,,,,,,,,,,,,,,,,,,,,,
(74.782248),(63.1574978),(63.1574978),,,,,,,,,,,,,,,,,,,,,,,
9621,,,,,,,,,,,,,,,,,,,,,,,,,
,Stage-IV, ,,,,,,,,,,,,,,,,,,,,,,,
(69.7143504),,,,,,,,,,,,,,,,,,,,,,,,,
8099,,,,,,,,,,,,,,,,,,,,,,,,,
,I-Non PWD / DEF, ,,,,,,,,,,,,,,,,,,,,,,,
(74.782248),,,,,,,,,,,,,,,,,,,,,,,,,
,Other Than Home University Seats,,,,,,,,,,,,,,,,,,,,,,,,
Other Than Home University Seats Allotted to Other Than Home University Candidates,,,,,,,,,,,,,,,,,,,,,,,,,
,GOPENO, ,GSCO, ,GSTO, ,GOBCO,,,,,,,,,,,,,,,,,,
11643,12499,18115,,,,,,,,,,,,,,,,,,,,,,,
Stage-I, ,,,,,,,,,,,,,,,,,,,,,,,,
(63.1574978),(61.2807064),(39.3989669),,,,,,,,,,,,,,,,,,,,,,,
14038,,,,,,,,,,,,,,,,,,,,,,,,,
,Stage-IV, ,,,,,,,,,,,,,,,,,,,,,,,
(53.942159),,,,,,,,,,,,,,,,,,,,,,,,,
,Other Than Home University Seats Allotted to Home University Candidates,,,,,,,,,,,,,,,,,,,,,,,,
,GNTAO, ,GNTBO, ,GSEBCO,,,,,,,,,,,,,,,,,,,,
17433,13188,10418,,,,,,,,,,,,,,,,,,,,,,,
Stage-I, ,,,,,,,,,,,,,,,,,,,,,,,,
(41.4550394),(58.7911466),(67.3579428),,,,,,,,,,,,,,,,,,,,,,,
,Legends :, ,"Legends: G-General, L-Ladies, S-State Level Seats ,PWD - Persons with Disabilities,DEF - Defence,PWDR :PWD Common Reserved Seat",,,,,,,,,,,,,,,,,,,,,,
"DEFR :Defense Common Reserved Seat ,* Maharashtra State Seats - Cut Off Indicates State General Merit No. ; Figures in bracket Indicates Merit Score",,,,,,,,,,,,,,,,,,,,,,,,,
,Page 40 of 265,,,,,,,,,,,,,,,,,,,,,,,,
GOVERNMENT OF MAHARASHTRA,,,,,,,,,,,,,,,,,,,,,,,,,
,"Directorate of Technical Education, Maharashtra State, Mumbai.",,,,,,,,,,,,,,,,,,,,,,,,
,Cut Off List for Maharashtra & Minority Seats of CAP Round-II for Admission to the First Year Post Graduate Technical Course in Master of Computer Applications (MCA) for the Academic Year 2025-26.,,,,,,,,,,,,,,,,,,,,,,,,
,"2664 - Deogiri College, Chh. Sambhaji Nagar",,,,,,,,,,,,,,,,,,,,,,,,
,0266424110 - Master in Computer Application,,,,,,,,,,,,,,,,,,,,,,,,
,Status :, ,Un-Aided-Autonomous,,,,,,,,,,,,,,,,,,,,,,
,State Level Seats,,,,,,,,,,,,,,,,,,,,,,,,
,EWS,,,,,,,,,,,,,,,,,,,,,,,,
10437,,,,,,,,,,,,,,,,,,,,,,,,,
Stage-I, ,,,,,,,,,,,,,,,,,,,,,,,,
(67.3579428),,,,,,,,,,,,,,,,,,,,,,,,,
,Legends :, ,"Legends: G-General, L-Ladies, S-State Level Seats ,PWD - Persons with Disabilities,DEF - Defence,PWDR :PWD Common Reserved Seat",,,,,,,,,,,,,,,,,,,,,,
"DEFR :Defense Common Reserved Seat ,* Maharashtra State Seats - Cut Off Indicates State General Merit No. ; Figures in bracket Indicates Merit Score",,,,,,,,,,,,,,,,,,,,,,,,,
,Page 41 of 265,,,,,,,,,,,,,,,,,,,,,,,,
GOVERNMENT OF MAHARASHTRA,,,,,,,,,,,,,,,,,,,,,,,,,
,"Directorate of Technical Education, Maharashtra State, Mumbai.",,,,,,,,,,,,,,,,,,,,,,,,
,Cut Off List for Maharashtra & Minority Seats of CAP Round-II for Admission to the First Year Post Graduate Technical Course in Master of Computer Applications (MCA) for the Academic Year 2025-26.,,,,,,,,,,,,,,,,,,,,,,,,
,"2665 - Royal Institute of Technical Education, Latur",,,,,,,,,,,,,,,,,,,,,,,,
,0266524110 - Master in Computer Application,,,,,,,,,,,,,,,,,,,,,,,,
,Status :, ,Un-Aided,,,,,,,,,,,,,,,,,,,,,,
,Home University Seats,,,,,,,,,,,,,,,,,,,,,,,,
Home University Seats Allotted to Home University Candidates,,,,,,,,,,,,,,,,,,,,,,,,,
,GOPENH, ,GSCH, ,GSTH, ,GNTAH, ,GOBCH, ,GSEBCH, ,PWDOPENH,,,,,,,,,,,,
10682,20019,16776,20438,13855,,,,,,,,,,,,,,,,,,,,,
Stage-I, ,,,,,,,,,,,,,,,,,,,,,,,,
(67.3579428),(29.9046039),(44.5345198),(27.2744425),(56.5488095),,,,,,,,,,,,,,,,,,,,,
12806,,,,,,,,,,,,,,,,,,,,,,,,,
,Stage-IV, ,,,,,,,,,,,,,,,,,,,,,,,
(58.7911466),,,,,,,,,,,,,,,,,,,,,,,,,
12260,,,,,,,,,,,,,,,,,,,,,,,,,
,I-Non PWD / DEF, ,,,,,,,,,,,,,,,,,,,,,,,
(61.2807064),,,,,,,,,,,,,,,,,,,,,,,,,
,Other Than Home University Seats,,,,,,,,,,,,,,,,,,,,,,,,
Other Than Home University Seats Allotted to Other Than Home University Candidates,,,,,,,,,,,,,,,,,,,,,,,,,
,GOPENO,,,,,,,,,,,,,,,,,,,,,,,,
23168,,,,,,,,,,,,,,,,,,,,,,,,,
Stage-I, ,,,,,,,,,,,,,,,,,,,,,,,,
(13.5402134),,,,,,,,,,,,,,,,,,,,,,,,,
,Other Than Home University Seats Allotted to Home University Candidates,,,,,,,,,,,,,,,,,,,,,,,,
,GSCO, ,GSTO, ,GNTAO, ,GNTBO, ,GOBCO,,,,,,,,,,,,,,,,
20328,23954,,,,,,,,,,,,,,,,,,,,,,,,
Stage-I, ,,,,,,,,,,,,,,,,,,,,,,,,
(27.2744425),(9.7430286),,,,,,,,,,,,,,,,,,,,,,,,
12993,13894,13683,,,,,,,,,,,,,,,,,,,,,,,
,Stage-IV, ,,,,,,,,,,,,,,,,,,,,,,,
(58.7911466),(56.5488095),(56.5488095),,,,,,,,,,,,,,,,,,,,,,,
,Legends :, ,"Legends: G-General, L-Ladies, S-State Level Seats ,PWD - Persons with Disabilities,DEF - Defence,PWDR :PWD Common Reserved Seat",,,,,,,,,,,,,,,,,,,,,,
"DEFR :Defense Common Reserved Seat ,* Maharashtra State Seats - Cut Off Indicates State General Merit No. ; Figures in bracket Indicates Merit Score",,,,,,,,,,,,,,,,,,,,,,,,,
,Page 42 of 265,,,,,,,,,,,,,,,,,,,,,,,,
GOVERNMENT OF MAHARASHTRA,,,,,,,,,,,,,,,,,,,,,,,,,
,"Directorate of Technical Education, Maharashtra State, Mumbai.",,,,,,,,,,,,,,,,,,,,,,,,
,Cut Off List for Maharashtra & Minority Seats of CAP Round-II for Admission to the First Year Post Graduate Technical Course in Master of Computer Applications (MCA) for the Academic Year 2025-26.,,,,,,,,,,,,,,,,,,,,,,,,
,"2665 - Royal Institute of Technical Education, Latur",,,,,,,,,,,,,,,,,,,,,,,,
,0266524110 - Master in Computer Application,,,,,,,,,,,,,,,,,,,,,,,,
,Status :, ,Un-Aided,,,,,,,,,,,,,,,,,,,,,,
,State Level Seats,,,,,,,,,,,,,,,,,,,,,,,,
,EWS, ,TFWS,,,,,,,,,,,,,,,,,,,,,,
16652,6236,,,,,,,,,,,,,,,,,,,,,,,,
Stage-I, ,,,,,,,,,,,,,,,,,,,,,,,,
(44.5345198),(80.5399495),,,,,,,,,,,,,,,,,,,,,,,,
,Legends :, ,"Legends: G-General, L-Ladies, S-State Level Seats ,PWD - Persons with Disabilities,DEF - Defence,PWDR :PWD Common Reserved Seat",,,,,,,,,,,,,,,,,,,,,,
"DEFR :Defense Common Reserved Seat ,* Maharashtra State Seats - Cut Off Indicates State General Merit No. ; Figures in bracket Indicates Merit Score",,,,,,,,,,,,,,,,,,,,,,,,,
,Page 43 of 265,,,,,,,,,,,,,,,,,,,,,,,,
GOVERNMENT OF MAHARASHTRA,,,,,,,,,,,,,,,,,,,,,,,,,
,"Directorate of Technical Education, Maharashtra State, Mumbai.",,,,,,,,,,,,,,,,,,,,,,,,
,Cut Off List for Maharashtra & Minority Seats of CAP Round-II for Admission to the First Year Post Graduate Technical Course in Master of Computer Applications (MCA) for the Academic Year 2025-26.,,,,,,,,,,,,,,,,,,,,,,,,
,2667 - DAYANAND COLLEGE OF COMMERCE LATUR,,,,,,,,,,,,,,,,,,,,,,,,
,0266724270U - Master of Computer Applications,,,,,,,,,,,,,,,,,,,,,,,,
,Status :, ,Un-Aided,,,,,,,,,,,,,,,,,,,,,,
,Home University Seats,,,,,,,,,,,,,,,,,,,,,,,,
Home University Seats Allotted to Home University Candidates,,,,,,,,,,,,,,,,,,,,,,,,,
,GOPENH, ,GSCH, ,GSTH, ,GNTAH, ,GOBCH, ,GSEBCH, ,PWDOPENH,,,,,,,,,,,,
11623,24321,24995,16033,,,,,,,,,,,,,,,,,,,,,,
Stage-I, ,,,,,,,,,,,,,,,,,,,,,,,,
(63.1574978),(7.4072677),(4.067771),(46.3793819),,,,,,,,,,,,,,,,,,,,,,
13601,12847,,,,,,,,,,,,,,,,,,,,,,,,
,Stage-IV, ,,,,,,,,,,,,,,,,,,,,,,,
(56.5488095),(58.7911466),,,,,,,,,,,,,,,,,,,,,,,,
12477,,,,,,,,,,,,,,,,,,,,,,,,,
,I-Non PWD / DEF, ,,,,,,,,,,,,,,,,,,,,,,,
(61.2807064),,,,,,,,,,,,,,,,,,,,,,,,,
,Other Than Home University Seats,,,,,,,,,,,,,,,,,,,,,,,,
Other Than Home University Seats Allotted to Other Than Home University Candidates,,,,,,,,,,,,,,,,,,,,,,,,,
,GOPENO,,,,,,,,,,,,,,,,,,,,,,,,
24954,,,,,,,,,,,,,,,,,,,,,,,,,
Stage-I, ,,,,,,,,,,,,,,,,,,,,,,,,
(4.067771),,,,,,,,,,,,,,,,,,,,,,,,,
,Other Than Home University Seats Allotted to Home University Candidates,,,,,,,,,,,,,,,,,,,,,,,,
,GSCO, ,GSTO, ,GNTAO, ,GNTCO, ,GOBCO,,,,,,,,,,,,,,,,
24389,15958,,,,,,,,,,,,,,,,,,,,,,,,
Stage-I, ,,,,,,,,,,,,,,,,,,,,,,,,
(7.4072677),(46.3793819),,,,,,,,,,,,,,,,,,,,,,,,
14326,14124,14611,,,,,,,,,,,,,,,,,,,,,,,
,Stage-IV, ,,,,,,,,,,,,,,,,,,,,,,,
(53.942159),(53.942159),(51.4093808),,,,,,,,,,,,,,,,,,,,,,,
,Legends :, ,"Legends: G-General, L-Ladies, S-State Level Seats ,PWD - Persons with Disabilities,DEF - Defence,PWDR :PWD Common Reserved Seat",,,,,,,,,,,,,,,,,,,,,,
"DEFR :Defense Common Reserved Seat ,* Maharashtra State Seats - Cut Off Indicates State General Merit No. ; Figures in bracket Indicates Merit Score",,,,,,,,,,,,,,,,,,,,,,,,,
,Page 44 of 265,,,,,,,,,,,,,,,,,,,,,,,,
GOVERNMENT OF MAHARASHTRA,,,,,,,,,,,,,,,,,,,,,,,,,
,"Directorate of Technical Education, Maharashtra State, Mumbai.",,,,,,,,,,,,,,,,,,,,,,,,
,Cut Off List for Maharashtra & Minority Seats of CAP Round-II for Admission to the First Year Post Graduate Technical Course in Master of Computer Applications (MCA) for the Academic Year 2025-26.,,,,,,,,,,,,,,,,,,,,,,,,
,2667 - DAYANAND COLLEGE OF COMMERCE LATUR,,,,,,,,,,,,,,,,,,,,,,,,
,0266724270U - Master of Computer Applications,,,,,,,,,,,,,,,,,,,,,,,,
,Status :, ,Un-Aided,,,,,,,,,,,,,,,,,,,,,,
,State Level Seats,,,,,,,,,,,,,,,,,,,,,,,,
,EWS,,,,,,,,,,,,,,,,,,,,,,,,
9135,,,,,,,,,,,,,,,,,,,,,,,,,
Stage-I, ,,,,,,,,,,,,,,,,,,,,,,,,
(71.1549338),,,,,,,,,,,,,,,,,,,,,,,,,
,Legends :, ,"Legends: G-General, L-Ladies, S-State Level Seats ,PWD - Persons with Disabilities,DEF - Defence,PWDR :PWD Common Reserved Seat",,,,,,,,,,,,,,,,,,,,,,
"DEFR :Defense Common Reserved Seat ,* Maharashtra State Seats - Cut Off Indicates State General Merit No. ; Figures in bracket Indicates Merit Score",,,,,,,,,,,,,,,,,,,,,,,,,
,Page 45 of 265,,,,,,,,,,,,,,,,,,,,,,,,
GOVERNMENT OF MAHARASHTRA,,,,,,,,,,,,,,,,,,,,,,,,,
,"Directorate of Technical Education, Maharashtra State, Mumbai.",,,,,,,,,,,,,,,,,,,,,,,,
,Cut Off List for Maharashtra & Minority Seats of CAP Round-II for Admission to the First Year Post Graduate Technical Course in Master of Computer Applications (MCA) for the Academic Year 2025-26.,,,,,,,,,,,,,,,,,,,,,,,,
,2672 - ARTS SCIENCE AND COMMERCE COLLEGE,,,,,,,,,,,,,,,,,,,,,,,,
,0267224170U - Master in Computer Application,,,,,,,,,,,,,,,,,,,,,,,,
,Status :, ,Un-Aided,,,,,,,,,,,,,,,,,,,,,,
,Home University Seats,,,,,,,,,,,,,,,,,,,,,,,,
Home University Seats Allotted to Home University Candidates,,,,,,,,,,,,,,,,,,,,,,,,,
,GOPENH, ,GSCH, ,GSTH, ,GNTAH, ,GNTBH, ,GOBCH, ,GSEBCH, ,PWDOPENH,,,,,,,,,,
15282,23245,19187,21313,24333,24271,,,,,,,,,,,,,,,,,,,,
Stage-I, ,,,,,,,,,,,,,,,,,,,,,,,,
(49.3533426),(13.5402134),(34.5198145),(23.1010151),(7.4072677),(7.9446476),,,,,,,,,,,,,,,,,,,,
17212,17111,,,,,,,,,,,,,,,,,,,,,,,,
,Stage-IV, ,,,,,,,,,,,,,,,,,,,,,,,
(41.4550394),(41.4550394),,,,,,,,,,,,,,,,,,,,,,,,
16080,,,,,,,,,,,,,,,,,,,,,,,,,
,I-Non PWD / DEF, ,,,,,,,,,,,,,,,,,,,,,,,
(46.3793819),,,,,,,,,,,,,,,,,,,,,,,,,
,Other Than Home University Seats,,,,,,,,,,,,,,,,,,,,,,,,
Other Than Home University Seats Allotted to Other Than Home University Candidates,,,,,,,,,,,,,,,,,,,,,,,,,
,GOPENO, ,GOBCO,,,,,,,,,,,,,,,,,,,,,,
14960,25006,,,,,,,,,,,,,,,,,,,,,,,,
Stage-I, ,,,,,,,,,,,,,,,,,,,,,,,,
(51.4093808),(3.0466423),,,,,,,,,,,,,,,,,,,,,,,,
,Other Than Home University Seats Allotted to Home University Candidates,,,,,,,,,,,,,,,,,,,,,,,,
,GSCO, ,GSTO, ,GNTBO, ,GNTCO, ,GOBCO, ,GSEBCO,,,,,,,,,,,,,,
19717,17703,17706,18860,18303,,,,,,,,,,,,,,,,,,,,,
Stage-IV, ,,,,,,,,,,,,,,,,,,,,,,,,
(31.6629561),(39.3989669),(39.3989669),(34.5198145),(36.496736),,,,,,,,,,,,,,,,,,,,,
23921,,,,,,,,,,,,,,,,,,,,,,,,,
,Stage-I, ,,,,,,,,,,,,,,,,,,,,,,,
(9.7430286),,,,,,,,,,,,,,,,,,,,,,,,,
,Legends :, ,"Legends: G-General, L-Ladies, S-State Level Seats ,PWD - Persons with Disabilities,DEF - Defence,PWDR :PWD Common Reserved Seat",,,,,,,,,,,,,,,,,,,,,,
"DEFR :Defense Common Reserved Seat ,* Maharashtra State Seats - Cut Off Indicates State General Merit No. ; Figures in bracket Indicates Merit Score",,,,,,,,,,,,,,,,,,,,,,,,,
,Page 46 of 265,,,,,,,,,,,,,,,,,,,,,,,,
GOVERNMENT OF MAHARASHTRA,,,,,,,,,,,,,,,,,,,,,,,,,
,"Directorate of Technical Education, Maharashtra State, Mumbai.",,,,,,,,,,,,,,,,,,,,,,,,
,Cut Off List for Maharashtra & Minority Seats of CAP Round-II for Admission to the First Year Post Graduate Technical Course in Master of Computer Applications (MCA) for the Academic Year 2025-26.,,,,,,,,,,,,,,,,,,,,,,,,
,2672 - ARTS SCIENCE AND COMMERCE COLLEGE,,,,,,,,,,,,,,,,,,,,,,,,
,0267224170U - Master in Computer Application,,,,,,,,,,,,,,,,,,,,,,,,
,Status :, ,Un-Aided,,,,,,,,,,,,,,,,,,,,,,
,State Level Seats,,,,,,,,,,,,,,,,,,,,,,,,
,EWS,,,,,,,,,,,,,,,,,,,,,,,,
17272,,,,,,,,,,,,,,,,,,,,,,,,,
Stage-I, ,,,,,,,,,,,,,,,,,,,,,,,,
(41.4550394),,,,,,,,,,,,,,,,,,,,,,,,,
,Legends :, ,"Legends: G-General, L-Ladies, S-State Level Seats ,PWD - Persons with Disabilities,DEF - Defence,PWDR :PWD Common Reserved Seat",,,,,,,,,,,,,,,,,,,,,,
"DEFR :Defense Common Reserved Seat ,* Maharashtra State Seats - Cut Off Indicates State General Merit No. ; Figures in bracket Indicates Merit Score",,,,,,,,,,,,,,,,,,,,,,,,,
,Page 47 of 265,,,,,,,,,,,,,,,,,,,,,,,,
GOVERNMENT OF MAHARASHTRA,,,,,,,,,,,,,,,,,,,,,,,,,
,"Directorate of Technical Education, Maharashtra State, Mumbai.",,,,,,,,,,,,,,,,,,,,,,,,
,Cut Off List for Maharashtra & Minority Seats of CAP Round-II for Admission to the First Year Post Graduate Technical Course in Master of Computer Applications (MCA) for the Academic Year 2025-26.,,,,,,,,,,,,,,,,,,,,,,,,
,2674 - MAHARASHTRA MAHAVIDYALAYA NILANGA,,,,,,,,,,,,,,,,,,,,,,,,
,0267424270U - Master of Computer Applications,,,,,,,,,,,,,,,,,,,,,,,,
,Status :, ,Un-Aided,,,,,,,,,,,,,,,,,,,,,,
,Home University Seats,,,,,,,,,,,,,,,,,,,,,,,,
Home University Seats Allotted to Home University Candidates,,,,,,,,,,,,,,,,,,,,,,,,,
,GOPENH, ,GSCH, ,GSTH, ,GNTAH, ,GNTBH, ,GNTDH, ,GOBCH, ,GSEBCH, ,PWDOPENH,,,,,,,,
15751,25428,25335,24154,,,,,,,,,,,,,,,,,,,,,,
Stage-I, ,,,,,,,,,,,,,,,,,,,,,,,,
(49.3533426),(0.5735633),(1.3498737),(7.9446476),,,,,,,,,,,,,,,,,,,,,,
17282,17382,17425,18008,18064,,,,,,,,,,,,,,,,,,,,,
,Stage-IV, ,,,,,,,,,,,,,,,,,,,,,,,
(41.4550394),(41.4550394),(41.4550394),(39.3989669),(39.3989669),,,,,,,,,,,,,,,,,,,,,
15873,,,,,,,,,,,,,,,,,,,,,,,,,
,I-Non PWD / DEF, ,,,,,,,,,,,,,,,,,,,,,,,
(46.3793819),,,,,,,,,,,,,,,,,,,,,,,,,
,Other Than Home University Seats,,,,,,,,,,,,,,,,,,,,,,,,
Other Than Home University Seats Allotted to Other Than Home University Candidates,,,,,,,,,,,,,,,,,,,,,,,,,
,GOPENO,,,,,,,,,,,,,,,,,,,,,,,,
14817,,,,,,,,,,,,,,,,,,,,,,,,,
Stage-I, ,,,,,,,,,,,,,,,,,,,,,,,,
(51.4093808),,,,,,,,,,,,,,,,,,,,,,,,,
,Other Than Home University Seats Allotted to Home University Candidates,,,,,,,,,,,,,,,,,,,,,,,,
,GOPENO, ,GSTO, ,GOBCO, ,GSEBCO,,,,,,,,,,,,,,,,,,
16662,,,,,,,,,,,,,,,,,,,,,,,,,
Stage-I, ,,,,,,,,,,,,,,,,,,,,,,,,
(44.5345198),,,,,,,,,,,,,,,,,,,,,,,,,
18415,18745,18390,,,,,,,,,,,,,,,,,,,,,,,
,Stage-IV, ,,,,,,,,,,,,,,,,,,,,,,,
(36.496736),(36.496736),(36.496736),,,,,,,,,,,,,,,,,,,,,,,
,Legends :, ,"Legends: G-General, L-Ladies, S-State Level Seats ,PWD - Persons with Disabilities,DEF - Defence,PWDR :PWD Common Reserved Seat",,,,,,,,,,,,,,,,,,,,,,
"DEFR :Defense Common Reserved Seat ,* Maharashtra State Seats - Cut Off Indicates State General Merit No. ; Figures in bracket Indicates Merit Score",,,,,,,,,,,,,,,,,,,,,,,,,
,Page 48 of 265,,,,,,,,,,,,,,,,,,,,,,,,
GOVERNMENT OF MAHARASHTRA,,,,,,,,,,,,,,,,,,,,,,,,,
,"Directorate of Technical Education, Maharashtra State, Mumbai.",,,,,,,,,,,,,,,,,,,,,,,,
,Cut Off List for Maharashtra & Minority Seats of CAP Round-II for Admission to the First Year Post Graduate Technical Course in Master of Computer Applications (MCA) for the Academic Year 2025-26.,,,,,,,,,,,,,,,,,,,,,,,,
,2674 - MAHARASHTRA MAHAVIDYALAYA NILANGA,,,,,,,,,,,,,,,,,,,,,,,,
,0267424270U - Master of Computer Applications,,,,,,,,,,,,,,,,,,,,,,,,
,Status :, ,Un-Aided,,,,,,,,,,,,,,,,,,,,,,
,State Level Seats,,,,,,,,,,,,,,,,,,,,,,,,
,EWS, ,TFWS,,,,,,,,,,,,,,,,,,,,,,
20821,14133,,,,,,,,,,,,,,,,,,,,,,,,
Stage-I, ,,,,,,,,,,,,,,,,,,,,,,,,
(25.4779232),(53.942159),,,,,,,,,,,,,,,,,,,,,,,,
,Legends :, ,"Legends: G-General, L-Ladies, S-State Level Seats ,PWD - Persons with Disabilities,DEF - Defence,PWDR :PWD Common Reserved Seat",,,,,,,,,,,,,,,,,,,,,,
"DEFR :Defense Common Reserved Seat ,* Maharashtra State Seats - Cut Off Indicates State General Merit No. ; Figures in bracket Indicates Merit Score",,,,,,,,,,,,,,,,,,,,,,,,,
,Page 49 of 265,,,,,,,,,,,,,,,,,,,,,,,,
GOVERNMENT OF MAHARASHTRA,,,,,,,,,,,,,,,,,,,,,,,,,
,"Directorate of Technical Education, Maharashtra State, Mumbai.",,,,,,,,,,,,,,,,,,,,,,,,
,Cut Off List for Maharashtra & Minority Seats of CAP Round-II for Admission to the First Year Post Graduate Technical Course in Master of Computer Applications (MCA) for the Academic Year 2025-26.,,,,,,,,,,,,,,,,,,,,,,,,
,2694 - JAY BHARAT COLLEGE OF MCA DAPKA TQ.NILANGA DIST LATUR,,,,,,,,,,,,,,,,,,,,,,,,
,0269424210 - Master of Computer Applications,,,,,,,,,,,,,,,,,,,,,,,,
,Status :, ,Un-Aided,,,,,,,,,,,,,,,,,,,,,,
,Home University Seats,,,,,,,,,,,,,,,,,,,,,,,,
Home University Seats Allotted to Home University Candidates,,,,,,,,,,,,,,,,,,,,,,,,,
,GOPENH, ,GSCH, ,GSTH, ,GNTBH, ,GNTDH, ,GOBCH, ,GSEBCH, ,PWDOPENH,,,,,,,,,,
19536,,,,,,,,,,,,,,,,,,,,,,,,,
Stage-I, ,,,,,,,,,,,,,,,,,,,,,,,,
(31.6629561),,,,,,,,,,,,,,,,,,,,,,,,,
22459,22994,23114,23312,23397,20544,,,,,,,,,,,,,,,,,,,,
,Stage-IV, ,,,,,,,,,,,,,,,,,,,,,,,
(16.9789978),(15.5994113),(13.5402134),(13.5402134),(13.5402134),(27.2744425),,,,,,,,,,,,,,,,,,,,
19563,,,,,,,,,,,,,,,,,,,,,,,,,
,I-Non PWD / DEF, ,,,,,,,,,,,,,,,,,,,,,,,
(31.6629561),,,,,,,,,,,,,,,,,,,,,,,,,
,Other Than Home University Seats Allotted to Home University Candidates,,,,,,,,,,,,,,,,,,,,,,,,
,GOPENO, ,GSCO, ,GSTO, ,GNTAO, ,GNTDO, ,GOBCO, ,GSEBCO,,,,,,,,,,,,
21881,,,,,,,,,,,,,,,,,,,,,,,,,
Stage-I, ,,,,,,,,,,,,,,,,,,,,,,,,
(21.0059952),,,,,,,,,,,,,,,,,,,,,,,,,
23425,23436,23453,23473,23705,23924,,,,,,,,,,,,,,,,,,,,
,Stage-IV, ,,,,,,,,,,,,,,,,,,,,,,,
(12.4750009),(12.4750009),(12.4750009),(12.4750009),(10.5199653),(9.7430286),,,,,,,,,,,,,,,,,,,,
,State Level Seats,,,,,,,,,,,,,,,,,,,,,,,,
,EWS, ,TFWS,,,,,,,,,,,,,,,,,,,,,,
25435,18427,,,,,,,,,,,,,,,,,,,,,,,,
Stage-I, ,,,,,,,,,,,,,,,,,,,,,,,,
(0.3883715),(36.496736),,,,,,,,,,,,,,,,,,,,,,,,
,Legends :, ,"Legends: G-General, L-Ladies, S-State Level Seats ,PWD - Persons with Disabilities,DEF - Defence,PWDR :PWD Common Reserved Seat",,,,,,,,,,,,,,,,,,,,,,
"DEFR :Defense Common Reserved Seat ,* Maharashtra State Seats - Cut Off Indicates State General Merit No. ; Figures in bracket Indicates Merit Score",,,,,,,,,,,,,,,,,,,,,,,,,
,Page 50 of 265,,,,,,,,,,,,,,,,,,,,,,,,
GOVERNMENT OF MAHARASHTRA,,,,,,,,,,,,,,,,,,,,,,,,,
,"Directorate of Technical Education, Maharashtra State, Mumbai.",,,,,,,,,,,,,,,,,,,,,,,,
,Cut Off List for Maharashtra & Minority Seats of CAP Round-II for Admission to the First Year Post Graduate Technical Course in Master of Computer Applications (MCA) for the Academic Year 2025-26.,,,,,,,,,,,,,,,,,,,,,,,,
,"2695 - MARATHWADA INSTITUTE OF TECHNOLOGY CIDCO ,CHHATRAPATI SAMBHAJINAGAR",,,,,,,,,,,,,,,,,,,,,,,,
,0269524110 - Master in Computer Application,,,,,,,,,,,,,,,,,,,,,,,,
,Status :, ,Un-Aided,,,,,,,,,,,,,,,,,,,,,,
,Home University Seats,,,,,,,,,,,,,,,,,,,,,,,,
Home University Seats Allotted to Home University Candidates,,,,,,,,,,,,,,,,,,,,,,,,,
,GOPENH, ,GSCH, ,GSTH, ,GNTBH, ,GNTDH, ,GOBCH, ,GSEBCH, ,PWDOPENH,,,,,,,,,,
15784,20816,22524,,,,,,,,,,,,,,,,,,,,,,,
Stage-I, ,,,,,,,,,,,,,,,,,,,,,,,,
(49.3533426),(25.4779232),(16.9789978),,,,,,,,,,,,,,,,,,,,,,,
18400,19840,17566,19634,,,,,,,,,,,,,,,,,,,,,,
,Stage-IV, ,,,,,,,,,,,,,,,,,,,,,,,
(36.496736),(29.9046039),(41.4550394),(31.6629561),,,,,,,,,,,,,,,,,,,,,,
15906,,,,,,,,,,,,,,,,,,,,,,,,,
,I-Non PWD / DEF, ,,,,,,,,,,,,,,,,,,,,,,,
(46.3793819),,,,,,,,,,,,,,,,,,,,,,,,,
,Other Than Home University Seats,,,,,,,,,,,,,,,,,,,,,,,,
Other Than Home University Seats Allotted to Other Than Home University Candidates,,,,,,,,,,,,,,,,,,,,,,,,,
,GOPENO, ,GSTO, ,GNTBO, ,GOBCO,,,,,,,,,,,,,,,,,,
20517,22458,,,,,,,,,,,,,,,,,,,,,,,,
Stage-I, ,,,,,,,,,,,,,,,,,,,,,,,,
(27.2744425),(16.9789978),,,,,,,,,,,,,,,,,,,,,,,,
22843,25075,,,,,,,,,,,,,,,,,,,,,,,,
,Stage-IV, ,,,,,,,,,,,,,,,,,,,,,,,
(15.5994113),(3.0466423),,,,,,,,,,,,,,,,,,,,,,,,
,Other Than Home University Seats Allotted to Home University Candidates,,,,,,,,,,,,,,,,,,,,,,,,
,GSCO, ,GOBCO, ,GSEBCO,,,,,,,,,,,,,,,,,,,,
23196,22567,,,,,,,,,,,,,,,,,,,,,,,,
Stage-I, ,,,,,,,,,,,,,,,,,,,,,,,,
(13.5402134),(16.9789978),,,,,,,,,,,,,,,,,,,,,,,,
20070,,,,,,,,,,,,,,,,,,,,,,,,,
,Stage-IV, ,,,,,,,,,,,,,,,,,,,,,,,
(29.9046039),,,,,,,,,,,,,,,,,,,,,,,,,
,Legends :, ,"Legends: G-General, L-Ladies, S-State Level Seats ,PWD - Persons with Disabilities,DEF - Defence,PWDR :PWD Common Reserved Seat",,,,,,,,,,,,,,,,,,,,,,
"DEFR :Defense Common Reserved Seat ,* Maharashtra State Seats - Cut Off Indicates State General Merit No. ; Figures in bracket Indicates Merit Score",,,,,,,,,,,,,,,,,,,,,,,,,
,Page 51 of 265,,,,,,,,,,,,,,,,,,,,,,,,
GOVERNMENT OF MAHARASHTRA,,,,,,,,,,,,,,,,,,,,,,,,,
,"Directorate of Technical Education, Maharashtra State, Mumbai.",,,,,,,,,,,,,,,,,,,,,,,,
,Cut Off List for Maharashtra & Minority Seats of CAP Round-II for Admission to the First Year Post Graduate Technical Course in Master of Computer Applications (MCA) for the Academic Year 2025-26.,,,,,,,,,,,,,,,,,,,,,,,,
,"2695 - MARATHWADA INSTITUTE OF TECHNOLOGY CIDCO ,CHHATRAPATI SAMBHAJINAGAR",,,,,,,,,,,,,,,,,,,,,,,,
,0269524110 - Master in Computer Application,,,,,,,,,,,,,,,,,,,,,,,,
,Status :, ,Un-Aided,,,,,,,,,,,,,,,,,,,,,,
,State Level Seats,,,,,,,,,,,,,,,,,,,,,,,,
,TFWS,,,,,,,,,,,,,,,,,,,,,,,,
7122,,,,,,,,,,,,,,,,,,,,,,,,,
Stage-I, ,,,,,,,,,,,,,,,,,,,,,,,,
(77.8251197),,,,,,,,,,,,,,,,,,,,,,,,,
,Legends :, ,"Legends: G-General, L-Ladies, S-State Level Seats ,PWD - Persons with Disabilities,DEF - Defence,PWDR :PWD Common Reserved Seat",,,,,,,,,,,,,,,,,,,,,,
"DEFR :Defense Common Reserved Seat ,* Maharashtra State Seats - Cut Off Indicates State General Merit No. ; Figures in bracket Indicates Merit Score",,,,,,,,,,,,,,,,,,,,,,,,,
,Page 52 of 265,,,,,,,,,,,,,,,,,,,,,,,,
GOVERNMENT OF MAHARASHTRA,,,,,,,,,,,,,,,,,,,,,,,,,
,"Directorate of Technical Education, Maharashtra State, Mumbai.",,,,,,,,,,,,,,,,,,,,,,,,
,Cut Off List for Maharashtra & Minority Seats of CAP Round-II for Admission to the First Year Post Graduate Technical Course in Master of Computer Applications (MCA) for the Academic Year 2025-26.,,,,,,,,,,,,,,,,,,,,,,,,
,"3012 - Veermata Jijabai Technological Institute(VJTI), Matunga, Mumbai",,,,,,,,,,,,,,,,,,,,,,,,
,0301224110 - Master in Computer Application,,,,,,,,,,,,,,,,,,,,,,,,
,Status :, ,Government-Aided-Autonomous,,,,,,,,,,,,,,,,,,,,,,
,Home University Seats,,,,,,,,,,,,,,,,,,,,,,,,
Home University Seats Allotted to Home University Candidates,,,,,,,,,,,,,,,,,,,,,,,,,
,GSCH,,,,,,,,,,,,,,,,,,,,,,,,
115,,,,,,,,,,,,,,,,,,,,,,,,,
Stage-I, ,,,,,,,,,,,,,,,,,,,,,,,,
(99.4721164),,,,,,,,,,,,,,,,,,,,,,,,,
,State Level Seats,,,,,,,,,,,,,,,,,,,,,,,,
,EWS,,,,,,,,,,,,,,,,,,,,,,,,
219,,,,,,,,,,,,,,,,,,,,,,,,,
Stage-I, ,,,,,,,,,,,,,,,,,,,,,,,,
(99.008333),,,,,,,,,,,,,,,,,,,,,,,,,
,Legends :, ,"Legends: G-General, L-Ladies, S-State Level Seats ,PWD - Persons with Disabilities,DEF - Defence,PWDR :PWD Common Reserved Seat",,,,,,,,,,,,,,,,,,,,,,
"DEFR :Defense Common Reserved Seat ,* Maharashtra State Seats - Cut Off Indicates State General Merit No. ; Figures in bracket Indicates Merit Score",,,,,,,,,,,,,,,,,,,,,,,,,
,Page 53 of 265,,,,,,,,,,,,,,,,,,,,,,,,
GOVERNMENT OF MAHARASHTRA,,,,,,,,,,,,,,,,,,,,,,,,,
,"Directorate of Technical Education, Maharashtra State, Mumbai.",,,,,,,,,,,,,,,,,,,,,,,,
,Cut Off List for Maharashtra & Minority Seats of CAP Round-II for Admission to the First Year Post Graduate Technical Course in Master of Computer Applications (MCA) for the Academic Year 2025-26.,,,,,,,,,,,,,,,,,,,,,,,,
,"3032 - S.N.D.T Women's University P.G.D. of Computer Science, Mumbai",,,,,,,,,,,,,,,,,,,,,,,,
,0303224150F - Master in Computer Application,,,,,,,,,,,,,,,,,,,,,,,,
,Status :, ,University Managed,,,,,,,,,,,,,,,,,,,,,,
,State Level Seats,,,,,,,,,,,,,,,,,,,,,,,,
,GOPENS, ,GSCS, ,GSTS, ,GNTAS, ,GNTCS, ,GNTDS, ,GOBCS, ,GSEBCS, ,PWDOPENS, ,EWS, ,TFWS,,,,
3288,12071,14091,11923,7952,9533,25175,1863,,,,,,,,,,,,,,,,,,
Stage-I, ,,,,,,,,,,,,,,,,,,,,,,,,
(89.1966341),(61.2807064),(53.942159),(63.1574978),(74.782248),(71.1549338),(2.8640429),(93.5511867),,,,,,,,,,,,,,,,,,
3633,3800,3658,,,,,,,,,,,,,,,,,,,,,,,
,Stage-IV, ,,,,,,,,,,,,,,,,,,,,,,,
(89.1331398),(89.1331398),(89.1331398),,,,,,,,,,,,,,,,,,,,,,,
3323,,,,,,,,,,,,,,,,,,,,,,,,,
,I-Non PWD / DEF, ,,,,,,,,,,,,,,,,,,,,,,,
(89.1966341),,,,,,,,,,,,,,,,,,,,,,,,,
,Legends :, ,"Legends: G-General, L-Ladies, S-State Level Seats ,PWD - Persons with Disabilities,DEF - Defence,PWDR :PWD Common Reserved Seat",,,,,,,,,,,,,,,,,,,,,,
"DEFR :Defense Common Reserved Seat ,* Maharashtra State Seats - Cut Off Indicates State General Merit No. ; Figures in bracket Indicates Merit Score",,,,,,,,,,,,,,,,,,,,,,,,,
,Page 54 of 265,,,,,,,,,,,,,,,,,,,,,,,,
GOVERNMENT OF MAHARASHTRA,,,,,,,,,,,,,,,,,,,,,,,,,
,"Directorate of Technical Education, Maharashtra State, Mumbai.",,,,,,,,,,,,,,,,,,,,,,,,
,Cut Off List for Maharashtra & Minority Seats of CAP Round-II for Admission to the First Year Post Graduate Technical Course in Master of Computer Applications (MCA) for the Academic Year 2025-26.,,,,,,,,,,,,,,,,,,,,,,,,
,"3033 - Dr. Babasaheb Ambedkar Technological University, Lonere",,,,,,,,,,,,,,,,,,,,,,,,
,0303324110 - Master in Computer Application,,,,,,,,,,,,,,,,,,,,,,,,
,Status :, ,University,,,,,,,,,,,,,,,,,,,,,,
,State Level Seats,,,,,,,,,,,,,,,,,,,,,,,,
,GOPENS, ,GSTS, ,GNTBS, ,GNTCS, ,GOBCS,,,,,,,,,,,,,,,,
20930,,,,,,,,,,,,,,,,,,,,,,,,,
Stage-I, ,,,,,,,,,,,,,,,,,,,,,,,,
(25.4779232),,,,,,,,,,,,,,,,,,,,,,,,,
21082,21451,24114,24513,,,,,,,,,,,,,,,,,,,,,,
,Stage-IV, ,,,,,,,,,,,,,,,,,,,,,,,
(25.4779232),(23.1010151),(9.7430286),(5.9311489),,,,,,,,,,,,,,,,,,,,,,
,Legends :, ,"Legends: G-General, L-Ladies, S-State Level Seats ,PWD - Persons with Disabilities,DEF - Defence,PWDR :PWD Common Reserved Seat",,,,,,,,,,,,,,,,,,,,,,
"DEFR :Defense Common Reserved Seat ,* Maharashtra State Seats - Cut Off Indicates State General Merit No. ; Figures in bracket Indicates Merit Score",,,,,,,,,,,,,,,,,,,,,,,,,
,Page 55 of 265,,,,,,,,,,,,,,,,,,,,,,,,
GOVERNMENT OF MAHARASHTRA,,,,,,,,,,,,,,,,,,,,,,,,,
,"Directorate of Technical Education, Maharashtra State, Mumbai.",,,,,,,,,,,,,,,,,,,,,,,,
,Cut Off List for Maharashtra & Minority Seats of CAP Round-II for Admission to the First Year Post Graduate Technical Course in Master of Computer Applications (MCA) for the Academic Year 2025-26.,,,,,,,,,,,,,,,,,,,,,,,,
,"3109 - S.I.E.S. College of Management Studies, Mumbai",,,,,,,,,,,,,,,,,,,,,,,,
,0310924110 - Master in Computer Application,,,,,,,,,,,,,,,,,,,,,,,,
,Status :, ,Un-Aided-Linguistic Minority - Tamil,,,,,,,,,,,,,,,,,,,,,,
,Home University Seats,,,,,,,,,,,,,,,,,,,,,,,,
Home University Seats Allotted to Home University Candidates,,,,,,,,,,,,,,,,,,,,,,,,,
,GOPENH,,,,,,,,,,,,,,,,,,,,,,,,
761,,,,,,,,,,,,,,,,,,,,,,,,,
Stage-I, ,,,,,,,,,,,,,,,,,,,,,,,,
(97.390747),,,,,,,,,,,,,,,,,,,,,,,,,
,Other Than Home University Seats,,,,,,,,,,,,,,,,,,,,,,,,
Other Than Home University Seats Allotted to Other Than Home University Candidates,,,,,,,,,,,,,,,,,,,,,,,,,
,GOPENO,,,,,,,,,,,,,,,,,,,,,,,,
807,,,,,,,,,,,,,,,,,,,,,,,,,
Stage-I, ,,,,,,,,,,,,,,,,,,,,,,,,
(97.0718086),,,,,,,,,,,,,,,,,,,,,,,,,
,State Level Seats,,,,,,,,,,,,,,,,,,,,,,,,
,TFWS,,,,,,,,,,,,,,,,,,,,,,,,
616,,,,,,,,,,,,,,,,,,,,,,,,,
Stage-I, ,,,,,,,,,,,,,,,,,,,,,,,,
(97.6265047),,,,,,,,,,,,,,,,,,,,,,,,,
,Minority Seats : Minority Seats Allotted to Minority Candidates,,,,,,,,,,,,,,,,,,,,,,,,
,MI,,,,,,,,,,,,,,,,,,,,,,,,
14958,,,,,,,,,,,,,,,,,,,,,,,,,
Stage-I, ,,,,,,,,,,,,,,,,,,,,,,,,
(51.4093808),,,,,,,,,,,,,,,,,,,,,,,,,
,Legends :, ,"Legends: G-General, L-Ladies, S-State Level Seats ,PWD - Persons with Disabilities,DEF - Defence,PWDR :PWD Common Reserved Seat",,,,,,,,,,,,,,,,,,,,,,
"DEFR :Defense Common Reserved Seat ,* Maharashtra State Seats - Cut Off Indicates State General Merit No. ; Figures in bracket Indicates Merit Score",,,,,,,,,,,,,,,,,,,,,,,,,
,Page 56 of 265,,,,,,,,,,,,,,,,,,,,,,,,
GOVERNMENT OF MAHARASHTRA,,,,,,,,,,,,,,,,,,,,,,,,,
,"Directorate of Technical Education, Maharashtra State, Mumbai.",,,,,,,,,,,,,,,,,,,,,,,,
,Cut Off List for Maharashtra & Minority Seats of CAP Round-II for Admission to the First Year Post Graduate Technical Course in Master of Computer Applications (MCA) for the Academic Year 2025-26.,,,,,,,,,,,,,,,,,,,,,,,,
,"3109 - S.I.E.S. College of Management Studies, Mumbai",,,,,,,,,,,,,,,,,,,,,,,,
,0310924110 - Master in Computer Application,,,,,,,,,,,,,,,,,,,,,,,,
,Status :, ,Un-Aided-Linguistic Minority - Tamil,,,,,,,,,,,,,,,,,,,,,,
,Minority Seats : Minority Seats Allotted to Non Minority Candidates,,,,,,,,,,,,,,,,,,,,,,,,
,MI-MH,,,,,,,,,,,,,,,,,,,,,,,,
1290,,,,,,,,,,,,,,,,,,,,,,,,,
Stage-MI-MH, ,,,,,,,,,,,,,,,,,,,,,,,,
(95.5548847),,,,,,,,,,,,,,,,,,,,,,,,,
,Legends :, ,"Legends: G-General, L-Ladies, S-State Level Seats ,PWD - Persons with Disabilities,DEF - Defence,PWDR :PWD Common Reserved Seat",,,,,,,,,,,,,,,,,,,,,,
"DEFR :Defense Common Reserved Seat ,* Maharashtra State Seats - Cut Off Indicates State General Merit No. ; Figures in bracket Indicates Merit Score",,,,,,,,,,,,,,,,,,,,,,,,,
,Page 57 of 265,,,,,,,,,,,,,,,,,,,,,,,,
GOVERNMENT OF MAHARASHTRA,,,,,,,,,,,,,,,,,,,,,,,,,
,"Directorate of Technical Education, Maharashtra State, Mumbai.",,,,,,,,,,,,,,,,,,,,,,,,
,Cut Off List for Maharashtra & Minority Seats of CAP Round-II for Admission to the First Year Post Graduate Technical Course in Master of Computer Applications (MCA) for the Academic Year 2025-26.,,,,,,,,,,,,,,,,,,,,,,,,
,"3117 - Gurunanak Institute of Management Studies, Mumbai",,,,,,,,,,,,,,,,,,,,,,,,
,0311724110 - Master in Computer Application,,,,,,,,,,,,,,,,,,,,,,,,
,Status :, ,Un-Aided-Religious Minority - Sikh,,,,,,,,,,,,,,,,,,,,,,
,Home University Seats,,,,,,,,,,,,,,,,,,,,,,,,
Home University Seats Allotted to Home University Candidates,,,,,,,,,,,,,,,,,,,,,,,,,
,GOPENH,,,,,,,,,,,,,,,,,,,,,,,,
1025,,,,,,,,,,,,,,,,,,,,,,,,,
Stage-I, ,,,,,,,,,,,,,,,,,,,,,,,,
(96.392589),,,,,,,,,,,,,,,,,,,,,,,,,
,Other Than Home University Seats,,,,,,,,,,,,,,,,,,,,,,,,
Other Than Home University Seats Allotted to Other Than Home University Candidates,,,,,,,,,,,,,,,,,,,,,,,,,
,GOPENO,,,,,,,,,,,,,,,,,,,,,,,,
1767,,,,,,,,,,,,,,,,,,,,,,,,,
Stage-I, ,,,,,,,,,,,,,,,,,,,,,,,,
(94.4270578),,,,,,,,,,,,,,,,,,,,,,,,,
,State Level Seats,,,,,,,,,,,,,,,,,,,,,,,,
,TFWS,,,,,,,,,,,,,,,,,,,,,,,,
1205,,,,,,,,,,,,,,,,,,,,,,,,,
Stage-I, ,,,,,,,,,,,,,,,,,,,,,,,,
(96.1125146),,,,,,,,,,,,,,,,,,,,,,,,,
,Minority Seats : Minority Seats Allotted to Minority Candidates,,,,,,,,,,,,,,,,,,,,,,,,
,MI,,,,,,,,,,,,,,,,,,,,,,,,
6491,,,,,,,,,,,,,,,,,,,,,,,,,
Stage-I, ,,,,,,,,,,,,,,,,,,,,,,,,
(80.5399495),,,,,,,,,,,,,,,,,,,,,,,,,
,Legends :, ,"Legends: G-General, L-Ladies, S-State Level Seats ,PWD - Persons with Disabilities,DEF - Defence,PWDR :PWD Common Reserved Seat",,,,,,,,,,,,,,,,,,,,,,
"DEFR :Defense Common Reserved Seat ,* Maharashtra State Seats - Cut Off Indicates State General Merit No. ; Figures in bracket Indicates Merit Score",,,,,,,,,,,,,,,,,,,,,,,,,
,Page 58 of 265,,,,,,,,,,,,,,,,,,,,,,,,
GOVERNMENT OF MAHARASHTRA,,,,,,,,,,,,,,,,,,,,,,,,,
,"Directorate of Technical Education, Maharashtra State, Mumbai.",,,,,,,,,,,,,,,,,,,,,,,,
,Cut Off List for Maharashtra & Minority Seats of CAP Round-II for Admission to the First Year Post Graduate Technical Course in Master of Computer Applications (MCA) for the Academic Year 2025-26.,,,,,,,,,,,,,,,,,,,,,,,,
,"3117 - Gurunanak Institute of Management Studies, Mumbai",,,,,,,,,,,,,,,,,,,,,,,,
,0311724110 - Master in Computer Application,,,,,,,,,,,,,,,,,,,,,,,,
,Status :, ,Un-Aided-Religious Minority - Sikh,,,,,,,,,,,,,,,,,,,,,,
,Minority Seats : Minority Seats Allotted to Non Minority Candidates,,,,,,,,,,,,,,,,,,,,,,,,
,MI-MH,,,,,,,,,,,,,,,,,,,,,,,,
2017,,,,,,,,,,,,,,,,,,,,,,,,,
Stage-MI-MH, ,,,,,,,,,,,,,,,,,,,,,,,,
(93.405226),,,,,,,,,,,,,,,,,,,,,,,,,
,Legends :, ,"Legends: G-General, L-Ladies, S-State Level Seats ,PWD - Persons with Disabilities,DEF - Defence,PWDR :PWD Common Reserved Seat",,,,,,,,,,,,,,,,,,,,,,
"DEFR :Defense Common Reserved Seat ,* Maharashtra State Seats - Cut Off Indicates State General Merit No. ; Figures in bracket Indicates Merit Score",,,,,,,,,,,,,,,,,,,,,,,,,
,Page 59 of 265,,,,,,,,,,,,,,,,,,,,,,,,
GOVERNMENT OF MAHARASHTRA,,,,,,,,,,,,,,,,,,,,,,,,,
,"Directorate of Technical Education, Maharashtra State, Mumbai.",,,,,,,,,,,,,,,,,,,,,,,,
,Cut Off List for Maharashtra & Minority Seats of CAP Round-II for Admission to the First Year Post Graduate Technical Course in Master of Computer Applications (MCA) for the Academic Year 2025-26.,,,,,,,,,,,,,,,,,,,,,,,,
,"3127 - NCRD's Sterling Institute of Management Studies, Navi Mumbai",,,,,,,,,,,,,,,,,,,,,,,,
,0312724110 - Master in Computer Application,,,,,,,,,,,,,,,,,,,,,,,,
,Status :, ,Un-Aided,,,,,,,,,,,,,,,,,,,,,,
,Home University Seats,,,,,,,,,,,,,,,,,,,,,,,,
Home University Seats Allotted to Home University Candidates,,,,,,,,,,,,,,,,,,,,,,,,,
,GOPENH, ,GSCH, ,GSTH, ,GNTAH, ,GNTBH, ,GOBCH, ,GSEBCH, ,PWDOPENH,,,,,,,,,,
2650,4092,22441,4818,4167,,,,,,,,,,,,,,,,,,,,,
Stage-I, ,,,,,,,,,,,,,,,,,,,,,,,,
(92.1797821),(87.3496474),(19.1539942),(85.3851665),(87.2080299),,,,,,,,,,,,,,,,,,,,,
3157,3100,,,,,,,,,,,,,,,,,,,,,,,,
,Stage-IV, ,,,,,,,,,,,,,,,,,,,,,,,
(90.7733494),(90.7733494),,,,,,,,,,,,,,,,,,,,,,,,
2851,,,,,,,,,,,,,,,,,,,,,,,,,
,I-Non PWD / DEF, ,,,,,,,,,,,,,,,,,,,,,,,
(90.9663786),,,,,,,,,,,,,,,,,,,,,,,,,
,Home University Seats Allotted to Other Than Home University Candidates,,,,,,,,,,,,,,,,,,,,,,,,
,GNTDH,,,,,,,,,,,,,,,,,,,,,,,,
19485,,,,,,,,,,,,,,,,,,,,,,,,,
Stage-I, ,,,,,,,,,,,,,,,,,,,,,,,,
(31.6629561),,,,,,,,,,,,,,,,,,,,,,,,,
,Other Than Home University Seats,,,,,,,,,,,,,,,,,,,,,,,,
Other Than Home University Seats Allotted to Other Than Home University Candidates,,,,,,,,,,,,,,,,,,,,,,,,,
,GOPENO, ,GSCO, ,GSTO, ,GNTDO, ,GOBCO, ,GSEBCO,,,,,,,,,,,,,,
2762,8434,14836,7275,9226,,,,,,,,,,,,,,,,,,,,,
Stage-I, ,,,,,,,,,,,,,,,,,,,,,,,,
(90.9663786),(74.782248),(51.4093808),(77.8251197),(71.1549338),,,,,,,,,,,,,,,,,,,,,
4085,,,,,,,,,,,,,,,,,,,,,,,,,
,Stage-IV, ,,,,,,,,,,,,,,,,,,,,,,,
(87.3496474),,,,,,,,,,,,,,,,,,,,,,,,,
,Legends :, ,"Legends: G-General, L-Ladies, S-State Level Seats ,PWD - Persons with Disabilities,DEF - Defence,PWDR :PWD Common Reserved Seat",,,,,,,,,,,,,,,,,,,,,,
"DEFR :Defense Common Reserved Seat ,* Maharashtra State Seats - Cut Off Indicates State General Merit No. ; Figures in bracket Indicates Merit Score",,,,,,,,,,,,,,,,,,,,,,,,,
,Page 60 of 265,,,,,,,,,,,,,,,,,,,,,,,,
GOVERNMENT OF MAHARASHTRA,,,,,,,,,,,,,,,,,,,,,,,,,
,"Directorate of Technical Education, Maharashtra State, Mumbai.",,,,,,,,,,,,,,,,,,,,,,,,
,Cut Off List for Maharashtra & Minority Seats of CAP Round-II for Admission to the First Year Post Graduate Technical Course in Master of Computer Applications (MCA) for the Academic Year 2025-26.,,,,,,,,,,,,,,,,,,,,,,,,
,"3127 - NCRD's Sterling Institute of Management Studies, Navi Mumbai",,,,,,,,,,,,,,,,,,,,,,,,
,0312724110 - Master in Computer Application,,,,,,,,,,,,,,,,,,,,,,,,
,Status :, ,Un-Aided,,,,,,,,,,,,,,,,,,,,,,
,State Level Seats,,,,,,,,,,,,,,,,,,,,,,,,
,EWS, ,TFWS,,,,,,,,,,,,,,,,,,,,,,
18372,1702,,,,,,,,,,,,,,,,,,,,,,,,
Stage-I, ,,,,,,,,,,,,,,,,,,,,,,,,
(36.496736),(94.4270578),,,,,,,,,,,,,,,,,,,,,,,,
,Legends :, ,"Legends: G-General, L-Ladies, S-State Level Seats ,PWD - Persons with Disabilities,DEF - Defence,PWDR :PWD Common Reserved Seat",,,,,,,,,,,,,,,,,,,,,,
"DEFR :Defense Common Reserved Seat ,* Maharashtra State Seats - Cut Off Indicates State General Merit No. ; Figures in bracket Indicates Merit Score",,,,,,,,,,,,,,,,,,,,,,,,,
,Page 61 of 265,,,,,,,,,,,,,,,,,,,,,,,,
GOVERNMENT OF MAHARASHTRA,,,,,,,,,,,,,,,,,,,,,,,,,
,"Directorate of Technical Education, Maharashtra State, Mumbai.",,,,,,,,,,,,,,,,,,,,,,,,
,Cut Off List for Maharashtra & Minority Seats of CAP Round-II for Admission to the First Year Post Graduate Technical Course in Master of Computer Applications (MCA) for the Academic Year 2025-26.,,,,,,,,,,,,,,,,,,,,,,,,
,"3129 - Mumbai Institute of Management & Research, Mumbai",,,,,,,,,,,,,,,,,,,,,,,,
,0312924210 - Master of Computer Applications,,,,,,,,,,,,,,,,,,,,,,,,
,Status :, ,Un-Aided,,,,,,,,,,,,,,,,,,,,,,
,Home University Seats,,,,,,,,,,,,,,,,,,,,,,,,
Home University Seats Allotted to Home University Candidates,,,,,,,,,,,,,,,,,,,,,,,,,
,GOPENH, ,GSCH, ,GSTH, ,GNTAH, ,GNTCH, ,GNTDH, ,GOBCH, ,GSEBCH, ,PWDOPENH,,,,,,,,
3820,15126,7157,17035,20267,12102,,,,,,,,,,,,,,,,,,,,
Stage-I, ,,,,,,,,,,,,,,,,,,,,,,,,
(89.1331398),(51.4093808),(77.8251197),(44.5345198),(29.9046039),(61.2807064),,,,,,,,,,,,,,,,,,,,
4483,4186,4514,,,,,,,,,,,,,,,,,,,,,,,
,Stage-IV, ,,,,,,,,,,,,,,,,,,,,,,,
(85.3851665),(87.2080299),(85.3851665),,,,,,,,,,,,,,,,,,,,,,,
3948,,,,,,,,,,,,,,,,,,,,,,,,,
,I-Non PWD / DEF, ,,,,,,,,,,,,,,,,,,,,,,,
(87.3496474),,,,,,,,,,,,,,,,,,,,,,,,,
,Home University Seats Allotted to Other Than Home University Candidates,,,,,,,,,,,,,,,,,,,,,,,,
,GNTBH, ,GSEBCH,,,,,,,,,,,,,,,,,,,,,,
11700,21189,,,,,,,,,,,,,,,,,,,,,,,,
Stage-I, ,,,,,,,,,,,,,,,,,,,,,,,,
(63.1574978),(25.4779232),,,,,,,,,,,,,,,,,,,,,,,,
,Other Than Home University Seats,,,,,,,,,,,,,,,,,,,,,,,,
Other Than Home University Seats Allotted to Other Than Home University Candidates,,,,,,,,,,,,,,,,,,,,,,,,,
,GOPENO, ,GSCO, ,GSTO, ,GNTAO, ,GNTBO, ,GNTCO, ,GOBCO, ,GSEBCO,,,,,,,,,,
5940,14979,8618,12024,7998,21002,,,,,,,,,,,,,,,,,,,,
Stage-I, ,,,,,,,,,,,,,,,,,,,,,,,,
(82.8308366),(51.4093808),(73.5368477),(63.1574978),(74.782248),(25.4779232),,,,,,,,,,,,,,,,,,,,
5991,6045,,,,,,,,,,,,,,,,,,,,,,,,
,Stage-IV, ,,,,,,,,,,,,,,,,,,,,,,,
(82.8308366),(82.8308366),,,,,,,,,,,,,,,,,,,,,,,,
,Legends :, ,"Legends: G-General, L-Ladies, S-State Level Seats ,PWD - Persons with Disabilities,DEF - Defence,PWDR :PWD Common Reserved Seat",,,,,,,,,,,,,,,,,,,,,,
"DEFR :Defense Common Reserved Seat ,* Maharashtra State Seats - Cut Off Indicates State General Merit No. ; Figures in bracket Indicates Merit Score",,,,,,,,,,,,,,,,,,,,,,,,,
,Page 62 of 265,,,,,,,,,,,,,,,,,,,,,,,,
GOVERNMENT OF MAHARASHTRA,,,,,,,,,,,,,,,,,,,,,,,,,
,"Directorate of Technical Education, Maharashtra State, Mumbai.",,,,,,,,,,,,,,,,,,,,,,,,
,Cut Off List for Maharashtra & Minority Seats of CAP Round-II for Admission to the First Year Post Graduate Technical Course in Master of Computer Applications (MCA) for the Academic Year 2025-26.,,,,,,,,,,,,,,,,,,,,,,,,
,"3129 - Mumbai Institute of Management & Research, Mumbai",,,,,,,,,,,,,,,,,,,,,,,,
,0312924210 - Master of Computer Applications,,,,,,,,,,,,,,,,,,,,,,,,
,Status :, ,Un-Aided,,,,,,,,,,,,,,,,,,,,,,
,State Level Seats,,,,,,,,,,,,,,,,,,,,,,,,
,EWS, ,TFWS,,,,,,,,,,,,,,,,,,,,,,
13830,4789,,,,,,,,,,,,,,,,,,,,,,,,
Stage-I, ,,,,,,,,,,,,,,,,,,,,,,,,
(56.5488095),(85.3851665),,,,,,,,,,,,,,,,,,,,,,,,
,Legends :, ,"Legends: G-General, L-Ladies, S-State Level Seats ,PWD - Persons with Disabilities,DEF - Defence,PWDR :PWD Common Reserved Seat",,,,,,,,,,,,,,,,,,,,,,
"DEFR :Defense Common Reserved Seat ,* Maharashtra State Seats - Cut Off Indicates State General Merit No. ; Figures in bracket Indicates Merit Score",,,,,,,,,,,,,,,,,,,,,,,,,
,Page 63 of 265,,,,,,,,,,,,,,,,,,,,,,,,
GOVERNMENT OF MAHARASHTRA,,,,,,,,,,,,,,,,,,,,,,,,,
,"Directorate of Technical Education, Maharashtra State, Mumbai.",,,,,,,,,,,,,,,,,,,,,,,,
,Cut Off List for Maharashtra & Minority Seats of CAP Round-II for Admission to the First Year Post Graduate Technical Course in Master of Computer Applications (MCA) for the Academic Year 2025-26.,,,,,,,,,,,,,,,,,,,,,,,,
,"3133 - Swayamsiddhi Mitra Sangh's College of Management & Research, Thane",,,,,,,,,,,,,,,,,,,,,,,,
,0313324110 - Master in Computer Application,,,,,,,,,,,,,,,,,,,,,,,,
,Status :, ,Un-Aided,,,,,,,,,,,,,,,,,,,,,,
,Home University Seats,,,,,,,,,,,,,,,,,,,,,,,,
Home University Seats Allotted to Home University Candidates,,,,,,,,,,,,,,,,,,,,,,,,,
,GOPENH, ,GSCH, ,GSTH, ,GNTAH, ,GNTCH, ,GNTDH, ,GOBCH, ,GSEBCH, ,PWDOPENH,,,,,,,,
5215,17593,7082,,,,,,,,,,,,,,,,,,,,,,,
Stage-I, ,,,,,,,,,,,,,,,,,,,,,,,,
(85.2118788),(41.4550394),(77.8251197),,,,,,,,,,,,,,,,,,,,,,,
5917,5921,5977,6050,6639,,,,,,,,,,,,,,,,,,,,,
,Stage-IV, ,,,,,,,,,,,,,,,,,,,,,,,
(82.8308366),(82.8308366),(82.8308366),(82.8308366),(79.9969812),,,,,,,,,,,,,,,,,,,,,
5671,,,,,,,,,,,,,,,,,,,,,,,,,
,I-Non PWD / DEF, ,,,,,,,,,,,,,,,,,,,,,,,
(82.8308366),,,,,,,,,,,,,,,,,,,,,,,,,
,Other Than Home University Seats,,,,,,,,,,,,,,,,,,,,,,,,
Other Than Home University Seats Allotted to Other Than Home University Candidates,,,,,,,,,,,,,,,,,,,,,,,,,
,GOPENO, ,GSCO, ,GSTO, ,GNTCO, ,GOBCO, ,GSEBCO,,,,,,,,,,,,,,
8413,10562,19275,13483,16940,,,,,,,,,,,,,,,,,,,,,
Stage-I, ,,,,,,,,,,,,,,,,,,,,,,,,
(74.782248),(67.3579428),(34.5198145),(56.5488095),(44.5345198),,,,,,,,,,,,,,,,,,,,,
13568,11985,,,,,,,,,,,,,,,,,,,,,,,,
,Stage-IV, ,,,,,,,,,,,,,,,,,,,,,,,
(56.5488095),(63.1574978),,,,,,,,,,,,,,,,,,,,,,,,
,State Level Seats,,,,,,,,,,,,,,,,,,,,,,,,
,EWS, ,TFWS,,,,,,,,,,,,,,,,,,,,,,
8838,4295,,,,,,,,,,,,,,,,,,,,,,,,
Stage-I, ,,,,,,,,,,,,,,,,,,,,,,,,
(73.5368477),(87.2080299),,,,,,,,,,,,,,,,,,,,,,,,
,Legends :, ,"Legends: G-General, L-Ladies, S-State Level Seats ,PWD - Persons with Disabilities,DEF - Defence,PWDR :PWD Common Reserved Seat",,,,,,,,,,,,,,,,,,,,,,
"DEFR :Defense Common Reserved Seat ,* Maharashtra State Seats - Cut Off Indicates State General Merit No. ; Figures in bracket Indicates Merit Score",,,,,,,,,,,,,,,,,,,,,,,,,
,Page 64 of 265,,,,,,,,,,,,,,,,,,,,,,,,
GOVERNMENT OF MAHARASHTRA,,,,,,,,,,,,,,,,,,,,,,,,,
,"Directorate of Technical Education, Maharashtra State, Mumbai.",,,,,,,,,,,,,,,,,,,,,,,,
,Cut Off List for Maharashtra & Minority Seats of CAP Round-II for Admission to the First Year Post Graduate Technical Course in Master of Computer Applications (MCA) for the Academic Year 2025-26.,,,,,,,,,,,,,,,,,,,,,,,,
,"3162 - Bharti Vidyapeeth's Institute of Management & Information Technology, Navi Mumbai",,,,,,,,,,,,,,,,,,,,,,,,
,0316224110 - Master in Computer Application,,,,,,,,,,,,,,,,,,,,,,,,
,Status :, ,Un-Aided,,,,,,,,,,,,,,,,,,,,,,
,Home University Seats,,,,,,,,,,,,,,,,,,,,,,,,
Home University Seats Allotted to Home University Candidates,,,,,,,,,,,,,,,,,,,,,,,,,
,GOPENH, ,GSCH, ,GSTH, ,GNTAH, ,GNTBH, ,GNTCH, ,GOBCH, ,PWDOPENH,,,,,,,,,,
1218,4130,18942,10487,2272,2382,2536,,,,,,,,,,,,,,,,,,,
Stage-I, ,,,,,,,,,,,,,,,,,,,,,,,,
(96.1125146),(87.3496474),(34.5198145),(67.3579428),(92.3361383),(92.3361383),(92.1797821),,,,,,,,,,,,,,,,,,,
1324,,,,,,,,,,,,,,,,,,,,,,,,,
,Stage-IV, ,,,,,,,,,,,,,,,,,,,,,,,
(95.5548847),,,,,,,,,,,,,,,,,,,,,,,,,
,Other Than Home University Seats,,,,,,,,,,,,,,,,,,,,,,,,
Other Than Home University Seats Allotted to Other Than Home University Candidates,,,,,,,,,,,,,,,,,,,,,,,,,
,GOPENO, ,GSCO, ,GSTO, ,GNTDO, ,GOBCO, ,GSEBCO,,,,,,,,,,,,,,
1378,2585,8388,4434,2550,1975,,,,,,,,,,,,,,,,,,,,
Stage-I, ,,,,,,,,,,,,,,,,,,,,,,,,
(95.2942951),(92.1797821),(74.782248),(85.3851665),(92.1797821),(93.5511867),,,,,,,,,,,,,,,,,,,,
,State Level Seats,,,,,,,,,,,,,,,,,,,,,,,,
,EWS, ,TFWS,,,,,,,,,,,,,,,,,,,,,,
7947,816,,,,,,,,,,,,,,,,,,,,,,,,
Stage-I, ,,,,,,,,,,,,,,,,,,,,,,,,
(74.782248),(97.0718086),,,,,,,,,,,,,,,,,,,,,,,,
,Legends :, ,"Legends: G-General, L-Ladies, S-State Level Seats ,PWD - Persons with Disabilities,DEF - Defence,PWDR :PWD Common Reserved Seat",,,,,,,,,,,,,,,,,,,,,,
"DEFR :Defense Common Reserved Seat ,* Maharashtra State Seats - Cut Off Indicates State General Merit No. ; Figures in bracket Indicates Merit Score",,,,,,,,,,,,,,,,,,,,,,,,,
,Page 65 of 265,,,,,,,,,,,,,,,,,,,,,,,,
GOVERNMENT OF MAHARASHTRA,,,,,,,,,,,,,,,,,,,,,,,,,
,"Directorate of Technical Education, Maharashtra State, Mumbai.",,,,,,,,,,,,,,,,,,,,,,,,
,Cut Off List for Maharashtra & Minority Seats of CAP Round-II for Admission to the First Year Post Graduate Technical Course in Master of Computer Applications (MCA) for the Academic Year 2025-26.,,,,,,,,,,,,,,,,,,,,,,,,
,"3167 - Mumbai Education Trust's Institute of Computer Science, Bandra (W), Mumbai",,,,,,,,,,,,,,,,,,,,,,,,
,0316724110 - Master in Computer Application,,,,,,,,,,,,,,,,,,,,,,,,
,Status :, ,Un-Aided,,,,,,,,,,,,,,,,,,,,,,
,Home University Seats,,,,,,,,,,,,,,,,,,,,,,,,
Home University Seats Allotted to Home University Candidates,,,,,,,,,,,,,,,,,,,,,,,,,
,GOPENH, ,GSCH, ,GSTH, ,GOBCH,,,,,,,,,,,,,,,,,,
467,1550,8320,646,,,,,,,,,,,,,,,,,,,,,,
Stage-I, ,,,,,,,,,,,,,,,,,,,,,,,,
(98.2089665),(94.6454851),(74.782248),(97.6265047),,,,,,,,,,,,,,,,,,,,,,
468,,,,,,,,,,,,,,,,,,,,,,,,,
,Stage-IV, ,,,,,,,,,,,,,,,,,,,,,,,
(98.2089665),,,,,,,,,,,,,,,,,,,,,,,,,
,Home University Seats Allotted to Other Than Home University Candidates,,,,,,,,,,,,,,,,,,,,,,,,
,GNTAH, ,GNTDH,,,,,,,,,,,,,,,,,,,,,,
1137,8866,,,,,,,,,,,,,,,,,,,,,,,,
Stage-I, ,,,,,,,,,,,,,,,,,,,,,,,,
(96.1125146),(73.5368477),,,,,,,,,,,,,,,,,,,,,,,,
,Other Than Home University Seats,,,,,,,,,,,,,,,,,,,,,,,,
Other Than Home University Seats Allotted to Other Than Home University Candidates,,,,,,,,,,,,,,,,,,,,,,,,,
,GOPENO, ,GSCO, ,GSTO, ,GOBCO, ,GSEBCO,,,,,,,,,,,,,,,,
702,1118,3935,1046,721,,,,,,,,,,,,,,,,,,,,,
Stage-I, ,,,,,,,,,,,,,,,,,,,,,,,,
(97.390747),(96.1125146),(87.3496474),(96.392589),(97.390747),,,,,,,,,,,,,,,,,,,,,
,State Level Seats,,,,,,,,,,,,,,,,,,,,,,,,
,EWS,,,,,,,,,,,,,,,,,,,,,,,,
3051,,,,,,,,,,,,,,,,,,,,,,,,,
Stage-I, ,,,,,,,,,,,,,,,,,,,,,,,,
(90.7733494),,,,,,,,,,,,,,,,,,,,,,,,,
,Legends :, ,"Legends: G-General, L-Ladies, S-State Level Seats ,PWD - Persons with Disabilities,DEF - Defence,PWDR :PWD Common Reserved Seat",,,,,,,,,,,,,,,,,,,,,,
"DEFR :Defense Common Reserved Seat ,* Maharashtra State Seats - Cut Off Indicates State General Merit No. ; Figures in bracket Indicates Merit Score",,,,,,,,,,,,,,,,,,,,,,,,,
,Page 66 of 265,,,,,,,,,,,,,,,,,,,,,,,,
GOVERNMENT OF MAHARASHTRA,,,,,,,,,,,,,,,,,,,,,,,,,
,"Directorate of Technical Education, Maharashtra State, Mumbai.",,,,,,,,,,,,,,,,,,,,,,,,
,Cut Off List for Maharashtra & Minority Seats of CAP Round-II for Admission to the First Year Post Graduate Technical Course in Master of Computer Applications (MCA) for the Academic Year 2025-26.,,,,,,,,,,,,,,,,,,,,,,,,
,"3168 - Thakur Institute of Management Studies Career Development & Research, Kandivali (E), Mumbai",,,,,,,,,,,,,,,,,,,,,,,,
,0316824110 - Master in Computer Application,,,,,,,,,,,,,,,,,,,,,,,,
,Status :, ,Un-Aided-Autonomous-Linguistic Minority - Hindi,,,,,,,,,,,,,,,,,,,,,,
,Home University Seats,,,,,,,,,,,,,,,,,,,,,,,,
Home University Seats Allotted to Home University Candidates,,,,,,,,,,,,,,,,,,,,,,,,,
,GOPENH,,,,,,,,,,,,,,,,,,,,,,,,
1526,,,,,,,,,,,,,,,,,,,,,,,,,
Stage-I, ,,,,,,,,,,,,,,,,,,,,,,,,
(94.6454851),,,,,,,,,,,,,,,,,,,,,,,,,
,Other Than Home University Seats,,,,,,,,,,,,,,,,,,,,,,,,
Other Than Home University Seats Allotted to Other Than Home University Candidates,,,,,,,,,,,,,,,,,,,,,,,,,
,GOPENO,,,,,,,,,,,,,,,,,,,,,,,,
1919,,,,,,,,,,,,,,,,,,,,,,,,,
Stage-I, ,,,,,,,,,,,,,,,,,,,,,,,,
(93.5511867),,,,,,,,,,,,,,,,,,,,,,,,,
,State Level Seats,,,,,,,,,,,,,,,,,,,,,,,,
,TFWS,,,,,,,,,,,,,,,,,,,,,,,,
1140,,,,,,,,,,,,,,,,,,,,,,,,,
Stage-I, ,,,,,,,,,,,,,,,,,,,,,,,,
(96.1125146),,,,,,,,,,,,,,,,,,,,,,,,,
,Minority Seats : Minority Seats Allotted to Minority Candidates,,,,,,,,,,,,,,,,,,,,,,,,
,MI,,,,,,,,,,,,,,,,,,,,,,,,
18104,,,,,,,,,,,,,,,,,,,,,,,,,
Stage-I, ,,,,,,,,,,,,,,,,,,,,,,,,
(39.3989669),,,,,,,,,,,,,,,,,,,,,,,,,
,Legends :, ,"Legends: G-General, L-Ladies, S-State Level Seats ,PWD - Persons with Disabilities,DEF - Defence,PWDR :PWD Common Reserved Seat",,,,,,,,,,,,,,,,,,,,,,
"DEFR :Defense Common Reserved Seat ,* Maharashtra State Seats - Cut Off Indicates State General Merit No. ; Figures in bracket Indicates Merit Score",,,,,,,,,,,,,,,,,,,,,,,,,
,Page 67 of 265,,,,,,,,,,,,,,,,,,,,,,,,
GOVERNMENT OF MAHARASHTRA,,,,,,,,,,,,,,,,,,,,,,,,,
,"Directorate of Technical Education, Maharashtra State, Mumbai.",,,,,,,,,,,,,,,,,,,,,,,,
,Cut Off List for Maharashtra & Minority Seats of CAP Round-II for Admission to the First Year Post Graduate Technical Course in Master of Computer Applications (MCA) for the Academic Year 2025-26.,,,,,,,,,,,,,,,,,,,,,,,,
,"3169 - Late Bhausaheb Hiray S. S. Trust's Institute of Computer Application, Bandra (E), Mumbai",,,,,,,,,,,,,,,,,,,,,,,,
,0316924110 - Master in Computer Application,,,,,,,,,,,,,,,,,,,,,,,,
,Status :, ,Un-Aided,,,,,,,,,,,,,,,,,,,,,,
,Home University Seats,,,,,,,,,,,,,,,,,,,,,,,,
Home University Seats Allotted to Home University Candidates,,,,,,,,,,,,,,,,,,,,,,,,,
,GOPENH, ,GSCH, ,GSTH, ,GNTBH, ,GNTCH, ,GNTDH, ,GOBCH, ,GSEBCH, ,PWDOPENH,,,,,,,,
3670,11320,10871,18673,,,,,,,,,,,,,,,,,,,,,,
Stage-I, ,,,,,,,,,,,,,,,,,,,,,,,,
(89.1331398),(65.8578922),(65.8578922),(36.496736),,,,,,,,,,,,,,,,,,,,,,
4548,4405,4087,4102,4442,,,,,,,,,,,,,,,,,,,,,
,Stage-IV, ,,,,,,,,,,,,,,,,,,,,,,,
(85.3851665),(87.2080299),(87.3496474),(87.3496474),(85.3851665),,,,,,,,,,,,,,,,,,,,,
3748,,,,,,,,,,,,,,,,,,,,,,,,,
,I-Non PWD / DEF, ,,,,,,,,,,,,,,,,,,,,,,,
(89.1331398),,,,,,,,,,,,,,,,,,,,,,,,,
,Home University Seats Allotted to Other Than Home University Candidates,,,,,,,,,,,,,,,,,,,,,,,,
,GNTAH,,,,,,,,,,,,,,,,,,,,,,,,
21242,,,,,,,,,,,,,,,,,,,,,,,,,
Stage-I, ,,,,,,,,,,,,,,,,,,,,,,,,
(25.4779232),,,,,,,,,,,,,,,,,,,,,,,,,
,Other Than Home University Seats,,,,,,,,,,,,,,,,,,,,,,,,
Other Than Home University Seats Allotted to Other Than Home University Candidates,,,,,,,,,,,,,,,,,,,,,,,,,
,GOPENO, ,GSCO, ,GSTO, ,GNTAO, ,GNTCO, ,GNTDO, ,GOBCO, ,GSEBCO,,,,,,,,,,
12205,16485,15690,20989,18312,12427,,,,,,,,,,,,,,,,,,,,
Stage-I, ,,,,,,,,,,,,,,,,,,,,,,,,
(61.2807064),(44.5345198),(49.3533426),(25.4779232),(36.496736),(61.2807064),,,,,,,,,,,,,,,,,,,,
14190,14278,13109,,,,,,,,,,,,,,,,,,,,,,,
,Stage-IV, ,,,,,,,,,,,,,,,,,,,,,,,
(53.942159),(53.942159),(58.7911466),,,,,,,,,,,,,,,,,,,,,,,
,Legends :, ,"Legends: G-General, L-Ladies, S-State Level Seats ,PWD - Persons with Disabilities,DEF - Defence,PWDR :PWD Common Reserved Seat",,,,,,,,,,,,,,,,,,,,,,
"DEFR :Defense Common Reserved Seat ,* Maharashtra State Seats - Cut Off Indicates State General Merit No. ; Figures in bracket Indicates Merit Score",,,,,,,,,,,,,,,,,,,,,,,,,
,Page 68 of 265,,,,,,,,,,,,,,,,,,,,,,,,
GOVERNMENT OF MAHARASHTRA,,,,,,,,,,,,,,,,,,,,,,,,,
,"Directorate of Technical Education, Maharashtra State, Mumbai.",,,,,,,,,,,,,,,,,,,,,,,,
,Cut Off List for Maharashtra & Minority Seats of CAP Round-II for Admission to the First Year Post Graduate Technical Course in Master of Computer Applications (MCA) for the Academic Year 2025-26.,,,,,,,,,,,,,,,,,,,,,,,,
,"3169 - Late Bhausaheb Hiray S. S. Trust's Institute of Computer Application, Bandra (E), Mumbai",,,,,,,,,,,,,,,,,,,,,,,,
,0316924110 - Master in Computer Application,,,,,,,,,,,,,,,,,,,,,,,,
,Status :, ,Un-Aided,,,,,,,,,,,,,,,,,,,,,,
,State Level Seats,,,,,,,,,,,,,,,,,,,,,,,,
,EWS, ,TFWS,,,,,,,,,,,,,,,,,,,,,,
13923,3132,,,,,,,,,,,,,,,,,,,,,,,,
Stage-I, ,,,,,,,,,,,,,,,,,,,,,,,,
(56.5488095),(90.7733494),,,,,,,,,,,,,,,,,,,,,,,,
,Legends :, ,"Legends: G-General, L-Ladies, S-State Level Seats ,PWD - Persons with Disabilities,DEF - Defence,PWDR :PWD Common Reserved Seat",,,,,,,,,,,,,,,,,,,,,,
"DEFR :Defense Common Reserved Seat ,* Maharashtra State Seats - Cut Off Indicates State General Merit No. ; Figures in bracket Indicates Merit Score",,,,,,,,,,,,,,,,,,,,,,,,,
,Page 69 of 265,,,,,,,,,,,,,,,,,,,,,,,,
GOVERNMENT OF MAHARASHTRA,,,,,,,,,,,,,,,,,,,,,,,,,
,"Directorate of Technical Education, Maharashtra State, Mumbai.",,,,,,,,,,,,,,,,,,,,,,,,
,Cut Off List for Maharashtra & Minority Seats of CAP Round-II for Admission to the First Year Post Graduate Technical Course in Master of Computer Applications (MCA) for the Academic Year 2025-26.,,,,,,,,,,,,,,,,,,,,,,,,
,"3173 - Deccan Education Society's Navinchandra Mehta Institute of Technology & Development, Dadar, Mumbai",,,,,,,,,,,,,,,,,,,,,,,,
,0317324110 - Master in Computer Application,,,,,,,,,,,,,,,,,,,,,,,,
,Status :, ,Un-Aided,,,,,,,,,,,,,,,,,,,,,,
,Home University Seats,,,,,,,,,,,,,,,,,,,,,,,,
Home University Seats Allotted to Home University Candidates,,,,,,,,,,,,,,,,,,,,,,,,,
,GOPENH, ,GSCH, ,GSTH, ,GNTDH, ,GOBCH, ,GSEBCH, ,PWDOPENH,,,,,,,,,,,,
2171,4409,7012,4345,4894,,,,,,,,,,,,,,,,,,,,,
Stage-I, ,,,,,,,,,,,,,,,,,,,,,,,,
(93.405226),(87.2080299),(77.8251197),(87.2080299),(85.2118788),,,,,,,,,,,,,,,,,,,,,
2441,,,,,,,,,,,,,,,,,,,,,,,,,
,Stage-IV, ,,,,,,,,,,,,,,,,,,,,,,,
(92.1797821),,,,,,,,,,,,,,,,,,,,,,,,,
2262,,,,,,,,,,,,,,,,,,,,,,,,,
,I-Non PWD / DEF, ,,,,,,,,,,,,,,,,,,,,,,,
(92.3361383),,,,,,,,,,,,,,,,,,,,,,,,,
,Home University Seats Allotted to Other Than Home University Candidates,,,,,,,,,,,,,,,,,,,,,,,,
,GNTCH,,,,,,,,,,,,,,,,,,,,,,,,
7781,,,,,,,,,,,,,,,,,,,,,,,,,
Stage-I, ,,,,,,,,,,,,,,,,,,,,,,,,
(76.9216256),,,,,,,,,,,,,,,,,,,,,,,,,
,Other Than Home University Seats,,,,,,,,,,,,,,,,,,,,,,,,
Other Than Home University Seats Allotted to Other Than Home University Candidates,,,,,,,,,,,,,,,,,,,,,,,,,
,GOPENO, ,GSCO, ,GSTO, ,GNTAO, ,GNTDO, ,GOBCO, ,GSEBCO,,,,,,,,,,,,
4886,8647,14756,7062,14325,,,,,,,,,,,,,,,,,,,,,
Stage-I, ,,,,,,,,,,,,,,,,,,,,,,,,
(85.2118788),(73.5368477),(51.4093808),(77.8251197),(53.942159),,,,,,,,,,,,,,,,,,,,,
5284,5239,,,,,,,,,,,,,,,,,,,,,,,,
,Stage-IV, ,,,,,,,,,,,,,,,,,,,,,,,
(82.9644433),(82.9644433),,,,,,,,,,,,,,,,,,,,,,,,
,Legends :, ,"Legends: G-General, L-Ladies, S-State Level Seats ,PWD - Persons with Disabilities,DEF - Defence,PWDR :PWD Common Reserved Seat",,,,,,,,,,,,,,,,,,,,,,
"DEFR :Defense Common Reserved Seat ,* Maharashtra State Seats - Cut Off Indicates State General Merit No. ; Figures in bracket Indicates Merit Score",,,,,,,,,,,,,,,,,,,,,,,,,
,Page 70 of 265,,,,,,,,,,,,,,,,,,,,,,,,
GOVERNMENT OF MAHARASHTRA,,,,,,,,,,,,,,,,,,,,,,,,,
,"Directorate of Technical Education, Maharashtra State, Mumbai.",,,,,,,,,,,,,,,,,,,,,,,,
,Cut Off List for Maharashtra & Minority Seats of CAP Round-II for Admission to the First Year Post Graduate Technical Course in Master of Computer Applications (MCA) for the Academic Year 2025-26.,,,,,,,,,,,,,,,,,,,,,,,,
,"3173 - Deccan Education Society's Navinchandra Mehta Institute of Technology & Development, Dadar, Mumbai",,,,,,,,,,,,,,,,,,,,,,,,
,0317324110 - Master in Computer Application,,,,,,,,,,,,,,,,,,,,,,,,
,Status :, ,Un-Aided,,,,,,,,,,,,,,,,,,,,,,
,State Level Seats,,,,,,,,,,,,,,,,,,,,,,,,
,EWS, ,TFWS,,,,,,,,,,,,,,,,,,,,,,
8832,1354,,,,,,,,,,,,,,,,,,,,,,,,
Stage-I, ,,,,,,,,,,,,,,,,,,,,,,,,
(73.5368477),(95.5548847),,,,,,,,,,,,,,,,,,,,,,,,
,Legends :, ,"Legends: G-General, L-Ladies, S-State Level Seats ,PWD - Persons with Disabilities,DEF - Defence,PWDR :PWD Common Reserved Seat",,,,,,,,,,,,,,,,,,,,,,
"DEFR :Defense Common Reserved Seat ,* Maharashtra State Seats - Cut Off Indicates State General Merit No. ; Figures in bracket Indicates Merit Score",,,,,,,,,,,,,,,,,,,,,,,,,
,Page 71 of 265,,,,,,,,,,,,,,,,,,,,,,,,
GOVERNMENT OF MAHARASHTRA,,,,,,,,,,,,,,,,,,,,,,,,,
,"Directorate of Technical Education, Maharashtra State, Mumbai.",,,,,,,,,,,,,,,,,,,,,,,,
,Cut Off List for Maharashtra & Minority Seats of CAP Round-II for Admission to the First Year Post Graduate Technical Course in Master of Computer Applications (MCA) for the Academic Year 2025-26.,,,,,,,,,,,,,,,,,,,,,,,,
,"3176 - Thakur College of Engineering and Technology, Kandivali, Mumbai",,,,,,,,,,,,,,,,,,,,,,,,
,0317624210 - Master of Computer Applications,,,,,,,,,,,,,,,,,,,,,,,,
,Status :, ,Un-Aided-Autonomous-Linguistic Minority - Hindi,,,,,,,,,,,,,,,,,,,,,,
,Home University Seats,,,,,,,,,,,,,,,,,,,,,,,,
Home University Seats Allotted to Home University Candidates,,,,,,,,,,,,,,,,,,,,,,,,,
,GOPENH,,,,,,,,,,,,,,,,,,,,,,,,
1022,,,,,,,,,,,,,,,,,,,,,,,,,
Stage-I, ,,,,,,,,,,,,,,,,,,,,,,,,
(96.392589),,,,,,,,,,,,,,,,,,,,,,,,,
,Other Than Home University Seats,,,,,,,,,,,,,,,,,,,,,,,,
Other Than Home University Seats Allotted to Other Than Home University Candidates,,,,,,,,,,,,,,,,,,,,,,,,,
,GOPENO,,,,,,,,,,,,,,,,,,,,,,,,
1425,,,,,,,,,,,,,,,,,,,,,,,,,
Stage-I, ,,,,,,,,,,,,,,,,,,,,,,,,
(95.2942951),,,,,,,,,,,,,,,,,,,,,,,,,
,State Level Seats,,,,,,,,,,,,,,,,,,,,,,,,
,TFWS,,,,,,,,,,,,,,,,,,,,,,,,
642,,,,,,,,,,,,,,,,,,,,,,,,,
Stage-I, ,,,,,,,,,,,,,,,,,,,,,,,,
(97.6265047),,,,,,,,,,,,,,,,,,,,,,,,,
,Minority Seats : Minority Seats Allotted to Minority Candidates,,,,,,,,,,,,,,,,,,,,,,,,
,MI,,,,,,,,,,,,,,,,,,,,,,,,
12692,,,,,,,,,,,,,,,,,,,,,,,,,
Stage-I, ,,,,,,,,,,,,,,,,,,,,,,,,
(61.2807064),,,,,,,,,,,,,,,,,,,,,,,,,
,Legends :, ,"Legends: G-General, L-Ladies, S-State Level Seats ,PWD - Persons with Disabilities,DEF - Defence,PWDR :PWD Common Reserved Seat",,,,,,,,,,,,,,,,,,,,,,
"DEFR :Defense Common Reserved Seat ,* Maharashtra State Seats - Cut Off Indicates State General Merit No. ; Figures in bracket Indicates Merit Score",,,,,,,,,,,,,,,,,,,,,,,,,
,Page 72 of 265,,,,,,,,,,,,,,,,,,,,,,,,
GOVERNMENT OF MAHARASHTRA,,,,,,,,,,,,,,,,,,,,,,,,,
,"Directorate of Technical Education, Maharashtra State, Mumbai.",,,,,,,,,,,,,,,,,,,,,,,,
,Cut Off List for Maharashtra & Minority Seats of CAP Round-II for Admission to the First Year Post Graduate Technical Course in Master of Computer Applications (MCA) for the Academic Year 2025-26.,,,,,,,,,,,,,,,,,,,,,,,,
,"3185 - Vivekanand Education Society's Institute of Technology, Chembur, Mumbai",,,,,,,,,,,,,,,,,,,,,,,,
,0318524210 - Master of Computer Applications,,,,,,,,,,,,,,,,,,,,,,,,
,Status :, ,Un-Aided-Autonomous-Linguistic Minority - Sindhi,,,,,,,,,,,,,,,,,,,,,,
,Home University Seats,,,,,,,,,,,,,,,,,,,,,,,,
Home University Seats Allotted to Home University Candidates,,,,,,,,,,,,,,,,,,,,,,,,,
,GOPENH,,,,,,,,,,,,,,,,,,,,,,,,
202,,,,,,,,,,,,,,,,,,,,,,,,,
Stage-I, ,,,,,,,,,,,,,,,,,,,,,,,,
(99.113241),,,,,,,,,,,,,,,,,,,,,,,,,
,Other Than Home University Seats,,,,,,,,,,,,,,,,,,,,,,,,
Other Than Home University Seats Allotted to Other Than Home University Candidates,,,,,,,,,,,,,,,,,,,,,,,,,
,GOPENO,,,,,,,,,,,,,,,,,,,,,,,,
285,,,,,,,,,,,,,,,,,,,,,,,,,
Stage-I, ,,,,,,,,,,,,,,,,,,,,,,,,
(98.7632442),,,,,,,,,,,,,,,,,,,,,,,,,
,State Level Seats,,,,,,,,,,,,,,,,,,,,,,,,
,TFWS,,,,,,,,,,,,,,,,,,,,,,,,
153,,,,,,,,,,,,,,,,,,,,,,,,,
Stage-I, ,,,,,,,,,,,,,,,,,,,,,,,,
(99.3736085),,,,,,,,,,,,,,,,,,,,,,,,,
,Minority Seats : Minority Seats Allotted to Minority Candidates,,,,,,,,,,,,,,,,,,,,,,,,
,MI,,,,,,,,,,,,,,,,,,,,,,,,
1848,,,,,,,,,,,,,,,,,,,,,,,,,
Stage-I, ,,,,,,,,,,,,,,,,,,,,,,,,
(93.5511867),,,,,,,,,,,,,,,,,,,,,,,,,
,Legends :, ,"Legends: G-General, L-Ladies, S-State Level Seats ,PWD - Persons with Disabilities,DEF - Defence,PWDR :PWD Common Reserved Seat",,,,,,,,,,,,,,,,,,,,,,
"DEFR :Defense Common Reserved Seat ,* Maharashtra State Seats - Cut Off Indicates State General Merit No. ; Figures in bracket Indicates Merit Score",,,,,,,,,,,,,,,,,,,,,,,,,
,Page 73 of 265,,,,,,,,,,,,,,,,,,,,,,,,
GOVERNMENT OF MAHARASHTRA,,,,,,,,,,,,,,,,,,,,,,,,,
,"Directorate of Technical Education, Maharashtra State, Mumbai.",,,,,,,,,,,,,,,,,,,,,,,,
,Cut Off List for Maharashtra & Minority Seats of CAP Round-II for Admission to the First Year Post Graduate Technical Course in Master of Computer Applications (MCA) for the Academic Year 2025-26.,,,,,,,,,,,,,,,,,,,,,,,,
,"3185 - Vivekanand Education Society's Institute of Technology, Chembur, Mumbai",,,,,,,,,,,,,,,,,,,,,,,,
,0318524210 - Master of Computer Applications,,,,,,,,,,,,,,,,,,,,,,,,
,Status :, ,Un-Aided-Autonomous-Linguistic Minority - Sindhi,,,,,,,,,,,,,,,,,,,,,,
,Minority Seats : Minority Seats Allotted to Non Minority Candidates,,,,,,,,,,,,,,,,,,,,,,,,
,MI-MH,,,,,,,,,,,,,,,,,,,,,,,,
433,,,,,,,,,,,,,,,,,,,,,,,,,
Stage-MI-MH, ,,,,,,,,,,,,,,,,,,,,,,,,
(98.3811932),,,,,,,,,,,,,,,,,,,,,,,,,
,Legends :, ,"Legends: G-General, L-Ladies, S-State Level Seats ,PWD - Persons with Disabilities,DEF - Defence,PWDR :PWD Common Reserved Seat",,,,,,,,,,,,,,,,,,,,,,
"DEFR :Defense Common Reserved Seat ,* Maharashtra State Seats - Cut Off Indicates State General Merit No. ; Figures in bracket Indicates Merit Score",,,,,,,,,,,,,,,,,,,,,,,,,
,Page 74 of 265,,,,,,,,,,,,,,,,,,,,,,,,
GOVERNMENT OF MAHARASHTRA,,,,,,,,,,,,,,,,,,,,,,,,,
,"Directorate of Technical Education, Maharashtra State, Mumbai.",,,,,,,,,,,,,,,,,,,,,,,,
,Cut Off List for Maharashtra & Minority Seats of CAP Round-II for Admission to the First Year Post Graduate Technical Course in Master of Computer Applications (MCA) for the Academic Year 2025-26.,,,,,,,,,,,,,,,,,,,,,,,,
,"3200 - Hope Foundation and research center's Finolex Academy of Management and Technology, Ratnagiri",,,,,,,,,,,,,,,,,,,,,,,,
,0320024110 - Master in Computer Application,,,,,,,,,,,,,,,,,,,,,,,,
,Status :, ,Un-Aided,,,,,,,,,,,,,,,,,,,,,,
,Home University Seats,,,,,,,,,,,,,,,,,,,,,,,,
Home University Seats Allotted to Home University Candidates,,,,,,,,,,,,,,,,,,,,,,,,,
,GOPENH, ,GSCH, ,GSTH, ,GNTAH, ,GNTBH, ,GNTCH, ,GNTDH, ,GOBCH, ,GSEBCH, ,PWDOPENH,,,,,,
9960,,,,,,,,,,,,,,,,,,,,,,,,,
Stage-I, ,,,,,,,,,,,,,,,,,,,,,,,,
(69.7143504),,,,,,,,,,,,,,,,,,,,,,,,,
17603,11449,11839,11879,12368,13252,17454,15615,,,,,,,,,,,,,,,,,,
,Stage-IV, ,,,,,,,,,,,,,,,,,,,,,,,
(41.4550394),(63.1574978),(63.1574978),(63.1574978),(61.2807064),(58.7911466),(41.4550394),(49.3533426),,,,,,,,,,,,,,,,,,
10916,,,,,,,,,,,,,,,,,,,,,,,,,
,I-Non PWD / DEF, ,,,,,,,,,,,,,,,,,,,,,,,
(65.8578922),,,,,,,,,,,,,,,,,,,,,,,,,
,Other Than Home University Seats,,,,,,,,,,,,,,,,,,,,,,,,
Other Than Home University Seats Allotted to Other Than Home University Candidates,,,,,,,,,,,,,,,,,,,,,,,,,
,GOPENO, ,GSCO, ,GNTAO, ,GNTCO, ,GOBCO,,,,,,,,,,,,,,,,
16309,20240,18818,,,,,,,,,,,,,,,,,,,,,,,
Stage-I, ,,,,,,,,,,,,,,,,,,,,,,,,
(46.3793819),(29.9046039),(34.5198145),,,,,,,,,,,,,,,,,,,,,,,
22063,22476,,,,,,,,,,,,,,,,,,,,,,,,
,Stage-IV, ,,,,,,,,,,,,,,,,,,,,,,,
(21.0059952),(16.9789978),,,,,,,,,,,,,,,,,,,,,,,,
,Other Than Home University Seats Allotted to Home University Candidates,,,,,,,,,,,,,,,,,,,,,,,,
,GSCO, ,GSTO, ,GSEBCO,,,,,,,,,,,,,,,,,,,,
19601,22383,18679,,,,,,,,,,,,,,,,,,,,,,,
Stage-IV, ,,,,,,,,,,,,,,,,,,,,,,,,
(31.6629561),(19.1539942),(36.496736),,,,,,,,,,,,,,,,,,,,,,,
,Legends :, ,"Legends: G-General, L-Ladies, S-State Level Seats ,PWD - Persons with Disabilities,DEF - Defence,PWDR :PWD Common Reserved Seat",,,,,,,,,,,,,,,,,,,,,,
"DEFR :Defense Common Reserved Seat ,* Maharashtra State Seats - Cut Off Indicates State General Merit No. ; Figures in bracket Indicates Merit Score",,,,,,,,,,,,,,,,,,,,,,,,,
,Page 75 of 265,,,,,,,,,,,,,,,,,,,,,,,,
GOVERNMENT OF MAHARASHTRA,,,,,,,,,,,,,,,,,,,,,,,,,
,"Directorate of Technical Education, Maharashtra State, Mumbai.",,,,,,,,,,,,,,,,,,,,,,,,
,Cut Off List for Maharashtra & Minority Seats of CAP Round-II for Admission to the First Year Post Graduate Technical Course in Master of Computer Applications (MCA) for the Academic Year 2025-26.,,,,,,,,,,,,,,,,,,,,,,,,
,"3200 - Hope Foundation and research center's Finolex Academy of Management and Technology, Ratnagiri",,,,,,,,,,,,,,,,,,,,,,,,
,0320024110 - Master in Computer Application,,,,,,,,,,,,,,,,,,,,,,,,
,Status :, ,Un-Aided,,,,,,,,,,,,,,,,,,,,,,
,State Level Seats,,,,,,,,,,,,,,,,,,,,,,,,
,EWS,,,,,,,,,,,,,,,,,,,,,,,,
8283,,,,,,,,,,,,,,,,,,,,,,,,,
Stage-I, ,,,,,,,,,,,,,,,,,,,,,,,,
(74.782248),,,,,,,,,,,,,,,,,,,,,,,,,
,Legends :, ,"Legends: G-General, L-Ladies, S-State Level Seats ,PWD - Persons with Disabilities,DEF - Defence,PWDR :PWD Common Reserved Seat",,,,,,,,,,,,,,,,,,,,,,
"DEFR :Defense Common Reserved Seat ,* Maharashtra State Seats - Cut Off Indicates State General Merit No. ; Figures in bracket Indicates Merit Score",,,,,,,,,,,,,,,,,,,,,,,,,
,Page 76 of 265,,,,,,,,,,,,,,,,,,,,,,,,
GOVERNMENT OF MAHARASHTRA,,,,,,,,,,,,,,,,,,,,,,,,,
,"Directorate of Technical Education, Maharashtra State, Mumbai.",,,,,,,,,,,,,,,,,,,,,,,,
,Cut Off List for Maharashtra & Minority Seats of CAP Round-II for Admission to the First Year Post Graduate Technical Course in Master of Computer Applications (MCA) for the Academic Year 2025-26.,,,,,,,,,,,,,,,,,,,,,,,,
,"3215 - Bhartiya Vidya Bhavan's Sardar Patel Institute of Technology , Andheri, Mumbai",,,,,,,,,,,,,,,,,,,,,,,,
,0321524110 - Master in Computer Application,,,,,,,,,,,,,,,,,,,,,,,,
,Status :, ,Un-Aided-Autonomous,,,,,,,,,,,,,,,,,,,,,,
,Home University Seats,,,,,,,,,,,,,,,,,,,,,,,,
Home University Seats Allotted to Home University Candidates,,,,,,,,,,,,,,,,,,,,,,,,,
,GOPENH,,,,,,,,,,,,,,,,,,,,,,,,
81,,,,,,,,,,,,,,,,,,,,,,,,,
Stage-I, ,,,,,,,,,,,,,,,,,,,,,,,,
(99.6830308),,,,,,,,,,,,,,,,,,,,,,,,,
,Other Than Home University Seats,,,,,,,,,,,,,,,,,,,,,,,,
Other Than Home University Seats Allotted to Other Than Home University Candidates,,,,,,,,,,,,,,,,,,,,,,,,,
,GNTDO, ,GOBCO,,,,,,,,,,,,,,,,,,,,,,
1307,126,,,,,,,,,,,,,,,,,,,,,,,,
Stage-I, ,,,,,,,,,,,,,,,,,,,,,,,,
(95.5548847),(99.3740809),,,,,,,,,,,,,,,,,,,,,,,,
,State Level Seats,,,,,,,,,,,,,,,,,,,,,,,,
,EWS,,,,,,,,,,,,,,,,,,,,,,,,
294,,,,,,,,,,,,,,,,,,,,,,,,,
Stage-I, ,,,,,,,,,,,,,,,,,,,,,,,,
(98.7632442),,,,,,,,,,,,,,,,,,,,,,,,,
,Legends :, ,"Legends: G-General, L-Ladies, S-State Level Seats ,PWD - Persons with Disabilities,DEF - Defence,PWDR :PWD Common Reserved Seat",,,,,,,,,,,,,,,,,,,,,,
"DEFR :Defense Common Reserved Seat ,* Maharashtra State Seats - Cut Off Indicates State General Merit No. ; Figures in bracket Indicates Merit Score",,,,,,,,,,,,,,,,,,,,,,,,,
,Page 77 of 265,,,,,,,,,,,,,,,,,,,,,,,,
GOVERNMENT OF MAHARASHTRA,,,,,,,,,,,,,,,,,,,,,,,,,
,"Directorate of Technical Education, Maharashtra State, Mumbai.",,,,,,,,,,,,,,,,,,,,,,,,
,Cut Off List for Maharashtra & Minority Seats of CAP Round-II for Admission to the First Year Post Graduate Technical Course in Master of Computer Applications (MCA) for the Academic Year 2025-26.,,,,,,,,,,,,,,,,,,,,,,,,
,"3216 - Gharda Foundation's Gharda Institute of Technology,Khed, Ratnagiri",,,,,,,,,,,,,,,,,,,,,,,,
,0321624210 - Master of Computer Applications,,,,,,,,,,,,,,,,,,,,,,,,
,Status :, ,Un-Aided,,,,,,,,,,,,,,,,,,,,,,
,Home University Seats,,,,,,,,,,,,,,,,,,,,,,,,
Home University Seats Allotted to Home University Candidates,,,,,,,,,,,,,,,,,,,,,,,,,
,GOPENH,,,,,,,,,,,,,,,,,,,,,,,,
24287,,,,,,,,,,,,,,,,,,,,,,,,,
Stage-I, ,,,,,,,,,,,,,,,,,,,,,,,,
(7.9446476),,,,,,,,,,,,,,,,,,,,,,,,,
,State Level Seats,,,,,,,,,,,,,,,,,,,,,,,,
,TFWS,,,,,,,,,,,,,,,,,,,,,,,,
10101,,,,,,,,,,,,,,,,,,,,,,,,,
Stage-I, ,,,,,,,,,,,,,,,,,,,,,,,,
(69.7143504),,,,,,,,,,,,,,,,,,,,,,,,,
,Legends :, ,"Legends: G-General, L-Ladies, S-State Level Seats ,PWD - Persons with Disabilities,DEF - Defence,PWDR :PWD Common Reserved Seat",,,,,,,,,,,,,,,,,,,,,,
"DEFR :Defense Common Reserved Seat ,* Maharashtra State Seats - Cut Off Indicates State General Merit No. ; Figures in bracket Indicates Merit Score",,,,,,,,,,,,,,,,,,,,,,,,,
,Page 78 of 265,,,,,,,,,,,,,,,,,,,,,,,,
GOVERNMENT OF MAHARASHTRA,,,,,,,,,,,,,,,,,,,,,,,,,
,"Directorate of Technical Education, Maharashtra State, Mumbai.",,,,,,,,,,,,,,,,,,,,,,,,
,Cut Off List for Maharashtra & Minority Seats of CAP Round-II for Admission to the First Year Post Graduate Technical Course in Master of Computer Applications (MCA) for the Academic Year 2025-26.,,,,,,,,,,,,,,,,,,,,,,,,
,"3218 - Aldel Education Trust's St. John College of Engineering & Management, Vevoor, Palghar",,,,,,,,,,,,,,,,,,,,,,,,
,0321824110 - Master in Computer Application,,,,,,,,,,,,,,,,,,,,,,,,
,Status :, ,Un-Aided-Autonomous-Religious Minority - Christian,,,,,,,,,,,,,,,,,,,,,,
,Home University Seats,,,,,,,,,,,,,,,,,,,,,,,,
Home University Seats Allotted to Home University Candidates,,,,,,,,,,,,,,,,,,,,,,,,,
,GOPENH,,,,,,,,,,,,,,,,,,,,,,,,
11981,,,,,,,,,,,,,,,,,,,,,,,,,
Stage-I, ,,,,,,,,,,,,,,,,,,,,,,,,
(63.1574978),,,,,,,,,,,,,,,,,,,,,,,,,
,Other Than Home University Seats,,,,,,,,,,,,,,,,,,,,,,,,
Other Than Home University Seats Allotted to Other Than Home University Candidates,,,,,,,,,,,,,,,,,,,,,,,,,
,GOPENO,,,,,,,,,,,,,,,,,,,,,,,,
20239,,,,,,,,,,,,,,,,,,,,,,,,,
Stage-I, ,,,,,,,,,,,,,,,,,,,,,,,,
(29.9046039),,,,,,,,,,,,,,,,,,,,,,,,,
,State Level Seats,,,,,,,,,,,,,,,,,,,,,,,,
,TFWS,,,,,,,,,,,,,,,,,,,,,,,,
7287,,,,,,,,,,,,,,,,,,,,,,,,,
Stage-I, ,,,,,,,,,,,,,,,,,,,,,,,,
(77.8251197),,,,,,,,,,,,,,,,,,,,,,,,,
,Minority Seats : Minority Seats Allotted to Non Minority Candidates,,,,,,,,,,,,,,,,,,,,,,,,
,MI-MH,,,,,,,,,,,,,,,,,,,,,,,,
23346,,,,,,,,,,,,,,,,,,,,,,,,,
Stage-MI-MH, ,,,,,,,,,,,,,,,,,,,,,,,,
(13.5402134),,,,,,,,,,,,,,,,,,,,,,,,,
,Legends :, ,"Legends: G-General, L-Ladies, S-State Level Seats ,PWD - Persons with Disabilities,DEF - Defence,PWDR :PWD Common Reserved Seat",,,,,,,,,,,,,,,,,,,,,,
"DEFR :Defense Common Reserved Seat ,* Maharashtra State Seats - Cut Off Indicates State General Merit No. ; Figures in bracket Indicates Merit Score",,,,,,,,,,,,,,,,,,,,,,,,,
,Page 79 of 265,,,,,,,,,,,,,,,,,,,,,,,,
GOVERNMENT OF MAHARASHTRA,,,,,,,,,,,,,,,,,,,,,,,,,
,"Directorate of Technical Education, Maharashtra State, Mumbai.",,,,,,,,,,,,,,,,,,,,,,,,
,Cut Off List for Maharashtra & Minority Seats of CAP Round-II for Admission to the First Year Post Graduate Technical Course in Master of Computer Applications (MCA) for the Academic Year 2025-26.,,,,,,,,,,,,,,,,,,,,,,,,
,"3221 - Vishnu Waman Thakur Charitable Trust's VIVA Institute of Technology, Virar",,,,,,,,,,,,,,,,,,,,,,,,
,0322124110 - Master in Computer Application,,,,,,,,,,,,,,,,,,,,,,,,
,Status :, ,Un-Aided,,,,,,,,,,,,,,,,,,,,,,
,Home University Seats,,,,,,,,,,,,,,,,,,,,,,,,
Home University Seats Allotted to Home University Candidates,,,,,,,,,,,,,,,,,,,,,,,,,
,GOPENH, ,GSCH, ,GSTH, ,GNTAH, ,GNTBH, ,GNTDH, ,GOBCH, ,GSEBCH, ,PWDOPENH,,,,,,,,
7444,14552,16242,,,,,,,,,,,,,,,,,,,,,,,
Stage-I, ,,,,,,,,,,,,,,,,,,,,,,,,
(76.9216256),(53.942159),(46.3793819),,,,,,,,,,,,,,,,,,,,,,,
9482,8577,8643,8930,8986,10027,,,,,,,,,,,,,,,,,,,,
,Stage-IV, ,,,,,,,,,,,,,,,,,,,,,,,
(71.1549338),(73.5368477),(73.5368477),(73.5368477),(73.5368477),(69.7143504),,,,,,,,,,,,,,,,,,,,
7704,,,,,,,,,,,,,,,,,,,,,,,,,
,I-Non PWD / DEF, ,,,,,,,,,,,,,,,,,,,,,,,
(76.9216256),,,,,,,,,,,,,,,,,,,,,,,,,
,Other Than Home University Seats,,,,,,,,,,,,,,,,,,,,,,,,
Other Than Home University Seats Allotted to Other Than Home University Candidates,,,,,,,,,,,,,,,,,,,,,,,,,
,GOPENO, ,GSCO, ,GNTAO, ,GOBCO, ,GSEBCO,,,,,,,,,,,,,,,,
13865,16077,21730,,,,,,,,,,,,,,,,,,,,,,,
Stage-I, ,,,,,,,,,,,,,,,,,,,,,,,,
(56.5488095),(46.3793819),(21.0059952),,,,,,,,,,,,,,,,,,,,,,,
20719,18501,,,,,,,,,,,,,,,,,,,,,,,,
,Stage-IV, ,,,,,,,,,,,,,,,,,,,,,,,
(27.2744425),(36.496736),,,,,,,,,,,,,,,,,,,,,,,,
,Other Than Home University Seats Allotted to Home University Candidates,,,,,,,,,,,,,,,,,,,,,,,,
,GSTO, ,GOBCO,,,,,,,,,,,,,,,,,,,,,,
10205,,,,,,,,,,,,,,,,,,,,,,,,,
Stage-IV, ,,,,,,,,,,,,,,,,,,,,,,,,
(67.3579428),,,,,,,,,,,,,,,,,,,,,,,,,
17659,,,,,,,,,,,,,,,,,,,,,,,,,
,Stage-I, ,,,,,,,,,,,,,,,,,,,,,,,
(41.4550394),,,,,,,,,,,,,,,,,,,,,,,,,
,Legends :, ,"Legends: G-General, L-Ladies, S-State Level Seats ,PWD - Persons with Disabilities,DEF - Defence,PWDR :PWD Common Reserved Seat",,,,,,,,,,,,,,,,,,,,,,
"DEFR :Defense Common Reserved Seat ,* Maharashtra State Seats - Cut Off Indicates State General Merit No. ; Figures in bracket Indicates Merit Score",,,,,,,,,,,,,,,,,,,,,,,,,
,Page 80 of 265,,,,,,,,,,,,,,,,,,,,,,,,
GOVERNMENT OF MAHARASHTRA,,,,,,,,,,,,,,,,,,,,,,,,,
,"Directorate of Technical Education, Maharashtra State, Mumbai.",,,,,,,,,,,,,,,,,,,,,,,,
,Cut Off List for Maharashtra & Minority Seats of CAP Round-II for Admission to the First Year Post Graduate Technical Course in Master of Computer Applications (MCA) for the Academic Year 2025-26.,,,,,,,,,,,,,,,,,,,,,,,,
,"3221 - Vishnu Waman Thakur Charitable Trust's VIVA Institute of Technology, Virar",,,,,,,,,,,,,,,,,,,,,,,,
,0322124110 - Master in Computer Application,,,,,,,,,,,,,,,,,,,,,,,,
,Status :, ,Un-Aided,,,,,,,,,,,,,,,,,,,,,,
,State Level Seats,,,,,,,,,,,,,,,,,,,,,,,,
,TFWS,,,,,,,,,,,,,,,,,,,,,,,,
4424,,,,,,,,,,,,,,,,,,,,,,,,,
Stage-I, ,,,,,,,,,,,,,,,,,,,,,,,,
(87.2080299),,,,,,,,,,,,,,,,,,,,,,,,,
,Legends :, ,"Legends: G-General, L-Ladies, S-State Level Seats ,PWD - Persons with Disabilities,DEF - Defence,PWDR :PWD Common Reserved Seat",,,,,,,,,,,,,,,,,,,,,,
"DEFR :Defense Common Reserved Seat ,* Maharashtra State Seats - Cut Off Indicates State General Merit No. ; Figures in bracket Indicates Merit Score",,,,,,,,,,,,,,,,,,,,,,,,,
,Page 81 of 265,,,,,,,,,,,,,,,,,,,,,,,,
GOVERNMENT OF MAHARASHTRA,,,,,,,,,,,,,,,,,,,,,,,,,
,"Directorate of Technical Education, Maharashtra State, Mumbai.",,,,,,,,,,,,,,,,,,,,,,,,
,Cut Off List for Maharashtra & Minority Seats of CAP Round-II for Admission to the First Year Post Graduate Technical Course in Master of Computer Applications (MCA) for the Academic Year 2025-26.,,,,,,,,,,,,,,,,,,,,,,,,
,"3223 - Mahatma Education Society's Pillai HOC College of Engineering & Technology, Tal. Khalapur. Dist. Raigad",,,,,,,,,,,,,,,,,,,,,,,,
,0322324210 - Master of Computer Applications,,,,,,,,,,,,,,,,,,,,,,,,
,Status :, ,Un-Aided-Autonomous-Linguistic Minority - Malyalam,,,,,,,,,,,,,,,,,,,,,,
,Home University Seats,,,,,,,,,,,,,,,,,,,,,,,,
Home University Seats Allotted to Home University Candidates,,,,,,,,,,,,,,,,,,,,,,,,,
,GOPENH,,,,,,,,,,,,,,,,,,,,,,,,
6033,,,,,,,,,,,,,,,,,,,,,,,,,
Stage-I, ,,,,,,,,,,,,,,,,,,,,,,,,
(82.8308366),,,,,,,,,,,,,,,,,,,,,,,,,
,Other Than Home University Seats,,,,,,,,,,,,,,,,,,,,,,,,
Other Than Home University Seats Allotted to Other Than Home University Candidates,,,,,,,,,,,,,,,,,,,,,,,,,
,GOPENO,,,,,,,,,,,,,,,,,,,,,,,,
22547,,,,,,,,,,,,,,,,,,,,,,,,,
Stage-I, ,,,,,,,,,,,,,,,,,,,,,,,,
(16.9789978),,,,,,,,,,,,,,,,,,,,,,,,,
,State Level Seats,,,,,,,,,,,,,,,,,,,,,,,,
,TFWS,,,,,,,,,,,,,,,,,,,,,,,,
3995,,,,,,,,,,,,,,,,,,,,,,,,,
Stage-I, ,,,,,,,,,,,,,,,,,,,,,,,,
(87.3496474),,,,,,,,,,,,,,,,,,,,,,,,,
,Minority Seats : Minority Seats Allotted to Minority Candidates,,,,,,,,,,,,,,,,,,,,,,,,
,MI,,,,,,,,,,,,,,,,,,,,,,,,
4509,,,,,,,,,,,,,,,,,,,,,,,,,
Stage-I, ,,,,,,,,,,,,,,,,,,,,,,,,
(85.3851665),,,,,,,,,,,,,,,,,,,,,,,,,
,Legends :, ,"Legends: G-General, L-Ladies, S-State Level Seats ,PWD - Persons with Disabilities,DEF - Defence,PWDR :PWD Common Reserved Seat",,,,,,,,,,,,,,,,,,,,,,
"DEFR :Defense Common Reserved Seat ,* Maharashtra State Seats - Cut Off Indicates State General Merit No. ; Figures in bracket Indicates Merit Score",,,,,,,,,,,,,,,,,,,,,,,,,
,Page 82 of 265,,,,,,,,,,,,,,,,,,,,,,,,
GOVERNMENT OF MAHARASHTRA,,,,,,,,,,,,,,,,,,,,,,,,,
,"Directorate of Technical Education, Maharashtra State, Mumbai.",,,,,,,,,,,,,,,,,,,,,,,,
,Cut Off List for Maharashtra & Minority Seats of CAP Round-II for Admission to the First Year Post Graduate Technical Course in Master of Computer Applications (MCA) for the Academic Year 2025-26.,,,,,,,,,,,,,,,,,,,,,,,,
,"3223 - Mahatma Education Society's Pillai HOC College of Engineering & Technology, Tal. Khalapur. Dist. Raigad",,,,,,,,,,,,,,,,,,,,,,,,
,0322324210 - Master of Computer Applications,,,,,,,,,,,,,,,,,,,,,,,,
,Status :, ,Un-Aided-Autonomous-Linguistic Minority - Malyalam,,,,,,,,,,,,,,,,,,,,,,
,Minority Seats : Minority Seats Allotted to Non Minority Candidates,,,,,,,,,,,,,,,,,,,,,,,,
,MI-MH,,,,,,,,,,,,,,,,,,,,,,,,
16577,,,,,,,,,,,,,,,,,,,,,,,,,
Stage-MI-MH, ,,,,,,,,,,,,,,,,,,,,,,,,
(44.5345198),,,,,,,,,,,,,,,,,,,,,,,,,
,Legends :, ,"Legends: G-General, L-Ladies, S-State Level Seats ,PWD - Persons with Disabilities,DEF - Defence,PWDR :PWD Common Reserved Seat",,,,,,,,,,,,,,,,,,,,,,
"DEFR :Defense Common Reserved Seat ,* Maharashtra State Seats - Cut Off Indicates State General Merit No. ; Figures in bracket Indicates Merit Score",,,,,,,,,,,,,,,,,,,,,,,,,
,Page 83 of 265,,,,,,,,,,,,,,,,,,,,,,,,
GOVERNMENT OF MAHARASHTRA,,,,,,,,,,,,,,,,,,,,,,,,,
,"Directorate of Technical Education, Maharashtra State, Mumbai.",,,,,,,,,,,,,,,,,,,,,,,,
,Cut Off List for Maharashtra & Minority Seats of CAP Round-II for Admission to the First Year Post Graduate Technical Course in Master of Computer Applications (MCA) for the Academic Year 2025-26.,,,,,,,,,,,,,,,,,,,,,,,,
,"3438 - Aditya Institute of Management Studies & Research, Borivali",,,,,,,,,,,,,,,,,,,,,,,,
,0343824110 - Master in Computer Application,,,,,,,,,,,,,,,,,,,,,,,,
,Status :, ,Un-Aided-Linguistic Minority - Hindi,,,,,,,,,,,,,,,,,,,,,,
,Home University Seats,,,,,,,,,,,,,,,,,,,,,,,,
Home University Seats Allotted to Home University Candidates,,,,,,,,,,,,,,,,,,,,,,,,,
,GOPENH,,,,,,,,,,,,,,,,,,,,,,,,
2366,,,,,,,,,,,,,,,,,,,,,,,,,
Stage-I, ,,,,,,,,,,,,,,,,,,,,,,,,
(92.3361383),,,,,,,,,,,,,,,,,,,,,,,,,
,Other Than Home University Seats,,,,,,,,,,,,,,,,,,,,,,,,
Other Than Home University Seats Allotted to Other Than Home University Candidates,,,,,,,,,,,,,,,,,,,,,,,,,
,GOPENO,,,,,,,,,,,,,,,,,,,,,,,,
4199,,,,,,,,,,,,,,,,,,,,,,,,,
Stage-I, ,,,,,,,,,,,,,,,,,,,,,,,,
(87.2080299),,,,,,,,,,,,,,,,,,,,,,,,,
,State Level Seats,,,,,,,,,,,,,,,,,,,,,,,,
,TFWS,,,,,,,,,,,,,,,,,,,,,,,,
3008,,,,,,,,,,,,,,,,,,,,,,,,,
Stage-I, ,,,,,,,,,,,,,,,,,,,,,,,,
(90.7733494),,,,,,,,,,,,,,,,,,,,,,,,,
,Minority Seats : Minority Seats Allotted to Minority Candidates,,,,,,,,,,,,,,,,,,,,,,,,
,MI,,,,,,,,,,,,,,,,,,,,,,,,
23404,,,,,,,,,,,,,,,,,,,,,,,,,
Stage-I, ,,,,,,,,,,,,,,,,,,,,,,,,
(13.5402134),,,,,,,,,,,,,,,,,,,,,,,,,
,Legends :, ,"Legends: G-General, L-Ladies, S-State Level Seats ,PWD - Persons with Disabilities,DEF - Defence,PWDR :PWD Common Reserved Seat",,,,,,,,,,,,,,,,,,,,,,
"DEFR :Defense Common Reserved Seat ,* Maharashtra State Seats - Cut Off Indicates State General Merit No. ; Figures in bracket Indicates Merit Score",,,,,,,,,,,,,,,,,,,,,,,,,
,Page 84 of 265,,,,,,,,,,,,,,,,,,,,,,,,
GOVERNMENT OF MAHARASHTRA,,,,,,,,,,,,,,,,,,,,,,,,,
,"Directorate of Technical Education, Maharashtra State, Mumbai.",,,,,,,,,,,,,,,,,,,,,,,,
,Cut Off List for Maharashtra & Minority Seats of CAP Round-II for Admission to the First Year Post Graduate Technical Course in Master of Computer Applications (MCA) for the Academic Year 2025-26.,,,,,,,,,,,,,,,,,,,,,,,,
,"3438 - Aditya Institute of Management Studies & Research, Borivali",,,,,,,,,,,,,,,,,,,,,,,,
,0343824110 - Master in Computer Application,,,,,,,,,,,,,,,,,,,,,,,,
,Status :, ,Un-Aided-Linguistic Minority - Hindi,,,,,,,,,,,,,,,,,,,,,,
,Minority Seats : Minority Seats Allotted to Non Minority Candidates,,,,,,,,,,,,,,,,,,,,,,,,
,MI-MH,,,,,,,,,,,,,,,,,,,,,,,,
4467,,,,,,,,,,,,,,,,,,,,,,,,,
Stage-MI-MH, ,,,,,,,,,,,,,,,,,,,,,,,,
(85.3851665),,,,,,,,,,,,,,,,,,,,,,,,,
,Legends :, ,"Legends: G-General, L-Ladies, S-State Level Seats ,PWD - Persons with Disabilities,DEF - Defence,PWDR :PWD Common Reserved Seat",,,,,,,,,,,,,,,,,,,,,,
"DEFR :Defense Common Reserved Seat ,* Maharashtra State Seats - Cut Off Indicates State General Merit No. ; Figures in bracket Indicates Merit Score",,,,,,,,,,,,,,,,,,,,,,,,,
,Page 85 of 265,,,,,,,,,,,,,,,,,,,,,,,,
GOVERNMENT OF MAHARASHTRA,,,,,,,,,,,,,,,,,,,,,,,,,
,"Directorate of Technical Education, Maharashtra State, Mumbai.",,,,,,,,,,,,,,,,,,,,,,,,
,Cut Off List for Maharashtra & Minority Seats of CAP Round-II for Admission to the First Year Post Graduate Technical Course in Master of Computer Applications (MCA) for the Academic Year 2025-26.,,,,,,,,,,,,,,,,,,,,,,,,
,"3539 - St. Wilfred's College of Computer Sciences, Mira Road(E)",,,,,,,,,,,,,,,,,,,,,,,,
,0353924110 - Master in Computer Application,,,,,,,,,,,,,,,,,,,,,,,,
,Status :, ,Un-Aided,,,,,,,,,,,,,,,,,,,,,,
,Home University Seats,,,,,,,,,,,,,,,,,,,,,,,,
Home University Seats Allotted to Home University Candidates,,,,,,,,,,,,,,,,,,,,,,,,,
,GOPENH, ,GSCH, ,GSTH, ,GNTAH, ,GNTBH, ,GNTCH, ,GNTDH, ,GOBCH, ,GSEBCH, ,PWDOPENH, ,PWDSCH, ,PWDOBCH,,
9991,17638,23102,,,,,,,,,,,,,,,,,,,,,,,
Stage-I, ,,,,,,,,,,,,,,,,,,,,,,,,
(69.7143504),(41.4550394),(15.5994113),,,,,,,,,,,,,,,,,,,,,,,
17620,18424,20754,22478,15742,11017,20697,19258,13812,13940,,,,,,,,,,,,,,,,
,Stage-IV, ,,,,,,,,,,,,,,,,,,,,,,,
(41.4550394),(36.496736),(27.2744425),(16.9789978),(49.3533426),(65.8578922),(27.2744425),(34.5198145),(56.5488095),(56.5488095),,,,,,,,,,,,,,,,
10466,,,,,,,,,,,,,,,,,,,,,,,,,
,I-Non PWD / DEF, ,,,,,,,,,,,,,,,,,,,,,,,
(67.3579428),,,,,,,,,,,,,,,,,,,,,,,,,
,Other Than Home University Seats,,,,,,,,,,,,,,,,,,,,,,,,
Other Than Home University Seats Allotted to Other Than Home University Candidates,,,,,,,,,,,,,,,,,,,,,,,,,
,GOPENO, ,GOBCO,,,,,,,,,,,,,,,,,,,,,,
22977,23708,,,,,,,,,,,,,,,,,,,,,,,,
Stage-I, ,,,,,,,,,,,,,,,,,,,,,,,,
(15.5994113),(10.5199653),,,,,,,,,,,,,,,,,,,,,,,,
,Other Than Home University Seats Allotted to Home University Candidates,,,,,,,,,,,,,,,,,,,,,,,,
,GSTO, ,GNTBO, ,GNTCO, ,GNTDO, ,GOBCO,,,,,,,,,,,,,,,,
23328,23410,23541,23898,25441,,,,,,,,,,,,,,,,,,,,,
Stage-IV, ,,,,,,,,,,,,,,,,,,,,,,,,
(13.5402134),(13.5402134),(12.4750009),(10.5199653),(0.3883715),,,,,,,,,,,,,,,,,,,,,
,State Level Seats,,,,,,,,,,,,,,,,,,,,,,,,
,EWS,,,,,,,,,,,,,,,,,,,,,,,,
8318,,,,,,,,,,,,,,,,,,,,,,,,,
Stage-I, ,,,,,,,,,,,,,,,,,,,,,,,,
(74.782248),,,,,,,,,,,,,,,,,,,,,,,,,
,Legends :, ,"Legends: G-General, L-Ladies, S-State Level Seats ,PWD - Persons with Disabilities,DEF - Defence,PWDR :PWD Common Reserved Seat",,,,,,,,,,,,,,,,,,,,,,
"DEFR :Defense Common Reserved Seat ,* Maharashtra State Seats - Cut Off Indicates State General Merit No. ; Figures in bracket Indicates Merit Score",,,,,,,,,,,,,,,,,,,,,,,,,
,Page 86 of 265,,,,,,,,,,,,,,,,,,,,,,,,
GOVERNMENT OF MAHARASHTRA,,,,,,,,,,,,,,,,,,,,,,,,,
,"Directorate of Technical Education, Maharashtra State, Mumbai.",,,,,,,,,,,,,,,,,,,,,,,,
,Cut Off List for Maharashtra & Minority Seats of CAP Round-II for Admission to the First Year Post Graduate Technical Course in Master of Computer Applications (MCA) for the Academic Year 2025-26.,,,,,,,,,,,,,,,,,,,,,,,,
,3651 - KANDIVLI EDUCATION SOCIETY'S B K SHROFF COLLEGE OF ARTS AND M H SHROFF COLLEGE OF COMMERCE,,,,,,,,,,,,,,,,,,,,,,,,
,0365124110 - Master in Computer Application,,,,,,,,,,,,,,,,,,,,,,,,
,Status :, ,Un-Aided-Autonomous-Linguistic Minority - Gujarathi,,,,,,,,,,,,,,,,,,,,,,
,Home University Seats,,,,,,,,,,,,,,,,,,,,,,,,
Home University Seats Allotted to Home University Candidates,,,,,,,,,,,,,,,,,,,,,,,,,
,GOPENH,,,,,,,,,,,,,,,,,,,,,,,,
1964,,,,,,,,,,,,,,,,,,,,,,,,,
Stage-I, ,,,,,,,,,,,,,,,,,,,,,,,,
(93.5511867),,,,,,,,,,,,,,,,,,,,,,,,,
,Other Than Home University Seats,,,,,,,,,,,,,,,,,,,,,,,,
Other Than Home University Seats Allotted to Other Than Home University Candidates,,,,,,,,,,,,,,,,,,,,,,,,,
,GOPENO,,,,,,,,,,,,,,,,,,,,,,,,
8393,,,,,,,,,,,,,,,,,,,,,,,,,
Stage-I, ,,,,,,,,,,,,,,,,,,,,,,,,
(74.782248),,,,,,,,,,,,,,,,,,,,,,,,,
,State Level Seats,,,,,,,,,,,,,,,,,,,,,,,,
,TFWS,,,,,,,,,,,,,,,,,,,,,,,,
2549,,,,,,,,,,,,,,,,,,,,,,,,,
Stage-I, ,,,,,,,,,,,,,,,,,,,,,,,,
(92.1797821),,,,,,,,,,,,,,,,,,,,,,,,,
,Minority Seats : Minority Seats Allotted to Minority Candidates,,,,,,,,,,,,,,,,,,,,,,,,
,MI,,,,,,,,,,,,,,,,,,,,,,,,
12955,,,,,,,,,,,,,,,,,,,,,,,,,
Stage-I, ,,,,,,,,,,,,,,,,,,,,,,,,
(58.7911466),,,,,,,,,,,,,,,,,,,,,,,,,
,Legends :, ,"Legends: G-General, L-Ladies, S-State Level Seats ,PWD - Persons with Disabilities,DEF - Defence,PWDR :PWD Common Reserved Seat",,,,,,,,,,,,,,,,,,,,,,
"DEFR :Defense Common Reserved Seat ,* Maharashtra State Seats - Cut Off Indicates State General Merit No. ; Figures in bracket Indicates Merit Score",,,,,,,,,,,,,,,,,,,,,,,,,
,Page 87 of 265,,,,,,,,,,,,,,,,,,,,,,,,
GOVERNMENT OF MAHARASHTRA,,,,,,,,,,,,,,,,,,,,,,,,,
,"Directorate of Technical Education, Maharashtra State, Mumbai.",,,,,,,,,,,,,,,,,,,,,,,,
,Cut Off List for Maharashtra & Minority Seats of CAP Round-II for Admission to the First Year Post Graduate Technical Course in Master of Computer Applications (MCA) for the Academic Year 2025-26.,,,,,,,,,,,,,,,,,,,,,,,,
,3651 - KANDIVLI EDUCATION SOCIETY'S B K SHROFF COLLEGE OF ARTS AND M H SHROFF COLLEGE OF COMMERCE,,,,,,,,,,,,,,,,,,,,,,,,
,0365124110 - Master in Computer Application,,,,,,,,,,,,,,,,,,,,,,,,
,Status :, ,Un-Aided-Autonomous-Linguistic Minority - Gujarathi,,,,,,,,,,,,,,,,,,,,,,
,Minority Seats : Minority Seats Allotted to Non Minority Candidates,,,,,,,,,,,,,,,,,,,,,,,,
,MI-MH,,,,,,,,,,,,,,,,,,,,,,,,
7296,,,,,,,,,,,,,,,,,,,,,,,,,
Stage-MI-MH, ,,,,,,,,,,,,,,,,,,,,,,,,
(77.8251197),,,,,,,,,,,,,,,,,,,,,,,,,
,Legends :, ,"Legends: G-General, L-Ladies, S-State Level Seats ,PWD - Persons with Disabilities,DEF - Defence,PWDR :PWD Common Reserved Seat",,,,,,,,,,,,,,,,,,,,,,
"DEFR :Defense Common Reserved Seat ,* Maharashtra State Seats - Cut Off Indicates State General Merit No. ; Figures in bracket Indicates Merit Score",,,,,,,,,,,,,,,,,,,,,,,,,
,Page 88 of 265,,,,,,,,,,,,,,,,,,,,,,,,
GOVERNMENT OF MAHARASHTRA,,,,,,,,,,,,,,,,,,,,,,,,,
,"Directorate of Technical Education, Maharashtra State, Mumbai.",,,,,,,,,,,,,,,,,,,,,,,,
,Cut Off List for Maharashtra & Minority Seats of CAP Round-II for Admission to the First Year Post Graduate Technical Course in Master of Computer Applications (MCA) for the Academic Year 2025-26.,,,,,,,,,,,,,,,,,,,,,,,,
,"4003 - Inter Institutional Computer Center and Dept. of Computer Science & Electronics, RTM Nagpur University",,,,,,,,,,,,,,,,,,,,,,,,
,0400324110 - Master in Computer Application,,,,,,,,,,,,,,,,,,,,,,,,
,Status :, ,University Department,,,,,,,,,,,,,,,,,,,,,,
,Home University Seats,,,,,,,,,,,,,,,,,,,,,,,,
Home University Seats Allotted to Home University Candidates,,,,,,,,,,,,,,,,,,,,,,,,,
,GOPENH, ,GSCH, ,GSTH, ,GOBCH, ,GSEBCH,,,,,,,,,,,,,,,,
2124,4498,18244,2636,,,,,,,,,,,,,,,,,,,,,,
Stage-I, ,,,,,,,,,,,,,,,,,,,,,,,,
(93.405226),(85.3851665),(36.496736),(92.1797821),,,,,,,,,,,,,,,,,,,,,,
2804,,,,,,,,,,,,,,,,,,,,,,,,,
,Stage-IV, ,,,,,,,,,,,,,,,,,,,,,,,
(90.9663786),,,,,,,,,,,,,,,,,,,,,,,,,
,Other Than Home University Seats,,,,,,,,,,,,,,,,,,,,,,,,
Other Than Home University Seats Allotted to Other Than Home University Candidates,,,,,,,,,,,,,,,,,,,,,,,,,
,GOPENO, ,GOBCO,,,,,,,,,,,,,,,,,,,,,,
2163,2246,,,,,,,,,,,,,,,,,,,,,,,,
Stage-I, ,,,,,,,,,,,,,,,,,,,,,,,,
(93.405226),(92.3361383),,,,,,,,,,,,,,,,,,,,,,,,
,State Level Seats,,,,,,,,,,,,,,,,,,,,,,,,
,EWS, ,TFWS,,,,,,,,,,,,,,,,,,,,,,
4261,1396,,,,,,,,,,,,,,,,,,,,,,,,
Stage-I, ,,,,,,,,,,,,,,,,,,,,,,,,
(87.2080299),(95.2942951),,,,,,,,,,,,,,,,,,,,,,,,
,Legends :, ,"Legends: G-General, L-Ladies, S-State Level Seats ,PWD - Persons with Disabilities,DEF - Defence,PWDR :PWD Common Reserved Seat",,,,,,,,,,,,,,,,,,,,,,
"DEFR :Defense Common Reserved Seat ,* Maharashtra State Seats - Cut Off Indicates State General Merit No. ; Figures in bracket Indicates Merit Score",,,,,,,,,,,,,,,,,,,,,,,,,
,Page 89 of 265,,,,,,,,,,,,,,,,,,,,,,,,
GOVERNMENT OF MAHARASHTRA,,,,,,,,,,,,,,,,,,,,,,,,,
,"Directorate of Technical Education, Maharashtra State, Mumbai.",,,,,,,,,,,,,,,,,,,,,,,,
,Cut Off List for Maharashtra & Minority Seats of CAP Round-II for Admission to the First Year Post Graduate Technical Course in Master of Computer Applications (MCA) for the Academic Year 2025-26.,,,,,,,,,,,,,,,,,,,,,,,,
,"4124 - Amar Seva Mandal's Kamla Nehru Mahavidyalaya, Nagpur",,,,,,,,,,,,,,,,,,,,,,,,
,0412424110 - Master in Computer Application,,,,,,,,,,,,,,,,,,,,,,,,
,Status :, ,Un-Aided,,,,,,,,,,,,,,,,,,,,,,
,Home University Seats,,,,,,,,,,,,,,,,,,,,,,,,
Home University Seats Allotted to Home University Candidates,,,,,,,,,,,,,,,,,,,,,,,,,
,GOPENH, ,GSCH, ,GSTH, ,GNTAH, ,GNTBH, ,GNTCH, ,GNTDH, ,GOBCH, ,GSEBCH,,,,,,,,
12953,15425,18081,14446,,,,,,,,,,,,,,,,,,,,,,
Stage-I, ,,,,,,,,,,,,,,,,,,,,,,,,
(58.7911466),(49.3533426),(39.3989669),(53.942159),,,,,,,,,,,,,,,,,,,,,,
15302,15709,15855,15949,16100,,,,,,,,,,,,,,,,,,,,,
,Stage-IV, ,,,,,,,,,,,,,,,,,,,,,,,
(49.3533426),(49.3533426),(49.3533426),(46.3793819),(46.3793819),,,,,,,,,,,,,,,,,,,,,
,Other Than Home University Seats,,,,,,,,,,,,,,,,,,,,,,,,
Other Than Home University Seats Allotted to Other Than Home University Candidates,,,,,,,,,,,,,,,,,,,,,,,,,
,GOPENO, ,GSCO, ,GSTO, ,GNTCO, ,GOBCO, ,GSEBCO,,,,,,,,,,,,,,
17073,24714,18628,,,,,,,,,,,,,,,,,,,,,,,
Stage-I, ,,,,,,,,,,,,,,,,,,,,,,,,
(41.4550394),(5.5960152),(36.496736),,,,,,,,,,,,,,,,,,,,,,,
20158,19364,20533,,,,,,,,,,,,,,,,,,,,,,,
,Stage-IV, ,,,,,,,,,,,,,,,,,,,,,,,
(29.9046039),(31.6629561),(27.2744425),,,,,,,,,,,,,,,,,,,,,,,
,State Level Seats,,,,,,,,,,,,,,,,,,,,,,,,
,EWS,,,,,,,,,,,,,,,,,,,,,,,,
23611,,,,,,,,,,,,,,,,,,,,,,,,,
Stage-I, ,,,,,,,,,,,,,,,,,,,,,,,,
(12.4750009),,,,,,,,,,,,,,,,,,,,,,,,,
,Legends :, ,"Legends: G-General, L-Ladies, S-State Level Seats ,PWD - Persons with Disabilities,DEF - Defence,PWDR :PWD Common Reserved Seat",,,,,,,,,,,,,,,,,,,,,,
"DEFR :Defense Common Reserved Seat ,* Maharashtra State Seats - Cut Off Indicates State General Merit No. ; Figures in bracket Indicates Merit Score",,,,,,,,,,,,,,,,,,,,,,,,,
,Page 90 of 265,,,,,,,,,,,,,,,,,,,,,,,,
GOVERNMENT OF MAHARASHTRA,,,,,,,,,,,,,,,,,,,,,,,,,
,"Directorate of Technical Education, Maharashtra State, Mumbai.",,,,,,,,,,,,,,,,,,,,,,,,
,Cut Off List for Maharashtra & Minority Seats of CAP Round-II for Admission to the First Year Post Graduate Technical Course in Master of Computer Applications (MCA) for the Academic Year 2025-26.,,,,,,,,,,,,,,,,,,,,,,,,
,"4128 - Ranibai Agnihotri Institute of Computer Information Technology, Wardha",,,,,,,,,,,,,,,,,,,,,,,,
,0412824110 - Master in Computer Application,,,,,,,,,,,,,,,,,,,,,,,,
,Status :, ,Un-Aided,,,,,,,,,,,,,,,,,,,,,,
,Home University Seats,,,,,,,,,,,,,,,,,,,,,,,,
Home University Seats Allotted to Home University Candidates,,,,,,,,,,,,,,,,,,,,,,,,,
,GOPENH, ,GSTH, ,GNTAH, ,GNTDH, ,GOBCH, ,GSEBCH, ,PWDOPENH,,,,,,,,,,,,
20291,21427,,,,,,,,,,,,,,,,,,,,,,,,
Stage-I, ,,,,,,,,,,,,,,,,,,,,,,,,
(29.9046039),(23.1010151),,,,,,,,,,,,,,,,,,,,,,,,
23384,23531,23786,24303,,,,,,,,,,,,,,,,,,,,,,
,Stage-IV, ,,,,,,,,,,,,,,,,,,,,,,,
(13.5402134),(12.4750009),(10.5199653),(7.9446476),,,,,,,,,,,,,,,,,,,,,,
21436,,,,,,,,,,,,,,,,,,,,,,,,,
,I-Non PWD / DEF, ,,,,,,,,,,,,,,,,,,,,,,,
(23.1010151),,,,,,,,,,,,,,,,,,,,,,,,,
,Other Than Home University Seats,,,,,,,,,,,,,,,,,,,,,,,,
Other Than Home University Seats Allotted to Other Than Home University Candidates,,,,,,,,,,,,,,,,,,,,,,,,,
,GOPENO, ,GSTO, ,GNTBO, ,GNTDO, ,GOBCO, ,GSEBCO,,,,,,,,,,,,,,
10657,24325,,,,,,,,,,,,,,,,,,,,,,,,
Stage-I, ,,,,,,,,,,,,,,,,,,,,,,,,
(67.3579428),(7.4072677),,,,,,,,,,,,,,,,,,,,,,,,
14219,14951,25379,20858,,,,,,,,,,,,,,,,,,,,,,
,Stage-IV, ,,,,,,,,,,,,,,,,,,,,,,,
(53.942159),(51.4093808),(0.8905324),(25.4779232),,,,,,,,,,,,,,,,,,,,,,
,Other Than Home University Seats Allotted to Home University Candidates,,,,,,,,,,,,,,,,,,,,,,,,
,GSCO,,,,,,,,,,,,,,,,,,,,,,,,
24274,,,,,,,,,,,,,,,,,,,,,,,,,
Stage-I, ,,,,,,,,,,,,,,,,,,,,,,,,
(7.9446476),,,,,,,,,,,,,,,,,,,,,,,,,
,Legends :, ,"Legends: G-General, L-Ladies, S-State Level Seats ,PWD - Persons with Disabilities,DEF - Defence,PWDR :PWD Common Reserved Seat",,,,,,,,,,,,,,,,,,,,,,
"DEFR :Defense Common Reserved Seat ,* Maharashtra State Seats - Cut Off Indicates State General Merit No. ; Figures in bracket Indicates Merit Score",,,,,,,,,,,,,,,,,,,,,,,,,
,Page 91 of 265,,,,,,,,,,,,,,,,,,,,,,,,
GOVERNMENT OF MAHARASHTRA,,,,,,,,,,,,,,,,,,,,,,,,,
,"Directorate of Technical Education, Maharashtra State, Mumbai.",,,,,,,,,,,,,,,,,,,,,,,,
,Cut Off List for Maharashtra & Minority Seats of CAP Round-II for Admission to the First Year Post Graduate Technical Course in Master of Computer Applications (MCA) for the Academic Year 2025-26.,,,,,,,,,,,,,,,,,,,,,,,,
,"4133 - Sanmarg Shikshan Sanstha's Smt. Radhikatai Pandav College of Engineering, Nagpur",,,,,,,,,,,,,,,,,,,,,,,,
,0413324110 - Master in Computer Application,,,,,,,,,,,,,,,,,,,,,,,,
,Status :, ,Un-Aided,,,,,,,,,,,,,,,,,,,,,,
,Home University Seats,,,,,,,,,,,,,,,,,,,,,,,,
Home University Seats Allotted to Home University Candidates,,,,,,,,,,,,,,,,,,,,,,,,,
,GOPENH, ,GSCH, ,GSTH, ,GNTBH, ,GNTDH, ,GOBCH, ,GSEBCH, ,PWDOPENH,,,,,,,,,,
16445,24406,21906,18148,,,,,,,,,,,,,,,,,,,,,,
Stage-I, ,,,,,,,,,,,,,,,,,,,,,,,,
(44.5345198),(7.4072677),(21.0059952),(39.3989669),,,,,,,,,,,,,,,,,,,,,,
19927,19705,19197,,,,,,,,,,,,,,,,,,,,,,,
,Stage-IV, ,,,,,,,,,,,,,,,,,,,,,,,
(29.9046039),(31.6629561),(34.5198145),,,,,,,,,,,,,,,,,,,,,,,
17115,,,,,,,,,,,,,,,,,,,,,,,,,
,I-Non PWD / DEF, ,,,,,,,,,,,,,,,,,,,,,,,
(41.4550394),,,,,,,,,,,,,,,,,,,,,,,,,
,Other Than Home University Seats,,,,,,,,,,,,,,,,,,,,,,,,
Other Than Home University Seats Allotted to Other Than Home University Candidates,,,,,,,,,,,,,,,,,,,,,,,,,
,GOPENO, ,GSCO, ,GSTO, ,GOBCO, ,GSEBCO,,,,,,,,,,,,,,,,
10445,20941,17832,,,,,,,,,,,,,,,,,,,,,,,
Stage-I, ,,,,,,,,,,,,,,,,,,,,,,,,
(67.3579428),(25.4779232),(39.3989669),,,,,,,,,,,,,,,,,,,,,,,
19577,19130,,,,,,,,,,,,,,,,,,,,,,,,
,Stage-IV, ,,,,,,,,,,,,,,,,,,,,,,,
(31.6629561),(34.5198145),,,,,,,,,,,,,,,,,,,,,,,,
,State Level Seats,,,,,,,,,,,,,,,,,,,,,,,,
,TFWS,,,,,,,,,,,,,,,,,,,,,,,,
2792,,,,,,,,,,,,,,,,,,,,,,,,,
Stage-I, ,,,,,,,,,,,,,,,,,,,,,,,,
(90.9663786),,,,,,,,,,,,,,,,,,,,,,,,,
,Legends :, ,"Legends: G-General, L-Ladies, S-State Level Seats ,PWD - Persons with Disabilities,DEF - Defence,PWDR :PWD Common Reserved Seat",,,,,,,,,,,,,,,,,,,,,,
"DEFR :Defense Common Reserved Seat ,* Maharashtra State Seats - Cut Off Indicates State General Merit No. ; Figures in bracket Indicates Merit Score",,,,,,,,,,,,,,,,,,,,,,,,,
,Page 92 of 265,,,,,,,,,,,,,,,,,,,,,,,,
GOVERNMENT OF MAHARASHTRA,,,,,,,,,,,,,,,,,,,,,,,,,
,"Directorate of Technical Education, Maharashtra State, Mumbai.",,,,,,,,,,,,,,,,,,,,,,,,
,Cut Off List for Maharashtra & Minority Seats of CAP Round-II for Admission to the First Year Post Graduate Technical Course in Master of Computer Applications (MCA) for the Academic Year 2025-26.,,,,,,,,,,,,,,,,,,,,,,,,
,"4137 - Sir Shantilal Badjate Charitable Trust's S. B. Jain Institute of technology, Management & Research, Nagpur",,,,,,,,,,,,,,,,,,,,,,,,
,0413724210 - Master of Computer Applications,,,,,,,,,,,,,,,,,,,,,,,,
,Status :, ,Un-Aided-Autonomous-Linguistic Minority - Hindi,,,,,,,,,,,,,,,,,,,,,,
,Home University Seats,,,,,,,,,,,,,,,,,,,,,,,,
Home University Seats Allotted to Home University Candidates,,,,,,,,,,,,,,,,,,,,,,,,,
,GOPENH,,,,,,,,,,,,,,,,,,,,,,,,
9899,,,,,,,,,,,,,,,,,,,,,,,,,
Stage-I, ,,,,,,,,,,,,,,,,,,,,,,,,
(69.7143504),,,,,,,,,,,,,,,,,,,,,,,,,
,Other Than Home University Seats,,,,,,,,,,,,,,,,,,,,,,,,
Other Than Home University Seats Allotted to Other Than Home University Candidates,,,,,,,,,,,,,,,,,,,,,,,,,
,GOPENO,,,,,,,,,,,,,,,,,,,,,,,,
17915,,,,,,,,,,,,,,,,,,,,,,,,,
Stage-I, ,,,,,,,,,,,,,,,,,,,,,,,,
(39.3989669),,,,,,,,,,,,,,,,,,,,,,,,,
,Minority Seats : Minority Seats Allotted to Non Minority Candidates,,,,,,,,,,,,,,,,,,,,,,,,
,MI-MH,,,,,,,,,,,,,,,,,,,,,,,,
14920,,,,,,,,,,,,,,,,,,,,,,,,,
Stage-MI-MH, ,,,,,,,,,,,,,,,,,,,,,,,,
(51.4093808),,,,,,,,,,,,,,,,,,,,,,,,,
,Legends :, ,"Legends: G-General, L-Ladies, S-State Level Seats ,PWD - Persons with Disabilities,DEF - Defence,PWDR :PWD Common Reserved Seat",,,,,,,,,,,,,,,,,,,,,,
"DEFR :Defense Common Reserved Seat ,* Maharashtra State Seats - Cut Off Indicates State General Merit No. ; Figures in bracket Indicates Merit Score",,,,,,,,,,,,,,,,,,,,,,,,,
,Page 93 of 265,,,,,,,,,,,,,,,,,,,,,,,,
GOVERNMENT OF MAHARASHTRA,,,,,,,,,,,,,,,,,,,,,,,,,
,"Directorate of Technical Education, Maharashtra State, Mumbai.",,,,,,,,,,,,,,,,,,,,,,,,
,Cut Off List for Maharashtra & Minority Seats of CAP Round-II for Admission to the First Year Post Graduate Technical Course in Master of Computer Applications (MCA) for the Academic Year 2025-26.,,,,,,,,,,,,,,,,,,,,,,,,
,"4138 - Jaidev Education Society, J D College of Engineering and Management, Nagpur",,,,,,,,,,,,,,,,,,,,,,,,
,0413824110 - Master in Computer Application,,,,,,,,,,,,,,,,,,,,,,,,
,Status :, ,Un-Aided-Autonomous-Linguistic Minority - Hindi,,,,,,,,,,,,,,,,,,,,,,
,Home University Seats,,,,,,,,,,,,,,,,,,,,,,,,
Home University Seats Allotted to Home University Candidates,,,,,,,,,,,,,,,,,,,,,,,,,
,GOPENH,,,,,,,,,,,,,,,,,,,,,,,,
16771,,,,,,,,,,,,,,,,,,,,,,,,,
Stage-I, ,,,,,,,,,,,,,,,,,,,,,,,,
(44.5345198),,,,,,,,,,,,,,,,,,,,,,,,,
,Other Than Home University Seats,,,,,,,,,,,,,,,,,,,,,,,,
Other Than Home University Seats Allotted to Other Than Home University Candidates,,,,,,,,,,,,,,,,,,,,,,,,,
,GOPENO,,,,,,,,,,,,,,,,,,,,,,,,
21814,,,,,,,,,,,,,,,,,,,,,,,,,
Stage-I, ,,,,,,,,,,,,,,,,,,,,,,,,
(21.0059952),,,,,,,,,,,,,,,,,,,,,,,,,
,State Level Seats,,,,,,,,,,,,,,,,,,,,,,,,
,TFWS,,,,,,,,,,,,,,,,,,,,,,,,
10836,,,,,,,,,,,,,,,,,,,,,,,,,
Stage-I, ,,,,,,,,,,,,,,,,,,,,,,,,
(65.8578922),,,,,,,,,,,,,,,,,,,,,,,,,
,Minority Seats : Minority Seats Allotted to Minority Candidates,,,,,,,,,,,,,,,,,,,,,,,,
,MI,,,,,,,,,,,,,,,,,,,,,,,,
21527,,,,,,,,,,,,,,,,,,,,,,,,,
Stage-I, ,,,,,,,,,,,,,,,,,,,,,,,,
(23.1010151),,,,,,,,,,,,,,,,,,,,,,,,,
,Legends :, ,"Legends: G-General, L-Ladies, S-State Level Seats ,PWD - Persons with Disabilities,DEF - Defence,PWDR :PWD Common Reserved Seat",,,,,,,,,,,,,,,,,,,,,,
"DEFR :Defense Common Reserved Seat ,* Maharashtra State Seats - Cut Off Indicates State General Merit No. ; Figures in bracket Indicates Merit Score",,,,,,,,,,,,,,,,,,,,,,,,,
,Page 94 of 265,,,,,,,,,,,,,,,,,,,,,,,,
GOVERNMENT OF MAHARASHTRA,,,,,,,,,,,,,,,,,,,,,,,,,
,"Directorate of Technical Education, Maharashtra State, Mumbai.",,,,,,,,,,,,,,,,,,,,,,,,
,Cut Off List for Maharashtra & Minority Seats of CAP Round-II for Admission to the First Year Post Graduate Technical Course in Master of Computer Applications (MCA) for the Academic Year 2025-26.,,,,,,,,,,,,,,,,,,,,,,,,
,"4138 - Jaidev Education Society, J D College of Engineering and Management, Nagpur",,,,,,,,,,,,,,,,,,,,,,,,
,0413824110 - Master in Computer Application,,,,,,,,,,,,,,,,,,,,,,,,
,Status :, ,Un-Aided-Autonomous-Linguistic Minority - Hindi,,,,,,,,,,,,,,,,,,,,,,
,Minority Seats : Minority Seats Allotted to Non Minority Candidates,,,,,,,,,,,,,,,,,,,,,,,,
,MI-MH,,,,,,,,,,,,,,,,,,,,,,,,
24640,,,,,,,,,,,,,,,,,,,,,,,,,
Stage-MI-MH, ,,,,,,,,,,,,,,,,,,,,,,,,
(5.5960152),,,,,,,,,,,,,,,,,,,,,,,,,
,Legends :, ,"Legends: G-General, L-Ladies, S-State Level Seats ,PWD - Persons with Disabilities,DEF - Defence,PWDR :PWD Common Reserved Seat",,,,,,,,,,,,,,,,,,,,,,
"DEFR :Defense Common Reserved Seat ,* Maharashtra State Seats - Cut Off Indicates State General Merit No. ; Figures in bracket Indicates Merit Score",,,,,,,,,,,,,,,,,,,,,,,,,
,Page 95 of 265,,,,,,,,,,,,,,,,,,,,,,,,
GOVERNMENT OF MAHARASHTRA,,,,,,,,,,,,,,,,,,,,,,,,,
,"Directorate of Technical Education, Maharashtra State, Mumbai.",,,,,,,,,,,,,,,,,,,,,,,,
,Cut Off List for Maharashtra & Minority Seats of CAP Round-II for Admission to the First Year Post Graduate Technical Course in Master of Computer Applications (MCA) for the Academic Year 2025-26.,,,,,,,,,,,,,,,,,,,,,,,,
,"4142 - G H Raisoni College of Engineering & Management, Nagpur",,,,,,,,,,,,,,,,,,,,,,,,
,0414224110 - Master in Computer Application,,,,,,,,,,,,,,,,,,,,,,,,
,Status :, ,Un-Aided-Autonomous-Linguistic Minority - Hindi,,,,,,,,,,,,,,,,,,,,,,
,Home University Seats,,,,,,,,,,,,,,,,,,,,,,,,
Home University Seats Allotted to Home University Candidates,,,,,,,,,,,,,,,,,,,,,,,,,
,GOPENH,,,,,,,,,,,,,,,,,,,,,,,,
6200,,,,,,,,,,,,,,,,,,,,,,,,,
Stage-I, ,,,,,,,,,,,,,,,,,,,,,,,,
(80.5399495),,,,,,,,,,,,,,,,,,,,,,,,,
,Other Than Home University Seats,,,,,,,,,,,,,,,,,,,,,,,,
Other Than Home University Seats Allotted to Other Than Home University Candidates,,,,,,,,,,,,,,,,,,,,,,,,,
,GOPENO,,,,,,,,,,,,,,,,,,,,,,,,
7488,,,,,,,,,,,,,,,,,,,,,,,,,
Stage-I, ,,,,,,,,,,,,,,,,,,,,,,,,
(76.9216256),,,,,,,,,,,,,,,,,,,,,,,,,
,State Level Seats,,,,,,,,,,,,,,,,,,,,,,,,
,TFWS,,,,,,,,,,,,,,,,,,,,,,,,
2409,,,,,,,,,,,,,,,,,,,,,,,,,
Stage-I, ,,,,,,,,,,,,,,,,,,,,,,,,
(92.3361383),,,,,,,,,,,,,,,,,,,,,,,,,
,Minority Seats : Minority Seats Allotted to Minority Candidates,,,,,,,,,,,,,,,,,,,,,,,,
,MI,,,,,,,,,,,,,,,,,,,,,,,,
15572,,,,,,,,,,,,,,,,,,,,,,,,,
Stage-I, ,,,,,,,,,,,,,,,,,,,,,,,,
(49.3533426),,,,,,,,,,,,,,,,,,,,,,,,,
,Legends :, ,"Legends: G-General, L-Ladies, S-State Level Seats ,PWD - Persons with Disabilities,DEF - Defence,PWDR :PWD Common Reserved Seat",,,,,,,,,,,,,,,,,,,,,,
"DEFR :Defense Common Reserved Seat ,* Maharashtra State Seats - Cut Off Indicates State General Merit No. ; Figures in bracket Indicates Merit Score",,,,,,,,,,,,,,,,,,,,,,,,,
,Page 96 of 265,,,,,,,,,,,,,,,,,,,,,,,,
GOVERNMENT OF MAHARASHTRA,,,,,,,,,,,,,,,,,,,,,,,,,
,"Directorate of Technical Education, Maharashtra State, Mumbai.",,,,,,,,,,,,,,,,,,,,,,,,
,Cut Off List for Maharashtra & Minority Seats of CAP Round-II for Admission to the First Year Post Graduate Technical Course in Master of Computer Applications (MCA) for the Academic Year 2025-26.,,,,,,,,,,,,,,,,,,,,,,,,
,"4142 - G H Raisoni College of Engineering & Management, Nagpur",,,,,,,,,,,,,,,,,,,,,,,,
,0414224110 - Master in Computer Application,,,,,,,,,,,,,,,,,,,,,,,,
,Status :, ,Un-Aided-Autonomous-Linguistic Minority - Hindi,,,,,,,,,,,,,,,,,,,,,,
,Minority Seats : Minority Seats Allotted to Non Minority Candidates,,,,,,,,,,,,,,,,,,,,,,,,
,MI-MH,,,,,,,,,,,,,,,,,,,,,,,,
10074,,,,,,,,,,,,,,,,,,,,,,,,,
Stage-MI-MH, ,,,,,,,,,,,,,,,,,,,,,,,,
(69.7143504),,,,,,,,,,,,,,,,,,,,,,,,,
,Legends :, ,"Legends: G-General, L-Ladies, S-State Level Seats ,PWD - Persons with Disabilities,DEF - Defence,PWDR :PWD Common Reserved Seat",,,,,,,,,,,,,,,,,,,,,,
"DEFR :Defense Common Reserved Seat ,* Maharashtra State Seats - Cut Off Indicates State General Merit No. ; Figures in bracket Indicates Merit Score",,,,,,,,,,,,,,,,,,,,,,,,,
,Page 97 of 265,,,,,,,,,,,,,,,,,,,,,,,,
GOVERNMENT OF MAHARASHTRA,,,,,,,,,,,,,,,,,,,,,,,,,
,"Directorate of Technical Education, Maharashtra State, Mumbai.",,,,,,,,,,,,,,,,,,,,,,,,
,Cut Off List for Maharashtra & Minority Seats of CAP Round-II for Admission to the First Year Post Graduate Technical Course in Master of Computer Applications (MCA) for the Academic Year 2025-26.,,,,,,,,,,,,,,,,,,,,,,,,
,"4145 - Wainganga College of Engineering and Management, Dongargaon, Nagpur",,,,,,,,,,,,,,,,,,,,,,,,
,0414524110 - Master in Computer Application,,,,,,,,,,,,,,,,,,,,,,,,
,Status :, ,Un-Aided-Autonomous,,,,,,,,,,,,,,,,,,,,,,
,Home University Seats,,,,,,,,,,,,,,,,,,,,,,,,
Home University Seats Allotted to Home University Candidates,,,,,,,,,,,,,,,,,,,,,,,,,
,GOPENH, ,GSCH, ,GSTH, ,GNTAH, ,GNTBH, ,GNTCH, ,GNTDH, ,GOBCH, ,GSEBCH, ,PWDOPENH, ,PWDSCH, ,PWDOBCH,,
16213,23300,24147,24096,21882,,,,,,,,,,,,,,,,,,,,,
Stage-I, ,,,,,,,,,,,,,,,,,,,,,,,,
(46.3793819),(13.5402134),(7.9446476),(9.7430286),(21.0059952),,,,,,,,,,,,,,,,,,,,,
22244,22456,22854,21757,22970,,,,,,,,,,,,,,,,,,,,,
,Stage-IV, ,,,,,,,,,,,,,,,,,,,,,,,
(19.1539942),(16.9789978),(15.5994113),(21.0059952),(15.5994113),,,,,,,,,,,,,,,,,,,,,
18507,23457,21963,,,,,,,,,,,,,,,,,,,,,,,
,I-Non PWD / DEF, ,,,,,,,,,,,,,,,,,,,,,,,
(36.496736),(12.4750009),(21.0059952),,,,,,,,,,,,,,,,,,,,,,,
,Other Than Home University Seats,,,,,,,,,,,,,,,,,,,,,,,,
Other Than Home University Seats Allotted to Other Than Home University Candidates,,,,,,,,,,,,,,,,,,,,,,,,,
,GOPENO, ,GSCO, ,GSTO, ,GNTCO, ,GNTDO, ,GOBCO, ,GSEBCO,,,,,,,,,,,,
10967,20994,17633,,,,,,,,,,,,,,,,,,,,,,,
Stage-I, ,,,,,,,,,,,,,,,,,,,,,,,,
(65.8578922),(25.4779232),(41.4550394),,,,,,,,,,,,,,,,,,,,,,,
19778,19430,18999,19481,,,,,,,,,,,,,,,,,,,,,,
,Stage-IV, ,,,,,,,,,,,,,,,,,,,,,,,
(31.6629561),(31.6629561),(34.5198145),(31.6629561),,,,,,,,,,,,,,,,,,,,,,
,State Level Seats,,,,,,,,,,,,,,,,,,,,,,,,
,EWS, ,TFWS,,,,,,,,,,,,,,,,,,,,,,
17570,15643,,,,,,,,,,,,,,,,,,,,,,,,
Stage-I, ,,,,,,,,,,,,,,,,,,,,,,,,
(41.4550394),(49.3533426),,,,,,,,,,,,,,,,,,,,,,,,
,Legends :, ,"Legends: G-General, L-Ladies, S-State Level Seats ,PWD - Persons with Disabilities,DEF - Defence,PWDR :PWD Common Reserved Seat",,,,,,,,,,,,,,,,,,,,,,
"DEFR :Defense Common Reserved Seat ,* Maharashtra State Seats - Cut Off Indicates State General Merit No. ; Figures in bracket Indicates Merit Score",,,,,,,,,,,,,,,,,,,,,,,,,
,Page 98 of 265,,,,,,,,,,,,,,,,,,,,,,,,
GOVERNMENT OF MAHARASHTRA,,,,,,,,,,,,,,,,,,,,,,,,,
,"Directorate of Technical Education, Maharashtra State, Mumbai.",,,,,,,,,,,,,,,,,,,,,,,,
,Cut Off List for Maharashtra & Minority Seats of CAP Round-II for Admission to the First Year Post Graduate Technical Course in Master of Computer Applications (MCA) for the Academic Year 2025-26.,,,,,,,,,,,,,,,,,,,,,,,,
,"4147 - K.D.K. College of Engineering, Nagpur",,,,,,,,,,,,,,,,,,,,,,,,
,0414724110 - Master in Computer Application,,,,,,,,,,,,,,,,,,,,,,,,
,Status :, ,Un-Aided-Autonomous,,,,,,,,,,,,,,,,,,,,,,
,Home University Seats,,,,,,,,,,,,,,,,,,,,,,,,
Home University Seats Allotted to Home University Candidates,,,,,,,,,,,,,,,,,,,,,,,,,
,GOPENH, ,GSCH, ,GSTH, ,GNTAH, ,GNTCH, ,GNTDH, ,GOBCH, ,GSEBCH, ,PWDOPENH,,,,,,,,
10493,12401,10900,,,,,,,,,,,,,,,,,,,,,,,
Stage-I, ,,,,,,,,,,,,,,,,,,,,,,,,
(67.3579428),(61.2807064),(65.8578922),,,,,,,,,,,,,,,,,,,,,,,
12211,12237,11812,11931,12169,,,,,,,,,,,,,,,,,,,,,
,Stage-IV, ,,,,,,,,,,,,,,,,,,,,,,,
(61.2807064),(61.2807064),(63.1574978),(63.1574978),(61.2807064),,,,,,,,,,,,,,,,,,,,,
10661,,,,,,,,,,,,,,,,,,,,,,,,,
,I-Non PWD / DEF, ,,,,,,,,,,,,,,,,,,,,,,,
(67.3579428),,,,,,,,,,,,,,,,,,,,,,,,,
,Other Than Home University Seats,,,,,,,,,,,,,,,,,,,,,,,,
Other Than Home University Seats Allotted to Other Than Home University Candidates,,,,,,,,,,,,,,,,,,,,,,,,,
,GOPENO, ,GSCO, ,GSTO, ,GNTCO, ,GNTDO, ,GOBCO, ,GSEBCO,,,,,,,,,,,,
10453,19431,12834,,,,,,,,,,,,,,,,,,,,,,,
Stage-I, ,,,,,,,,,,,,,,,,,,,,,,,,
(67.3579428),(31.6629561),(58.7911466),,,,,,,,,,,,,,,,,,,,,,,
15896,15178,15991,16960,,,,,,,,,,,,,,,,,,,,,,
,Stage-IV, ,,,,,,,,,,,,,,,,,,,,,,,
(46.3793819),(51.4093808),(46.3793819),(44.5345198),,,,,,,,,,,,,,,,,,,,,,
,State Level Seats,,,,,,,,,,,,,,,,,,,,,,,,
,TFWS,,,,,,,,,,,,,,,,,,,,,,,,
5279,,,,,,,,,,,,,,,,,,,,,,,,,
Stage-I, ,,,,,,,,,,,,,,,,,,,,,,,,
(82.9644433),,,,,,,,,,,,,,,,,,,,,,,,,
,Legends :, ,"Legends: G-General, L-Ladies, S-State Level Seats ,PWD - Persons with Disabilities,DEF - Defence,PWDR :PWD Common Reserved Seat",,,,,,,,,,,,,,,,,,,,,,
"DEFR :Defense Common Reserved Seat ,* Maharashtra State Seats - Cut Off Indicates State General Merit No. ; Figures in bracket Indicates Merit Score",,,,,,,,,,,,,,,,,,,,,,,,,
,Page 99 of 265,,,,,,,,,,,,,,,,,,,,,,,,
GOVERNMENT OF MAHARASHTRA,,,,,,,,,,,,,,,,,,,,,,,,,
,"Directorate of Technical Education, Maharashtra State, Mumbai.",,,,,,,,,,,,,,,,,,,,,,,,
,Cut Off List for Maharashtra & Minority Seats of CAP Round-II for Admission to the First Year Post Graduate Technical Course in Master of Computer Applications (MCA) for the Academic Year 2025-26.,,,,,,,,,,,,,,,,,,,,,,,,
,"4151 - Tulsiramji Gaikwad Patil College of Engineering & Technology, Nagpur",,,,,,,,,,,,,,,,,,,,,,,,
,0415124110 - Master in Computer Application,,,,,,,,,,,,,,,,,,,,,,,,
,Status :, ,Un-Aided-Autonomous,,,,,,,,,,,,,,,,,,,,,,
,Home University Seats,,,,,,,,,,,,,,,,,,,,,,,,
Home University Seats Allotted to Home University Candidates,,,,,,,,,,,,,,,,,,,,,,,,,
,GOPENH, ,GSCH, ,GSTH, ,GNTAH, ,GNTBH, ,GNTCH, ,GNTDH, ,GOBCH, ,GSEBCH, ,PWDOPENH, ,PWDSCH, ,PWDOBCH, ,PWDSEBCH
16146,22519,23664,19315,18574,,,,,,,,,,,,,,,,,,,,,
Stage-I, ,,,,,,,,,,,,,,,,,,,,,,,,
(46.3793819),(16.9789978),(12.4750009),(34.5198145),(36.496736),,,,,,,,,,,,,,,,,,,,,
20148,20218,20607,20699,20669,19749,,,,,,,,,,,,,,,,,,,,
,Stage-IV, ,,,,,,,,,,,,,,,,,,,,,,,
(29.9046039),(29.9046039),(27.2744425),(27.2744425),(27.2744425),(31.6629561),,,,,,,,,,,,,,,,,,,,
18088,22553,18655,,,,,,,,,,,,,,,,,,,,,,,
,I-Non PWD / DEF, ,,,,,,,,,,,,,,,,,,,,,,,
(39.3989669),(16.9789978),(36.496736),,,,,,,,,,,,,,,,,,,,,,,
,Home University Seats Allotted to Other Than Home University Candidates,,,,,,,,,,,,,,,,,,,,,,,,
,GNTAH,,,,,,,,,,,,,,,,,,,,,,,,
23479,,,,,,,,,,,,,,,,,,,,,,,,,
Stage-I, ,,,,,,,,,,,,,,,,,,,,,,,,
(12.4750009),,,,,,,,,,,,,,,,,,,,,,,,,
,Other Than Home University Seats,,,,,,,,,,,,,,,,,,,,,,,,
Other Than Home University Seats Allotted to Other Than Home University Candidates,,,,,,,,,,,,,,,,,,,,,,,,,
,GOPENO, ,GSCO, ,GSTO, ,GNTBO, ,GNTDO, ,GOBCO, ,GSEBCO,,,,,,,,,,,,
10198,20751,17222,16376,,,,,,,,,,,,,,,,,,,,,,
Stage-I, ,,,,,,,,,,,,,,,,,,,,,,,,
(67.3579428),(27.2744425),(41.4550394),(46.3793819),,,,,,,,,,,,,,,,,,,,,,
17693,17893,17967,,,,,,,,,,,,,,,,,,,,,,,
,Stage-IV, ,,,,,,,,,,,,,,,,,,,,,,,
(39.3989669),(39.3989669),(39.3989669),,,,,,,,,,,,,,,,,,,,,,,
,Legends :, ,"Legends: G-General, L-Ladies, S-State Level Seats ,PWD - Persons with Disabilities,DEF - Defence,PWDR :PWD Common Reserved Seat",,,,,,,,,,,,,,,,,,,,,,
"DEFR :Defense Common Reserved Seat ,* Maharashtra State Seats - Cut Off Indicates State General Merit No. ; Figures in bracket Indicates Merit Score",,,,,,,,,,,,,,,,,,,,,,,,,
,Page 100 of 265,,,,,,,,,,,,,,,,,,,,,,,,
GOVERNMENT OF MAHARASHTRA,,,,,,,,,,,,,,,,,,,,,,,,,
,"Directorate of Technical Education, Maharashtra State, Mumbai.",,,,,,,,,,,,,,,,,,,,,,,,
,Cut Off List for Maharashtra & Minority Seats of CAP Round-II for Admission to the First Year Post Graduate Technical Course in Master of Computer Applications (MCA) for the Academic Year 2025-26.,,,,,,,,,,,,,,,,,,,,,,,,
,"4151 - Tulsiramji Gaikwad Patil College of Engineering & Technology, Nagpur",,,,,,,,,,,,,,,,,,,,,,,,
,0415124110 - Master in Computer Application,,,,,,,,,,,,,,,,,,,,,,,,
,Status :, ,Un-Aided-Autonomous,,,,,,,,,,,,,,,,,,,,,,
,State Level Seats,,,,,,,,,,,,,,,,,,,,,,,,
,TFWS,,,,,,,,,,,,,,,,,,,,,,,,
13167,,,,,,,,,,,,,,,,,,,,,,,,,
Stage-I, ,,,,,,,,,,,,,,,,,,,,,,,,
(58.7911466),,,,,,,,,,,,,,,,,,,,,,,,,
,Legends :, ,"Legends: G-General, L-Ladies, S-State Level Seats ,PWD - Persons with Disabilities,DEF - Defence,PWDR :PWD Common Reserved Seat",,,,,,,,,,,,,,,,,,,,,,
"DEFR :Defense Common Reserved Seat ,* Maharashtra State Seats - Cut Off Indicates State General Merit No. ; Figures in bracket Indicates Merit Score",,,,,,,,,,,,,,,,,,,,,,,,,
,Page 101 of 265,,,,,,,,,,,,,,,,,,,,,,,,
GOVERNMENT OF MAHARASHTRA,,,,,,,,,,,,,,,,,,,,,,,,,
,"Directorate of Technical Education, Maharashtra State, Mumbai.",,,,,,,,,,,,,,,,,,,,,,,,
,Cut Off List for Maharashtra & Minority Seats of CAP Round-II for Admission to the First Year Post Graduate Technical Course in Master of Computer Applications (MCA) for the Academic Year 2025-26.,,,,,,,,,,,,,,,,,,,,,,,,
,"4152 - Shri Shivaji Education Society Amravati's Science College (MCA), Nagpur",,,,,,,,,,,,,,,,,,,,,,,,
,0415224110 - Master in Computer Application,,,,,,,,,,,,,,,,,,,,,,,,
,Status :, ,Un-Aided,,,,,,,,,,,,,,,,,,,,,,
,Home University Seats,,,,,,,,,,,,,,,,,,,,,,,,
Home University Seats Allotted to Home University Candidates,,,,,,,,,,,,,,,,,,,,,,,,,
,GOPENH, ,GSCH, ,GNTDH, ,GOBCH, ,GSEBCH,,,,,,,,,,,,,,,,
5557,6479,6508,,,,,,,,,,,,,,,,,,,,,,,
Stage-I, ,,,,,,,,,,,,,,,,,,,,,,,,
(82.9644433),(80.5399495),(79.9969812),,,,,,,,,,,,,,,,,,,,,,,
7170,6615,,,,,,,,,,,,,,,,,,,,,,,,
,Stage-IV, ,,,,,,,,,,,,,,,,,,,,,,,
(77.8251197),(79.9969812),,,,,,,,,,,,,,,,,,,,,,,,
,Other Than Home University Seats,,,,,,,,,,,,,,,,,,,,,,,,
Other Than Home University Seats Allotted to Other Than Home University Candidates,,,,,,,,,,,,,,,,,,,,,,,,,
,GOPENO, ,GNTAO, ,GOBCO, ,GSEBCO,,,,,,,,,,,,,,,,,,
5692,25290,8521,,,,,,,,,,,,,,,,,,,,,,,
Stage-I, ,,,,,,,,,,,,,,,,,,,,,,,,
(82.8308366),(2.0301121),(73.5368477),,,,,,,,,,,,,,,,,,,,,,,
9752,,,,,,,,,,,,,,,,,,,,,,,,,
,Stage-IV, ,,,,,,,,,,,,,,,,,,,,,,,
(69.7143504),,,,,,,,,,,,,,,,,,,,,,,,,
,State Level Seats,,,,,,,,,,,,,,,,,,,,,,,,
,EWS, ,TFWS,,,,,,,,,,,,,,,,,,,,,,
16447,2770,,,,,,,,,,,,,,,,,,,,,,,,
Stage-I, ,,,,,,,,,,,,,,,,,,,,,,,,
(44.5345198),(90.9663786),,,,,,,,,,,,,,,,,,,,,,,,
,Legends :, ,"Legends: G-General, L-Ladies, S-State Level Seats ,PWD - Persons with Disabilities,DEF - Defence,PWDR :PWD Common Reserved Seat",,,,,,,,,,,,,,,,,,,,,,
"DEFR :Defense Common Reserved Seat ,* Maharashtra State Seats - Cut Off Indicates State General Merit No. ; Figures in bracket Indicates Merit Score",,,,,,,,,,,,,,,,,,,,,,,,,
,Page 102 of 265,,,,,,,,,,,,,,,,,,,,,,,,
GOVERNMENT OF MAHARASHTRA,,,,,,,,,,,,,,,,,,,,,,,,,
,"Directorate of Technical Education, Maharashtra State, Mumbai.",,,,,,,,,,,,,,,,,,,,,,,,
,Cut Off List for Maharashtra & Minority Seats of CAP Round-II for Admission to the First Year Post Graduate Technical Course in Master of Computer Applications (MCA) for the Academic Year 2025-26.,,,,,,,,,,,,,,,,,,,,,,,,
,"4153 - Sarvodaya Shikshan Mandal's Sardar Patel Mahavidayalaya, Dept. of Computer Studies & Research, Chandrapur",,,,,,,,,,,,,,,,,,,,,,,,
,0415324110 - Master in Computer Application,,,,,,,,,,,,,,,,,,,,,,,,
,Status :, ,Un-Aided,,,,,,,,,,,,,,,,,,,,,,
,Home University Seats,,,,,,,,,,,,,,,,,,,,,,,,
Home University Seats Allotted to Home University Candidates,,,,,,,,,,,,,,,,,,,,,,,,,
,GOPENH, ,GSTH, ,GNTAH, ,GOBCH, ,GSEBCH,,,,,,,,,,,,,,,,
18894,20104,,,,,,,,,,,,,,,,,,,,,,,,
Stage-I, ,,,,,,,,,,,,,,,,,,,,,,,,
(34.5198145),(29.9046039),,,,,,,,,,,,,,,,,,,,,,,,
20124,20131,22153,,,,,,,,,,,,,,,,,,,,,,,
,Stage-IV, ,,,,,,,,,,,,,,,,,,,,,,,
(29.9046039),(29.9046039),(19.1539942),,,,,,,,,,,,,,,,,,,,,,,
,Other Than Home University Seats,,,,,,,,,,,,,,,,,,,,,,,,
Other Than Home University Seats Allotted to Other Than Home University Candidates,,,,,,,,,,,,,,,,,,,,,,,,,
,GOPENO,,,,,,,,,,,,,,,,,,,,,,,,
21386,,,,,,,,,,,,,,,,,,,,,,,,,
Stage-I, ,,,,,,,,,,,,,,,,,,,,,,,,
(23.1010151),,,,,,,,,,,,,,,,,,,,,,,,,
,Other Than Home University Seats Allotted to Home University Candidates,,,,,,,,,,,,,,,,,,,,,,,,
,GNTCO, ,GSEBCO,,,,,,,,,,,,,,,,,,,,,,
22794,22633,,,,,,,,,,,,,,,,,,,,,,,,
Stage-IV, ,,,,,,,,,,,,,,,,,,,,,,,,
(16.9789978),(16.9789978),,,,,,,,,,,,,,,,,,,,,,,,
,Legends :, ,"Legends: G-General, L-Ladies, S-State Level Seats ,PWD - Persons with Disabilities,DEF - Defence,PWDR :PWD Common Reserved Seat",,,,,,,,,,,,,,,,,,,,,,
"DEFR :Defense Common Reserved Seat ,* Maharashtra State Seats - Cut Off Indicates State General Merit No. ; Figures in bracket Indicates Merit Score",,,,,,,,,,,,,,,,,,,,,,,,,
,Page 103 of 265,,,,,,,,,,,,,,,,,,,,,,,,
GOVERNMENT OF MAHARASHTRA,,,,,,,,,,,,,,,,,,,,,,,,,
,"Directorate of Technical Education, Maharashtra State, Mumbai.",,,,,,,,,,,,,,,,,,,,,,,,
,Cut Off List for Maharashtra & Minority Seats of CAP Round-II for Admission to the First Year Post Graduate Technical Course in Master of Computer Applications (MCA) for the Academic Year 2025-26.,,,,,,,,,,,,,,,,,,,,,,,,
,"4157 - V. M. Vasant Commerce, J.M. Thakar Arts & J.J. Patel Science College,Nagpur",,,,,,,,,,,,,,,,,,,,,,,,
,0415724110 - Master in Computer Application,,,,,,,,,,,,,,,,,,,,,,,,
,Status :, ,Un-Aided-Linguistic Minority - Gujarathi,,,,,,,,,,,,,,,,,,,,,,
,Home University Seats,,,,,,,,,,,,,,,,,,,,,,,,
Home University Seats Allotted to Home University Candidates,,,,,,,,,,,,,,,,,,,,,,,,,
,GOPENH,,,,,,,,,,,,,,,,,,,,,,,,
20611,,,,,,,,,,,,,,,,,,,,,,,,,
Stage-I, ,,,,,,,,,,,,,,,,,,,,,,,,
(27.2744425),,,,,,,,,,,,,,,,,,,,,,,,,
,Other Than Home University Seats,,,,,,,,,,,,,,,,,,,,,,,,
Other Than Home University Seats Allotted to Other Than Home University Candidates,,,,,,,,,,,,,,,,,,,,,,,,,
,GOPENO,,,,,,,,,,,,,,,,,,,,,,,,
25325,,,,,,,,,,,,,,,,,,,,,,,,,
Stage-I, ,,,,,,,,,,,,,,,,,,,,,,,,
(1.3622127),,,,,,,,,,,,,,,,,,,,,,,,,
,Other Than Home University Seats Allotted to Home University Candidates,,,,,,,,,,,,,,,,,,,,,,,,
,GOPENO,,,,,,,,,,,,,,,,,,,,,,,,
22014,,,,,,,,,,,,,,,,,,,,,,,,,
Stage-I, ,,,,,,,,,,,,,,,,,,,,,,,,
(21.0059952),,,,,,,,,,,,,,,,,,,,,,,,,
,State Level Seats,,,,,,,,,,,,,,,,,,,,,,,,
,TFWS,,,,,,,,,,,,,,,,,,,,,,,,
15448,,,,,,,,,,,,,,,,,,,,,,,,,
Stage-I, ,,,,,,,,,,,,,,,,,,,,,,,,
(49.3533426),,,,,,,,,,,,,,,,,,,,,,,,,
,Legends :, ,"Legends: G-General, L-Ladies, S-State Level Seats ,PWD - Persons with Disabilities,DEF - Defence,PWDR :PWD Common Reserved Seat",,,,,,,,,,,,,,,,,,,,,,
"DEFR :Defense Common Reserved Seat ,* Maharashtra State Seats - Cut Off Indicates State General Merit No. ; Figures in bracket Indicates Merit Score",,,,,,,,,,,,,,,,,,,,,,,,,
,Page 104 of 265,,,,,,,,,,,,,,,,,,,,,,,,
GOVERNMENT OF MAHARASHTRA,,,,,,,,,,,,,,,,,,,,,,,,,
,"Directorate of Technical Education, Maharashtra State, Mumbai.",,,,,,,,,,,,,,,,,,,,,,,,
,Cut Off List for Maharashtra & Minority Seats of CAP Round-II for Admission to the First Year Post Graduate Technical Course in Master of Computer Applications (MCA) for the Academic Year 2025-26.,,,,,,,,,,,,,,,,,,,,,,,,
,"4157 - V. M. Vasant Commerce, J.M. Thakar Arts & J.J. Patel Science College,Nagpur",,,,,,,,,,,,,,,,,,,,,,,,
,0415724110 - Master in Computer Application,,,,,,,,,,,,,,,,,,,,,,,,
,Status :, ,Un-Aided-Linguistic Minority - Gujarathi,,,,,,,,,,,,,,,,,,,,,,
,Minority Seats : Minority Seats Allotted to Non Minority Candidates,,,,,,,,,,,,,,,,,,,,,,,,
,MI-MH,,,,,,,,,,,,,,,,,,,,,,,,
25338,,,,,,,,,,,,,,,,,,,,,,,,,
Stage-MI-MH, ,,,,,,,,,,,,,,,,,,,,,,,,
(1.3498737),,,,,,,,,,,,,,,,,,,,,,,,,
,Legends :, ,"Legends: G-General, L-Ladies, S-State Level Seats ,PWD - Persons with Disabilities,DEF - Defence,PWDR :PWD Common Reserved Seat",,,,,,,,,,,,,,,,,,,,,,
"DEFR :Defense Common Reserved Seat ,* Maharashtra State Seats - Cut Off Indicates State General Merit No. ; Figures in bracket Indicates Merit Score",,,,,,,,,,,,,,,,,,,,,,,,,
,Page 105 of 265,,,,,,,,,,,,,,,,,,,,,,,,
GOVERNMENT OF MAHARASHTRA,,,,,,,,,,,,,,,,,,,,,,,,,
,"Directorate of Technical Education, Maharashtra State, Mumbai.",,,,,,,,,,,,,,,,,,,,,,,,
,Cut Off List for Maharashtra & Minority Seats of CAP Round-II for Admission to the First Year Post Graduate Technical Course in Master of Computer Applications (MCA) for the Academic Year 2025-26.,,,,,,,,,,,,,,,,,,,,,,,,
,"4188 - Krushi Jivan Vikas Pratishthan, Ballarpur Institute of Technology, Mouza Bamni",,,,,,,,,,,,,,,,,,,,,,,,
,0418824110 - Master in Computer Application,,,,,,,,,,,,,,,,,,,,,,,,
,Status :, ,Un-Aided,,,,,,,,,,,,,,,,,,,,,,
,Home University Seats,,,,,,,,,,,,,,,,,,,,,,,,
Home University Seats Allotted to Home University Candidates,,,,,,,,,,,,,,,,,,,,,,,,,
,GOBCH,,,,,,,,,,,,,,,,,,,,,,,,
6725,,,,,,,,,,,,,,,,,,,,,,,,,
Stage-I, ,,,,,,,,,,,,,,,,,,,,,,,,
(79.9969812),,,,,,,,,,,,,,,,,,,,,,,,,
,Other Than Home University Seats,,,,,,,,,,,,,,,,,,,,,,,,
Other Than Home University Seats Allotted to Other Than Home University Candidates,,,,,,,,,,,,,,,,,,,,,,,,,
,GOPENO,,,,,,,,,,,,,,,,,,,,,,,,
2944,,,,,,,,,,,,,,,,,,,,,,,,,
Stage-I, ,,,,,,,,,,,,,,,,,,,,,,,,
(90.9663786),,,,,,,,,,,,,,,,,,,,,,,,,
,Legends :, ,"Legends: G-General, L-Ladies, S-State Level Seats ,PWD - Persons with Disabilities,DEF - Defence,PWDR :PWD Common Reserved Seat",,,,,,,,,,,,,,,,,,,,,,
"DEFR :Defense Common Reserved Seat ,* Maharashtra State Seats - Cut Off Indicates State General Merit No. ; Figures in bracket Indicates Merit Score",,,,,,,,,,,,,,,,,,,,,,,,,
,Page 106 of 265,,,,,,,,,,,,,,,,,,,,,,,,
GOVERNMENT OF MAHARASHTRA,,,,,,,,,,,,,,,,,,,,,,,,,
,"Directorate of Technical Education, Maharashtra State, Mumbai.",,,,,,,,,,,,,,,,,,,,,,,,
,Cut Off List for Maharashtra & Minority Seats of CAP Round-II for Admission to the First Year Post Graduate Technical Course in Master of Computer Applications (MCA) for the Academic Year 2025-26.,,,,,,,,,,,,,,,,,,,,,,,,
,"4613 - Suryodaya College of Engineering & Technology, Nagpur",,,,,,,,,,,,,,,,,,,,,,,,
,0461324110 - Master in Computer Application,,,,,,,,,,,,,,,,,,,,,,,,
,Status :, ,Un-Aided-Autonomous,,,,,,,,,,,,,,,,,,,,,,
,Home University Seats,,,,,,,,,,,,,,,,,,,,,,,,
Home University Seats Allotted to Home University Candidates,,,,,,,,,,,,,,,,,,,,,,,,,
,GOPENH, ,GSCH, ,GNTAH, ,GNTCH, ,GNTDH, ,GOBCH, ,GSEBCH, ,PWDOPENH,,,,,,,,,,
7614,13991,11814,,,,,,,,,,,,,,,,,,,,,,,
Stage-I, ,,,,,,,,,,,,,,,,,,,,,,,,
(76.9216256),(53.942159),(63.1574978),,,,,,,,,,,,,,,,,,,,,,,
13497,12170,12407,13446,,,,,,,,,,,,,,,,,,,,,,
,Stage-IV, ,,,,,,,,,,,,,,,,,,,,,,,
(56.5488095),(61.2807064),(61.2807064),(56.5488095),,,,,,,,,,,,,,,,,,,,,,
11868,,,,,,,,,,,,,,,,,,,,,,,,,
,I-Non PWD / DEF, ,,,,,,,,,,,,,,,,,,,,,,,
(63.1574978),,,,,,,,,,,,,,,,,,,,,,,,,
,Other Than Home University Seats,,,,,,,,,,,,,,,,,,,,,,,,
Other Than Home University Seats Allotted to Other Than Home University Candidates,,,,,,,,,,,,,,,,,,,,,,,,,
,GOPENO, ,GSCO, ,GSTO, ,GNTAO, ,GNTCO, ,GNTDO, ,GOBCO, ,GSEBCO,,,,,,,,,,
16553,23721,21219,,,,,,,,,,,,,,,,,,,,,,,
Stage-I, ,,,,,,,,,,,,,,,,,,,,,,,,
(44.5345198),(10.5199653),(25.4779232),,,,,,,,,,,,,,,,,,,,,,,
20942,22322,22352,22823,21747,,,,,,,,,,,,,,,,,,,,,
,Stage-IV, ,,,,,,,,,,,,,,,,,,,,,,,
(25.4779232),(19.1539942),(19.1539942),(15.5994113),(21.0059952),,,,,,,,,,,,,,,,,,,,,
,State Level Seats,,,,,,,,,,,,,,,,,,,,,,,,
,TFWS,,,,,,,,,,,,,,,,,,,,,,,,
3799,,,,,,,,,,,,,,,,,,,,,,,,,
Stage-I, ,,,,,,,,,,,,,,,,,,,,,,,,
(89.1331398),,,,,,,,,,,,,,,,,,,,,,,,,
,Legends :, ,"Legends: G-General, L-Ladies, S-State Level Seats ,PWD - Persons with Disabilities,DEF - Defence,PWDR :PWD Common Reserved Seat",,,,,,,,,,,,,,,,,,,,,,
"DEFR :Defense Common Reserved Seat ,* Maharashtra State Seats - Cut Off Indicates State General Merit No. ; Figures in bracket Indicates Merit Score",,,,,,,,,,,,,,,,,,,,,,,,,
,Page 107 of 265,,,,,,,,,,,,,,,,,,,,,,,,
GOVERNMENT OF MAHARASHTRA,,,,,,,,,,,,,,,,,,,,,,,,,
,"Directorate of Technical Education, Maharashtra State, Mumbai.",,,,,,,,,,,,,,,,,,,,,,,,
,Cut Off List for Maharashtra & Minority Seats of CAP Round-II for Admission to the First Year Post Graduate Technical Course in Master of Computer Applications (MCA) for the Academic Year 2025-26.,,,,,,,,,,,,,,,,,,,,,,,,
,"4679 - Karanjekar College of Engineering & Management, Sakoli",,,,,,,,,,,,,,,,,,,,,,,,
,0467924110 - Master in Computer Application,,,,,,,,,,,,,,,,,,,,,,,,
,Status :, ,Un-Aided,,,,,,,,,,,,,,,,,,,,,,
,Home University Seats,,,,,,,,,,,,,,,,,,,,,,,,
Home University Seats Allotted to Home University Candidates,,,,,,,,,,,,,,,,,,,,,,,,,
,GOPENH,,,,,,,,,,,,,,,,,,,,,,,,
11522,,,,,,,,,,,,,,,,,,,,,,,,,
Stage-I, ,,,,,,,,,,,,,,,,,,,,,,,,
(63.1574978),,,,,,,,,,,,,,,,,,,,,,,,,
,Other Than Home University Seats Allotted to Home University Candidates,,,,,,,,,,,,,,,,,,,,,,,,
,GOPENO,,,,,,,,,,,,,,,,,,,,,,,,
24107,,,,,,,,,,,,,,,,,,,,,,,,,
Stage-I, ,,,,,,,,,,,,,,,,,,,,,,,,
(9.7430286),,,,,,,,,,,,,,,,,,,,,,,,,
,Legends :, ,"Legends: G-General, L-Ladies, S-State Level Seats ,PWD - Persons with Disabilities,DEF - Defence,PWDR :PWD Common Reserved Seat",,,,,,,,,,,,,,,,,,,,,,
"DEFR :Defense Common Reserved Seat ,* Maharashtra State Seats - Cut Off Indicates State General Merit No. ; Figures in bracket Indicates Merit Score",,,,,,,,,,,,,,,,,,,,,,,,,
,Page 108 of 265,,,,,,,,,,,,,,,,,,,,,,,,
GOVERNMENT OF MAHARASHTRA,,,,,,,,,,,,,,,,,,,,,,,,,
,"Directorate of Technical Education, Maharashtra State, Mumbai.",,,,,,,,,,,,,,,,,,,,,,,,
,Cut Off List for Maharashtra & Minority Seats of CAP Round-II for Admission to the First Year Post Graduate Technical Course in Master of Computer Applications (MCA) for the Academic Year 2025-26.,,,,,,,,,,,,,,,,,,,,,,,,
,"4701 - Dr.S.C. Gulhane Prerna College of Management and Technology, Nagpur",,,,,,,,,,,,,,,,,,,,,,,,
,0470124110 - Master in Computer Application,,,,,,,,,,,,,,,,,,,,,,,,
,Status :, ,Un-Aided,,,,,,,,,,,,,,,,,,,,,,
,Home University Seats,,,,,,,,,,,,,,,,,,,,,,,,
Home University Seats Allotted to Home University Candidates,,,,,,,,,,,,,,,,,,,,,,,,,
,GOPENH, ,GSCH, ,GSTH, ,GNTAH, ,GNTBH, ,GNTCH, ,GNTDH, ,GOBCH, ,GSEBCH, ,PWDOPENH,,,,,,
15120,23599,19296,16727,,,,,,,,,,,,,,,,,,,,,,
Stage-I, ,,,,,,,,,,,,,,,,,,,,,,,,
(51.4093808),(12.4750009),(34.5198145),(44.5345198),,,,,,,,,,,,,,,,,,,,,,
20525,20549,20882,20931,19902,,,,,,,,,,,,,,,,,,,,,
,Stage-IV, ,,,,,,,,,,,,,,,,,,,,,,,
(27.2744425),(27.2744425),(25.4779232),(25.4779232),(29.9046039),,,,,,,,,,,,,,,,,,,,,
16798,,,,,,,,,,,,,,,,,,,,,,,,,
,I-Non PWD / DEF, ,,,,,,,,,,,,,,,,,,,,,,,
(44.5345198),,,,,,,,,,,,,,,,,,,,,,,,,
,Home University Seats Allotted to Other Than Home University Candidates,,,,,,,,,,,,,,,,,,,,,,,,
,GNTAH,,,,,,,,,,,,,,,,,,,,,,,,
24683,,,,,,,,,,,,,,,,,,,,,,,,,
Stage-I, ,,,,,,,,,,,,,,,,,,,,,,,,
(5.5960152),,,,,,,,,,,,,,,,,,,,,,,,,
,Other Than Home University Seats,,,,,,,,,,,,,,,,,,,,,,,,
Other Than Home University Seats Allotted to Other Than Home University Candidates,,,,,,,,,,,,,,,,,,,,,,,,,
,GOPENO, ,GSCO, ,GSTO, ,GNTCO, ,GOBCO, ,GSEBCO,,,,,,,,,,,,,,
21389,21488,22579,,,,,,,,,,,,,,,,,,,,,,,
Stage-I, ,,,,,,,,,,,,,,,,,,,,,,,,
(23.1010151),(23.1010151),(16.9789978),,,,,,,,,,,,,,,,,,,,,,,
21759,22144,22762,,,,,,,,,,,,,,,,,,,,,,,
,Stage-IV, ,,,,,,,,,,,,,,,,,,,,,,,
(21.0059952),(19.1539942),(16.9789978),,,,,,,,,,,,,,,,,,,,,,,
,Legends :, ,"Legends: G-General, L-Ladies, S-State Level Seats ,PWD - Persons with Disabilities,DEF - Defence,PWDR :PWD Common Reserved Seat",,,,,,,,,,,,,,,,,,,,,,
"DEFR :Defense Common Reserved Seat ,* Maharashtra State Seats - Cut Off Indicates State General Merit No. ; Figures in bracket Indicates Merit Score",,,,,,,,,,,,,,,,,,,,,,,,,
,Page 109 of 265,,,,,,,,,,,,,,,,,,,,,,,,
GOVERNMENT OF MAHARASHTRA,,,,,,,,,,,,,,,,,,,,,,,,,
,"Directorate of Technical Education, Maharashtra State, Mumbai.",,,,,,,,,,,,,,,,,,,,,,,,
,Cut Off List for Maharashtra & Minority Seats of CAP Round-II for Admission to the First Year Post Graduate Technical Course in Master of Computer Applications (MCA) for the Academic Year 2025-26.,,,,,,,,,,,,,,,,,,,,,,,,
,"4701 - Dr.S.C. Gulhane Prerna College of Management and Technology, Nagpur",,,,,,,,,,,,,,,,,,,,,,,,
,0470124110 - Master in Computer Application,,,,,,,,,,,,,,,,,,,,,,,,
,Status :, ,Un-Aided,,,,,,,,,,,,,,,,,,,,,,
,State Level Seats,,,,,,,,,,,,,,,,,,,,,,,,
,TFWS,,,,,,,,,,,,,,,,,,,,,,,,
12465,,,,,,,,,,,,,,,,,,,,,,,,,
Stage-I, ,,,,,,,,,,,,,,,,,,,,,,,,
(61.2807064),,,,,,,,,,,,,,,,,,,,,,,,,
,Legends :, ,"Legends: G-General, L-Ladies, S-State Level Seats ,PWD - Persons with Disabilities,DEF - Defence,PWDR :PWD Common Reserved Seat",,,,,,,,,,,,,,,,,,,,,,
"DEFR :Defense Common Reserved Seat ,* Maharashtra State Seats - Cut Off Indicates State General Merit No. ; Figures in bracket Indicates Merit Score",,,,,,,,,,,,,,,,,,,,,,,,,
,Page 110 of 265,,,,,,,,,,,,,,,,,,,,,,,,
GOVERNMENT OF MAHARASHTRA,,,,,,,,,,,,,,,,,,,,,,,,,
,"Directorate of Technical Education, Maharashtra State, Mumbai.",,,,,,,,,,,,,,,,,,,,,,,,
,Cut Off List for Maharashtra & Minority Seats of CAP Round-II for Admission to the First Year Post Graduate Technical Course in Master of Computer Applications (MCA) for the Academic Year 2025-26.,,,,,,,,,,,,,,,,,,,,,,,,
,"5002 - Department of Computer Science, North Maharashtra University, Jalgaon",,,,,,,,,,,,,,,,,,,,,,,,
,0500224110 - Master in Computer Application,,,,,,,,,,,,,,,,,,,,,,,,
,Status :, ,University Department,,,,,,,,,,,,,,,,,,,,,,
,Home University Seats,,,,,,,,,,,,,,,,,,,,,,,,
Home University Seats Allotted to Home University Candidates,,,,,,,,,,,,,,,,,,,,,,,,,
,GOPENH, ,GSCH, ,GSTH, ,GNTDH, ,GSEBCH, ,PWDOPENH,,,,,,,,,,,,,,
3379,10988,,,,,,,,,,,,,,,,,,,,,,,,
Stage-I, ,,,,,,,,,,,,,,,,,,,,,,,,
(89.1966341),(65.8578922),,,,,,,,,,,,,,,,,,,,,,,,
6071,5267,6145,,,,,,,,,,,,,,,,,,,,,,,
,Stage-IV, ,,,,,,,,,,,,,,,,,,,,,,,
(82.8308366),(82.9644433),(80.5399495),,,,,,,,,,,,,,,,,,,,,,,
3610,,,,,,,,,,,,,,,,,,,,,,,,,
,I-Non PWD / DEF, ,,,,,,,,,,,,,,,,,,,,,,,
(89.1331398),,,,,,,,,,,,,,,,,,,,,,,,,
,Other Than Home University Seats,,,,,,,,,,,,,,,,,,,,,,,,
Other Than Home University Seats Allotted to Other Than Home University Candidates,,,,,,,,,,,,,,,,,,,,,,,,,
,GOPENO, ,GSTO, ,GSEBCO,,,,,,,,,,,,,,,,,,,,
8650,,,,,,,,,,,,,,,,,,,,,,,,,
Stage-I, ,,,,,,,,,,,,,,,,,,,,,,,,
(73.5368477),,,,,,,,,,,,,,,,,,,,,,,,,
9080,13015,,,,,,,,,,,,,,,,,,,,,,,,
,Stage-IV, ,,,,,,,,,,,,,,,,,,,,,,,
(71.1549338),(58.7911466),,,,,,,,,,,,,,,,,,,,,,,,
,State Level Seats,,,,,,,,,,,,,,,,,,,,,,,,
,EWS,,,,,,,,,,,,,,,,,,,,,,,,
14717,,,,,,,,,,,,,,,,,,,,,,,,,
Stage-I, ,,,,,,,,,,,,,,,,,,,,,,,,
(51.4093808),,,,,,,,,,,,,,,,,,,,,,,,,
,Legends :, ,"Legends: G-General, L-Ladies, S-State Level Seats ,PWD - Persons with Disabilities,DEF - Defence,PWDR :PWD Common Reserved Seat",,,,,,,,,,,,,,,,,,,,,,
"DEFR :Defense Common Reserved Seat ,* Maharashtra State Seats - Cut Off Indicates State General Merit No. ; Figures in bracket Indicates Merit Score",,,,,,,,,,,,,,,,,,,,,,,,,
,Page 111 of 265,,,,,,,,,,,,,,,,,,,,,,,,
GOVERNMENT OF MAHARASHTRA,,,,,,,,,,,,,,,,,,,,,,,,,
,"Directorate of Technical Education, Maharashtra State, Mumbai.",,,,,,,,,,,,,,,,,,,,,,,,
,Cut Off List for Maharashtra & Minority Seats of CAP Round-II for Admission to the First Year Post Graduate Technical Course in Master of Computer Applications (MCA) for the Academic Year 2025-26.,,,,,,,,,,,,,,,,,,,,,,,,
,"5101 - Khandesh College Education Society's Institute of Management & Research, Jalgaon",,,,,,,,,,,,,,,,,,,,,,,,
,0510124110 - Master in Computer Application,,,,,,,,,,,,,,,,,,,,,,,,
,Status :, ,Un-Aided-Autonomous,,,,,,,,,,,,,,,,,,,,,,
,Home University Seats,,,,,,,,,,,,,,,,,,,,,,,,
Home University Seats Allotted to Home University Candidates,,,,,,,,,,,,,,,,,,,,,,,,,
,GOPENH, ,GSCH, ,GSTH, ,GNTAH, ,GNTBH, ,GNTCH, ,GNTDH, ,GOBCH, ,GSEBCH, ,PWDOPENH, ,PWDSCH, ,PWDOBCH,,
15904,19002,20404,17792,,,,,,,,,,,,,,,,,,,,,,
Stage-I, ,,,,,,,,,,,,,,,,,,,,,,,,
(46.3793819),(34.5198145),(27.2744425),(39.3989669),,,,,,,,,,,,,,,,,,,,,,
19021,19444,19497,19642,19402,19966,19423,,,,,,,,,,,,,,,,,,,
,Stage-IV, ,,,,,,,,,,,,,,,,,,,,,,,
(34.5198145),(31.6629561),(31.6629561),(31.6629561),(31.6629561),(29.9046039),(31.6629561),,,,,,,,,,,,,,,,,,,
18004,17964,,,,,,,,,,,,,,,,,,,,,,,,
,I-Non PWD / DEF, ,,,,,,,,,,,,,,,,,,,,,,,
(39.3989669),(39.3989669),,,,,,,,,,,,,,,,,,,,,,,,
,Other Than Home University Seats,,,,,,,,,,,,,,,,,,,,,,,,
Other Than Home University Seats Allotted to Other Than Home University Candidates,,,,,,,,,,,,,,,,,,,,,,,,,
,GOPENO,,,,,,,,,,,,,,,,,,,,,,,,
24794,,,,,,,,,,,,,,,,,,,,,,,,,
Stage-I, ,,,,,,,,,,,,,,,,,,,,,,,,
(4.302251),,,,,,,,,,,,,,,,,,,,,,,,,
,Other Than Home University Seats Allotted to Home University Candidates,,,,,,,,,,,,,,,,,,,,,,,,
,GOPENO, ,GSCO, ,GSTO, ,GNTAO, ,GNTCO, ,GNTDO, ,GOBCO, ,GSEBCO,,,,,,,,,,
18774,20004,,,,,,,,,,,,,,,,,,,,,,,,
Stage-I, ,,,,,,,,,,,,,,,,,,,,,,,,
(36.496736),(29.9046039),,,,,,,,,,,,,,,,,,,,,,,,
20572,20488,20635,20674,20678,20207,,,,,,,,,,,,,,,,,,,,
,Stage-IV, ,,,,,,,,,,,,,,,,,,,,,,,
(27.2744425),(27.2744425),(27.2744425),(27.2744425),(27.2744425),(29.9046039),,,,,,,,,,,,,,,,,,,,
,Legends :, ,"Legends: G-General, L-Ladies, S-State Level Seats ,PWD - Persons with Disabilities,DEF - Defence,PWDR :PWD Common Reserved Seat",,,,,,,,,,,,,,,,,,,,,,
"DEFR :Defense Common Reserved Seat ,* Maharashtra State Seats - Cut Off Indicates State General Merit No. ; Figures in bracket Indicates Merit Score",,,,,,,,,,,,,,,,,,,,,,,,,
,Page 112 of 265,,,,,,,,,,,,,,,,,,,,,,,,
GOVERNMENT OF MAHARASHTRA,,,,,,,,,,,,,,,,,,,,,,,,,
,"Directorate of Technical Education, Maharashtra State, Mumbai.",,,,,,,,,,,,,,,,,,,,,,,,
,Cut Off List for Maharashtra & Minority Seats of CAP Round-II for Admission to the First Year Post Graduate Technical Course in Master of Computer Applications (MCA) for the Academic Year 2025-26.,,,,,,,,,,,,,,,,,,,,,,,,
,"5101 - Khandesh College Education Society's Institute of Management & Research, Jalgaon",,,,,,,,,,,,,,,,,,,,,,,,
,0510124110 - Master in Computer Application,,,,,,,,,,,,,,,,,,,,,,,,
,Status :, ,Un-Aided-Autonomous,,,,,,,,,,,,,,,,,,,,,,
,State Level Seats,,,,,,,,,,,,,,,,,,,,,,,,
,EWS, ,TFWS,,,,,,,,,,,,,,,,,,,,,,
24343,7474,,,,,,,,,,,,,,,,,,,,,,,,
Stage-I, ,,,,,,,,,,,,,,,,,,,,,,,,
(7.4072677),(76.9216256),,,,,,,,,,,,,,,,,,,,,,,,
,Legends :, ,"Legends: G-General, L-Ladies, S-State Level Seats ,PWD - Persons with Disabilities,DEF - Defence,PWDR :PWD Common Reserved Seat",,,,,,,,,,,,,,,,,,,,,,
"DEFR :Defense Common Reserved Seat ,* Maharashtra State Seats - Cut Off Indicates State General Merit No. ; Figures in bracket Indicates Merit Score",,,,,,,,,,,,,,,,,,,,,,,,,
,Page 113 of 265,,,,,,,,,,,,,,,,,,,,,,,,
GOVERNMENT OF MAHARASHTRA,,,,,,,,,,,,,,,,,,,,,,,,,
,"Directorate of Technical Education, Maharashtra State, Mumbai.",,,,,,,,,,,,,,,,,,,,,,,,
,Cut Off List for Maharashtra & Minority Seats of CAP Round-II for Admission to the First Year Post Graduate Technical Course in Master of Computer Applications (MCA) for the Academic Year 2025-26.,,,,,,,,,,,,,,,,,,,,,,,,
,"5102 - Godavari Institute of Management & Research, Jalgaon",,,,,,,,,,,,,,,,,,,,,,,,
,0510224110 - Master in Computer Application,,,,,,,,,,,,,,,,,,,,,,,,
,Status :, ,Un-Aided,,,,,,,,,,,,,,,,,,,,,,
,Home University Seats,,,,,,,,,,,,,,,,,,,,,,,,
Home University Seats Allotted to Home University Candidates,,,,,,,,,,,,,,,,,,,,,,,,,
,GOPENH, ,GSCH, ,GSTH, ,GNTAH, ,GNTBH, ,GNTCH, ,GNTDH, ,GOBCH, ,GSEBCH, ,PWDOPENH,,,,,,
5883,19060,15346,,,,,,,,,,,,,,,,,,,,,,,
Stage-I, ,,,,,,,,,,,,,,,,,,,,,,,,
(82.8308366),(34.5198145),(49.3533426),,,,,,,,,,,,,,,,,,,,,,,
19549,19346,18826,19428,17770,19483,,,,,,,,,,,,,,,,,,,,
,Stage-IV, ,,,,,,,,,,,,,,,,,,,,,,,
(31.6629561),(31.6629561),(34.5198145),(31.6629561),(39.3989669),(31.6629561),,,,,,,,,,,,,,,,,,,,
15356,,,,,,,,,,,,,,,,,,,,,,,,,
,I-Non PWD / DEF, ,,,,,,,,,,,,,,,,,,,,,,,
(49.3533426),,,,,,,,,,,,,,,,,,,,,,,,,
,Other Than Home University Seats,,,,,,,,,,,,,,,,,,,,,,,,
Other Than Home University Seats Allotted to Other Than Home University Candidates,,,,,,,,,,,,,,,,,,,,,,,,,
,GOPENO,,,,,,,,,,,,,,,,,,,,,,,,
24443,,,,,,,,,,,,,,,,,,,,,,,,,
Stage-I, ,,,,,,,,,,,,,,,,,,,,,,,,
(7.4072677),,,,,,,,,,,,,,,,,,,,,,,,,
,Other Than Home University Seats Allotted to Home University Candidates,,,,,,,,,,,,,,,,,,,,,,,,
,GSCO, ,GSTO, ,GNTAO, ,GNTBO, ,GNTCO, ,GNTDO, ,GOBCO, ,GSEBCO,,,,,,,,,,
20630,19861,19924,19963,20020,20721,,,,,,,,,,,,,,,,,,,,
Stage-IV, ,,,,,,,,,,,,,,,,,,,,,,,,
(27.2744425),(29.9046039),(29.9046039),(29.9046039),(29.9046039),(27.2744425),,,,,,,,,,,,,,,,,,,,
21206,19627,,,,,,,,,,,,,,,,,,,,,,,,
,Stage-I, ,,,,,,,,,,,,,,,,,,,,,,,
(25.4779232),(31.6629561),,,,,,,,,,,,,,,,,,,,,,,,
,Legends :, ,"Legends: G-General, L-Ladies, S-State Level Seats ,PWD - Persons with Disabilities,DEF - Defence,PWDR :PWD Common Reserved Seat",,,,,,,,,,,,,,,,,,,,,,
"DEFR :Defense Common Reserved Seat ,* Maharashtra State Seats - Cut Off Indicates State General Merit No. ; Figures in bracket Indicates Merit Score",,,,,,,,,,,,,,,,,,,,,,,,,
,Page 114 of 265,,,,,,,,,,,,,,,,,,,,,,,,
GOVERNMENT OF MAHARASHTRA,,,,,,,,,,,,,,,,,,,,,,,,,
,"Directorate of Technical Education, Maharashtra State, Mumbai.",,,,,,,,,,,,,,,,,,,,,,,,
,Cut Off List for Maharashtra & Minority Seats of CAP Round-II for Admission to the First Year Post Graduate Technical Course in Master of Computer Applications (MCA) for the Academic Year 2025-26.,,,,,,,,,,,,,,,,,,,,,,,,
,"5102 - Godavari Institute of Management & Research, Jalgaon",,,,,,,,,,,,,,,,,,,,,,,,
,0510224110 - Master in Computer Application,,,,,,,,,,,,,,,,,,,,,,,,
,Status :, ,Un-Aided,,,,,,,,,,,,,,,,,,,,,,
,State Level Seats,,,,,,,,,,,,,,,,,,,,,,,,
,EWS, ,TFWS,,,,,,,,,,,,,,,,,,,,,,
24887,7900,,,,,,,,,,,,,,,,,,,,,,,,
Stage-I, ,,,,,,,,,,,,,,,,,,,,,,,,
(4.067771),(76.9216256),,,,,,,,,,,,,,,,,,,,,,,,
,Legends :, ,"Legends: G-General, L-Ladies, S-State Level Seats ,PWD - Persons with Disabilities,DEF - Defence,PWDR :PWD Common Reserved Seat",,,,,,,,,,,,,,,,,,,,,,
"DEFR :Defense Common Reserved Seat ,* Maharashtra State Seats - Cut Off Indicates State General Merit No. ; Figures in bracket Indicates Merit Score",,,,,,,,,,,,,,,,,,,,,,,,,
,Page 115 of 265,,,,,,,,,,,,,,,,,,,,,,,,
GOVERNMENT OF MAHARASHTRA,,,,,,,,,,,,,,,,,,,,,,,,,
,"Directorate of Technical Education, Maharashtra State, Mumbai.",,,,,,,,,,,,,,,,,,,,,,,,
,Cut Off List for Maharashtra & Minority Seats of CAP Round-II for Admission to the First Year Post Graduate Technical Course in Master of Computer Applications (MCA) for the Academic Year 2025-26.,,,,,,,,,,,,,,,,,,,,,,,,
,"5104 - Shramsadhana Bombay Trust, College of Engineering & Technology, Jalgaon",,,,,,,,,,,,,,,,,,,,,,,,
,0510424110 - Master in Computer Application,,,,,,,,,,,,,,,,,,,,,,,,
,Status :, ,Un-Aided,,,,,,,,,,,,,,,,,,,,,,
,Home University Seats,,,,,,,,,,,,,,,,,,,,,,,,
Home University Seats Allotted to Home University Candidates,,,,,,,,,,,,,,,,,,,,,,,,,
,GOPENH, ,GSTH, ,GNTCH, ,GOBCH, ,GSEBCH,,,,,,,,,,,,,,,,
8203,13448,10641,,,,,,,,,,,,,,,,,,,,,,,
Stage-I, ,,,,,,,,,,,,,,,,,,,,,,,,
(74.782248),(56.5488095),(67.3579428),,,,,,,,,,,,,,,,,,,,,,,
13023,12935,,,,,,,,,,,,,,,,,,,,,,,,
,Stage-IV, ,,,,,,,,,,,,,,,,,,,,,,,
(58.7911466),(58.7911466),,,,,,,,,,,,,,,,,,,,,,,,
,Other Than Home University Seats,,,,,,,,,,,,,,,,,,,,,,,,
Other Than Home University Seats Allotted to Other Than Home University Candidates,,,,,,,,,,,,,,,,,,,,,,,,,
,GOPENO, ,GSTO, ,GOBCO, ,GSEBCO,,,,,,,,,,,,,,,,,,
17723,17808,,,,,,,,,,,,,,,,,,,,,,,,
Stage-I, ,,,,,,,,,,,,,,,,,,,,,,,,
(39.3989669),(39.3989669),,,,,,,,,,,,,,,,,,,,,,,,
19780,17925,,,,,,,,,,,,,,,,,,,,,,,,
,Stage-IV, ,,,,,,,,,,,,,,,,,,,,,,,
(31.6629561),(39.3989669),,,,,,,,,,,,,,,,,,,,,,,,
,State Level Seats,,,,,,,,,,,,,,,,,,,,,,,,
,EWS,,,,,,,,,,,,,,,,,,,,,,,,
22210,,,,,,,,,,,,,,,,,,,,,,,,,
Stage-I, ,,,,,,,,,,,,,,,,,,,,,,,,
(19.1539942),,,,,,,,,,,,,,,,,,,,,,,,,
,Legends :, ,"Legends: G-General, L-Ladies, S-State Level Seats ,PWD - Persons with Disabilities,DEF - Defence,PWDR :PWD Common Reserved Seat",,,,,,,,,,,,,,,,,,,,,,
"DEFR :Defense Common Reserved Seat ,* Maharashtra State Seats - Cut Off Indicates State General Merit No. ; Figures in bracket Indicates Merit Score",,,,,,,,,,,,,,,,,,,,,,,,,
,Page 116 of 265,,,,,,,,,,,,,,,,,,,,,,,,
GOVERNMENT OF MAHARASHTRA,,,,,,,,,,,,,,,,,,,,,,,,,
,"Directorate of Technical Education, Maharashtra State, Mumbai.",,,,,,,,,,,,,,,,,,,,,,,,
,Cut Off List for Maharashtra & Minority Seats of CAP Round-II for Admission to the First Year Post Graduate Technical Course in Master of Computer Applications (MCA) for the Academic Year 2025-26.,,,,,,,,,,,,,,,,,,,,,,,,
,"5109 - Sandip Foundation, Sandip Institute of Technology and Research Centre, Mahiravani, Nashik",,,,,,,,,,,,,,,,,,,,,,,,
,0510924110 - Master in Computer Application,,,,,,,,,,,,,,,,,,,,,,,,
,Status :, ,Un-Aided-Autonomous,,,,,,,,,,,,,,,,,,,,,,
,Home University Seats,,,,,,,,,,,,,,,,,,,,,,,,
Home University Seats Allotted to Home University Candidates,,,,,,,,,,,,,,,,,,,,,,,,,
,GOPENH, ,GSCH, ,GSTH, ,GNTBH, ,GNTCH, ,GNTDH, ,GOBCH,,,,,,,,,,,,
10629,24270,11362,20665,13047,14493,,,,,,,,,,,,,,,,,,,,
Stage-I, ,,,,,,,,,,,,,,,,,,,,,,,,
(67.3579428),(7.9446476),(65.8578922),(27.2744425),(58.7911466),(53.942159),,,,,,,,,,,,,,,,,,,,
10699,11469,,,,,,,,,,,,,,,,,,,,,,,,
,Stage-IV, ,,,,,,,,,,,,,,,,,,,,,,,
(67.3579428),(63.1574978),,,,,,,,,,,,,,,,,,,,,,,,
,Home University Seats Allotted to Other Than Home University Candidates,,,,,,,,,,,,,,,,,,,,,,,,
,GNTAH, ,GSEBCH, ,PWDOPENH,,,,,,,,,,,,,,,,,,,,
22911,8304,24242,,,,,,,,,,,,,,,,,,,,,,,
Stage-I, ,,,,,,,,,,,,,,,,,,,,,,,,
(15.5994113),(74.782248),(7.9446476),,,,,,,,,,,,,,,,,,,,,,,
,Other Than Home University Seats,,,,,,,,,,,,,,,,,,,,,,,,
Other Than Home University Seats Allotted to Other Than Home University Candidates,,,,,,,,,,,,,,,,,,,,,,,,,
,GOPENO, ,GSCO, ,GSTO, ,GNTAO, ,GOBCO, ,GSEBCO,,,,,,,,,,,,,,
6129,7637,9389,6667,,,,,,,,,,,,,,,,,,,,,,
Stage-I, ,,,,,,,,,,,,,,,,,,,,,,,,
(80.5399495),(76.9216256),(71.1549338),(79.9969812),,,,,,,,,,,,,,,,,,,,,,
10018,9251,,,,,,,,,,,,,,,,,,,,,,,,
,Stage-IV, ,,,,,,,,,,,,,,,,,,,,,,,
(69.7143504),(71.1549338),,,,,,,,,,,,,,,,,,,,,,,,
,State Level Seats,,,,,,,,,,,,,,,,,,,,,,,,
,EWS, ,TFWS,,,,,,,,,,,,,,,,,,,,,,
22236,7800,,,,,,,,,,,,,,,,,,,,,,,,
Stage-I, ,,,,,,,,,,,,,,,,,,,,,,,,
(19.1539942),(76.9216256),,,,,,,,,,,,,,,,,,,,,,,,
,Legends :, ,"Legends: G-General, L-Ladies, S-State Level Seats ,PWD - Persons with Disabilities,DEF - Defence,PWDR :PWD Common Reserved Seat",,,,,,,,,,,,,,,,,,,,,,
"DEFR :Defense Common Reserved Seat ,* Maharashtra State Seats - Cut Off Indicates State General Merit No. ; Figures in bracket Indicates Merit Score",,,,,,,,,,,,,,,,,,,,,,,,,
,Page 117 of 265,,,,,,,,,,,,,,,,,,,,,,,,
GOVERNMENT OF MAHARASHTRA,,,,,,,,,,,,,,,,,,,,,,,,,
,"Directorate of Technical Education, Maharashtra State, Mumbai.",,,,,,,,,,,,,,,,,,,,,,,,
,Cut Off List for Maharashtra & Minority Seats of CAP Round-II for Admission to the First Year Post Graduate Technical Course in Master of Computer Applications (MCA) for the Academic Year 2025-26.,,,,,,,,,,,,,,,,,,,,,,,,
,"5111 - B. P. Hivale Education Society's Institute of Management Studies Career Development Research, Ahmednagar",,,,,,,,,,,,,,,,,,,,,,,,
,0511124110 - Master in Computer Application,,,,,,,,,,,,,,,,,,,,,,,,
,Status :, ,Un-Aided-Religious Minority - Christian,,,,,,,,,,,,,,,,,,,,,,
,Home University Seats,,,,,,,,,,,,,,,,,,,,,,,,
Home University Seats Allotted to Home University Candidates,,,,,,,,,,,,,,,,,,,,,,,,,
,GOPENH,,,,,,,,,,,,,,,,,,,,,,,,
9206,,,,,,,,,,,,,,,,,,,,,,,,,
Stage-I, ,,,,,,,,,,,,,,,,,,,,,,,,
(71.1549338),,,,,,,,,,,,,,,,,,,,,,,,,
,Other Than Home University Seats,,,,,,,,,,,,,,,,,,,,,,,,
Other Than Home University Seats Allotted to Other Than Home University Candidates,,,,,,,,,,,,,,,,,,,,,,,,,
,GOPENO,,,,,,,,,,,,,,,,,,,,,,,,
21763,,,,,,,,,,,,,,,,,,,,,,,,,
Stage-I, ,,,,,,,,,,,,,,,,,,,,,,,,
(21.0059952),,,,,,,,,,,,,,,,,,,,,,,,,
,State Level Seats,,,,,,,,,,,,,,,,,,,,,,,,
,TFWS,,,,,,,,,,,,,,,,,,,,,,,,
2825,,,,,,,,,,,,,,,,,,,,,,,,,
Stage-I, ,,,,,,,,,,,,,,,,,,,,,,,,
(90.9663786),,,,,,,,,,,,,,,,,,,,,,,,,
,Minority Seats : Minority Seats Allotted to Minority Candidates,,,,,,,,,,,,,,,,,,,,,,,,
,MI,,,,,,,,,,,,,,,,,,,,,,,,
11828,,,,,,,,,,,,,,,,,,,,,,,,,
Stage-I, ,,,,,,,,,,,,,,,,,,,,,,,,
(63.1574978),,,,,,,,,,,,,,,,,,,,,,,,,
,Legends :, ,"Legends: G-General, L-Ladies, S-State Level Seats ,PWD - Persons with Disabilities,DEF - Defence,PWDR :PWD Common Reserved Seat",,,,,,,,,,,,,,,,,,,,,,
"DEFR :Defense Common Reserved Seat ,* Maharashtra State Seats - Cut Off Indicates State General Merit No. ; Figures in bracket Indicates Merit Score",,,,,,,,,,,,,,,,,,,,,,,,,
,Page 118 of 265,,,,,,,,,,,,,,,,,,,,,,,,
GOVERNMENT OF MAHARASHTRA,,,,,,,,,,,,,,,,,,,,,,,,,
,"Directorate of Technical Education, Maharashtra State, Mumbai.",,,,,,,,,,,,,,,,,,,,,,,,
,Cut Off List for Maharashtra & Minority Seats of CAP Round-II for Admission to the First Year Post Graduate Technical Course in Master of Computer Applications (MCA) for the Academic Year 2025-26.,,,,,,,,,,,,,,,,,,,,,,,,
,"5111 - B. P. Hivale Education Society's Institute of Management Studies Career Development Research, Ahmednagar",,,,,,,,,,,,,,,,,,,,,,,,
,0511124110 - Master in Computer Application,,,,,,,,,,,,,,,,,,,,,,,,
,Status :, ,Un-Aided-Religious Minority - Christian,,,,,,,,,,,,,,,,,,,,,,
,Minority Seats : Minority Seats Allotted to Non Minority Candidates,,,,,,,,,,,,,,,,,,,,,,,,
,MI-MH,,,,,,,,,,,,,,,,,,,,,,,,
15347,,,,,,,,,,,,,,,,,,,,,,,,,
Stage-MI-MH, ,,,,,,,,,,,,,,,,,,,,,,,,
(49.3533426),,,,,,,,,,,,,,,,,,,,,,,,,
,Legends :, ,"Legends: G-General, L-Ladies, S-State Level Seats ,PWD - Persons with Disabilities,DEF - Defence,PWDR :PWD Common Reserved Seat",,,,,,,,,,,,,,,,,,,,,,
"DEFR :Defense Common Reserved Seat ,* Maharashtra State Seats - Cut Off Indicates State General Merit No. ; Figures in bracket Indicates Merit Score",,,,,,,,,,,,,,,,,,,,,,,,,
,Page 119 of 265,,,,,,,,,,,,,,,,,,,,,,,,
GOVERNMENT OF MAHARASHTRA,,,,,,,,,,,,,,,,,,,,,,,,,
,"Directorate of Technical Education, Maharashtra State, Mumbai.",,,,,,,,,,,,,,,,,,,,,,,,
,Cut Off List for Maharashtra & Minority Seats of CAP Round-II for Admission to the First Year Post Graduate Technical Course in Master of Computer Applications (MCA) for the Academic Year 2025-26.,,,,,,,,,,,,,,,,,,,,,,,,
,"5112 - Padmashree Dr. Vithalrao Vikhe Patil Foundation's Institute of Business Management & Rural Development, Ahmednagar",,,,,,,,,,,,,,,,,,,,,,,,
,0511224110 - Master in Computer Application,,,,,,,,,,,,,,,,,,,,,,,,
,Status :, ,Un-Aided,,,,,,,,,,,,,,,,,,,,,,
,Home University Seats,,,,,,,,,,,,,,,,,,,,,,,,
Home University Seats Allotted to Home University Candidates,,,,,,,,,,,,,,,,,,,,,,,,,
,GOPENH, ,GSTH, ,GNTCH, ,GOBCH, ,GSEBCH,,,,,,,,,,,,,,,,
7076,16539,9697,24035,,,,,,,,,,,,,,,,,,,,,,
Stage-I, ,,,,,,,,,,,,,,,,,,,,,,,,
(77.8251197),(44.5345198),(69.7143504),(9.7430286),,,,,,,,,,,,,,,,,,,,,,
10704,,,,,,,,,,,,,,,,,,,,,,,,,
,Stage-IV, ,,,,,,,,,,,,,,,,,,,,,,,
(67.3579428),,,,,,,,,,,,,,,,,,,,,,,,,
,Other Than Home University Seats,,,,,,,,,,,,,,,,,,,,,,,,
Other Than Home University Seats Allotted to Other Than Home University Candidates,,,,,,,,,,,,,,,,,,,,,,,,,
,GOPENO, ,GSTO, ,GOBCO, ,GSEBCO,,,,,,,,,,,,,,,,,,
20051,24976,24809,,,,,,,,,,,,,,,,,,,,,,,
Stage-I, ,,,,,,,,,,,,,,,,,,,,,,,,
(29.9046039),(4.067771),(4.302251),,,,,,,,,,,,,,,,,,,,,,,
20583,,,,,,,,,,,,,,,,,,,,,,,,,
,Stage-IV, ,,,,,,,,,,,,,,,,,,,,,,,
(27.2744425),,,,,,,,,,,,,,,,,,,,,,,,,
,Other Than Home University Seats Allotted to Home University Candidates,,,,,,,,,,,,,,,,,,,,,,,,
,GNTBO, ,GNTDO, ,GOBCO,,,,,,,,,,,,,,,,,,,,
21233,15566,11261,,,,,,,,,,,,,,,,,,,,,,,
Stage-I, ,,,,,,,,,,,,,,,,,,,,,,,,
(25.4779232),(49.3533426),(65.8578922),,,,,,,,,,,,,,,,,,,,,,,
,State Level Seats,,,,,,,,,,,,,,,,,,,,,,,,
,EWS,,,,,,,,,,,,,,,,,,,,,,,,
17913,,,,,,,,,,,,,,,,,,,,,,,,,
Stage-I, ,,,,,,,,,,,,,,,,,,,,,,,,
(39.3989669),,,,,,,,,,,,,,,,,,,,,,,,,
,Legends :, ,"Legends: G-General, L-Ladies, S-State Level Seats ,PWD - Persons with Disabilities,DEF - Defence,PWDR :PWD Common Reserved Seat",,,,,,,,,,,,,,,,,,,,,,
"DEFR :Defense Common Reserved Seat ,* Maharashtra State Seats - Cut Off Indicates State General Merit No. ; Figures in bracket Indicates Merit Score",,,,,,,,,,,,,,,,,,,,,,,,,
,Page 120 of 265,,,,,,,,,,,,,,,,,,,,,,,,
GOVERNMENT OF MAHARASHTRA,,,,,,,,,,,,,,,,,,,,,,,,,
,"Directorate of Technical Education, Maharashtra State, Mumbai.",,,,,,,,,,,,,,,,,,,,,,,,
,Cut Off List for Maharashtra & Minority Seats of CAP Round-II for Admission to the First Year Post Graduate Technical Course in Master of Computer Applications (MCA) for the Academic Year 2025-26.,,,,,,,,,,,,,,,,,,,,,,,,
,"5113 - Nashik District Maratha Vidya Prasarak Samaj's Institute of Management Research & Technology, Nashik",,,,,,,,,,,,,,,,,,,,,,,,
,0511324110 - Master in Computer Application,,,,,,,,,,,,,,,,,,,,,,,,
,Status :, ,Un-Aided,,,,,,,,,,,,,,,,,,,,,,
,Home University Seats,,,,,,,,,,,,,,,,,,,,,,,,
Home University Seats Allotted to Home University Candidates,,,,,,,,,,,,,,,,,,,,,,,,,
,GOPENH, ,GSCH, ,GSTH, ,GNTAH, ,GNTDH, ,GOBCH, ,GSEBCH, ,PWDOPENH,,,,,,,,,,
10921,18678,15363,,,,,,,,,,,,,,,,,,,,,,,
Stage-I, ,,,,,,,,,,,,,,,,,,,,,,,,
(65.8578922),(36.496736),(49.3533426),,,,,,,,,,,,,,,,,,,,,,,
17460,15712,17457,16624,,,,,,,,,,,,,,,,,,,,,,
,Stage-IV, ,,,,,,,,,,,,,,,,,,,,,,,
(41.4550394),(49.3533426),(41.4550394),(44.5345198),,,,,,,,,,,,,,,,,,,,,,
14310,,,,,,,,,,,,,,,,,,,,,,,,,
,I-Non PWD / DEF, ,,,,,,,,,,,,,,,,,,,,,,,
(53.942159),,,,,,,,,,,,,,,,,,,,,,,,,
,Home University Seats Allotted to Other Than Home University Candidates,,,,,,,,,,,,,,,,,,,,,,,,
,GNTCH,,,,,,,,,,,,,,,,,,,,,,,,
24879,,,,,,,,,,,,,,,,,,,,,,,,,
Stage-I, ,,,,,,,,,,,,,,,,,,,,,,,,
(4.067771),,,,,,,,,,,,,,,,,,,,,,,,,
,Other Than Home University Seats,,,,,,,,,,,,,,,,,,,,,,,,
Other Than Home University Seats Allotted to Other Than Home University Candidates,,,,,,,,,,,,,,,,,,,,,,,,,
,GOPENO, ,GSCO, ,GSTO, ,GOBCO, ,GSEBCO,,,,,,,,,,,,,,,,
14725,22991,14824,,,,,,,,,,,,,,,,,,,,,,,
Stage-I, ,,,,,,,,,,,,,,,,,,,,,,,,
(51.4093808),(15.5994113),(51.4093808),,,,,,,,,,,,,,,,,,,,,,,
16628,17308,,,,,,,,,,,,,,,,,,,,,,,,
,Stage-IV, ,,,,,,,,,,,,,,,,,,,,,,,
(44.5345198),(41.4550394),,,,,,,,,,,,,,,,,,,,,,,,
,Legends :, ,"Legends: G-General, L-Ladies, S-State Level Seats ,PWD - Persons with Disabilities,DEF - Defence,PWDR :PWD Common Reserved Seat",,,,,,,,,,,,,,,,,,,,,,
"DEFR :Defense Common Reserved Seat ,* Maharashtra State Seats - Cut Off Indicates State General Merit No. ; Figures in bracket Indicates Merit Score",,,,,,,,,,,,,,,,,,,,,,,,,
,Page 121 of 265,,,,,,,,,,,,,,,,,,,,,,,,
GOVERNMENT OF MAHARASHTRA,,,,,,,,,,,,,,,,,,,,,,,,,
,"Directorate of Technical Education, Maharashtra State, Mumbai.",,,,,,,,,,,,,,,,,,,,,,,,
,Cut Off List for Maharashtra & Minority Seats of CAP Round-II for Admission to the First Year Post Graduate Technical Course in Master of Computer Applications (MCA) for the Academic Year 2025-26.,,,,,,,,,,,,,,,,,,,,,,,,
,"5113 - Nashik District Maratha Vidya Prasarak Samaj's Institute of Management Research & Technology, Nashik",,,,,,,,,,,,,,,,,,,,,,,,
,0511324110 - Master in Computer Application,,,,,,,,,,,,,,,,,,,,,,,,
,Status :, ,Un-Aided,,,,,,,,,,,,,,,,,,,,,,
,State Level Seats,,,,,,,,,,,,,,,,,,,,,,,,
,EWS, ,TFWS,,,,,,,,,,,,,,,,,,,,,,
20797,11199,,,,,,,,,,,,,,,,,,,,,,,,
Stage-I, ,,,,,,,,,,,,,,,,,,,,,,,,
(25.4779232),(65.8578922),,,,,,,,,,,,,,,,,,,,,,,,
,Legends :, ,"Legends: G-General, L-Ladies, S-State Level Seats ,PWD - Persons with Disabilities,DEF - Defence,PWDR :PWD Common Reserved Seat",,,,,,,,,,,,,,,,,,,,,,
"DEFR :Defense Common Reserved Seat ,* Maharashtra State Seats - Cut Off Indicates State General Merit No. ; Figures in bracket Indicates Merit Score",,,,,,,,,,,,,,,,,,,,,,,,,
,Page 122 of 265,,,,,,,,,,,,,,,,,,,,,,,,
GOVERNMENT OF MAHARASHTRA,,,,,,,,,,,,,,,,,,,,,,,,,
,"Directorate of Technical Education, Maharashtra State, Mumbai.",,,,,,,,,,,,,,,,,,,,,,,,
,Cut Off List for Maharashtra & Minority Seats of CAP Round-II for Admission to the First Year Post Graduate Technical Course in Master of Computer Applications (MCA) for the Academic Year 2025-26.,,,,,,,,,,,,,,,,,,,,,,,,
,5117 - Pirens Institute Of Business Management And Administration (IBMA) Loni (BK),,,,,,,,,,,,,,,,,,,,,,,,
,0511724110 - Master in Computer Application,,,,,,,,,,,,,,,,,,,,,,,,
,Status :, ,Un-Aided,,,,,,,,,,,,,,,,,,,,,,
,Home University Seats,,,,,,,,,,,,,,,,,,,,,,,,
Home University Seats Allotted to Home University Candidates,,,,,,,,,,,,,,,,,,,,,,,,,
,GOPENH, ,GSCH, ,GSTH, ,GNTBH, ,GNTDH, ,GOBCH, ,GSEBCH, ,PWDOPENH,,,,,,,,,,
8690,20943,24076,22826,16277,,,,,,,,,,,,,,,,,,,,,
Stage-I, ,,,,,,,,,,,,,,,,,,,,,,,,
(73.5368477),(25.4779232),(9.7430286),(15.5994113),(46.3793819),,,,,,,,,,,,,,,,,,,,,
16598,16689,14276,16281,,,,,,,,,,,,,,,,,,,,,,
,Stage-IV, ,,,,,,,,,,,,,,,,,,,,,,,
(44.5345198),(44.5345198),(53.942159),(46.3793819),,,,,,,,,,,,,,,,,,,,,,
12413,,,,,,,,,,,,,,,,,,,,,,,,,
,I-Non PWD / DEF, ,,,,,,,,,,,,,,,,,,,,,,,
(61.2807064),,,,,,,,,,,,,,,,,,,,,,,,,
,Other Than Home University Seats,,,,,,,,,,,,,,,,,,,,,,,,
Other Than Home University Seats Allotted to Other Than Home University Candidates,,,,,,,,,,,,,,,,,,,,,,,,,
,GOPENO, ,GSEBCO,,,,,,,,,,,,,,,,,,,,,,
23322,,,,,,,,,,,,,,,,,,,,,,,,,
Stage-I, ,,,,,,,,,,,,,,,,,,,,,,,,
(13.5402134),,,,,,,,,,,,,,,,,,,,,,,,,
24279,,,,,,,,,,,,,,,,,,,,,,,,,
,Stage-IV, ,,,,,,,,,,,,,,,,,,,,,,,
(7.9446476),,,,,,,,,,,,,,,,,,,,,,,,,
,Other Than Home University Seats Allotted to Home University Candidates,,,,,,,,,,,,,,,,,,,,,,,,
,GSCO, ,GSTO, ,GNTBO, ,GNTCO, ,GOBCO, ,GSEBCO,,,,,,,,,,,,,,
17173,17277,17390,17363,,,,,,,,,,,,,,,,,,,,,,
Stage-IV, ,,,,,,,,,,,,,,,,,,,,,,,,
(41.4550394),(41.4550394),(41.4550394),(41.4550394),,,,,,,,,,,,,,,,,,,,,,
21179,16651,,,,,,,,,,,,,,,,,,,,,,,,
,Stage-I, ,,,,,,,,,,,,,,,,,,,,,,,
(25.4779232),(44.5345198),,,,,,,,,,,,,,,,,,,,,,,,
,Legends :, ,"Legends: G-General, L-Ladies, S-State Level Seats ,PWD - Persons with Disabilities,DEF - Defence,PWDR :PWD Common Reserved Seat",,,,,,,,,,,,,,,,,,,,,,
"DEFR :Defense Common Reserved Seat ,* Maharashtra State Seats - Cut Off Indicates State General Merit No. ; Figures in bracket Indicates Merit Score",,,,,,,,,,,,,,,,,,,,,,,,,
,Page 123 of 265,,,,,,,,,,,,,,,,,,,,,,,,
GOVERNMENT OF MAHARASHTRA,,,,,,,,,,,,,,,,,,,,,,,,,
,"Directorate of Technical Education, Maharashtra State, Mumbai.",,,,,,,,,,,,,,,,,,,,,,,,
,Cut Off List for Maharashtra & Minority Seats of CAP Round-II for Admission to the First Year Post Graduate Technical Course in Master of Computer Applications (MCA) for the Academic Year 2025-26.,,,,,,,,,,,,,,,,,,,,,,,,
,5117 - Pirens Institute Of Business Management And Administration (IBMA) Loni (BK),,,,,,,,,,,,,,,,,,,,,,,,
,0511724110 - Master in Computer Application,,,,,,,,,,,,,,,,,,,,,,,,
,Status :, ,Un-Aided,,,,,,,,,,,,,,,,,,,,,,
,State Level Seats,,,,,,,,,,,,,,,,,,,,,,,,
,TFWS,,,,,,,,,,,,,,,,,,,,,,,,
5335,,,,,,,,,,,,,,,,,,,,,,,,,
Stage-I, ,,,,,,,,,,,,,,,,,,,,,,,,
(82.9644433),,,,,,,,,,,,,,,,,,,,,,,,,
,Legends :, ,"Legends: G-General, L-Ladies, S-State Level Seats ,PWD - Persons with Disabilities,DEF - Defence,PWDR :PWD Common Reserved Seat",,,,,,,,,,,,,,,,,,,,,,
"DEFR :Defense Common Reserved Seat ,* Maharashtra State Seats - Cut Off Indicates State General Merit No. ; Figures in bracket Indicates Merit Score",,,,,,,,,,,,,,,,,,,,,,,,,
,Page 124 of 265,,,,,,,,,,,,,,,,,,,,,,,,
GOVERNMENT OF MAHARASHTRA,,,,,,,,,,,,,,,,,,,,,,,,,
,"Directorate of Technical Education, Maharashtra State, Mumbai.",,,,,,,,,,,,,,,,,,,,,,,,
,Cut Off List for Maharashtra & Minority Seats of CAP Round-II for Admission to the First Year Post Graduate Technical Course in Master of Computer Applications (MCA) for the Academic Year 2025-26.,,,,,,,,,,,,,,,,,,,,,,,,
,"5119 - C.H.M.E. Society's Dr. Moonje Institute for Management & Computer Studies, Nashik",,,,,,,,,,,,,,,,,,,,,,,,
,0511924110 - Master in Computer Application,,,,,,,,,,,,,,,,,,,,,,,,
,Status :, ,Un-Aided,,,,,,,,,,,,,,,,,,,,,,
,Home University Seats,,,,,,,,,,,,,,,,,,,,,,,,
Home University Seats Allotted to Home University Candidates,,,,,,,,,,,,,,,,,,,,,,,,,
,GOPENH, ,GSCH, ,GSTH, ,GOBCH, ,GSEBCH,,,,,,,,,,,,,,,,
11027,17333,22035,13131,16707,,,,,,,,,,,,,,,,,,,,,
Stage-I, ,,,,,,,,,,,,,,,,,,,,,,,,
(65.8578922),(41.4550394),(21.0059952),(58.7911466),(44.5345198),,,,,,,,,,,,,,,,,,,,,
13704,,,,,,,,,,,,,,,,,,,,,,,,,
,Stage-IV, ,,,,,,,,,,,,,,,,,,,,,,,
(56.5488095),,,,,,,,,,,,,,,,,,,,,,,,,
,Other Than Home University Seats,,,,,,,,,,,,,,,,,,,,,,,,
Other Than Home University Seats Allotted to Other Than Home University Candidates,,,,,,,,,,,,,,,,,,,,,,,,,
,GOPENO, ,GSCO, ,GNTAO, ,GOBCO, ,GSEBCO,,,,,,,,,,,,,,,,
16486,20897,16658,,,,,,,,,,,,,,,,,,,,,,,
Stage-I, ,,,,,,,,,,,,,,,,,,,,,,,,
(44.5345198),(25.4779232),(44.5345198),,,,,,,,,,,,,,,,,,,,,,,
17253,17497,,,,,,,,,,,,,,,,,,,,,,,,
,Stage-IV, ,,,,,,,,,,,,,,,,,,,,,,,
(41.4550394),(41.4550394),,,,,,,,,,,,,,,,,,,,,,,,
,Legends :, ,"Legends: G-General, L-Ladies, S-State Level Seats ,PWD - Persons with Disabilities,DEF - Defence,PWDR :PWD Common Reserved Seat",,,,,,,,,,,,,,,,,,,,,,
"DEFR :Defense Common Reserved Seat ,* Maharashtra State Seats - Cut Off Indicates State General Merit No. ; Figures in bracket Indicates Merit Score",,,,,,,,,,,,,,,,,,,,,,,,,
,Page 125 of 265,,,,,,,,,,,,,,,,,,,,,,,,
GOVERNMENT OF MAHARASHTRA,,,,,,,,,,,,,,,,,,,,,,,,,
,"Directorate of Technical Education, Maharashtra State, Mumbai.",,,,,,,,,,,,,,,,,,,,,,,,
,Cut Off List for Maharashtra & Minority Seats of CAP Round-II for Admission to the First Year Post Graduate Technical Course in Master of Computer Applications (MCA) for the Academic Year 2025-26.,,,,,,,,,,,,,,,,,,,,,,,,
,"5120 - MET's Institute of Management, Adgaon, Nashik",,,,,,,,,,,,,,,,,,,,,,,,
,0512024110 - Master in Computer Application,,,,,,,,,,,,,,,,,,,,,,,,
,Status :, ,Un-Aided,,,,,,,,,,,,,,,,,,,,,,
,Home University Seats,,,,,,,,,,,,,,,,,,,,,,,,
Home University Seats Allotted to Home University Candidates,,,,,,,,,,,,,,,,,,,,,,,,,
,GOPENH, ,GSCH, ,GSTH, ,GNTAH, ,GOBCH, ,PWDOPENH,,,,,,,,,,,,,,
8117,23104,10080,,,,,,,,,,,,,,,,,,,,,,,
Stage-I, ,,,,,,,,,,,,,,,,,,,,,,,,
(74.782248),(15.5994113),(69.7143504),,,,,,,,,,,,,,,,,,,,,,,
10494,10620,,,,,,,,,,,,,,,,,,,,,,,,
,Stage-IV, ,,,,,,,,,,,,,,,,,,,,,,,
(67.3579428),(67.3579428),,,,,,,,,,,,,,,,,,,,,,,,
9345,,,,,,,,,,,,,,,,,,,,,,,,,
,I-Non PWD / DEF, ,,,,,,,,,,,,,,,,,,,,,,,
(71.1549338),,,,,,,,,,,,,,,,,,,,,,,,,
,Home University Seats Allotted to Other Than Home University Candidates,,,,,,,,,,,,,,,,,,,,,,,,
,GSEBCH,,,,,,,,,,,,,,,,,,,,,,,,
18202,,,,,,,,,,,,,,,,,,,,,,,,,
Stage-I, ,,,,,,,,,,,,,,,,,,,,,,,,
(39.3989669),,,,,,,,,,,,,,,,,,,,,,,,,
,Other Than Home University Seats,,,,,,,,,,,,,,,,,,,,,,,,
Other Than Home University Seats Allotted to Other Than Home University Candidates,,,,,,,,,,,,,,,,,,,,,,,,,
,GOPENO, ,GSTO, ,GOBCO,,,,,,,,,,,,,,,,,,,,
1996,24167,7160,,,,,,,,,,,,,,,,,,,,,,,
Stage-I, ,,,,,,,,,,,,,,,,,,,,,,,,
(93.5511867),(7.9446476),(77.8251197),,,,,,,,,,,,,,,,,,,,,,,
,State Level Seats,,,,,,,,,,,,,,,,,,,,,,,,
,EWS, ,TFWS,,,,,,,,,,,,,,,,,,,,,,
15621,5086,,,,,,,,,,,,,,,,,,,,,,,,
Stage-I, ,,,,,,,,,,,,,,,,,,,,,,,,
(49.3533426),(85.2118788),,,,,,,,,,,,,,,,,,,,,,,,
,Legends :, ,"Legends: G-General, L-Ladies, S-State Level Seats ,PWD - Persons with Disabilities,DEF - Defence,PWDR :PWD Common Reserved Seat",,,,,,,,,,,,,,,,,,,,,,
"DEFR :Defense Common Reserved Seat ,* Maharashtra State Seats - Cut Off Indicates State General Merit No. ; Figures in bracket Indicates Merit Score",,,,,,,,,,,,,,,,,,,,,,,,,
,Page 126 of 265,,,,,,,,,,,,,,,,,,,,,,,,
GOVERNMENT OF MAHARASHTRA,,,,,,,,,,,,,,,,,,,,,,,,,
,"Directorate of Technical Education, Maharashtra State, Mumbai.",,,,,,,,,,,,,,,,,,,,,,,,
,Cut Off List for Maharashtra & Minority Seats of CAP Round-II for Admission to the First Year Post Graduate Technical Course in Master of Computer Applications (MCA) for the Academic Year 2025-26.,,,,,,,,,,,,,,,,,,,,,,,,
,"5121 - K. K. Wagh Institute of Engineering Education and Research, Nashik",,,,,,,,,,,,,,,,,,,,,,,,
,0512124110 - Master in Computer Application,,,,,,,,,,,,,,,,,,,,,,,,
,Status :, ,Un-Aided-Autonomous,,,,,,,,,,,,,,,,,,,,,,
,Home University Seats,,,,,,,,,,,,,,,,,,,,,,,,
Home University Seats Allotted to Home University Candidates,,,,,,,,,,,,,,,,,,,,,,,,,
,GOPENH, ,GOBCH, ,GSEBCH, ,PWDOPENH,,,,,,,,,,,,,,,,,,
1769,3449,7308,,,,,,,,,,,,,,,,,,,,,,,
Stage-I, ,,,,,,,,,,,,,,,,,,,,,,,,
(94.4270578),(89.1966341),(77.8251197),,,,,,,,,,,,,,,,,,,,,,,
4231,,,,,,,,,,,,,,,,,,,,,,,,,
,I-Non PWD / DEF, ,,,,,,,,,,,,,,,,,,,,,,,
(87.2080299),,,,,,,,,,,,,,,,,,,,,,,,,
,Other Than Home University Seats,,,,,,,,,,,,,,,,,,,,,,,,
Other Than Home University Seats Allotted to Other Than Home University Candidates,,,,,,,,,,,,,,,,,,,,,,,,,
,GOPENO, ,GSCO, ,GSTO, ,GNTAO, ,GOBCO,,,,,,,,,,,,,,,,
3527,9102,15970,11997,4012,,,,,,,,,,,,,,,,,,,,,
Stage-I, ,,,,,,,,,,,,,,,,,,,,,,,,
(89.1966341),(71.1549338),(46.3793819),(63.1574978),(87.3496474),,,,,,,,,,,,,,,,,,,,,
,State Level Seats,,,,,,,,,,,,,,,,,,,,,,,,
,EWS,,,,,,,,,,,,,,,,,,,,,,,,
5998,,,,,,,,,,,,,,,,,,,,,,,,,
Stage-I, ,,,,,,,,,,,,,,,,,,,,,,,,
(82.8308366),,,,,,,,,,,,,,,,,,,,,,,,,
,Legends :, ,"Legends: G-General, L-Ladies, S-State Level Seats ,PWD - Persons with Disabilities,DEF - Defence,PWDR :PWD Common Reserved Seat",,,,,,,,,,,,,,,,,,,,,,
"DEFR :Defense Common Reserved Seat ,* Maharashtra State Seats - Cut Off Indicates State General Merit No. ; Figures in bracket Indicates Merit Score",,,,,,,,,,,,,,,,,,,,,,,,,
,Page 127 of 265,,,,,,,,,,,,,,,,,,,,,,,,
GOVERNMENT OF MAHARASHTRA,,,,,,,,,,,,,,,,,,,,,,,,,
,"Directorate of Technical Education, Maharashtra State, Mumbai.",,,,,,,,,,,,,,,,,,,,,,,,
,Cut Off List for Maharashtra & Minority Seats of CAP Round-II for Admission to the First Year Post Graduate Technical Course in Master of Computer Applications (MCA) for the Academic Year 2025-26.,,,,,,,,,,,,,,,,,,,,,,,,
,"5124 - Jagadamba Education Soc. Nashik's S.N.D. College of Engineering & Reserch, Babulgaon",,,,,,,,,,,,,,,,,,,,,,,,
,0512424210 - Master of Computer Applications,,,,,,,,,,,,,,,,,,,,,,,,
,Status :, ,Un-Aided,,,,,,,,,,,,,,,,,,,,,,
,Home University Seats,,,,,,,,,,,,,,,,,,,,,,,,
Home University Seats Allotted to Home University Candidates,,,,,,,,,,,,,,,,,,,,,,,,,
,GOPENH, ,GSCH, ,GSTH, ,GNTAH, ,GNTBH, ,GNTDH, ,GOBCH, ,GSEBCH, ,PWDOPENH,,,,,,,,
15502,25382,17295,,,,,,,,,,,,,,,,,,,,,,,
Stage-I, ,,,,,,,,,,,,,,,,,,,,,,,,
(49.3533426),(0.8905324),(41.4550394),,,,,,,,,,,,,,,,,,,,,,,
18795,19083,17599,17644,19505,,,,,,,,,,,,,,,,,,,,,
,Stage-IV, ,,,,,,,,,,,,,,,,,,,,,,,
(36.496736),(34.5198145),(41.4550394),(41.4550394),(31.6629561),,,,,,,,,,,,,,,,,,,,,
16479,,,,,,,,,,,,,,,,,,,,,,,,,
,I-Non PWD / DEF, ,,,,,,,,,,,,,,,,,,,,,,,
(44.5345198),,,,,,,,,,,,,,,,,,,,,,,,,
,Other Than Home University Seats,,,,,,,,,,,,,,,,,,,,,,,,
Other Than Home University Seats Allotted to Other Than Home University Candidates,,,,,,,,,,,,,,,,,,,,,,,,,
,GOPENO, ,GSCO, ,GSTO, ,GNTBO, ,GSEBCO,,,,,,,,,,,,,,,,
13280,17239,,,,,,,,,,,,,,,,,,,,,,,,
Stage-I, ,,,,,,,,,,,,,,,,,,,,,,,,
(58.7911466),(41.4550394),,,,,,,,,,,,,,,,,,,,,,,,
16215,14954,14974,15477,,,,,,,,,,,,,,,,,,,,,,
,Stage-IV, ,,,,,,,,,,,,,,,,,,,,,,,
(46.3793819),(51.4093808),(51.4093808),(49.3533426),,,,,,,,,,,,,,,,,,,,,,
,State Level Seats,,,,,,,,,,,,,,,,,,,,,,,,
,TFWS,,,,,,,,,,,,,,,,,,,,,,,,
6721,,,,,,,,,,,,,,,,,,,,,,,,,
Stage-I, ,,,,,,,,,,,,,,,,,,,,,,,,
(79.9969812),,,,,,,,,,,,,,,,,,,,,,,,,
,Legends :, ,"Legends: G-General, L-Ladies, S-State Level Seats ,PWD - Persons with Disabilities,DEF - Defence,PWDR :PWD Common Reserved Seat",,,,,,,,,,,,,,,,,,,,,,
"DEFR :Defense Common Reserved Seat ,* Maharashtra State Seats - Cut Off Indicates State General Merit No. ; Figures in bracket Indicates Merit Score",,,,,,,,,,,,,,,,,,,,,,,,,
,Page 128 of 265,,,,,,,,,,,,,,,,,,,,,,,,
GOVERNMENT OF MAHARASHTRA,,,,,,,,,,,,,,,,,,,,,,,,,
,"Directorate of Technical Education, Maharashtra State, Mumbai.",,,,,,,,,,,,,,,,,,,,,,,,
,Cut Off List for Maharashtra & Minority Seats of CAP Round-II for Admission to the First Year Post Graduate Technical Course in Master of Computer Applications (MCA) for the Academic Year 2025-26.,,,,,,,,,,,,,,,,,,,,,,,,
,"5131 - C.H.M.E. Society's Dr. Moonje Institute of Management & Information Technology, Nashik",,,,,,,,,,,,,,,,,,,,,,,,
,0513124110 - Master in Computer Application,,,,,,,,,,,,,,,,,,,,,,,,
,Status :, ,Un-Aided,,,,,,,,,,,,,,,,,,,,,,
,Home University Seats,,,,,,,,,,,,,,,,,,,,,,,,
Home University Seats Allotted to Home University Candidates,,,,,,,,,,,,,,,,,,,,,,,,,
,GOPENH, ,GSCH, ,GNTAH, ,GNTCH, ,GOBCH, ,GSEBCH, ,PWDOPENH,,,,,,,,,,,,
13828,23231,17503,16512,,,,,,,,,,,,,,,,,,,,,,
Stage-I, ,,,,,,,,,,,,,,,,,,,,,,,,
(56.5488095),(13.5402134),(41.4550394),(44.5345198),,,,,,,,,,,,,,,,,,,,,,
16748,16767,16605,16664,,,,,,,,,,,,,,,,,,,,,,
,Stage-IV, ,,,,,,,,,,,,,,,,,,,,,,,
(44.5345198),(44.5345198),(44.5345198),(44.5345198),,,,,,,,,,,,,,,,,,,,,,
14949,,,,,,,,,,,,,,,,,,,,,,,,,
,I-Non PWD / DEF, ,,,,,,,,,,,,,,,,,,,,,,,
(51.4093808),,,,,,,,,,,,,,,,,,,,,,,,,
,Other Than Home University Seats,,,,,,,,,,,,,,,,,,,,,,,,
Other Than Home University Seats Allotted to Other Than Home University Candidates,,,,,,,,,,,,,,,,,,,,,,,,,
,GOPENO, ,GSCO, ,GNTAO, ,GNTCO, ,GOBCO, ,GSEBCO,,,,,,,,,,,,,,
16545,17758,,,,,,,,,,,,,,,,,,,,,,,,
Stage-I, ,,,,,,,,,,,,,,,,,,,,,,,,
(44.5345198),(39.3989669),,,,,,,,,,,,,,,,,,,,,,,,
17857,16777,17889,18042,,,,,,,,,,,,,,,,,,,,,,
,Stage-IV, ,,,,,,,,,,,,,,,,,,,,,,,
(39.3989669),(44.5345198),(39.3989669),(39.3989669),,,,,,,,,,,,,,,,,,,,,,
,Legends :, ,"Legends: G-General, L-Ladies, S-State Level Seats ,PWD - Persons with Disabilities,DEF - Defence,PWDR :PWD Common Reserved Seat",,,,,,,,,,,,,,,,,,,,,,
"DEFR :Defense Common Reserved Seat ,* Maharashtra State Seats - Cut Off Indicates State General Merit No. ; Figures in bracket Indicates Merit Score",,,,,,,,,,,,,,,,,,,,,,,,,
,Page 129 of 265,,,,,,,,,,,,,,,,,,,,,,,,
GOVERNMENT OF MAHARASHTRA,,,,,,,,,,,,,,,,,,,,,,,,,
,"Directorate of Technical Education, Maharashtra State, Mumbai.",,,,,,,,,,,,,,,,,,,,,,,,
,Cut Off List for Maharashtra & Minority Seats of CAP Round-II for Admission to the First Year Post Graduate Technical Course in Master of Computer Applications (MCA) for the Academic Year 2025-26.,,,,,,,,,,,,,,,,,,,,,,,,
,"5150 - R.C. Patel Educational Trust, Institute of Management Reasearch & Development, Shirpur",,,,,,,,,,,,,,,,,,,,,,,,
,0515024110 - Master in Computer Application,,,,,,,,,,,,,,,,,,,,,,,,
,Status :, ,Un-Aided-Linguistic Minority - Gujarathi,,,,,,,,,,,,,,,,,,,,,,
,Home University Seats,,,,,,,,,,,,,,,,,,,,,,,,
Home University Seats Allotted to Home University Candidates,,,,,,,,,,,,,,,,,,,,,,,,,
,GOPENH,,,,,,,,,,,,,,,,,,,,,,,,
7301,,,,,,,,,,,,,,,,,,,,,,,,,
Stage-I, ,,,,,,,,,,,,,,,,,,,,,,,,
(77.8251197),,,,,,,,,,,,,,,,,,,,,,,,,
,Other Than Home University Seats,,,,,,,,,,,,,,,,,,,,,,,,
Other Than Home University Seats Allotted to Other Than Home University Candidates,,,,,,,,,,,,,,,,,,,,,,,,,
,GOPENO,,,,,,,,,,,,,,,,,,,,,,,,
17257,,,,,,,,,,,,,,,,,,,,,,,,,
Stage-I, ,,,,,,,,,,,,,,,,,,,,,,,,
(41.4550394),,,,,,,,,,,,,,,,,,,,,,,,,
,Minority Seats : Minority Seats Allotted to Non Minority Candidates,,,,,,,,,,,,,,,,,,,,,,,,
,MI-MH,,,,,,,,,,,,,,,,,,,,,,,,
13342,,,,,,,,,,,,,,,,,,,,,,,,,
Stage-MI-MH, ,,,,,,,,,,,,,,,,,,,,,,,,
(58.7911466),,,,,,,,,,,,,,,,,,,,,,,,,
,Legends :, ,"Legends: G-General, L-Ladies, S-State Level Seats ,PWD - Persons with Disabilities,DEF - Defence,PWDR :PWD Common Reserved Seat",,,,,,,,,,,,,,,,,,,,,,
"DEFR :Defense Common Reserved Seat ,* Maharashtra State Seats - Cut Off Indicates State General Merit No. ; Figures in bracket Indicates Merit Score",,,,,,,,,,,,,,,,,,,,,,,,,
,Page 130 of 265,,,,,,,,,,,,,,,,,,,,,,,,
GOVERNMENT OF MAHARASHTRA,,,,,,,,,,,,,,,,,,,,,,,,,
,"Directorate of Technical Education, Maharashtra State, Mumbai.",,,,,,,,,,,,,,,,,,,,,,,,
,Cut Off List for Maharashtra & Minority Seats of CAP Round-II for Admission to the First Year Post Graduate Technical Course in Master of Computer Applications (MCA) for the Academic Year 2025-26.,,,,,,,,,,,,,,,,,,,,,,,,
,"5151 - MET Bhujbal Knowledge City MET League's Engineering College, Adgaon, Nashik.",,,,,,,,,,,,,,,,,,,,,,,,
,0515124110 - Master in Computer Application,,,,,,,,,,,,,,,,,,,,,,,,
,Status :, ,Un-Aided,,,,,,,,,,,,,,,,,,,,,,
,Home University Seats,,,,,,,,,,,,,,,,,,,,,,,,
Home University Seats Allotted to Home University Candidates,,,,,,,,,,,,,,,,,,,,,,,,,
,GOPENH, ,GSCH, ,GNTDH, ,GOBCH, ,GSEBCH, ,PWDOPENH,,,,,,,,,,,,,,
2860,12032,10716,5401,12483,,,,,,,,,,,,,,,,,,,,,
Stage-I, ,,,,,,,,,,,,,,,,,,,,,,,,
(90.9663786),(63.1574978),(67.3579428),(82.9644433),(61.2807064),,,,,,,,,,,,,,,,,,,,,
3232,,,,,,,,,,,,,,,,,,,,,,,,,
,I-Non PWD / DEF, ,,,,,,,,,,,,,,,,,,,,,,,
(90.7733494),,,,,,,,,,,,,,,,,,,,,,,,,
,Other Than Home University Seats,,,,,,,,,,,,,,,,,,,,,,,,
Other Than Home University Seats Allotted to Other Than Home University Candidates,,,,,,,,,,,,,,,,,,,,,,,,,
,GOPENO, ,GSCO, ,GSTO, ,GOBCO, ,GSEBCO,,,,,,,,,,,,,,,,
2933,9739,16165,3383,14132,,,,,,,,,,,,,,,,,,,,,
Stage-I, ,,,,,,,,,,,,,,,,,,,,,,,,
(90.9663786),(69.7143504),(46.3793819),(89.1966341),(53.942159),,,,,,,,,,,,,,,,,,,,,
,State Level Seats,,,,,,,,,,,,,,,,,,,,,,,,
,TFWS,,,,,,,,,,,,,,,,,,,,,,,,
2202,,,,,,,,,,,,,,,,,,,,,,,,,
Stage-I, ,,,,,,,,,,,,,,,,,,,,,,,,
(93.405226),,,,,,,,,,,,,,,,,,,,,,,,,
,Legends :, ,"Legends: G-General, L-Ladies, S-State Level Seats ,PWD - Persons with Disabilities,DEF - Defence,PWDR :PWD Common Reserved Seat",,,,,,,,,,,,,,,,,,,,,,
"DEFR :Defense Common Reserved Seat ,* Maharashtra State Seats - Cut Off Indicates State General Merit No. ; Figures in bracket Indicates Merit Score",,,,,,,,,,,,,,,,,,,,,,,,,
,Page 131 of 265,,,,,,,,,,,,,,,,,,,,,,,,
GOVERNMENT OF MAHARASHTRA,,,,,,,,,,,,,,,,,,,,,,,,,
,"Directorate of Technical Education, Maharashtra State, Mumbai.",,,,,,,,,,,,,,,,,,,,,,,,
,Cut Off List for Maharashtra & Minority Seats of CAP Round-II for Admission to the First Year Post Graduate Technical Course in Master of Computer Applications (MCA) for the Academic Year 2025-26.,,,,,,,,,,,,,,,,,,,,,,,,
,"5152 - G H Raisoni College of Engineering and Management, Jalgaon",,,,,,,,,,,,,,,,,,,,,,,,
,0515224110 - Master in Computer Application,,,,,,,,,,,,,,,,,,,,,,,,
,Status :, ,Un-Aided-Autonomous-Linguistic Minority - Hindi,,,,,,,,,,,,,,,,,,,,,,
,Home University Seats,,,,,,,,,,,,,,,,,,,,,,,,
Home University Seats Allotted to Home University Candidates,,,,,,,,,,,,,,,,,,,,,,,,,
,GOPENH,,,,,,,,,,,,,,,,,,,,,,,,
12185,,,,,,,,,,,,,,,,,,,,,,,,,
Stage-I, ,,,,,,,,,,,,,,,,,,,,,,,,
(61.2807064),,,,,,,,,,,,,,,,,,,,,,,,,
,Other Than Home University Seats,,,,,,,,,,,,,,,,,,,,,,,,
Other Than Home University Seats Allotted to Other Than Home University Candidates,,,,,,,,,,,,,,,,,,,,,,,,,
,GOPENO,,,,,,,,,,,,,,,,,,,,,,,,
15560,,,,,,,,,,,,,,,,,,,,,,,,,
Stage-I, ,,,,,,,,,,,,,,,,,,,,,,,,
(49.3533426),,,,,,,,,,,,,,,,,,,,,,,,,
,State Level Seats,,,,,,,,,,,,,,,,,,,,,,,,
,TFWS,,,,,,,,,,,,,,,,,,,,,,,,
1712,,,,,,,,,,,,,,,,,,,,,,,,,
Stage-I, ,,,,,,,,,,,,,,,,,,,,,,,,
(94.4270578),,,,,,,,,,,,,,,,,,,,,,,,,
,Minority Seats : Minority Seats Allotted to Non Minority Candidates,,,,,,,,,,,,,,,,,,,,,,,,
,MI-MH,,,,,,,,,,,,,,,,,,,,,,,,
18443,,,,,,,,,,,,,,,,,,,,,,,,,
Stage-MI-MH, ,,,,,,,,,,,,,,,,,,,,,,,,
(36.496736),,,,,,,,,,,,,,,,,,,,,,,,,
,Legends :, ,"Legends: G-General, L-Ladies, S-State Level Seats ,PWD - Persons with Disabilities,DEF - Defence,PWDR :PWD Common Reserved Seat",,,,,,,,,,,,,,,,,,,,,,
"DEFR :Defense Common Reserved Seat ,* Maharashtra State Seats - Cut Off Indicates State General Merit No. ; Figures in bracket Indicates Merit Score",,,,,,,,,,,,,,,,,,,,,,,,,
,Page 132 of 265,,,,,,,,,,,,,,,,,,,,,,,,
GOVERNMENT OF MAHARASHTRA,,,,,,,,,,,,,,,,,,,,,,,,,
,"Directorate of Technical Education, Maharashtra State, Mumbai.",,,,,,,,,,,,,,,,,,,,,,,,
,Cut Off List for Maharashtra & Minority Seats of CAP Round-II for Admission to the First Year Post Graduate Technical Course in Master of Computer Applications (MCA) for the Academic Year 2025-26.,,,,,,,,,,,,,,,,,,,,,,,,
,"5153 - West Khandesh Bhagini Seva Mandal's Dr. Suryakanta R. Ajmera M.C.A. College for Women, Dhule",,,,,,,,,,,,,,,,,,,,,,,,
,0515324150F - Master in Computer Application,,,,,,,,,,,,,,,,,,,,,,,,
,Status :, ,Un-Aided-Linguistic Minority - Hindi,,,,,,,,,,,,,,,,,,,,,,
,State Level Seats,,,,,,,,,,,,,,,,,,,,,,,,
,GOPENS,,,,,,,,,,,,,,,,,,,,,,,,
13519,,,,,,,,,,,,,,,,,,,,,,,,,
Stage-I, ,,,,,,,,,,,,,,,,,,,,,,,,
(56.5488095),,,,,,,,,,,,,,,,,,,,,,,,,
,Minority Seats : Minority Seats Allotted to Non Minority Candidates,,,,,,,,,,,,,,,,,,,,,,,,
,MI-MH,,,,,,,,,,,,,,,,,,,,,,,,
19067,,,,,,,,,,,,,,,,,,,,,,,,,
Stage-MI-MH, ,,,,,,,,,,,,,,,,,,,,,,,,
(34.5198145),,,,,,,,,,,,,,,,,,,,,,,,,
,Legends :, ,"Legends: G-General, L-Ladies, S-State Level Seats ,PWD - Persons with Disabilities,DEF - Defence,PWDR :PWD Common Reserved Seat",,,,,,,,,,,,,,,,,,,,,,
"DEFR :Defense Common Reserved Seat ,* Maharashtra State Seats - Cut Off Indicates State General Merit No. ; Figures in bracket Indicates Merit Score",,,,,,,,,,,,,,,,,,,,,,,,,
,Page 133 of 265,,,,,,,,,,,,,,,,,,,,,,,,
GOVERNMENT OF MAHARASHTRA,,,,,,,,,,,,,,,,,,,,,,,,,
,"Directorate of Technical Education, Maharashtra State, Mumbai.",,,,,,,,,,,,,,,,,,,,,,,,
,Cut Off List for Maharashtra & Minority Seats of CAP Round-II for Admission to the First Year Post Graduate Technical Course in Master of Computer Applications (MCA) for the Academic Year 2025-26.,,,,,,,,,,,,,,,,,,,,,,,,
,"5170 - Hindi Seva Mandal's Shri Sant Gadgebaba College of Engineering & Technology, Bhusawal",,,,,,,,,,,,,,,,,,,,,,,,
,0517024110 - Master in Computer Application,,,,,,,,,,,,,,,,,,,,,,,,
,Status :, ,Un-Aided-Autonomous-Linguistic Minority - Hindi,,,,,,,,,,,,,,,,,,,,,,
,Other Than Home University Seats,,,,,,,,,,,,,,,,,,,,,,,,
Other Than Home University Seats Allotted to Other Than Home University Candidates,,,,,,,,,,,,,,,,,,,,,,,,,
,GOPENO,,,,,,,,,,,,,,,,,,,,,,,,
23722,,,,,,,,,,,,,,,,,,,,,,,,,
Stage-I, ,,,,,,,,,,,,,,,,,,,,,,,,
(10.5199653),,,,,,,,,,,,,,,,,,,,,,,,,
,Other Than Home University Seats Allotted to Home University Candidates,,,,,,,,,,,,,,,,,,,,,,,,
,GOPENO,,,,,,,,,,,,,,,,,,,,,,,,
18537,,,,,,,,,,,,,,,,,,,,,,,,,
Stage-I, ,,,,,,,,,,,,,,,,,,,,,,,,
(36.496736),,,,,,,,,,,,,,,,,,,,,,,,,
,Minority Seats : Minority Seats Allotted to Non Minority Candidates,,,,,,,,,,,,,,,,,,,,,,,,
,MI-MH,,,,,,,,,,,,,,,,,,,,,,,,
23765,,,,,,,,,,,,,,,,,,,,,,,,,
Stage-MI-MH, ,,,,,,,,,,,,,,,,,,,,,,,,
(10.5199653),,,,,,,,,,,,,,,,,,,,,,,,,
,Legends :, ,"Legends: G-General, L-Ladies, S-State Level Seats ,PWD - Persons with Disabilities,DEF - Defence,PWDR :PWD Common Reserved Seat",,,,,,,,,,,,,,,,,,,,,,
"DEFR :Defense Common Reserved Seat ,* Maharashtra State Seats - Cut Off Indicates State General Merit No. ; Figures in bracket Indicates Merit Score",,,,,,,,,,,,,,,,,,,,,,,,,
,Page 134 of 265,,,,,,,,,,,,,,,,,,,,,,,,
GOVERNMENT OF MAHARASHTRA,,,,,,,,,,,,,,,,,,,,,,,,,
,"Directorate of Technical Education, Maharashtra State, Mumbai.",,,,,,,,,,,,,,,,,,,,,,,,
,Cut Off List for Maharashtra & Minority Seats of CAP Round-II for Admission to the First Year Post Graduate Technical Course in Master of Computer Applications (MCA) for the Academic Year 2025-26.,,,,,,,,,,,,,,,,,,,,,,,,
,"5177 - Matoshri College of Engineering and Research Centre, Eklahare, Nashik",,,,,,,,,,,,,,,,,,,,,,,,
,0517724110 - Master in Computer Application,,,,,,,,,,,,,,,,,,,,,,,,
,Status :, ,Un-Aided-Autonomous,,,,,,,,,,,,,,,,,,,,,,
,Home University Seats,,,,,,,,,,,,,,,,,,,,,,,,
Home University Seats Allotted to Home University Candidates,,,,,,,,,,,,,,,,,,,,,,,,,
,GOPENH, ,GSCH, ,GSTH, ,GNTCH, ,GOBCH, ,GSEBCH, ,PWDOPENH,,,,,,,,,,,,
8286,9605,24213,18437,,,,,,,,,,,,,,,,,,,,,,
Stage-I, ,,,,,,,,,,,,,,,,,,,,,,,,
(74.782248),(71.1549338),(7.9446476),(36.496736),,,,,,,,,,,,,,,,,,,,,,
17100,13870,17707,,,,,,,,,,,,,,,,,,,,,,,
,Stage-IV, ,,,,,,,,,,,,,,,,,,,,,,,
(41.4550394),(56.5488095),(39.3989669),,,,,,,,,,,,,,,,,,,,,,,
12238,,,,,,,,,,,,,,,,,,,,,,,,,
,I-Non PWD / DEF, ,,,,,,,,,,,,,,,,,,,,,,,
(61.2807064),,,,,,,,,,,,,,,,,,,,,,,,,
,Home University Seats Allotted to Other Than Home University Candidates,,,,,,,,,,,,,,,,,,,,,,,,
,GNTBH,,,,,,,,,,,,,,,,,,,,,,,,
18247,,,,,,,,,,,,,,,,,,,,,,,,,
Stage-I, ,,,,,,,,,,,,,,,,,,,,,,,,
(36.496736),,,,,,,,,,,,,,,,,,,,,,,,,
,Other Than Home University Seats,,,,,,,,,,,,,,,,,,,,,,,,
Other Than Home University Seats Allotted to Other Than Home University Candidates,,,,,,,,,,,,,,,,,,,,,,,,,
,GOPENO, ,GSCO, ,GSTO, ,GOBCO, ,GSEBCO,,,,,,,,,,,,,,,,
13345,22393,16590,,,,,,,,,,,,,,,,,,,,,,,
Stage-I, ,,,,,,,,,,,,,,,,,,,,,,,,
(58.7911466),(19.1539942),(44.5345198),,,,,,,,,,,,,,,,,,,,,,,
17245,16866,,,,,,,,,,,,,,,,,,,,,,,,
,Stage-IV, ,,,,,,,,,,,,,,,,,,,,,,,
(41.4550394),(44.5345198),,,,,,,,,,,,,,,,,,,,,,,,
,Legends :, ,"Legends: G-General, L-Ladies, S-State Level Seats ,PWD - Persons with Disabilities,DEF - Defence,PWDR :PWD Common Reserved Seat",,,,,,,,,,,,,,,,,,,,,,
"DEFR :Defense Common Reserved Seat ,* Maharashtra State Seats - Cut Off Indicates State General Merit No. ; Figures in bracket Indicates Merit Score",,,,,,,,,,,,,,,,,,,,,,,,,
,Page 135 of 265,,,,,,,,,,,,,,,,,,,,,,,,
GOVERNMENT OF MAHARASHTRA,,,,,,,,,,,,,,,,,,,,,,,,,
,"Directorate of Technical Education, Maharashtra State, Mumbai.",,,,,,,,,,,,,,,,,,,,,,,,
,Cut Off List for Maharashtra & Minority Seats of CAP Round-II for Admission to the First Year Post Graduate Technical Course in Master of Computer Applications (MCA) for the Academic Year 2025-26.,,,,,,,,,,,,,,,,,,,,,,,,
,"5177 - Matoshri College of Engineering and Research Centre, Eklahare, Nashik",,,,,,,,,,,,,,,,,,,,,,,,
,0517724110 - Master in Computer Application,,,,,,,,,,,,,,,,,,,,,,,,
,Status :, ,Un-Aided-Autonomous,,,,,,,,,,,,,,,,,,,,,,
,State Level Seats,,,,,,,,,,,,,,,,,,,,,,,,
,EWS,,,,,,,,,,,,,,,,,,,,,,,,
24506,,,,,,,,,,,,,,,,,,,,,,,,,
Stage-I, ,,,,,,,,,,,,,,,,,,,,,,,,
(5.9311489),,,,,,,,,,,,,,,,,,,,,,,,,
,Legends :, ,"Legends: G-General, L-Ladies, S-State Level Seats ,PWD - Persons with Disabilities,DEF - Defence,PWDR :PWD Common Reserved Seat",,,,,,,,,,,,,,,,,,,,,,
"DEFR :Defense Common Reserved Seat ,* Maharashtra State Seats - Cut Off Indicates State General Merit No. ; Figures in bracket Indicates Merit Score",,,,,,,,,,,,,,,,,,,,,,,,,
,Page 136 of 265,,,,,,,,,,,,,,,,,,,,,,,,
GOVERNMENT OF MAHARASHTRA,,,,,,,,,,,,,,,,,,,,,,,,,
,"Directorate of Technical Education, Maharashtra State, Mumbai.",,,,,,,,,,,,,,,,,,,,,,,,
,Cut Off List for Maharashtra & Minority Seats of CAP Round-II for Admission to the First Year Post Graduate Technical Course in Master of Computer Applications (MCA) for the Academic Year 2025-26.,,,,,,,,,,,,,,,,,,,,,,,,
,"5181 - Gokhale Education Society's, R.H. Sapat College of Engineering, Management Studies and Research, Nashik",,,,,,,,,,,,,,,,,,,,,,,,
,0518124110 - Master in Computer Application,,,,,,,,,,,,,,,,,,,,,,,,
,Status :, ,Un-Aided,,,,,,,,,,,,,,,,,,,,,,
,Home University Seats,,,,,,,,,,,,,,,,,,,,,,,,
Home University Seats Allotted to Home University Candidates,,,,,,,,,,,,,,,,,,,,,,,,,
,GOPENH, ,GSCH, ,GSTH, ,GOBCH, ,GSEBCH, ,PWDOPENH,,,,,,,,,,,,,,
5332,20644,7884,9833,,,,,,,,,,,,,,,,,,,,,,
Stage-I, ,,,,,,,,,,,,,,,,,,,,,,,,
(82.9644433),(27.2744425),(76.9216256),(69.7143504),,,,,,,,,,,,,,,,,,,,,,
9424,9580,,,,,,,,,,,,,,,,,,,,,,,,
,Stage-IV, ,,,,,,,,,,,,,,,,,,,,,,,
(71.1549338),(71.1549338),,,,,,,,,,,,,,,,,,,,,,,,
8733,,,,,,,,,,,,,,,,,,,,,,,,,
,I-Non PWD / DEF, ,,,,,,,,,,,,,,,,,,,,,,,
(73.5368477),,,,,,,,,,,,,,,,,,,,,,,,,
,Home University Seats Allotted to Other Than Home University Candidates,,,,,,,,,,,,,,,,,,,,,,,,
,GNTCH,,,,,,,,,,,,,,,,,,,,,,,,
22255,,,,,,,,,,,,,,,,,,,,,,,,,
Stage-I, ,,,,,,,,,,,,,,,,,,,,,,,,
(19.1539942),,,,,,,,,,,,,,,,,,,,,,,,,
,Other Than Home University Seats,,,,,,,,,,,,,,,,,,,,,,,,
Other Than Home University Seats Allotted to Other Than Home University Candidates,,,,,,,,,,,,,,,,,,,,,,,,,
,GOPENO, ,GSCO, ,GSTO, ,GNTCO, ,GSEBCO,,,,,,,,,,,,,,,,
8307,11195,20026,16559,,,,,,,,,,,,,,,,,,,,,,
Stage-I, ,,,,,,,,,,,,,,,,,,,,,,,,
(74.782248),(65.8578922),(29.9046039),(44.5345198),,,,,,,,,,,,,,,,,,,,,,
9096,,,,,,,,,,,,,,,,,,,,,,,,,
,Stage-IV, ,,,,,,,,,,,,,,,,,,,,,,,
(71.1549338),,,,,,,,,,,,,,,,,,,,,,,,,
,Legends :, ,"Legends: G-General, L-Ladies, S-State Level Seats ,PWD - Persons with Disabilities,DEF - Defence,PWDR :PWD Common Reserved Seat",,,,,,,,,,,,,,,,,,,,,,
"DEFR :Defense Common Reserved Seat ,* Maharashtra State Seats - Cut Off Indicates State General Merit No. ; Figures in bracket Indicates Merit Score",,,,,,,,,,,,,,,,,,,,,,,,,
,Page 137 of 265,,,,,,,,,,,,,,,,,,,,,,,,
GOVERNMENT OF MAHARASHTRA,,,,,,,,,,,,,,,,,,,,,,,,,
,"Directorate of Technical Education, Maharashtra State, Mumbai.",,,,,,,,,,,,,,,,,,,,,,,,
,Cut Off List for Maharashtra & Minority Seats of CAP Round-II for Admission to the First Year Post Graduate Technical Course in Master of Computer Applications (MCA) for the Academic Year 2025-26.,,,,,,,,,,,,,,,,,,,,,,,,
,"5181 - Gokhale Education Society's, R.H. Sapat College of Engineering, Management Studies and Research, Nashik",,,,,,,,,,,,,,,,,,,,,,,,
,0518124110 - Master in Computer Application,,,,,,,,,,,,,,,,,,,,,,,,
,Status :, ,Un-Aided,,,,,,,,,,,,,,,,,,,,,,
,State Level Seats,,,,,,,,,,,,,,,,,,,,,,,,
,EWS,,,,,,,,,,,,,,,,,,,,,,,,
20831,,,,,,,,,,,,,,,,,,,,,,,,,
Stage-I, ,,,,,,,,,,,,,,,,,,,,,,,,
(25.4779232),,,,,,,,,,,,,,,,,,,,,,,,,
,Legends :, ,"Legends: G-General, L-Ladies, S-State Level Seats ,PWD - Persons with Disabilities,DEF - Defence,PWDR :PWD Common Reserved Seat",,,,,,,,,,,,,,,,,,,,,,
"DEFR :Defense Common Reserved Seat ,* Maharashtra State Seats - Cut Off Indicates State General Merit No. ; Figures in bracket Indicates Merit Score",,,,,,,,,,,,,,,,,,,,,,,,,
,Page 138 of 265,,,,,,,,,,,,,,,,,,,,,,,,
GOVERNMENT OF MAHARASHTRA,,,,,,,,,,,,,,,,,,,,,,,,,
,"Directorate of Technical Education, Maharashtra State, Mumbai.",,,,,,,,,,,,,,,,,,,,,,,,
,Cut Off List for Maharashtra & Minority Seats of CAP Round-II for Admission to the First Year Post Graduate Technical Course in Master of Computer Applications (MCA) for the Academic Year 2025-26.,,,,,,,,,,,,,,,,,,,,,,,,
,"5303 - Hon. Shri. Babanrao Pachpute Vichardhara Trust, Group of Institutions (Integrated Campus)-Parikrama, Kashti Shrigondha,",,,,,,,,,,,,,,,,,,,,,,,,
,0530324110 - Master in Computer Application,,,,,,,,,,,,,,,,,,,,,,,,
,Status :, ,Un-Aided,,,,,,,,,,,,,,,,,,,,,,
,Home University Seats,,,,,,,,,,,,,,,,,,,,,,,,
Home University Seats Allotted to Home University Candidates,,,,,,,,,,,,,,,,,,,,,,,,,
,GOPENH, ,GSCH, ,GSTH, ,GNTAH, ,GNTDH, ,GOBCH, ,PWDOPENH,,,,,,,,,,,,
12417,12524,20869,21463,13150,,,,,,,,,,,,,,,,,,,,,
Stage-I, ,,,,,,,,,,,,,,,,,,,,,,,,
(61.2807064),(61.2807064),(25.4779232),(23.1010151),(58.7911466),,,,,,,,,,,,,,,,,,,,,
13779,,,,,,,,,,,,,,,,,,,,,,,,,
,Stage-IV, ,,,,,,,,,,,,,,,,,,,,,,,
(56.5488095),,,,,,,,,,,,,,,,,,,,,,,,,
13211,,,,,,,,,,,,,,,,,,,,,,,,,
,I-Non PWD / DEF, ,,,,,,,,,,,,,,,,,,,,,,,
(58.7911466),,,,,,,,,,,,,,,,,,,,,,,,,
,Other Than Home University Seats,,,,,,,,,,,,,,,,,,,,,,,,
Other Than Home University Seats Allotted to Other Than Home University Candidates,,,,,,,,,,,,,,,,,,,,,,,,,
,GOPENO, ,GSTO, ,GOBCO,,,,,,,,,,,,,,,,,,,,
10654,11461,,,,,,,,,,,,,,,,,,,,,,,,
Stage-I, ,,,,,,,,,,,,,,,,,,,,,,,,
(67.3579428),(63.1574978),,,,,,,,,,,,,,,,,,,,,,,,
14842,,,,,,,,,,,,,,,,,,,,,,,,,
,Stage-IV, ,,,,,,,,,,,,,,,,,,,,,,,
(51.4093808),,,,,,,,,,,,,,,,,,,,,,,,,
,Other Than Home University Seats Allotted to Home University Candidates,,,,,,,,,,,,,,,,,,,,,,,,
,GSCO, ,GNTAO,,,,,,,,,,,,,,,,,,,,,,
13688,23156,,,,,,,,,,,,,,,,,,,,,,,,
Stage-I, ,,,,,,,,,,,,,,,,,,,,,,,,
(56.5488095),(13.5402134),,,,,,,,,,,,,,,,,,,,,,,,
,Legends :, ,"Legends: G-General, L-Ladies, S-State Level Seats ,PWD - Persons with Disabilities,DEF - Defence,PWDR :PWD Common Reserved Seat",,,,,,,,,,,,,,,,,,,,,,
"DEFR :Defense Common Reserved Seat ,* Maharashtra State Seats - Cut Off Indicates State General Merit No. ; Figures in bracket Indicates Merit Score",,,,,,,,,,,,,,,,,,,,,,,,,
,Page 139 of 265,,,,,,,,,,,,,,,,,,,,,,,,
GOVERNMENT OF MAHARASHTRA,,,,,,,,,,,,,,,,,,,,,,,,,
,"Directorate of Technical Education, Maharashtra State, Mumbai.",,,,,,,,,,,,,,,,,,,,,,,,
,Cut Off List for Maharashtra & Minority Seats of CAP Round-II for Admission to the First Year Post Graduate Technical Course in Master of Computer Applications (MCA) for the Academic Year 2025-26.,,,,,,,,,,,,,,,,,,,,,,,,
,"5303 - Hon. Shri. Babanrao Pachpute Vichardhara Trust, Group of Institutions (Integrated Campus)-Parikrama, Kashti Shrigondha,",,,,,,,,,,,,,,,,,,,,,,,,
,0530324110 - Master in Computer Application,,,,,,,,,,,,,,,,,,,,,,,,
,Status :, ,Un-Aided,,,,,,,,,,,,,,,,,,,,,,
,State Level Seats,,,,,,,,,,,,,,,,,,,,,,,,
,EWS, ,TFWS,,,,,,,,,,,,,,,,,,,,,,
9133,3550,,,,,,,,,,,,,,,,,,,,,,,,
Stage-I, ,,,,,,,,,,,,,,,,,,,,,,,,
(71.1549338),(89.1331398),,,,,,,,,,,,,,,,,,,,,,,,
,Legends :, ,"Legends: G-General, L-Ladies, S-State Level Seats ,PWD - Persons with Disabilities,DEF - Defence,PWDR :PWD Common Reserved Seat",,,,,,,,,,,,,,,,,,,,,,
"DEFR :Defense Common Reserved Seat ,* Maharashtra State Seats - Cut Off Indicates State General Merit No. ; Figures in bracket Indicates Merit Score",,,,,,,,,,,,,,,,,,,,,,,,,
,Page 140 of 265,,,,,,,,,,,,,,,,,,,,,,,,
GOVERNMENT OF MAHARASHTRA,,,,,,,,,,,,,,,,,,,,,,,,,
,"Directorate of Technical Education, Maharashtra State, Mumbai.",,,,,,,,,,,,,,,,,,,,,,,,
,Cut Off List for Maharashtra & Minority Seats of CAP Round-II for Admission to the First Year Post Graduate Technical Course in Master of Computer Applications (MCA) for the Academic Year 2025-26.,,,,,,,,,,,,,,,,,,,,,,,,
,"5331 - Sandip Foundation's, Sandip Institute of Engineering & Management, Nashik",,,,,,,,,,,,,,,,,,,,,,,,
,0533124110 - Master in Computer Application,,,,,,,,,,,,,,,,,,,,,,,,
,Status :, ,Un-Aided,,,,,,,,,,,,,,,,,,,,,,
,Home University Seats,,,,,,,,,,,,,,,,,,,,,,,,
Home University Seats Allotted to Home University Candidates,,,,,,,,,,,,,,,,,,,,,,,,,
,GOPENH, ,GSCH, ,GSTH, ,GNTBH, ,GNTCH, ,GOBCH, ,GSEBCH, ,PWDOPENH,,,,,,,,,,
11860,14020,21097,15428,20563,,,,,,,,,,,,,,,,,,,,,
Stage-I, ,,,,,,,,,,,,,,,,,,,,,,,,
(63.1574978),(53.942159),(25.4779232),(49.3533426),(27.2744425),,,,,,,,,,,,,,,,,,,,,
16116,14375,16994,,,,,,,,,,,,,,,,,,,,,,,
,Stage-IV, ,,,,,,,,,,,,,,,,,,,,,,,
(46.3793819),(53.942159),(44.5345198),,,,,,,,,,,,,,,,,,,,,,,
12191,,,,,,,,,,,,,,,,,,,,,,,,,
,I-Non PWD / DEF, ,,,,,,,,,,,,,,,,,,,,,,,
(61.2807064),,,,,,,,,,,,,,,,,,,,,,,,,
,Home University Seats Allotted to Other Than Home University Candidates,,,,,,,,,,,,,,,,,,,,,,,,
,GSCH,,,,,,,,,,,,,,,,,,,,,,,,
15480,,,,,,,,,,,,,,,,,,,,,,,,,
Stage-I, ,,,,,,,,,,,,,,,,,,,,,,,,
(49.3533426),,,,,,,,,,,,,,,,,,,,,,,,,
,Other Than Home University Seats,,,,,,,,,,,,,,,,,,,,,,,,
Other Than Home University Seats Allotted to Other Than Home University Candidates,,,,,,,,,,,,,,,,,,,,,,,,,
,GOPENO, ,GSTO, ,GNTBO, ,GOBCO, ,GSEBCO,,,,,,,,,,,,,,,,
13205,18199,14804,18857,,,,,,,,,,,,,,,,,,,,,,
Stage-I, ,,,,,,,,,,,,,,,,,,,,,,,,
(58.7911466),(39.3989669),(51.4093808),(34.5198145),,,,,,,,,,,,,,,,,,,,,,
14624,,,,,,,,,,,,,,,,,,,,,,,,,
,Stage-IV, ,,,,,,,,,,,,,,,,,,,,,,,
(51.4093808),,,,,,,,,,,,,,,,,,,,,,,,,
,Legends :, ,"Legends: G-General, L-Ladies, S-State Level Seats ,PWD - Persons with Disabilities,DEF - Defence,PWDR :PWD Common Reserved Seat",,,,,,,,,,,,,,,,,,,,,,
"DEFR :Defense Common Reserved Seat ,* Maharashtra State Seats - Cut Off Indicates State General Merit No. ; Figures in bracket Indicates Merit Score",,,,,,,,,,,,,,,,,,,,,,,,,
,Page 141 of 265,,,,,,,,,,,,,,,,,,,,,,,,
GOVERNMENT OF MAHARASHTRA,,,,,,,,,,,,,,,,,,,,,,,,,
,"Directorate of Technical Education, Maharashtra State, Mumbai.",,,,,,,,,,,,,,,,,,,,,,,,
,Cut Off List for Maharashtra & Minority Seats of CAP Round-II for Admission to the First Year Post Graduate Technical Course in Master of Computer Applications (MCA) for the Academic Year 2025-26.,,,,,,,,,,,,,,,,,,,,,,,,
,"5331 - Sandip Foundation's, Sandip Institute of Engineering & Management, Nashik",,,,,,,,,,,,,,,,,,,,,,,,
,0533124110 - Master in Computer Application,,,,,,,,,,,,,,,,,,,,,,,,
,Status :, ,Un-Aided,,,,,,,,,,,,,,,,,,,,,,
,State Level Seats,,,,,,,,,,,,,,,,,,,,,,,,
,EWS, ,TFWS,,,,,,,,,,,,,,,,,,,,,,
25254,7056,,,,,,,,,,,,,,,,,,,,,,,,
Stage-I, ,,,,,,,,,,,,,,,,,,,,,,,,
(2.0301121),(77.8251197),,,,,,,,,,,,,,,,,,,,,,,,
,Legends :, ,"Legends: G-General, L-Ladies, S-State Level Seats ,PWD - Persons with Disabilities,DEF - Defence,PWDR :PWD Common Reserved Seat",,,,,,,,,,,,,,,,,,,,,,
"DEFR :Defense Common Reserved Seat ,* Maharashtra State Seats - Cut Off Indicates State General Merit No. ; Figures in bracket Indicates Merit Score",,,,,,,,,,,,,,,,,,,,,,,,,
,Page 142 of 265,,,,,,,,,,,,,,,,,,,,,,,,
GOVERNMENT OF MAHARASHTRA,,,,,,,,,,,,,,,,,,,,,,,,,
,"Directorate of Technical Education, Maharashtra State, Mumbai.",,,,,,,,,,,,,,,,,,,,,,,,
,Cut Off List for Maharashtra & Minority Seats of CAP Round-II for Admission to the First Year Post Graduate Technical Course in Master of Computer Applications (MCA) for the Academic Year 2025-26.,,,,,,,,,,,,,,,,,,,,,,,,
,"5380 - Adsul's Technical Campus, Chas Dist. Ahmednagar",,,,,,,,,,,,,,,,,,,,,,,,
,0538024110 - Master in Computer Application,,,,,,,,,,,,,,,,,,,,,,,,
,Status :, ,Un-Aided,,,,,,,,,,,,,,,,,,,,,,
,Home University Seats,,,,,,,,,,,,,,,,,,,,,,,,
Home University Seats Allotted to Home University Candidates,,,,,,,,,,,,,,,,,,,,,,,,,
,GOPENH, ,GSCH, ,GSTH, ,GNTCH, ,GOBCH, ,GSEBCH, ,PWDOPENH,,,,,,,,,,,,
11525,15600,16199,12279,20996,,,,,,,,,,,,,,,,,,,,,
Stage-I, ,,,,,,,,,,,,,,,,,,,,,,,,
(63.1574978),(49.3533426),(46.3793819),(61.2807064),(25.4779232),,,,,,,,,,,,,,,,,,,,,
12817,,,,,,,,,,,,,,,,,,,,,,,,,
,Stage-IV, ,,,,,,,,,,,,,,,,,,,,,,,
(58.7911466),,,,,,,,,,,,,,,,,,,,,,,,,
12382,,,,,,,,,,,,,,,,,,,,,,,,,
,I-Non PWD / DEF, ,,,,,,,,,,,,,,,,,,,,,,,
(61.2807064),,,,,,,,,,,,,,,,,,,,,,,,,
,Other Than Home University Seats,,,,,,,,,,,,,,,,,,,,,,,,
Other Than Home University Seats Allotted to Other Than Home University Candidates,,,,,,,,,,,,,,,,,,,,,,,,,
,GOPENO, ,GSTO, ,GOBCO, ,GSEBCO,,,,,,,,,,,,,,,,,,
18413,25119,,,,,,,,,,,,,,,,,,,,,,,,
Stage-I, ,,,,,,,,,,,,,,,,,,,,,,,,
(36.496736),(2.8640429),,,,,,,,,,,,,,,,,,,,,,,,
23930,22607,,,,,,,,,,,,,,,,,,,,,,,,
,Stage-IV, ,,,,,,,,,,,,,,,,,,,,,,,
(9.7430286),(16.9789978),,,,,,,,,,,,,,,,,,,,,,,,
,Other Than Home University Seats Allotted to Home University Candidates,,,,,,,,,,,,,,,,,,,,,,,,
,GSCO, ,GNTDO, ,GSEBCO,,,,,,,,,,,,,,,,,,,,
22401,15403,21725,,,,,,,,,,,,,,,,,,,,,,,
Stage-I, ,,,,,,,,,,,,,,,,,,,,,,,,
(19.1539942),(49.3533426),(21.0059952),,,,,,,,,,,,,,,,,,,,,,,
,Legends :, ,"Legends: G-General, L-Ladies, S-State Level Seats ,PWD - Persons with Disabilities,DEF - Defence,PWDR :PWD Common Reserved Seat",,,,,,,,,,,,,,,,,,,,,,
"DEFR :Defense Common Reserved Seat ,* Maharashtra State Seats - Cut Off Indicates State General Merit No. ; Figures in bracket Indicates Merit Score",,,,,,,,,,,,,,,,,,,,,,,,,
,Page 143 of 265,,,,,,,,,,,,,,,,,,,,,,,,
GOVERNMENT OF MAHARASHTRA,,,,,,,,,,,,,,,,,,,,,,,,,
,"Directorate of Technical Education, Maharashtra State, Mumbai.",,,,,,,,,,,,,,,,,,,,,,,,
,Cut Off List for Maharashtra & Minority Seats of CAP Round-II for Admission to the First Year Post Graduate Technical Course in Master of Computer Applications (MCA) for the Academic Year 2025-26.,,,,,,,,,,,,,,,,,,,,,,,,
,"5381 - Shri. Jaykumar Rawal Institute of Technology, Dondaicha.",,,,,,,,,,,,,,,,,,,,,,,,
,0538124110 - Master in Computer Application,,,,,,,,,,,,,,,,,,,,,,,,
,Status :, ,Un-Aided,,,,,,,,,,,,,,,,,,,,,,
,Home University Seats,,,,,,,,,,,,,,,,,,,,,,,,
Home University Seats Allotted to Home University Candidates,,,,,,,,,,,,,,,,,,,,,,,,,
,GOPENH, ,GSTH, ,GNTAH, ,GOBCH, ,GSEBCH, ,PWDOPENH,,,,,,,,,,,,,,
16083,20029,16472,,,,,,,,,,,,,,,,,,,,,,,
Stage-I, ,,,,,,,,,,,,,,,,,,,,,,,,
(46.3793819),(29.9046039),(44.5345198),,,,,,,,,,,,,,,,,,,,,,,
17385,17708,17219,,,,,,,,,,,,,,,,,,,,,,,
,Stage-IV, ,,,,,,,,,,,,,,,,,,,,,,,
(41.4550394),(39.3989669),(41.4550394),,,,,,,,,,,,,,,,,,,,,,,
16532,,,,,,,,,,,,,,,,,,,,,,,,,
,I-Non PWD / DEF, ,,,,,,,,,,,,,,,,,,,,,,,
(44.5345198),,,,,,,,,,,,,,,,,,,,,,,,,
,Other Than Home University Seats,,,,,,,,,,,,,,,,,,,,,,,,
Other Than Home University Seats Allotted to Other Than Home University Candidates,,,,,,,,,,,,,,,,,,,,,,,,,
,GOPENO, ,GSCO,,,,,,,,,,,,,,,,,,,,,,
6633,,,,,,,,,,,,,,,,,,,,,,,,,
Stage-I, ,,,,,,,,,,,,,,,,,,,,,,,,
(79.9969812),,,,,,,,,,,,,,,,,,,,,,,,,
15516,,,,,,,,,,,,,,,,,,,,,,,,,
,Stage-IV, ,,,,,,,,,,,,,,,,,,,,,,,
(49.3533426),,,,,,,,,,,,,,,,,,,,,,,,,
,Other Than Home University Seats Allotted to Home University Candidates,,,,,,,,,,,,,,,,,,,,,,,,
,GSCO, ,GSTO, ,GNTDO, ,GSEBCO,,,,,,,,,,,,,,,,,,
18370,18394,17799,17833,,,,,,,,,,,,,,,,,,,,,,
Stage-IV, ,,,,,,,,,,,,,,,,,,,,,,,,
(36.496736),(36.496736),(39.3989669),(39.3989669),,,,,,,,,,,,,,,,,,,,,,
,Legends :, ,"Legends: G-General, L-Ladies, S-State Level Seats ,PWD - Persons with Disabilities,DEF - Defence,PWDR :PWD Common Reserved Seat",,,,,,,,,,,,,,,,,,,,,,
"DEFR :Defense Common Reserved Seat ,* Maharashtra State Seats - Cut Off Indicates State General Merit No. ; Figures in bracket Indicates Merit Score",,,,,,,,,,,,,,,,,,,,,,,,,
,Page 144 of 265,,,,,,,,,,,,,,,,,,,,,,,,
GOVERNMENT OF MAHARASHTRA,,,,,,,,,,,,,,,,,,,,,,,,,
,"Directorate of Technical Education, Maharashtra State, Mumbai.",,,,,,,,,,,,,,,,,,,,,,,,
,Cut Off List for Maharashtra & Minority Seats of CAP Round-II for Admission to the First Year Post Graduate Technical Course in Master of Computer Applications (MCA) for the Academic Year 2025-26.,,,,,,,,,,,,,,,,,,,,,,,,
,"5385 - Akole Taluka Education Society,s Agasti Institute of Management, Computer Application & Research, Akole, Ahmednagar",,,,,,,,,,,,,,,,,,,,,,,,
,0538524110 - Master in Computer Application,,,,,,,,,,,,,,,,,,,,,,,,
,Status :, ,Un-Aided,,,,,,,,,,,,,,,,,,,,,,
,Home University Seats,,,,,,,,,,,,,,,,,,,,,,,,
Home University Seats Allotted to Home University Candidates,,,,,,,,,,,,,,,,,,,,,,,,,
,GOPENH, ,GSCH, ,GSTH, ,GNTAH, ,GNTBH, ,GNTCH, ,GOBCH, ,GSEBCH, ,PWDOPENH,,,,,,,,
17346,20696,,,,,,,,,,,,,,,,,,,,,,,,
Stage-I, ,,,,,,,,,,,,,,,,,,,,,,,,
(41.4550394),(27.2744425),,,,,,,,,,,,,,,,,,,,,,,,
24038,20726,23874,23331,21548,24235,,,,,,,,,,,,,,,,,,,,
,Stage-IV, ,,,,,,,,,,,,,,,,,,,,,,,
(9.7430286),(27.2744425),(10.5199653),(13.5402134),(23.1010151),(7.9446476),,,,,,,,,,,,,,,,,,,,
20052,,,,,,,,,,,,,,,,,,,,,,,,,
,I-Non PWD / DEF, ,,,,,,,,,,,,,,,,,,,,,,,
(29.9046039),,,,,,,,,,,,,,,,,,,,,,,,,
,Other Than Home University Seats,,,,,,,,,,,,,,,,,,,,,,,,
Other Than Home University Seats Allotted to Other Than Home University Candidates,,,,,,,,,,,,,,,,,,,,,,,,,
,GOPENO,,,,,,,,,,,,,,,,,,,,,,,,
14755,,,,,,,,,,,,,,,,,,,,,,,,,
Stage-I, ,,,,,,,,,,,,,,,,,,,,,,,,
(51.4093808),,,,,,,,,,,,,,,,,,,,,,,,,
,Other Than Home University Seats Allotted to Home University Candidates,,,,,,,,,,,,,,,,,,,,,,,,
,GOPENO, ,GSCO, ,GSTO, ,GNTAO, ,GNTBO, ,GNTCO, ,GOBCO, ,GSEBCO,,,,,,,,,,
23393,24476,,,,,,,,,,,,,,,,,,,,,,,,
Stage-I, ,,,,,,,,,,,,,,,,,,,,,,,,
(13.5402134),(7.4072677),,,,,,,,,,,,,,,,,,,,,,,,
24931,24722,24723,24729,24756,24845,,,,,,,,,,,,,,,,,,,,
,Stage-IV, ,,,,,,,,,,,,,,,,,,,,,,,
(4.067771),(5.5960152),(5.5960152),(5.5960152),(5.5960152),(4.302251),,,,,,,,,,,,,,,,,,,,
,Legends :, ,"Legends: G-General, L-Ladies, S-State Level Seats ,PWD - Persons with Disabilities,DEF - Defence,PWDR :PWD Common Reserved Seat",,,,,,,,,,,,,,,,,,,,,,
"DEFR :Defense Common Reserved Seat ,* Maharashtra State Seats - Cut Off Indicates State General Merit No. ; Figures in bracket Indicates Merit Score",,,,,,,,,,,,,,,,,,,,,,,,,
,Page 145 of 265,,,,,,,,,,,,,,,,,,,,,,,,
GOVERNMENT OF MAHARASHTRA,,,,,,,,,,,,,,,,,,,,,,,,,
,"Directorate of Technical Education, Maharashtra State, Mumbai.",,,,,,,,,,,,,,,,,,,,,,,,
,Cut Off List for Maharashtra & Minority Seats of CAP Round-II for Admission to the First Year Post Graduate Technical Course in Master of Computer Applications (MCA) for the Academic Year 2025-26.,,,,,,,,,,,,,,,,,,,,,,,,
,"5386 - Dr. B.V. Hiray College of Management & Research Centre, Malegaon.",,,,,,,,,,,,,,,,,,,,,,,,
,0538624110 - Master in Computer Application,,,,,,,,,,,,,,,,,,,,,,,,
,Status :, ,Un-Aided,,,,,,,,,,,,,,,,,,,,,,
,Home University Seats,,,,,,,,,,,,,,,,,,,,,,,,
Home University Seats Allotted to Home University Candidates,,,,,,,,,,,,,,,,,,,,,,,,,
,GOPENH, ,GSTH, ,GOBCH, ,GSEBCH,,,,,,,,,,,,,,,,,,
4342,12072,12786,,,,,,,,,,,,,,,,,,,,,,,
Stage-I, ,,,,,,,,,,,,,,,,,,,,,,,,
(87.2080299),(61.2807064),(58.7911466),,,,,,,,,,,,,,,,,,,,,,,
10977,12460,,,,,,,,,,,,,,,,,,,,,,,,
,Stage-IV, ,,,,,,,,,,,,,,,,,,,,,,,
(65.8578922),(61.2807064),,,,,,,,,,,,,,,,,,,,,,,,
,Other Than Home University Seats,,,,,,,,,,,,,,,,,,,,,,,,
Other Than Home University Seats Allotted to Other Than Home University Candidates,,,,,,,,,,,,,,,,,,,,,,,,,
,GOPENO, ,GSCO, ,GSTO, ,GNTCO, ,GSEBCO,,,,,,,,,,,,,,,,
8310,21927,14028,,,,,,,,,,,,,,,,,,,,,,,
Stage-I, ,,,,,,,,,,,,,,,,,,,,,,,,
(74.782248),(21.0059952),(53.942159),,,,,,,,,,,,,,,,,,,,,,,
9074,10358,,,,,,,,,,,,,,,,,,,,,,,,
,Stage-IV, ,,,,,,,,,,,,,,,,,,,,,,,
(71.1549338),(67.3579428),,,,,,,,,,,,,,,,,,,,,,,,
,State Level Seats,,,,,,,,,,,,,,,,,,,,,,,,
,EWS, ,TFWS,,,,,,,,,,,,,,,,,,,,,,
19573,4089,,,,,,,,,,,,,,,,,,,,,,,,
Stage-I, ,,,,,,,,,,,,,,,,,,,,,,,,
(31.6629561),(87.3496474),,,,,,,,,,,,,,,,,,,,,,,,
,Legends :, ,"Legends: G-General, L-Ladies, S-State Level Seats ,PWD - Persons with Disabilities,DEF - Defence,PWDR :PWD Common Reserved Seat",,,,,,,,,,,,,,,,,,,,,,
"DEFR :Defense Common Reserved Seat ,* Maharashtra State Seats - Cut Off Indicates State General Merit No. ; Figures in bracket Indicates Merit Score",,,,,,,,,,,,,,,,,,,,,,,,,
,Page 146 of 265,,,,,,,,,,,,,,,,,,,,,,,,
GOVERNMENT OF MAHARASHTRA,,,,,,,,,,,,,,,,,,,,,,,,,
,"Directorate of Technical Education, Maharashtra State, Mumbai.",,,,,,,,,,,,,,,,,,,,,,,,
,Cut Off List for Maharashtra & Minority Seats of CAP Round-II for Admission to the First Year Post Graduate Technical Course in Master of Computer Applications (MCA) for the Academic Year 2025-26.,,,,,,,,,,,,,,,,,,,,,,,,
,"5509 - Shri Swami Samarth Institute of Management and Technology, Malwadi-Bota",,,,,,,,,,,,,,,,,,,,,,,,
,0550924110 - Master in Computer Application,,,,,,,,,,,,,,,,,,,,,,,,
,Status :, ,Un-Aided,,,,,,,,,,,,,,,,,,,,,,
,Home University Seats,,,,,,,,,,,,,,,,,,,,,,,,
Home University Seats Allotted to Home University Candidates,,,,,,,,,,,,,,,,,,,,,,,,,
,GOPENH, ,GSCH, ,GSTH, ,GNTAH, ,GNTBH, ,GNTCH, ,GNTDH, ,GOBCH, ,GSEBCH, ,PWDOPENH, ,PWDSCH, ,PWDOBCH,,
13925,25277,18497,23177,15166,17918,,,,,,,,,,,,,,,,,,,,
Stage-I, ,,,,,,,,,,,,,,,,,,,,,,,,
(56.5488095),(2.0301121),(36.496736),(13.5402134),(51.4093808),(39.3989669),,,,,,,,,,,,,,,,,,,,
20262,20752,20800,19257,19983,20077,,,,,,,,,,,,,,,,,,,,
,Stage-IV, ,,,,,,,,,,,,,,,,,,,,,,,
(29.9046039),(27.2744425),(25.4779232),(34.5198145),(29.9046039),(29.9046039),,,,,,,,,,,,,,,,,,,,
16892,15636,,,,,,,,,,,,,,,,,,,,,,,,
,I-Non PWD / DEF, ,,,,,,,,,,,,,,,,,,,,,,,
(44.5345198),(49.3533426),,,,,,,,,,,,,,,,,,,,,,,,
,Other Than Home University Seats,,,,,,,,,,,,,,,,,,,,,,,,
Other Than Home University Seats Allotted to Other Than Home University Candidates,,,,,,,,,,,,,,,,,,,,,,,,,
,GOPENO, ,GSCO, ,GSTO, ,GNTAO, ,GNTBO, ,GNTDO, ,GOBCO, ,GSEBCO,,,,,,,,,,
14796,17149,21414,,,,,,,,,,,,,,,,,,,,,,,
Stage-I, ,,,,,,,,,,,,,,,,,,,,,,,,
(51.4093808),(41.4550394),(23.1010151),,,,,,,,,,,,,,,,,,,,,,,
23506,19233,22301,21887,20932,21824,,,,,,,,,,,,,,,,,,,,
,Stage-IV, ,,,,,,,,,,,,,,,,,,,,,,,
(12.4750009),(34.5198145),(19.1539942),(21.0059952),(25.4779232),(21.0059952),,,,,,,,,,,,,,,,,,,,
,State Level Seats,,,,,,,,,,,,,,,,,,,,,,,,
,EWS, ,TFWS,,,,,,,,,,,,,,,,,,,,,,
25419,2277,,,,,,,,,,,,,,,,,,,,,,,,
Stage-I, ,,,,,,,,,,,,,,,,,,,,,,,,
(0.5995249),(92.3361383),,,,,,,,,,,,,,,,,,,,,,,,
,Legends :, ,"Legends: G-General, L-Ladies, S-State Level Seats ,PWD - Persons with Disabilities,DEF - Defence,PWDR :PWD Common Reserved Seat",,,,,,,,,,,,,,,,,,,,,,
"DEFR :Defense Common Reserved Seat ,* Maharashtra State Seats - Cut Off Indicates State General Merit No. ; Figures in bracket Indicates Merit Score",,,,,,,,,,,,,,,,,,,,,,,,,
,Page 147 of 265,,,,,,,,,,,,,,,,,,,,,,,,
GOVERNMENT OF MAHARASHTRA,,,,,,,,,,,,,,,,,,,,,,,,,
,"Directorate of Technical Education, Maharashtra State, Mumbai.",,,,,,,,,,,,,,,,,,,,,,,,
,Cut Off List for Maharashtra & Minority Seats of CAP Round-II for Admission to the First Year Post Graduate Technical Course in Master of Computer Applications (MCA) for the Academic Year 2025-26.,,,,,,,,,,,,,,,,,,,,,,,,
,5550 - BHUSAWAL ARTS SCIENCE AND P O NAHATA COMMERCE COLLEGE BHUSAWAL,,,,,,,,,,,,,,,,,,,,,,,,
,0555024170U - Master in Computer Application,,,,,,,,,,,,,,,,,,,,,,,,
,Status :, ,Un-Aided,,,,,,,,,,,,,,,,,,,,,,
,Home University Seats,,,,,,,,,,,,,,,,,,,,,,,,
Home University Seats Allotted to Home University Candidates,,,,,,,,,,,,,,,,,,,,,,,,,
,GOPENH, ,GSCH, ,GSTH, ,GNTAH, ,GNTBH, ,GNTCH, ,GNTDH, ,GOBCH, ,GSEBCH, ,PWDOPENH,,,,,,
19044,24605,19441,,,,,,,,,,,,,,,,,,,,,,,
Stage-I, ,,,,,,,,,,,,,,,,,,,,,,,,
(34.5198145),(5.9311489),(31.6629561),,,,,,,,,,,,,,,,,,,,,,,
21283,21408,19673,20863,21009,21278,,,,,,,,,,,,,,,,,,,,
,Stage-IV, ,,,,,,,,,,,,,,,,,,,,,,,
(23.1010151),(23.1010151),(31.6629561),(25.4779232),(25.4779232),(23.1010151),,,,,,,,,,,,,,,,,,,,
19143,,,,,,,,,,,,,,,,,,,,,,,,,
,I-Non PWD / DEF, ,,,,,,,,,,,,,,,,,,,,,,,
(34.5198145),,,,,,,,,,,,,,,,,,,,,,,,,
,Other Than Home University Seats,,,,,,,,,,,,,,,,,,,,,,,,
Other Than Home University Seats Allotted to Other Than Home University Candidates,,,,,,,,,,,,,,,,,,,,,,,,,
,GOPENO,,,,,,,,,,,,,,,,,,,,,,,,
23470,,,,,,,,,,,,,,,,,,,,,,,,,
Stage-I, ,,,,,,,,,,,,,,,,,,,,,,,,
(12.4750009),,,,,,,,,,,,,,,,,,,,,,,,,
,Other Than Home University Seats Allotted to Home University Candidates,,,,,,,,,,,,,,,,,,,,,,,,
,GSCO, ,GSTO, ,GNTAO, ,GOBCO, ,GSEBCO,,,,,,,,,,,,,,,,
21873,22041,21446,21740,,,,,,,,,,,,,,,,,,,,,,
Stage-IV, ,,,,,,,,,,,,,,,,,,,,,,,,
(21.0059952),(21.0059952),(23.1010151),(21.0059952),,,,,,,,,,,,,,,,,,,,,,
21338,,,,,,,,,,,,,,,,,,,,,,,,,
,Stage-I, ,,,,,,,,,,,,,,,,,,,,,,,
(23.1010151),,,,,,,,,,,,,,,,,,,,,,,,,
,Legends :, ,"Legends: G-General, L-Ladies, S-State Level Seats ,PWD - Persons with Disabilities,DEF - Defence,PWDR :PWD Common Reserved Seat",,,,,,,,,,,,,,,,,,,,,,
"DEFR :Defense Common Reserved Seat ,* Maharashtra State Seats - Cut Off Indicates State General Merit No. ; Figures in bracket Indicates Merit Score",,,,,,,,,,,,,,,,,,,,,,,,,
,Page 148 of 265,,,,,,,,,,,,,,,,,,,,,,,,
GOVERNMENT OF MAHARASHTRA,,,,,,,,,,,,,,,,,,,,,,,,,
,"Directorate of Technical Education, Maharashtra State, Mumbai.",,,,,,,,,,,,,,,,,,,,,,,,
,Cut Off List for Maharashtra & Minority Seats of CAP Round-II for Admission to the First Year Post Graduate Technical Course in Master of Computer Applications (MCA) for the Academic Year 2025-26.,,,,,,,,,,,,,,,,,,,,,,,,
,5556 - DADASAHEB DR.SURESH G.PATIL COLLEGE CHOPDA,,,,,,,,,,,,,,,,,,,,,,,,
,0555624170U - Master in Computer Application,,,,,,,,,,,,,,,,,,,,,,,,
,Status :, ,Un-Aided,,,,,,,,,,,,,,,,,,,,,,
,Home University Seats,,,,,,,,,,,,,,,,,,,,,,,,
Home University Seats Allotted to Home University Candidates,,,,,,,,,,,,,,,,,,,,,,,,,
,GSCH, ,GSTH, ,GNTCH, ,GNTDH, ,GOBCH, ,GSEBCH, ,PWDOPENH,,,,,,,,,,,,
16177,19679,19063,19684,,,,,,,,,,,,,,,,,,,,,,
Stage-IV, ,,,,,,,,,,,,,,,,,,,,,,,,
(46.3793819),(31.6629561),(34.5198145),(31.6629561),,,,,,,,,,,,,,,,,,,,,,
20498,4786,,,,,,,,,,,,,,,,,,,,,,,,
,Stage-I, ,,,,,,,,,,,,,,,,,,,,,,,
(27.2744425),(85.3851665),,,,,,,,,,,,,,,,,,,,,,,,
8608,,,,,,,,,,,,,,,,,,,,,,,,,
,I-Non PWD / DEF, ,,,,,,,,,,,,,,,,,,,,,,,
(73.5368477),,,,,,,,,,,,,,,,,,,,,,,,,
,Other Than Home University Seats Allotted to Home University Candidates,,,,,,,,,,,,,,,,,,,,,,,,
,GOPENO, ,GSCO, ,GSTO, ,GNTBO, ,GNTCO, ,GOBCO, ,GSEBCO,,,,,,,,,,,,
19653,19733,,,,,,,,,,,,,,,,,,,,,,,,
Stage-I, ,,,,,,,,,,,,,,,,,,,,,,,,
(31.6629561),(31.6629561),,,,,,,,,,,,,,,,,,,,,,,,
20309,20006,20027,20057,20263,,,,,,,,,,,,,,,,,,,,,
,Stage-IV, ,,,,,,,,,,,,,,,,,,,,,,,
(29.9046039),(29.9046039),(29.9046039),(29.9046039),(29.9046039),,,,,,,,,,,,,,,,,,,,,
,State Level Seats,,,,,,,,,,,,,,,,,,,,,,,,
,EWS, ,TFWS,,,,,,,,,,,,,,,,,,,,,,
22486,6181,,,,,,,,,,,,,,,,,,,,,,,,
Stage-I, ,,,,,,,,,,,,,,,,,,,,,,,,
(16.9789978),(80.5399495),,,,,,,,,,,,,,,,,,,,,,,,
,Legends :, ,"Legends: G-General, L-Ladies, S-State Level Seats ,PWD - Persons with Disabilities,DEF - Defence,PWDR :PWD Common Reserved Seat",,,,,,,,,,,,,,,,,,,,,,
"DEFR :Defense Common Reserved Seat ,* Maharashtra State Seats - Cut Off Indicates State General Merit No. ; Figures in bracket Indicates Merit Score",,,,,,,,,,,,,,,,,,,,,,,,,
,Page 149 of 265,,,,,,,,,,,,,,,,,,,,,,,,
GOVERNMENT OF MAHARASHTRA,,,,,,,,,,,,,,,,,,,,,,,,,
,"Directorate of Technical Education, Maharashtra State, Mumbai.",,,,,,,,,,,,,,,,,,,,,,,,
,Cut Off List for Maharashtra & Minority Seats of CAP Round-II for Admission to the First Year Post Graduate Technical Course in Master of Computer Applications (MCA) for the Academic Year 2025-26.,,,,,,,,,,,,,,,,,,,,,,,,
,5569 - SHRI SHIVAJI VIDYA PRASARAK SANSTHA L.K.DR.P.R.GHOGREY SCIENCE COLLEGE DHULE,,,,,,,,,,,,,,,,,,,,,,,,
,0556924170U - Master in Computer Application,,,,,,,,,,,,,,,,,,,,,,,,
,Status :, ,Un-Aided,,,,,,,,,,,,,,,,,,,,,,
,Home University Seats,,,,,,,,,,,,,,,,,,,,,,,,
Home University Seats Allotted to Home University Candidates,,,,,,,,,,,,,,,,,,,,,,,,,
,GOPENH, ,GSCH, ,GSTH, ,GNTAH, ,GNTBH, ,GNTCH, ,GNTDH, ,GOBCH, ,GSEBCH,,,,,,,,
17070,22235,23819,20030,19009,,,,,,,,,,,,,,,,,,,,,
Stage-I, ,,,,,,,,,,,,,,,,,,,,,,,,
(41.4550394),(19.1539942),(10.5199653),(29.9046039),(34.5198145),,,,,,,,,,,,,,,,,,,,,
19857,19988,17274,19947,,,,,,,,,,,,,,,,,,,,,,
,Stage-IV, ,,,,,,,,,,,,,,,,,,,,,,,
(29.9046039),(29.9046039),(41.4550394),(29.9046039),,,,,,,,,,,,,,,,,,,,,,
,Other Than Home University Seats,,,,,,,,,,,,,,,,,,,,,,,,
Other Than Home University Seats Allotted to Other Than Home University Candidates,,,,,,,,,,,,,,,,,,,,,,,,,
,GOPENO,,,,,,,,,,,,,,,,,,,,,,,,
23843,,,,,,,,,,,,,,,,,,,,,,,,,
Stage-I, ,,,,,,,,,,,,,,,,,,,,,,,,
(10.5199653),,,,,,,,,,,,,,,,,,,,,,,,,
,Other Than Home University Seats Allotted to Home University Candidates,,,,,,,,,,,,,,,,,,,,,,,,
,GOPENO, ,GSCO, ,GSTO, ,GNTCO, ,GOBCO, ,GSEBCO,,,,,,,,,,,,,,
19427,23793,20115,,,,,,,,,,,,,,,,,,,,,,,
Stage-I, ,,,,,,,,,,,,,,,,,,,,,,,,
(31.6629561),(10.5199653),(29.9046039),,,,,,,,,,,,,,,,,,,,,,,
20419,20080,20355,20414,,,,,,,,,,,,,,,,,,,,,,
,Stage-IV, ,,,,,,,,,,,,,,,,,,,,,,,
(27.2744425),(29.9046039),(27.2744425),(27.2744425),,,,,,,,,,,,,,,,,,,,,,
,State Level Seats,,,,,,,,,,,,,,,,,,,,,,,,
,EWS, ,TFWS,,,,,,,,,,,,,,,,,,,,,,
23447,7290,,,,,,,,,,,,,,,,,,,,,,,,
Stage-I, ,,,,,,,,,,,,,,,,,,,,,,,,
(12.4750009),(77.8251197),,,,,,,,,,,,,,,,,,,,,,,,
,Legends :, ,"Legends: G-General, L-Ladies, S-State Level Seats ,PWD - Persons with Disabilities,DEF - Defence,PWDR :PWD Common Reserved Seat",,,,,,,,,,,,,,,,,,,,,,
"DEFR :Defense Common Reserved Seat ,* Maharashtra State Seats - Cut Off Indicates State General Merit No. ; Figures in bracket Indicates Merit Score",,,,,,,,,,,,,,,,,,,,,,,,,
,Page 150 of 265,,,,,,,,,,,,,,,,,,,,,,,,
GOVERNMENT OF MAHARASHTRA,,,,,,,,,,,,,,,,,,,,,,,,,
,"Directorate of Technical Education, Maharashtra State, Mumbai.",,,,,,,,,,,,,,,,,,,,,,,,
,Cut Off List for Maharashtra & Minority Seats of CAP Round-II for Admission to the First Year Post Graduate Technical Course in Master of Computer Applications (MCA) for the Academic Year 2025-26.,,,,,,,,,,,,,,,,,,,,,,,,
,5597 - VAMANRAO ITHAPE COLLEGE OF ENGINEERING AND MANAGEMENT,,,,,,,,,,,,,,,,,,,,,,,,
,0559724110 - Master in Computer Application,,,,,,,,,,,,,,,,,,,,,,,,
,Status :, ,Un-Aided,,,,,,,,,,,,,,,,,,,,,,
,Home University Seats,,,,,,,,,,,,,,,,,,,,,,,,
Home University Seats Allotted to Home University Candidates,,,,,,,,,,,,,,,,,,,,,,,,,
,GOPENH, ,GSCH, ,GSTH, ,GNTAH, ,GNTBH, ,GNTCH, ,GOBCH, ,GSEBCH, ,PWDOPENH,,,,,,,,
18530,21593,22777,,,,,,,,,,,,,,,,,,,,,,,
Stage-I, ,,,,,,,,,,,,,,,,,,,,,,,,
(36.496736),(23.1010151),(16.9789978),,,,,,,,,,,,,,,,,,,,,,,
25174,23547,25109,23818,23991,24728,,,,,,,,,,,,,,,,,,,,
,Stage-IV, ,,,,,,,,,,,,,,,,,,,,,,,
(2.8640429),(12.4750009),(2.8640429),(10.5199653),(9.7430286),(5.5960152),,,,,,,,,,,,,,,,,,,,
21917,,,,,,,,,,,,,,,,,,,,,,,,,
,I-Non PWD / DEF, ,,,,,,,,,,,,,,,,,,,,,,,
(21.0059952),,,,,,,,,,,,,,,,,,,,,,,,,
,Other Than Home University Seats,,,,,,,,,,,,,,,,,,,,,,,,
Other Than Home University Seats Allotted to Other Than Home University Candidates,,,,,,,,,,,,,,,,,,,,,,,,,
,GOPENO,,,,,,,,,,,,,,,,,,,,,,,,
24886,,,,,,,,,,,,,,,,,,,,,,,,,
Stage-I, ,,,,,,,,,,,,,,,,,,,,,,,,
(4.067771),,,,,,,,,,,,,,,,,,,,,,,,,
,Other Than Home University Seats Allotted to Home University Candidates,,,,,,,,,,,,,,,,,,,,,,,,
,GOPENO, ,GSTO, ,GNTAO, ,GNTBO, ,GNTDO, ,GOBCO, ,GSEBCO,,,,,,,,,,,,
25072,25209,,,,,,,,,,,,,,,,,,,,,,,,
Stage-I, ,,,,,,,,,,,,,,,,,,,,,,,,
(3.0466423),(2.0662871),,,,,,,,,,,,,,,,,,,,,,,,
25317,25375,25438,25420,25311,,,,,,,,,,,,,,,,,,,,,
,Stage-IV, ,,,,,,,,,,,,,,,,,,,,,,,
(1.3622127),(0.8905324),(0.3883715),(0.5995249),(1.3622127),,,,,,,,,,,,,,,,,,,,,
,Legends :, ,"Legends: G-General, L-Ladies, S-State Level Seats ,PWD - Persons with Disabilities,DEF - Defence,PWDR :PWD Common Reserved Seat",,,,,,,,,,,,,,,,,,,,,,
"DEFR :Defense Common Reserved Seat ,* Maharashtra State Seats - Cut Off Indicates State General Merit No. ; Figures in bracket Indicates Merit Score",,,,,,,,,,,,,,,,,,,,,,,,,
,Page 151 of 265,,,,,,,,,,,,,,,,,,,,,,,,
GOVERNMENT OF MAHARASHTRA,,,,,,,,,,,,,,,,,,,,,,,,,
,"Directorate of Technical Education, Maharashtra State, Mumbai.",,,,,,,,,,,,,,,,,,,,,,,,
,Cut Off List for Maharashtra & Minority Seats of CAP Round-II for Admission to the First Year Post Graduate Technical Course in Master of Computer Applications (MCA) for the Academic Year 2025-26.,,,,,,,,,,,,,,,,,,,,,,,,
,5597 - VAMANRAO ITHAPE COLLEGE OF ENGINEERING AND MANAGEMENT,,,,,,,,,,,,,,,,,,,,,,,,
,0559724110 - Master in Computer Application,,,,,,,,,,,,,,,,,,,,,,,,
,Status :, ,Un-Aided,,,,,,,,,,,,,,,,,,,,,,
,State Level Seats,,,,,,,,,,,,,,,,,,,,,,,,
,TFWS,,,,,,,,,,,,,,,,,,,,,,,,
3544,,,,,,,,,,,,,,,,,,,,,,,,,
Stage-I, ,,,,,,,,,,,,,,,,,,,,,,,,
(89.1966341),,,,,,,,,,,,,,,,,,,,,,,,,
,Legends :, ,"Legends: G-General, L-Ladies, S-State Level Seats ,PWD - Persons with Disabilities,DEF - Defence,PWDR :PWD Common Reserved Seat",,,,,,,,,,,,,,,,,,,,,,
"DEFR :Defense Common Reserved Seat ,* Maharashtra State Seats - Cut Off Indicates State General Merit No. ; Figures in bracket Indicates Merit Score",,,,,,,,,,,,,,,,,,,,,,,,,
,Page 152 of 265,,,,,,,,,,,,,,,,,,,,,,,,
GOVERNMENT OF MAHARASHTRA,,,,,,,,,,,,,,,,,,,,,,,,,
,"Directorate of Technical Education, Maharashtra State, Mumbai.",,,,,,,,,,,,,,,,,,,,,,,,
,Cut Off List for Maharashtra & Minority Seats of CAP Round-II for Admission to the First Year Post Graduate Technical Course in Master of Computer Applications (MCA) for the Academic Year 2025-26.,,,,,,,,,,,,,,,,,,,,,,,,
,5619 - COMMERCE MANAGEMENT AND COMPUTER SCIENCE COLLEGE,,,,,,,,,,,,,,,,,,,,,,,,
,0561924110 - Master in Computer Application,,,,,,,,,,,,,,,,,,,,,,,,
,Status :, ,Un-Aided,,,,,,,,,,,,,,,,,,,,,,
,Home University Seats,,,,,,,,,,,,,,,,,,,,,,,,
Home University Seats Allotted to Home University Candidates,,,,,,,,,,,,,,,,,,,,,,,,,
,GOPENH, ,GSCH, ,GNTBH, ,GNTDH, ,GOBCH, ,GSEBCH, ,PWDOPENH,,,,,,,,,,,,
17028,23045,19170,,,,,,,,,,,,,,,,,,,,,,,
Stage-I, ,,,,,,,,,,,,,,,,,,,,,,,,
(44.5345198),(15.5994113),(34.5198145),,,,,,,,,,,,,,,,,,,,,,,
19674,20119,19225,,,,,,,,,,,,,,,,,,,,,,,
,Stage-IV, ,,,,,,,,,,,,,,,,,,,,,,,
(31.6629561),(29.9046039),(34.5198145),,,,,,,,,,,,,,,,,,,,,,,
17821,,,,,,,,,,,,,,,,,,,,,,,,,
,I-Non PWD / DEF, ,,,,,,,,,,,,,,,,,,,,,,,
(39.3989669),,,,,,,,,,,,,,,,,,,,,,,,,
,Other Than Home University Seats,,,,,,,,,,,,,,,,,,,,,,,,
Other Than Home University Seats Allotted to Other Than Home University Candidates,,,,,,,,,,,,,,,,,,,,,,,,,
,GOPENO, ,GSCO, ,GSTO, ,GOBCO, ,GSEBCO,,,,,,,,,,,,,,,,
20432,22332,,,,,,,,,,,,,,,,,,,,,,,,
Stage-I, ,,,,,,,,,,,,,,,,,,,,,,,,
(27.2744425),(19.1539942),,,,,,,,,,,,,,,,,,,,,,,,
24741,23141,21432,,,,,,,,,,,,,,,,,,,,,,,
,Stage-IV, ,,,,,,,,,,,,,,,,,,,,,,,
(5.5960152),(13.5402134),(23.1010151),,,,,,,,,,,,,,,,,,,,,,,
,State Level Seats,,,,,,,,,,,,,,,,,,,,,,,,
,TFWS,,,,,,,,,,,,,,,,,,,,,,,,
16881,,,,,,,,,,,,,,,,,,,,,,,,,
Stage-I, ,,,,,,,,,,,,,,,,,,,,,,,,
(44.5345198),,,,,,,,,,,,,,,,,,,,,,,,,
,Legends :, ,"Legends: G-General, L-Ladies, S-State Level Seats ,PWD - Persons with Disabilities,DEF - Defence,PWDR :PWD Common Reserved Seat",,,,,,,,,,,,,,,,,,,,,,
"DEFR :Defense Common Reserved Seat ,* Maharashtra State Seats - Cut Off Indicates State General Merit No. ; Figures in bracket Indicates Merit Score",,,,,,,,,,,,,,,,,,,,,,,,,
,Page 153 of 265,,,,,,,,,,,,,,,,,,,,,,,,
GOVERNMENT OF MAHARASHTRA,,,,,,,,,,,,,,,,,,,,,,,,,
,"Directorate of Technical Education, Maharashtra State, Mumbai.",,,,,,,,,,,,,,,,,,,,,,,,
,Cut Off List for Maharashtra & Minority Seats of CAP Round-II for Admission to the First Year Post Graduate Technical Course in Master of Computer Applications (MCA) for the Academic Year 2025-26.,,,,,,,,,,,,,,,,,,,,,,,,
,5665 - Vidya Niketan Institute of Management And Computer Applications,,,,,,,,,,,,,,,,,,,,,,,,
,0566524210 - Master of Computer Applications,,,,,,,,,,,,,,,,,,,,,,,,
,Status :, ,Un-Aided,,,,,,,,,,,,,,,,,,,,,,
,Home University Seats,,,,,,,,,,,,,,,,,,,,,,,,
Home University Seats Allotted to Home University Candidates,,,,,,,,,,,,,,,,,,,,,,,,,
,GOPENH, ,GSCH, ,GSTH, ,GNTAH, ,GNTCH, ,GNTDH, ,GOBCH, ,GSEBCH, ,PWDOPENH,,,,,,,,
17575,25412,21670,21088,,,,,,,,,,,,,,,,,,,,,,
Stage-I, ,,,,,,,,,,,,,,,,,,,,,,,,
(41.4550394),(0.5995249),(21.0059952),(25.4779232),,,,,,,,,,,,,,,,,,,,,,
22065,21829,22421,20909,22002,,,,,,,,,,,,,,,,,,,,,
,Stage-IV, ,,,,,,,,,,,,,,,,,,,,,,,
(21.0059952),(21.0059952),(19.1539942),(25.4779232),(21.0059952),,,,,,,,,,,,,,,,,,,,,
18442,,,,,,,,,,,,,,,,,,,,,,,,,
,I-Non PWD / DEF, ,,,,,,,,,,,,,,,,,,,,,,,
(36.496736),,,,,,,,,,,,,,,,,,,,,,,,,
,Home University Seats Allotted to Other Than Home University Candidates,,,,,,,,,,,,,,,,,,,,,,,,
,GNTBH,,,,,,,,,,,,,,,,,,,,,,,,
24743,,,,,,,,,,,,,,,,,,,,,,,,,
Stage-I, ,,,,,,,,,,,,,,,,,,,,,,,,
(5.5960152),,,,,,,,,,,,,,,,,,,,,,,,,
,Other Than Home University Seats,,,,,,,,,,,,,,,,,,,,,,,,
Other Than Home University Seats Allotted to Other Than Home University Candidates,,,,,,,,,,,,,,,,,,,,,,,,,
,GOPENO, ,GSCO, ,GSTO, ,GNTAO, ,GNTCO, ,GOBCO, ,GSEBCO,,,,,,,,,,,,
18449,21478,,,,,,,,,,,,,,,,,,,,,,,,
Stage-I, ,,,,,,,,,,,,,,,,,,,,,,,,
(36.496736),(23.1010151),,,,,,,,,,,,,,,,,,,,,,,,
21717,23941,24216,24847,25108,,,,,,,,,,,,,,,,,,,,,
,Stage-IV, ,,,,,,,,,,,,,,,,,,,,,,,
(21.0059952),(9.7430286),(7.9446476),(4.302251),(2.8640429),,,,,,,,,,,,,,,,,,,,,
,Legends :, ,"Legends: G-General, L-Ladies, S-State Level Seats ,PWD - Persons with Disabilities,DEF - Defence,PWDR :PWD Common Reserved Seat",,,,,,,,,,,,,,,,,,,,,,
"DEFR :Defense Common Reserved Seat ,* Maharashtra State Seats - Cut Off Indicates State General Merit No. ; Figures in bracket Indicates Merit Score",,,,,,,,,,,,,,,,,,,,,,,,,
,Page 154 of 265,,,,,,,,,,,,,,,,,,,,,,,,
GOVERNMENT OF MAHARASHTRA,,,,,,,,,,,,,,,,,,,,,,,,,
,"Directorate of Technical Education, Maharashtra State, Mumbai.",,,,,,,,,,,,,,,,,,,,,,,,
,Cut Off List for Maharashtra & Minority Seats of CAP Round-II for Admission to the First Year Post Graduate Technical Course in Master of Computer Applications (MCA) for the Academic Year 2025-26.,,,,,,,,,,,,,,,,,,,,,,,,
,5665 - Vidya Niketan Institute of Management And Computer Applications,,,,,,,,,,,,,,,,,,,,,,,,
,0566524210 - Master of Computer Applications,,,,,,,,,,,,,,,,,,,,,,,,
,Status :, ,Un-Aided,,,,,,,,,,,,,,,,,,,,,,
,Other Than Home University Seats Allotted to Home University Candidates,,,,,,,,,,,,,,,,,,,,,,,,
,GSCO,,,,,,,,,,,,,,,,,,,,,,,,
22431,,,,,,,,,,,,,,,,,,,,,,,,,
Stage-IV, ,,,,,,,,,,,,,,,,,,,,,,,,
(19.1539942),,,,,,,,,,,,,,,,,,,,,,,,,
,State Level Seats,,,,,,,,,,,,,,,,,,,,,,,,
,TFWS,,,,,,,,,,,,,,,,,,,,,,,,
4398,,,,,,,,,,,,,,,,,,,,,,,,,
Stage-I, ,,,,,,,,,,,,,,,,,,,,,,,,
(87.2080299),,,,,,,,,,,,,,,,,,,,,,,,,
,Legends :, ,"Legends: G-General, L-Ladies, S-State Level Seats ,PWD - Persons with Disabilities,DEF - Defence,PWDR :PWD Common Reserved Seat",,,,,,,,,,,,,,,,,,,,,,
"DEFR :Defense Common Reserved Seat ,* Maharashtra State Seats - Cut Off Indicates State General Merit No. ; Figures in bracket Indicates Merit Score",,,,,,,,,,,,,,,,,,,,,,,,,
,Page 155 of 265,,,,,,,,,,,,,,,,,,,,,,,,
GOVERNMENT OF MAHARASHTRA,,,,,,,,,,,,,,,,,,,,,,,,,
,"Directorate of Technical Education, Maharashtra State, Mumbai.",,,,,,,,,,,,,,,,,,,,,,,,
,Cut Off List for Maharashtra & Minority Seats of CAP Round-II for Admission to the First Year Post Graduate Technical Course in Master of Computer Applications (MCA) for the Academic Year 2025-26.,,,,,,,,,,,,,,,,,,,,,,,,
,"5674 - Khandesh Education Society's Institute of Management and Technology, Amalner",,,,,,,,,,,,,,,,,,,,,,,,
,0567424110 - Master in Computer Application,,,,,,,,,,,,,,,,,,,,,,,,
,Status :, ,Un-Aided,,,,,,,,,,,,,,,,,,,,,,
,Home University Seats,,,,,,,,,,,,,,,,,,,,,,,,
Home University Seats Allotted to Home University Candidates,,,,,,,,,,,,,,,,,,,,,,,,,
,GSCH, ,GSTH, ,GNTCH, ,GNTDH, ,GOBCH, ,GSEBCH, ,PWDOPENH,,,,,,,,,,,,
20980,18940,19521,20567,,,,,,,,,,,,,,,,,,,,,,
Stage-IV, ,,,,,,,,,,,,,,,,,,,,,,,,
(25.4779232),(34.5198145),(31.6629561),(27.2744425),,,,,,,,,,,,,,,,,,,,,,
22118,6688,,,,,,,,,,,,,,,,,,,,,,,,
,Stage-I, ,,,,,,,,,,,,,,,,,,,,,,,
(19.1539942),(79.9969812),,,,,,,,,,,,,,,,,,,,,,,,
12224,,,,,,,,,,,,,,,,,,,,,,,,,
,I-Non PWD / DEF, ,,,,,,,,,,,,,,,,,,,,,,,
(61.2807064),,,,,,,,,,,,,,,,,,,,,,,,,
,Other Than Home University Seats Allotted to Home University Candidates,,,,,,,,,,,,,,,,,,,,,,,,
,GOPENO, ,GSCO, ,GNTAO, ,GOBCO, ,GSEBCO,,,,,,,,,,,,,,,,
17781,20792,,,,,,,,,,,,,,,,,,,,,,,,
Stage-I, ,,,,,,,,,,,,,,,,,,,,,,,,
(39.3989669),(25.4779232),,,,,,,,,,,,,,,,,,,,,,,,
21685,21038,21300,,,,,,,,,,,,,,,,,,,,,,,
,Stage-IV, ,,,,,,,,,,,,,,,,,,,,,,,
(21.0059952),(25.4779232),(23.1010151),,,,,,,,,,,,,,,,,,,,,,,
,Legends :, ,"Legends: G-General, L-Ladies, S-State Level Seats ,PWD - Persons with Disabilities,DEF - Defence,PWDR :PWD Common Reserved Seat",,,,,,,,,,,,,,,,,,,,,,
"DEFR :Defense Common Reserved Seat ,* Maharashtra State Seats - Cut Off Indicates State General Merit No. ; Figures in bracket Indicates Merit Score",,,,,,,,,,,,,,,,,,,,,,,,,
,Page 156 of 265,,,,,,,,,,,,,,,,,,,,,,,,
GOVERNMENT OF MAHARASHTRA,,,,,,,,,,,,,,,,,,,,,,,,,
,"Directorate of Technical Education, Maharashtra State, Mumbai.",,,,,,,,,,,,,,,,,,,,,,,,
,Cut Off List for Maharashtra & Minority Seats of CAP Round-II for Admission to the First Year Post Graduate Technical Course in Master of Computer Applications (MCA) for the Academic Year 2025-26.,,,,,,,,,,,,,,,,,,,,,,,,
,"6005 - Government College of Engineering, Karad",,,,,,,,,,,,,,,,,,,,,,,,
,0600524110 - Master in Computer Application,,,,,,,,,,,,,,,,,,,,,,,,
,Status :, ,Government-Autonomous,,,,,,,,,,,,,,,,,,,,,,
,Home University Seats,,,,,,,,,,,,,,,,,,,,,,,,
Home University Seats Allotted to Home University Candidates,,,,,,,,,,,,,,,,,,,,,,,,,
,GOPENH, ,GSCH, ,GSTH,,,,,,,,,,,,,,,,,,,,
973,5282,,,,,,,,,,,,,,,,,,,,,,,,
Stage-I, ,,,,,,,,,,,,,,,,,,,,,,,,
(96.828928),(82.9644433),,,,,,,,,,,,,,,,,,,,,,,,
1188,,,,,,,,,,,,,,,,,,,,,,,,,
,Stage-IV, ,,,,,,,,,,,,,,,,,,,,,,,
(96.1125146),,,,,,,,,,,,,,,,,,,,,,,,,
,Other Than Home University Seats,,,,,,,,,,,,,,,,,,,,,,,,
Other Than Home University Seats Allotted to Other Than Home University Candidates,,,,,,,,,,,,,,,,,,,,,,,,,
,GOPENO, ,GSCO, ,GSTO, ,GSEBCO,,,,,,,,,,,,,,,,,,
948,1456,2657,,,,,,,,,,,,,,,,,,,,,,,
Stage-I, ,,,,,,,,,,,,,,,,,,,,,,,,
(96.828928),(95.2942951),(92.1797821),,,,,,,,,,,,,,,,,,,,,,,
1521,,,,,,,,,,,,,,,,,,,,,,,,,
,Stage-IV, ,,,,,,,,,,,,,,,,,,,,,,,
(94.6454851),,,,,,,,,,,,,,,,,,,,,,,,,
,State Level Seats,,,,,,,,,,,,,,,,,,,,,,,,
,TFWS,,,,,,,,,,,,,,,,,,,,,,,,
593,,,,,,,,,,,,,,,,,,,,,,,,,
Stage-I, ,,,,,,,,,,,,,,,,,,,,,,,,
(97.8055126),,,,,,,,,,,,,,,,,,,,,,,,,
,Legends :, ,"Legends: G-General, L-Ladies, S-State Level Seats ,PWD - Persons with Disabilities,DEF - Defence,PWDR :PWD Common Reserved Seat",,,,,,,,,,,,,,,,,,,,,,
"DEFR :Defense Common Reserved Seat ,* Maharashtra State Seats - Cut Off Indicates State General Merit No. ; Figures in bracket Indicates Merit Score",,,,,,,,,,,,,,,,,,,,,,,,,
,Page 157 of 265,,,,,,,,,,,,,,,,,,,,,,,,
GOVERNMENT OF MAHARASHTRA,,,,,,,,,,,,,,,,,,,,,,,,,
,"Directorate of Technical Education, Maharashtra State, Mumbai.",,,,,,,,,,,,,,,,,,,,,,,,
,Cut Off List for Maharashtra & Minority Seats of CAP Round-II for Admission to the First Year Post Graduate Technical Course in Master of Computer Applications (MCA) for the Academic Year 2025-26.,,,,,,,,,,,,,,,,,,,,,,,,
,"6029 - Yashwantrao Chavan School of Rural Development, Kolhapur",,,,,,,,,,,,,,,,,,,,,,,,
,0602924110 - Master in Computer Application,,,,,,,,,,,,,,,,,,,,,,,,
,Status :, ,University Department,,,,,,,,,,,,,,,,,,,,,,
,Home University Seats,,,,,,,,,,,,,,,,,,,,,,,,
Home University Seats Allotted to Home University Candidates,,,,,,,,,,,,,,,,,,,,,,,,,
,GOPENH, ,GSCH, ,GSTH, ,GNTAH, ,GNTBH, ,GNTCH, ,GOBCH, ,GSEBCH, ,PWDOPENH,,,,,,,,
7570,21562,10428,16339,9331,,,,,,,,,,,,,,,,,,,,,
Stage-I, ,,,,,,,,,,,,,,,,,,,,,,,,
(76.9216256),(23.1010151),(67.3579428),(46.3793819),(71.1549338),,,,,,,,,,,,,,,,,,,,,
8804,9170,8735,,,,,,,,,,,,,,,,,,,,,,,
,Stage-IV, ,,,,,,,,,,,,,,,,,,,,,,,
(73.5368477),(71.1549338),(73.5368477),,,,,,,,,,,,,,,,,,,,,,,
7611,,,,,,,,,,,,,,,,,,,,,,,,,
,I-Non PWD / DEF, ,,,,,,,,,,,,,,,,,,,,,,,
(76.9216256),,,,,,,,,,,,,,,,,,,,,,,,,
,Other Than Home University Seats,,,,,,,,,,,,,,,,,,,,,,,,
Other Than Home University Seats Allotted to Other Than Home University Candidates,,,,,,,,,,,,,,,,,,,,,,,,,
,GOPENO, ,GNTAO, ,GOBCO,,,,,,,,,,,,,,,,,,,,
3237,7429,,,,,,,,,,,,,,,,,,,,,,,,
Stage-I, ,,,,,,,,,,,,,,,,,,,,,,,,
(90.7733494),(76.9216256),,,,,,,,,,,,,,,,,,,,,,,,
7202,,,,,,,,,,,,,,,,,,,,,,,,,
,Stage-IV, ,,,,,,,,,,,,,,,,,,,,,,,
(77.8251197),,,,,,,,,,,,,,,,,,,,,,,,,
,Other Than Home University Seats Allotted to Home University Candidates,,,,,,,,,,,,,,,,,,,,,,,,
,GSCO, ,GNTCO, ,GSEBCO,,,,,,,,,,,,,,,,,,,,
21583,16982,10421,,,,,,,,,,,,,,,,,,,,,,,
Stage-I, ,,,,,,,,,,,,,,,,,,,,,,,,
(23.1010151),(44.5345198),(67.3579428),,,,,,,,,,,,,,,,,,,,,,,
,Legends :, ,"Legends: G-General, L-Ladies, S-State Level Seats ,PWD - Persons with Disabilities,DEF - Defence,PWDR :PWD Common Reserved Seat",,,,,,,,,,,,,,,,,,,,,,
"DEFR :Defense Common Reserved Seat ,* Maharashtra State Seats - Cut Off Indicates State General Merit No. ; Figures in bracket Indicates Merit Score",,,,,,,,,,,,,,,,,,,,,,,,,
,Page 158 of 265,,,,,,,,,,,,,,,,,,,,,,,,
GOVERNMENT OF MAHARASHTRA,,,,,,,,,,,,,,,,,,,,,,,,,
,"Directorate of Technical Education, Maharashtra State, Mumbai.",,,,,,,,,,,,,,,,,,,,,,,,
,Cut Off List for Maharashtra & Minority Seats of CAP Round-II for Admission to the First Year Post Graduate Technical Course in Master of Computer Applications (MCA) for the Academic Year 2025-26.,,,,,,,,,,,,,,,,,,,,,,,,
,"6029 - Yashwantrao Chavan School of Rural Development, Kolhapur",,,,,,,,,,,,,,,,,,,,,,,,
,0602924110 - Master in Computer Application,,,,,,,,,,,,,,,,,,,,,,,,
,Status :, ,University Department,,,,,,,,,,,,,,,,,,,,,,
,State Level Seats,,,,,,,,,,,,,,,,,,,,,,,,
,TFWS,,,,,,,,,,,,,,,,,,,,,,,,
3764,,,,,,,,,,,,,,,,,,,,,,,,,
Stage-I, ,,,,,,,,,,,,,,,,,,,,,,,,
(89.1331398),,,,,,,,,,,,,,,,,,,,,,,,,
,Legends :, ,"Legends: G-General, L-Ladies, S-State Level Seats ,PWD - Persons with Disabilities,DEF - Defence,PWDR :PWD Common Reserved Seat",,,,,,,,,,,,,,,,,,,,,,
"DEFR :Defense Common Reserved Seat ,* Maharashtra State Seats - Cut Off Indicates State General Merit No. ; Figures in bracket Indicates Merit Score",,,,,,,,,,,,,,,,,,,,,,,,,
,Page 159 of 265,,,,,,,,,,,,,,,,,,,,,,,,
GOVERNMENT OF MAHARASHTRA,,,,,,,,,,,,,,,,,,,,,,,,,
,"Directorate of Technical Education, Maharashtra State, Mumbai.",,,,,,,,,,,,,,,,,,,,,,,,
,Cut Off List for Maharashtra & Minority Seats of CAP Round-II for Admission to the First Year Post Graduate Technical Course in Master of Computer Applications (MCA) for the Academic Year 2025-26.,,,,,,,,,,,,,,,,,,,,,,,,
,"6031 - Punyashlok Ahilyadevi Holkar Solapur University, Solapur",,,,,,,,,,,,,,,,,,,,,,,,
,0603124110 - Master in Computer Application,,,,,,,,,,,,,,,,,,,,,,,,
,Status :, ,University Managed,,,,,,,,,,,,,,,,,,,,,,
,Home University Seats,,,,,,,,,,,,,,,,,,,,,,,,
Home University Seats Allotted to Home University Candidates,,,,,,,,,,,,,,,,,,,,,,,,,
,PWDOPENH,,,,,,,,,,,,,,,,,,,,,,,,
6864,,,,,,,,,,,,,,,,,,,,,,,,,
I-Non PWD / DEF, ,,,,,,,,,,,,,,,,,,,,,,,,
(79.9969812),,,,,,,,,,,,,,,,,,,,,,,,,
,Other Than Home University Seats,,,,,,,,,,,,,,,,,,,,,,,,
Other Than Home University Seats Allotted to Other Than Home University Candidates,,,,,,,,,,,,,,,,,,,,,,,,,
,GOPENO, ,GSCO, ,GSTO, ,GNTAO, ,GNTCO, ,GNTDO, ,GSEBCO,,,,,,,,,,,,
19933,21071,21199,,,,,,,,,,,,,,,,,,,,,,,
Stage-I, ,,,,,,,,,,,,,,,,,,,,,,,,
(29.9046039),(25.4779232),(25.4779232),,,,,,,,,,,,,,,,,,,,,,,
20547,20748,21117,24247,,,,,,,,,,,,,,,,,,,,,,
,Stage-IV, ,,,,,,,,,,,,,,,,,,,,,,,
(27.2744425),(27.2744425),(25.4779232),(7.9446476),,,,,,,,,,,,,,,,,,,,,,
,Other Than Home University Seats Allotted to Home University Candidates,,,,,,,,,,,,,,,,,,,,,,,,
,GSCO, ,GOBCO, ,GSEBCO,,,,,,,,,,,,,,,,,,,,
11759,12331,14225,,,,,,,,,,,,,,,,,,,,,,,
Stage-I, ,,,,,,,,,,,,,,,,,,,,,,,,
(63.1574978),(61.2807064),(53.942159),,,,,,,,,,,,,,,,,,,,,,,
9658,,,,,,,,,,,,,,,,,,,,,,,,,
,Stage-IV, ,,,,,,,,,,,,,,,,,,,,,,,
(69.7143504),,,,,,,,,,,,,,,,,,,,,,,,,
,Legends :, ,"Legends: G-General, L-Ladies, S-State Level Seats ,PWD - Persons with Disabilities,DEF - Defence,PWDR :PWD Common Reserved Seat",,,,,,,,,,,,,,,,,,,,,,
"DEFR :Defense Common Reserved Seat ,* Maharashtra State Seats - Cut Off Indicates State General Merit No. ; Figures in bracket Indicates Merit Score",,,,,,,,,,,,,,,,,,,,,,,,,
,Page 160 of 265,,,,,,,,,,,,,,,,,,,,,,,,
GOVERNMENT OF MAHARASHTRA,,,,,,,,,,,,,,,,,,,,,,,,,
,"Directorate of Technical Education, Maharashtra State, Mumbai.",,,,,,,,,,,,,,,,,,,,,,,,
,Cut Off List for Maharashtra & Minority Seats of CAP Round-II for Admission to the First Year Post Graduate Technical Course in Master of Computer Applications (MCA) for the Academic Year 2025-26.,,,,,,,,,,,,,,,,,,,,,,,,
,"6033 - Department of Computer Science, Savitribai Phule Pune University, Pune",,,,,,,,,,,,,,,,,,,,,,,,
,0603324110 - Master in Computer Application,,,,,,,,,,,,,,,,,,,,,,,,
,Status :, ,University Department,,,,,,,,,,,,,,,,,,,,,,
,Home University Seats,,,,,,,,,,,,,,,,,,,,,,,,
Home University Seats Allotted to Home University Candidates,,,,,,,,,,,,,,,,,,,,,,,,,
,GSCH, ,GSTH, ,GOBCH,,,,,,,,,,,,,,,,,,,,
862,1944,385,,,,,,,,,,,,,,,,,,,,,,,
Stage-I, ,,,,,,,,,,,,,,,,,,,,,,,,
(97.0718086),(93.5511867),(98.5181554),,,,,,,,,,,,,,,,,,,,,,,
,Other Than Home University Seats,,,,,,,,,,,,,,,,,,,,,,,,
Other Than Home University Seats Allotted to Other Than Home University Candidates,,,,,,,,,,,,,,,,,,,,,,,,,
,GOPENO,,,,,,,,,,,,,,,,,,,,,,,,
132,,,,,,,,,,,,,,,,,,,,,,,,,
Stage-I, ,,,,,,,,,,,,,,,,,,,,,,,,
(99.3740809),,,,,,,,,,,,,,,,,,,,,,,,,
,State Level Seats,,,,,,,,,,,,,,,,,,,,,,,,
,EWS,,,,,,,,,,,,,,,,,,,,,,,,
357,,,,,,,,,,,,,,,,,,,,,,,,,
Stage-I, ,,,,,,,,,,,,,,,,,,,,,,,,
(98.5181554),,,,,,,,,,,,,,,,,,,,,,,,,
,Legends :, ,"Legends: G-General, L-Ladies, S-State Level Seats ,PWD - Persons with Disabilities,DEF - Defence,PWDR :PWD Common Reserved Seat",,,,,,,,,,,,,,,,,,,,,,
"DEFR :Defense Common Reserved Seat ,* Maharashtra State Seats - Cut Off Indicates State General Merit No. ; Figures in bracket Indicates Merit Score",,,,,,,,,,,,,,,,,,,,,,,,,
,Page 161 of 265,,,,,,,,,,,,,,,,,,,,,,,,
GOVERNMENT OF MAHARASHTRA,,,,,,,,,,,,,,,,,,,,,,,,,
,"Directorate of Technical Education, Maharashtra State, Mumbai.",,,,,,,,,,,,,,,,,,,,,,,,
,Cut Off List for Maharashtra & Minority Seats of CAP Round-II for Admission to the First Year Post Graduate Technical Course in Master of Computer Applications (MCA) for the Academic Year 2025-26.,,,,,,,,,,,,,,,,,,,,,,,,
,"6120 - Shri. Khanderai Pratishthans Dnyansagar Institute of Management and Research, Balewadi, Pune",,,,,,,,,,,,,,,,,,,,,,,,
,0612024110 - Master in Computer Application,,,,,,,,,,,,,,,,,,,,,,,,
,Status :, ,Un-Aided,,,,,,,,,,,,,,,,,,,,,,
,Home University Seats,,,,,,,,,,,,,,,,,,,,,,,,
Home University Seats Allotted to Home University Candidates,,,,,,,,,,,,,,,,,,,,,,,,,
,GOPENH, ,GSCH, ,GSTH, ,GNTAH, ,GNTCH, ,GNTDH, ,GOBCH, ,GSEBCH, ,PWDOPENH,,,,,,,,
10400,20457,16059,14810,14104,15164,18871,,,,,,,,,,,,,,,,,,,
Stage-I, ,,,,,,,,,,,,,,,,,,,,,,,,
(67.3579428),(27.2744425),(46.3793819),(51.4093808),(53.942159),(51.4093808),(34.5198145),,,,,,,,,,,,,,,,,,,
11573,,,,,,,,,,,,,,,,,,,,,,,,,
,Stage-IV, ,,,,,,,,,,,,,,,,,,,,,,,
(63.1574978),,,,,,,,,,,,,,,,,,,,,,,,,
10662,,,,,,,,,,,,,,,,,,,,,,,,,
,I-Non PWD / DEF, ,,,,,,,,,,,,,,,,,,,,,,,
(67.3579428),,,,,,,,,,,,,,,,,,,,,,,,,
,Home University Seats Allotted to Other Than Home University Candidates,,,,,,,,,,,,,,,,,,,,,,,,
,GSCH, ,GNTBH, ,GNTDH,,,,,,,,,,,,,,,,,,,,
12767,20136,19482,,,,,,,,,,,,,,,,,,,,,,,
Stage-I, ,,,,,,,,,,,,,,,,,,,,,,,,
(58.7911466),(29.9046039),(31.6629561),,,,,,,,,,,,,,,,,,,,,,,
,Other Than Home University Seats,,,,,,,,,,,,,,,,,,,,,,,,
Other Than Home University Seats Allotted to Other Than Home University Candidates,,,,,,,,,,,,,,,,,,,,,,,,,
,GOPENO, ,GSCO, ,GSTO, ,GNTAO, ,GNTBO, ,GNTDO, ,GOBCO,,,,,,,,,,,,
7381,11885,12208,17627,8743,9758,,,,,,,,,,,,,,,,,,,,
Stage-I, ,,,,,,,,,,,,,,,,,,,,,,,,
(77.8251197),(63.1574978),(61.2807064),(41.4550394),(73.5368477),(69.7143504),,,,,,,,,,,,,,,,,,,,
7811,,,,,,,,,,,,,,,,,,,,,,,,,
,Stage-IV, ,,,,,,,,,,,,,,,,,,,,,,,
(76.9216256),,,,,,,,,,,,,,,,,,,,,,,,,
,Legends :, ,"Legends: G-General, L-Ladies, S-State Level Seats ,PWD - Persons with Disabilities,DEF - Defence,PWDR :PWD Common Reserved Seat",,,,,,,,,,,,,,,,,,,,,,
"DEFR :Defense Common Reserved Seat ,* Maharashtra State Seats - Cut Off Indicates State General Merit No. ; Figures in bracket Indicates Merit Score",,,,,,,,,,,,,,,,,,,,,,,,,
,Page 162 of 265,,,,,,,,,,,,,,,,,,,,,,,,
GOVERNMENT OF MAHARASHTRA,,,,,,,,,,,,,,,,,,,,,,,,,
,"Directorate of Technical Education, Maharashtra State, Mumbai.",,,,,,,,,,,,,,,,,,,,,,,,
,Cut Off List for Maharashtra & Minority Seats of CAP Round-II for Admission to the First Year Post Graduate Technical Course in Master of Computer Applications (MCA) for the Academic Year 2025-26.,,,,,,,,,,,,,,,,,,,,,,,,
,"6120 - Shri. Khanderai Pratishthans Dnyansagar Institute of Management and Research, Balewadi, Pune",,,,,,,,,,,,,,,,,,,,,,,,
,0612024110 - Master in Computer Application,,,,,,,,,,,,,,,,,,,,,,,,
,Status :, ,Un-Aided,,,,,,,,,,,,,,,,,,,,,,
,State Level Seats,,,,,,,,,,,,,,,,,,,,,,,,
,EWS, ,TFWS,,,,,,,,,,,,,,,,,,,,,,
21690,3954,,,,,,,,,,,,,,,,,,,,,,,,
Stage-I, ,,,,,,,,,,,,,,,,,,,,,,,,
(21.0059952),(87.3496474),,,,,,,,,,,,,,,,,,,,,,,,
,Legends :, ,"Legends: G-General, L-Ladies, S-State Level Seats ,PWD - Persons with Disabilities,DEF - Defence,PWDR :PWD Common Reserved Seat",,,,,,,,,,,,,,,,,,,,,,
"DEFR :Defense Common Reserved Seat ,* Maharashtra State Seats - Cut Off Indicates State General Merit No. ; Figures in bracket Indicates Merit Score",,,,,,,,,,,,,,,,,,,,,,,,,
,Page 163 of 265,,,,,,,,,,,,,,,,,,,,,,,,
GOVERNMENT OF MAHARASHTRA,,,,,,,,,,,,,,,,,,,,,,,,,
,"Directorate of Technical Education, Maharashtra State, Mumbai.",,,,,,,,,,,,,,,,,,,,,,,,
,Cut Off List for Maharashtra & Minority Seats of CAP Round-II for Admission to the First Year Post Graduate Technical Course in Master of Computer Applications (MCA) for the Academic Year 2025-26.,,,,,,,,,,,,,,,,,,,,,,,,
,"6129 - Jayawant Shikshan Prasarak Mandal's Jayawant Institute of Management Studies, Tathawade Pune-411033",,,,,,,,,,,,,,,,,,,,,,,,
,0612924110 - Master in Computer Application,,,,,,,,,,,,,,,,,,,,,,,,
,Status :, ,Un-Aided,,,,,,,,,,,,,,,,,,,,,,
,Home University Seats,,,,,,,,,,,,,,,,,,,,,,,,
Home University Seats Allotted to Home University Candidates,,,,,,,,,,,,,,,,,,,,,,,,,
,GOPENH, ,GSCH, ,GNTAH, ,GNTCH, ,GOBCH, ,PWDOPENH,,,,,,,,,,,,,,
1908,4620,19321,3830,2328,17953,,,,,,,,,,,,,,,,,,,,
Stage-I, ,,,,,,,,,,,,,,,,,,,,,,,,
(93.5511867),(85.3851665),(34.5198145),(89.1331398),(92.3361383),(39.3989669),,,,,,,,,,,,,,,,,,,,
,Home University Seats Allotted to Other Than Home University Candidates,,,,,,,,,,,,,,,,,,,,,,,,
,PWDROBCH,,,,,,,,,,,,,,,,,,,,,,,,
19515,,,,,,,,,,,,,,,,,,,,,,,,,
Stage-I, ,,,,,,,,,,,,,,,,,,,,,,,,
(31.6629561),,,,,,,,,,,,,,,,,,,,,,,,,
,Other Than Home University Seats,,,,,,,,,,,,,,,,,,,,,,,,
Other Than Home University Seats Allotted to Other Than Home University Candidates,,,,,,,,,,,,,,,,,,,,,,,,,
,GOPENO, ,GNTCO, ,GOBCO,,,,,,,,,,,,,,,,,,,,
1105,2674,1314,,,,,,,,,,,,,,,,,,,,,,,
Stage-I, ,,,,,,,,,,,,,,,,,,,,,,,,
(96.1125146),(90.9663786),(95.5548847),,,,,,,,,,,,,,,,,,,,,,,
,State Level Seats,,,,,,,,,,,,,,,,,,,,,,,,
,EWS, ,TFWS,,,,,,,,,,,,,,,,,,,,,,
3253,586,,,,,,,,,,,,,,,,,,,,,,,,
Stage-I, ,,,,,,,,,,,,,,,,,,,,,,,,
(89.1966341),(97.8055126),,,,,,,,,,,,,,,,,,,,,,,,
,Legends :, ,"Legends: G-General, L-Ladies, S-State Level Seats ,PWD - Persons with Disabilities,DEF - Defence,PWDR :PWD Common Reserved Seat",,,,,,,,,,,,,,,,,,,,,,
"DEFR :Defense Common Reserved Seat ,* Maharashtra State Seats - Cut Off Indicates State General Merit No. ; Figures in bracket Indicates Merit Score",,,,,,,,,,,,,,,,,,,,,,,,,
,Page 164 of 265,,,,,,,,,,,,,,,,,,,,,,,,
GOVERNMENT OF MAHARASHTRA,,,,,,,,,,,,,,,,,,,,,,,,,
,"Directorate of Technical Education, Maharashtra State, Mumbai.",,,,,,,,,,,,,,,,,,,,,,,,
,Cut Off List for Maharashtra & Minority Seats of CAP Round-II for Admission to the First Year Post Graduate Technical Course in Master of Computer Applications (MCA) for the Academic Year 2025-26.,,,,,,,,,,,,,,,,,,,,,,,,
,"6137 - Vidya Pratishthan Institute of Information Technology, Baramati, Pune",,,,,,,,,,,,,,,,,,,,,,,,
,0613724110 - Master in Computer Application,,,,,,,,,,,,,,,,,,,,,,,,
,Status :, ,Un-Aided,,,,,,,,,,,,,,,,,,,,,,
,Home University Seats,,,,,,,,,,,,,,,,,,,,,,,,
Home University Seats Allotted to Home University Candidates,,,,,,,,,,,,,,,,,,,,,,,,,
,GOPENH, ,GSCH, ,GSTH, ,GOBCH, ,GSEBCH, ,PWDOPENH,,,,,,,,,,,,,,
5944,15390,8359,5994,,,,,,,,,,,,,,,,,,,,,,
Stage-I, ,,,,,,,,,,,,,,,,,,,,,,,,
(82.8308366),(49.3533426),(74.782248),(82.8308366),,,,,,,,,,,,,,,,,,,,,,
7687,,,,,,,,,,,,,,,,,,,,,,,,,
,Stage-IV, ,,,,,,,,,,,,,,,,,,,,,,,
(76.9216256),,,,,,,,,,,,,,,,,,,,,,,,,
5959,,,,,,,,,,,,,,,,,,,,,,,,,
,I-Non PWD / DEF, ,,,,,,,,,,,,,,,,,,,,,,,
(82.8308366),,,,,,,,,,,,,,,,,,,,,,,,,
,Other Than Home University Seats,,,,,,,,,,,,,,,,,,,,,,,,
Other Than Home University Seats Allotted to Other Than Home University Candidates,,,,,,,,,,,,,,,,,,,,,,,,,
,GOPENO, ,GSCO, ,GSTO, ,GNTBO, ,GOBCO, ,GSEBCO,,,,,,,,,,,,,,
2783,6335,21816,4368,3958,,,,,,,,,,,,,,,,,,,,,
Stage-I, ,,,,,,,,,,,,,,,,,,,,,,,,
(90.9663786),(80.5399495),(21.0059952),(87.2080299),(87.3496474),,,,,,,,,,,,,,,,,,,,,
4207,,,,,,,,,,,,,,,,,,,,,,,,,
,Stage-IV, ,,,,,,,,,,,,,,,,,,,,,,,
(87.2080299),,,,,,,,,,,,,,,,,,,,,,,,,
,State Level Seats,,,,,,,,,,,,,,,,,,,,,,,,
,EWS, ,TFWS,,,,,,,,,,,,,,,,,,,,,,
17168,2021,,,,,,,,,,,,,,,,,,,,,,,,
Stage-I, ,,,,,,,,,,,,,,,,,,,,,,,,
(41.4550394),(93.405226),,,,,,,,,,,,,,,,,,,,,,,,
,Legends :, ,"Legends: G-General, L-Ladies, S-State Level Seats ,PWD - Persons with Disabilities,DEF - Defence,PWDR :PWD Common Reserved Seat",,,,,,,,,,,,,,,,,,,,,,
"DEFR :Defense Common Reserved Seat ,* Maharashtra State Seats - Cut Off Indicates State General Merit No. ; Figures in bracket Indicates Merit Score",,,,,,,,,,,,,,,,,,,,,,,,,
,Page 165 of 265,,,,,,,,,,,,,,,,,,,,,,,,
GOVERNMENT OF MAHARASHTRA,,,,,,,,,,,,,,,,,,,,,,,,,
,"Directorate of Technical Education, Maharashtra State, Mumbai.",,,,,,,,,,,,,,,,,,,,,,,,
,Cut Off List for Maharashtra & Minority Seats of CAP Round-II for Admission to the First Year Post Graduate Technical Course in Master of Computer Applications (MCA) for the Academic Year 2025-26.,,,,,,,,,,,,,,,,,,,,,,,,
,"6138 - Genba Sopanrao Moze Trust Parvatibai Genba Moze College of Engineering,Wagholi, Pune",,,,,,,,,,,,,,,,,,,,,,,,
,0613824110 - Master in Computer Application,,,,,,,,,,,,,,,,,,,,,,,,
,Status :, ,Un-Aided,,,,,,,,,,,,,,,,,,,,,,
,Home University Seats,,,,,,,,,,,,,,,,,,,,,,,,
Home University Seats Allotted to Home University Candidates,,,,,,,,,,,,,,,,,,,,,,,,,
,GOPENH, ,GSCH, ,GSTH, ,GNTBH, ,GNTDH, ,GOBCH, ,GSEBCH, ,PWDOPENH,,,,,,,,,,
5542,16901,8716,15706,9396,10417,,,,,,,,,,,,,,,,,,,,
Stage-I, ,,,,,,,,,,,,,,,,,,,,,,,,
(82.9644433),(44.5345198),(73.5368477),(49.3533426),(71.1549338),(67.3579428),,,,,,,,,,,,,,,,,,,,
7010,,,,,,,,,,,,,,,,,,,,,,,,,
,Stage-IV, ,,,,,,,,,,,,,,,,,,,,,,,
(77.8251197),,,,,,,,,,,,,,,,,,,,,,,,,
6128,,,,,,,,,,,,,,,,,,,,,,,,,
,I-Non PWD / DEF, ,,,,,,,,,,,,,,,,,,,,,,,
(80.5399495),,,,,,,,,,,,,,,,,,,,,,,,,
,Home University Seats Allotted to Other Than Home University Candidates,,,,,,,,,,,,,,,,,,,,,,,,
,GNTAH,,,,,,,,,,,,,,,,,,,,,,,,
9108,,,,,,,,,,,,,,,,,,,,,,,,,
Stage-I, ,,,,,,,,,,,,,,,,,,,,,,,,
(71.1549338),,,,,,,,,,,,,,,,,,,,,,,,,
,Other Than Home University Seats,,,,,,,,,,,,,,,,,,,,,,,,
Other Than Home University Seats Allotted to Other Than Home University Candidates,,,,,,,,,,,,,,,,,,,,,,,,,
,GOPENO, ,GSCO, ,GSTO, ,GNTCO, ,GOBCO,,,,,,,,,,,,,,,,
5540,10078,9765,6266,,,,,,,,,,,,,,,,,,,,,,
Stage-I, ,,,,,,,,,,,,,,,,,,,,,,,,
(82.9644433),(69.7143504),(69.7143504),(80.5399495),,,,,,,,,,,,,,,,,,,,,,
6112,,,,,,,,,,,,,,,,,,,,,,,,,
,Stage-IV, ,,,,,,,,,,,,,,,,,,,,,,,
(80.5399495),,,,,,,,,,,,,,,,,,,,,,,,,
,Legends :, ,"Legends: G-General, L-Ladies, S-State Level Seats ,PWD - Persons with Disabilities,DEF - Defence,PWDR :PWD Common Reserved Seat",,,,,,,,,,,,,,,,,,,,,,
"DEFR :Defense Common Reserved Seat ,* Maharashtra State Seats - Cut Off Indicates State General Merit No. ; Figures in bracket Indicates Merit Score",,,,,,,,,,,,,,,,,,,,,,,,,
,Page 166 of 265,,,,,,,,,,,,,,,,,,,,,,,,
GOVERNMENT OF MAHARASHTRA,,,,,,,,,,,,,,,,,,,,,,,,,
,"Directorate of Technical Education, Maharashtra State, Mumbai.",,,,,,,,,,,,,,,,,,,,,,,,
,Cut Off List for Maharashtra & Minority Seats of CAP Round-II for Admission to the First Year Post Graduate Technical Course in Master of Computer Applications (MCA) for the Academic Year 2025-26.,,,,,,,,,,,,,,,,,,,,,,,,
,"6138 - Genba Sopanrao Moze Trust Parvatibai Genba Moze College of Engineering,Wagholi, Pune",,,,,,,,,,,,,,,,,,,,,,,,
,0613824110 - Master in Computer Application,,,,,,,,,,,,,,,,,,,,,,,,
,Status :, ,Un-Aided,,,,,,,,,,,,,,,,,,,,,,
,State Level Seats,,,,,,,,,,,,,,,,,,,,,,,,
,EWS, ,TFWS,,,,,,,,,,,,,,,,,,,,,,
17800,2073,,,,,,,,,,,,,,,,,,,,,,,,
Stage-I, ,,,,,,,,,,,,,,,,,,,,,,,,
(39.3989669),(93.405226),,,,,,,,,,,,,,,,,,,,,,,,
,Legends :, ,"Legends: G-General, L-Ladies, S-State Level Seats ,PWD - Persons with Disabilities,DEF - Defence,PWDR :PWD Common Reserved Seat",,,,,,,,,,,,,,,,,,,,,,
"DEFR :Defense Common Reserved Seat ,* Maharashtra State Seats - Cut Off Indicates State General Merit No. ; Figures in bracket Indicates Merit Score",,,,,,,,,,,,,,,,,,,,,,,,,
,Page 167 of 265,,,,,,,,,,,,,,,,,,,,,,,,
GOVERNMENT OF MAHARASHTRA,,,,,,,,,,,,,,,,,,,,,,,,,
,"Directorate of Technical Education, Maharashtra State, Mumbai.",,,,,,,,,,,,,,,,,,,,,,,,
,Cut Off List for Maharashtra & Minority Seats of CAP Round-II for Admission to the First Year Post Graduate Technical Course in Master of Computer Applications (MCA) for the Academic Year 2025-26.,,,,,,,,,,,,,,,,,,,,,,,,
,"6139 - Progressive Education Society's Modern College of Engineering, Pune",,,,,,,,,,,,,,,,,,,,,,,,
,0613924110 - Master in Computer Application,,,,,,,,,,,,,,,,,,,,,,,,
,Status :, ,Un-Aided-Autonomous,,,,,,,,,,,,,,,,,,,,,,
,Home University Seats,,,,,,,,,,,,,,,,,,,,,,,,
Home University Seats Allotted to Home University Candidates,,,,,,,,,,,,,,,,,,,,,,,,,
,GOPENH, ,GSCH, ,GSTH, ,GNTCH, ,GOBCH,,,,,,,,,,,,,,,,
530,2805,11794,790,835,,,,,,,,,,,,,,,,,,,,,
Stage-I, ,,,,,,,,,,,,,,,,,,,,,,,,
(98.0566771),(90.9663786),(63.1574978),(97.0718086),(97.0718086),,,,,,,,,,,,,,,,,,,,,
,Home University Seats Allotted to Other Than Home University Candidates,,,,,,,,,,,,,,,,,,,,,,,,
,GSTH,,,,,,,,,,,,,,,,,,,,,,,,
8449,,,,,,,,,,,,,,,,,,,,,,,,,
Stage-I, ,,,,,,,,,,,,,,,,,,,,,,,,
(74.782248),,,,,,,,,,,,,,,,,,,,,,,,,
,Other Than Home University Seats,,,,,,,,,,,,,,,,,,,,,,,,
Other Than Home University Seats Allotted to Other Than Home University Candidates,,,,,,,,,,,,,,,,,,,,,,,,,
,GOPENO, ,GNTCO, ,GOBCO, ,GSEBCO,,,,,,,,,,,,,,,,,,
775,2084,1224,1060,,,,,,,,,,,,,,,,,,,,,,
Stage-I, ,,,,,,,,,,,,,,,,,,,,,,,,
(97.390747),(93.405226),(95.5548847),(96.392589),,,,,,,,,,,,,,,,,,,,,,
,State Level Seats,,,,,,,,,,,,,,,,,,,,,,,,
,EWS,,,,,,,,,,,,,,,,,,,,,,,,
2398,,,,,,,,,,,,,,,,,,,,,,,,,
Stage-I, ,,,,,,,,,,,,,,,,,,,,,,,,
(92.3361383),,,,,,,,,,,,,,,,,,,,,,,,,
,Legends :, ,"Legends: G-General, L-Ladies, S-State Level Seats ,PWD - Persons with Disabilities,DEF - Defence,PWDR :PWD Common Reserved Seat",,,,,,,,,,,,,,,,,,,,,,
"DEFR :Defense Common Reserved Seat ,* Maharashtra State Seats - Cut Off Indicates State General Merit No. ; Figures in bracket Indicates Merit Score",,,,,,,,,,,,,,,,,,,,,,,,,
,Page 168 of 265,,,,,,,,,,,,,,,,,,,,,,,,
GOVERNMENT OF MAHARASHTRA,,,,,,,,,,,,,,,,,,,,,,,,,
,"Directorate of Technical Education, Maharashtra State, Mumbai.",,,,,,,,,,,,,,,,,,,,,,,,
,Cut Off List for Maharashtra & Minority Seats of CAP Round-II for Admission to the First Year Post Graduate Technical Course in Master of Computer Applications (MCA) for the Academic Year 2025-26.,,,,,,,,,,,,,,,,,,,,,,,,
,"6140 - Dnyan Kala Krida & Krishi Prathishtan's Maharashtra Institute of Management, Kalamb, Pune",,,,,,,,,,,,,,,,,,,,,,,,
,0614024110 - Master in Computer Application,,,,,,,,,,,,,,,,,,,,,,,,
,Status :, ,Un-Aided,,,,,,,,,,,,,,,,,,,,,,
,Home University Seats,,,,,,,,,,,,,,,,,,,,,,,,
Home University Seats Allotted to Home University Candidates,,,,,,,,,,,,,,,,,,,,,,,,,
,GOPENH, ,GSCH, ,GSTH, ,GNTAH, ,GOBCH, ,GSEBCH, ,PWDOPENH,,,,,,,,,,,,
15297,15581,22258,21902,,,,,,,,,,,,,,,,,,,,,,
Stage-I, ,,,,,,,,,,,,,,,,,,,,,,,,
(49.3533426),(49.3533426),(19.1539942),(21.0059952),,,,,,,,,,,,,,,,,,,,,,
17981,17419,,,,,,,,,,,,,,,,,,,,,,,,
,Stage-IV, ,,,,,,,,,,,,,,,,,,,,,,,
(39.3989669),(41.4550394),,,,,,,,,,,,,,,,,,,,,,,,
15646,,,,,,,,,,,,,,,,,,,,,,,,,
,I-Non PWD / DEF, ,,,,,,,,,,,,,,,,,,,,,,,
(49.3533426),,,,,,,,,,,,,,,,,,,,,,,,,
,Home University Seats Allotted to Other Than Home University Candidates,,,,,,,,,,,,,,,,,,,,,,,,
,GSCH,,,,,,,,,,,,,,,,,,,,,,,,
24257,,,,,,,,,,,,,,,,,,,,,,,,,
Stage-I, ,,,,,,,,,,,,,,,,,,,,,,,,
(7.9446476),,,,,,,,,,,,,,,,,,,,,,,,,
,Other Than Home University Seats,,,,,,,,,,,,,,,,,,,,,,,,
Other Than Home University Seats Allotted to Other Than Home University Candidates,,,,,,,,,,,,,,,,,,,,,,,,,
,GOPENO, ,GSCO, ,GSTO, ,GNTBO, ,GNTDO, ,GOBCO, ,GSEBCO,,,,,,,,,,,,
11075,20275,13337,13095,,,,,,,,,,,,,,,,,,,,,,
Stage-I, ,,,,,,,,,,,,,,,,,,,,,,,,
(65.8578922),(29.9046039),(58.7911466),(58.7911466),,,,,,,,,,,,,,,,,,,,,,
13060,11406,11762,,,,,,,,,,,,,,,,,,,,,,,
,Stage-IV, ,,,,,,,,,,,,,,,,,,,,,,,
(58.7911466),(65.8578922),(63.1574978),,,,,,,,,,,,,,,,,,,,,,,
,Legends :, ,"Legends: G-General, L-Ladies, S-State Level Seats ,PWD - Persons with Disabilities,DEF - Defence,PWDR :PWD Common Reserved Seat",,,,,,,,,,,,,,,,,,,,,,
"DEFR :Defense Common Reserved Seat ,* Maharashtra State Seats - Cut Off Indicates State General Merit No. ; Figures in bracket Indicates Merit Score",,,,,,,,,,,,,,,,,,,,,,,,,
,Page 169 of 265,,,,,,,,,,,,,,,,,,,,,,,,
GOVERNMENT OF MAHARASHTRA,,,,,,,,,,,,,,,,,,,,,,,,,
,"Directorate of Technical Education, Maharashtra State, Mumbai.",,,,,,,,,,,,,,,,,,,,,,,,
,Cut Off List for Maharashtra & Minority Seats of CAP Round-II for Admission to the First Year Post Graduate Technical Course in Master of Computer Applications (MCA) for the Academic Year 2025-26.,,,,,,,,,,,,,,,,,,,,,,,,
,"6141 - Jaywant Shikshan Prasarak Mandal's,Rajarshi Shahu College of Engineering, Tathawade, Pune",,,,,,,,,,,,,,,,,,,,,,,,
,0614124110 - Master in Computer Application,,,,,,,,,,,,,,,,,,,,,,,,
,Status :, ,Un-Aided-Autonomous,,,,,,,,,,,,,,,,,,,,,,
,Home University Seats,,,,,,,,,,,,,,,,,,,,,,,,
Home University Seats Allotted to Home University Candidates,,,,,,,,,,,,,,,,,,,,,,,,,
,GOPENH,,,,,,,,,,,,,,,,,,,,,,,,
472,,,,,,,,,,,,,,,,,,,,,,,,,
Stage-I, ,,,,,,,,,,,,,,,,,,,,,,,,
(98.2089665),,,,,,,,,,,,,,,,,,,,,,,,,
,Other Than Home University Seats,,,,,,,,,,,,,,,,,,,,,,,,
Other Than Home University Seats Allotted to Other Than Home University Candidates,,,,,,,,,,,,,,,,,,,,,,,,,
,GOPENO, ,GSCO, ,GNTCO, ,GOBCO,,,,,,,,,,,,,,,,,,
566,1292,591,700,,,,,,,,,,,,,,,,,,,,,,
Stage-I, ,,,,,,,,,,,,,,,,,,,,,,,,
(97.8055126),(95.5548847),(97.8055126),(97.390747),,,,,,,,,,,,,,,,,,,,,,
,State Level Seats,,,,,,,,,,,,,,,,,,,,,,,,
,EWS, ,TFWS,,,,,,,,,,,,,,,,,,,,,,
1283,286,,,,,,,,,,,,,,,,,,,,,,,,
Stage-I, ,,,,,,,,,,,,,,,,,,,,,,,,
(95.5548847),(98.7632442),,,,,,,,,,,,,,,,,,,,,,,,
,Legends :, ,"Legends: G-General, L-Ladies, S-State Level Seats ,PWD - Persons with Disabilities,DEF - Defence,PWDR :PWD Common Reserved Seat",,,,,,,,,,,,,,,,,,,,,,
"DEFR :Defense Common Reserved Seat ,* Maharashtra State Seats - Cut Off Indicates State General Merit No. ; Figures in bracket Indicates Merit Score",,,,,,,,,,,,,,,,,,,,,,,,,
,Page 170 of 265,,,,,,,,,,,,,,,,,,,,,,,,
GOVERNMENT OF MAHARASHTRA,,,,,,,,,,,,,,,,,,,,,,,,,
,"Directorate of Technical Education, Maharashtra State, Mumbai.",,,,,,,,,,,,,,,,,,,,,,,,
,Cut Off List for Maharashtra & Minority Seats of CAP Round-II for Admission to the First Year Post Graduate Technical Course in Master of Computer Applications (MCA) for the Academic Year 2025-26.,,,,,,,,,,,,,,,,,,,,,,,,
,"6144 - Genba Sopanrao Moze College of Engineering, Baner-Balewadi, Pune",,,,,,,,,,,,,,,,,,,,,,,,
,0614424110 - Master in Computer Application,,,,,,,,,,,,,,,,,,,,,,,,
,Status :, ,Un-Aided,,,,,,,,,,,,,,,,,,,,,,
,Home University Seats,,,,,,,,,,,,,,,,,,,,,,,,
Home University Seats Allotted to Home University Candidates,,,,,,,,,,,,,,,,,,,,,,,,,
,GOPENH, ,GSCH, ,GSTH, ,GOBCH, ,GSEBCH, ,PWDOPENH,,,,,,,,,,,,,,
2836,14418,4246,9682,,,,,,,,,,,,,,,,,,,,,,
Stage-I, ,,,,,,,,,,,,,,,,,,,,,,,,
(90.9663786),(53.942159),(87.2080299),(69.7143504),,,,,,,,,,,,,,,,,,,,,,
5142,,,,,,,,,,,,,,,,,,,,,,,,,
,Stage-IV, ,,,,,,,,,,,,,,,,,,,,,,,
(85.2118788),,,,,,,,,,,,,,,,,,,,,,,,,
3150,,,,,,,,,,,,,,,,,,,,,,,,,
,I-Non PWD / DEF, ,,,,,,,,,,,,,,,,,,,,,,,
(90.7733494),,,,,,,,,,,,,,,,,,,,,,,,,
,Other Than Home University Seats,,,,,,,,,,,,,,,,,,,,,,,,
Other Than Home University Seats Allotted to Other Than Home University Candidates,,,,,,,,,,,,,,,,,,,,,,,,,
,GOPENO, ,GSTO, ,GNTBO, ,GOBCO, ,GSEBCO,,,,,,,,,,,,,,,,
3524,16566,4248,6331,,,,,,,,,,,,,,,,,,,,,,
Stage-I, ,,,,,,,,,,,,,,,,,,,,,,,,
(89.1966341),(44.5345198),(87.2080299),(80.5399495),,,,,,,,,,,,,,,,,,,,,,
3560,,,,,,,,,,,,,,,,,,,,,,,,,
,Stage-IV, ,,,,,,,,,,,,,,,,,,,,,,,
(89.1331398),,,,,,,,,,,,,,,,,,,,,,,,,
,Legends :, ,"Legends: G-General, L-Ladies, S-State Level Seats ,PWD - Persons with Disabilities,DEF - Defence,PWDR :PWD Common Reserved Seat",,,,,,,,,,,,,,,,,,,,,,
"DEFR :Defense Common Reserved Seat ,* Maharashtra State Seats - Cut Off Indicates State General Merit No. ; Figures in bracket Indicates Merit Score",,,,,,,,,,,,,,,,,,,,,,,,,
,Page 171 of 265,,,,,,,,,,,,,,,,,,,,,,,,
GOVERNMENT OF MAHARASHTRA,,,,,,,,,,,,,,,,,,,,,,,,,
,"Directorate of Technical Education, Maharashtra State, Mumbai.",,,,,,,,,,,,,,,,,,,,,,,,
,Cut Off List for Maharashtra & Minority Seats of CAP Round-II for Admission to the First Year Post Graduate Technical Course in Master of Computer Applications (MCA) for the Academic Year 2025-26.,,,,,,,,,,,,,,,,,,,,,,,,
,"6145 - JSPM'S Jaywantrao Sawant College of Engineering,Pune",,,,,,,,,,,,,,,,,,,,,,,,
,0614524110 - Master in Computer Application,,,,,,,,,,,,,,,,,,,,,,,,
,Status :, ,Un-Aided,,,,,,,,,,,,,,,,,,,,,,
,Home University Seats,,,,,,,,,,,,,,,,,,,,,,,,
Home University Seats Allotted to Home University Candidates,,,,,,,,,,,,,,,,,,,,,,,,,
,GOPENH, ,GSTH, ,GNTBH, ,GOBCH, ,PWDOPENH,,,,,,,,,,,,,,,,
1808,5535,2791,,,,,,,,,,,,,,,,,,,,,,,
Stage-I, ,,,,,,,,,,,,,,,,,,,,,,,,
(94.4270578),(82.9644433),(90.9663786),,,,,,,,,,,,,,,,,,,,,,,
2357,,,,,,,,,,,,,,,,,,,,,,,,,
,Stage-IV, ,,,,,,,,,,,,,,,,,,,,,,,
(92.3361383),,,,,,,,,,,,,,,,,,,,,,,,,
1889,,,,,,,,,,,,,,,,,,,,,,,,,
,I-Non PWD / DEF, ,,,,,,,,,,,,,,,,,,,,,,,
(93.5511867),,,,,,,,,,,,,,,,,,,,,,,,,
,Other Than Home University Seats,,,,,,,,,,,,,,,,,,,,,,,,
Other Than Home University Seats Allotted to Other Than Home University Candidates,,,,,,,,,,,,,,,,,,,,,,,,,
,GOPENO, ,GSCO, ,GNTCO, ,GOBCO, ,GSEBCO,,,,,,,,,,,,,,,,
1540,3152,3691,1735,1697,,,,,,,,,,,,,,,,,,,,,
Stage-I, ,,,,,,,,,,,,,,,,,,,,,,,,
(94.6454851),(90.7733494),(89.1331398),(94.4270578),(94.4270578),,,,,,,,,,,,,,,,,,,,,
,State Level Seats,,,,,,,,,,,,,,,,,,,,,,,,
,EWS, ,TFWS,,,,,,,,,,,,,,,,,,,,,,
3864,1274,,,,,,,,,,,,,,,,,,,,,,,,
Stage-I, ,,,,,,,,,,,,,,,,,,,,,,,,
(87.3496474),(95.5548847),,,,,,,,,,,,,,,,,,,,,,,,
,Legends :, ,"Legends: G-General, L-Ladies, S-State Level Seats ,PWD - Persons with Disabilities,DEF - Defence,PWDR :PWD Common Reserved Seat",,,,,,,,,,,,,,,,,,,,,,
"DEFR :Defense Common Reserved Seat ,* Maharashtra State Seats - Cut Off Indicates State General Merit No. ; Figures in bracket Indicates Merit Score",,,,,,,,,,,,,,,,,,,,,,,,,
,Page 172 of 265,,,,,,,,,,,,,,,,,,,,,,,,
GOVERNMENT OF MAHARASHTRA,,,,,,,,,,,,,,,,,,,,,,,,,
,"Directorate of Technical Education, Maharashtra State, Mumbai.",,,,,,,,,,,,,,,,,,,,,,,,
,Cut Off List for Maharashtra & Minority Seats of CAP Round-II for Admission to the First Year Post Graduate Technical Course in Master of Computer Applications (MCA) for the Academic Year 2025-26.,,,,,,,,,,,,,,,,,,,,,,,,
,"6152 - Zeal Education Society's Zeal Institute of Business Administration, Computer Application and Research, Pune",,,,,,,,,,,,,,,,,,,,,,,,
,0615224110 - Master in Computer Application,,,,,,,,,,,,,,,,,,,,,,,,
,Status :, ,Un-Aided,,,,,,,,,,,,,,,,,,,,,,
,Home University Seats,,,,,,,,,,,,,,,,,,,,,,,,
Home University Seats Allotted to Home University Candidates,,,,,,,,,,,,,,,,,,,,,,,,,
,GOPENH, ,GSCH, ,GSTH, ,GNTAH, ,GNTBH, ,GNTCH, ,GNTDH, ,GOBCH, ,GSEBCH, ,PWDOPENH, ,PWDSCH, ,PWDOBCH, ,PWDSEBCH
7940,19269,19171,18624,12971,22711,11216,14370,,,,,,,,,,,,,,,,,,
Stage-I, ,,,,,,,,,,,,,,,,,,,,,,,,
(74.782248),(34.5198145),(34.5198145),(36.496736),(58.7911466),(16.9789978),(65.8578922),(53.942159),,,,,,,,,,,,,,,,,,
8984,,,,,,,,,,,,,,,,,,,,,,,,,
,Stage-IV, ,,,,,,,,,,,,,,,,,,,,,,,
(73.5368477),,,,,,,,,,,,,,,,,,,,,,,,,
8325,19589,11277,14600,,,,,,,,,,,,,,,,,,,,,,
,I-Non PWD / DEF, ,,,,,,,,,,,,,,,,,,,,,,,
(74.782248),(31.6629561),(65.8578922),(53.942159),,,,,,,,,,,,,,,,,,,,,,
,Other Than Home University Seats,,,,,,,,,,,,,,,,,,,,,,,,
Other Than Home University Seats Allotted to Other Than Home University Candidates,,,,,,,,,,,,,,,,,,,,,,,,,
,GOPENO, ,GSCO, ,GSTO, ,GNTCO, ,GNTDO, ,GOBCO, ,GSEBCO,,,,,,,,,,,,
4745,7700,6905,5785,5622,6278,,,,,,,,,,,,,,,,,,,,
Stage-I, ,,,,,,,,,,,,,,,,,,,,,,,,
(85.3851665),(76.9216256),(79.9969812),(82.8308366),(82.9644433),(80.5399495),,,,,,,,,,,,,,,,,,,,
5234,,,,,,,,,,,,,,,,,,,,,,,,,
,Stage-IV, ,,,,,,,,,,,,,,,,,,,,,,,
(82.9644433),,,,,,,,,,,,,,,,,,,,,,,,,
,State Level Seats,,,,,,,,,,,,,,,,,,,,,,,,
,EWS, ,TFWS,,,,,,,,,,,,,,,,,,,,,,
21973,1957,,,,,,,,,,,,,,,,,,,,,,,,
Stage-I, ,,,,,,,,,,,,,,,,,,,,,,,,
(21.0059952),(93.5511867),,,,,,,,,,,,,,,,,,,,,,,,
,Legends :, ,"Legends: G-General, L-Ladies, S-State Level Seats ,PWD - Persons with Disabilities,DEF - Defence,PWDR :PWD Common Reserved Seat",,,,,,,,,,,,,,,,,,,,,,
"DEFR :Defense Common Reserved Seat ,* Maharashtra State Seats - Cut Off Indicates State General Merit No. ; Figures in bracket Indicates Merit Score",,,,,,,,,,,,,,,,,,,,,,,,,
,Page 173 of 265,,,,,,,,,,,,,,,,,,,,,,,,
GOVERNMENT OF MAHARASHTRA,,,,,,,,,,,,,,,,,,,,,,,,,
,"Directorate of Technical Education, Maharashtra State, Mumbai.",,,,,,,,,,,,,,,,,,,,,,,,
,Cut Off List for Maharashtra & Minority Seats of CAP Round-II for Admission to the First Year Post Graduate Technical Course in Master of Computer Applications (MCA) for the Academic Year 2025-26.,,,,,,,,,,,,,,,,,,,,,,,,
,"6154 - Institute of Industrial & Computer Management & Research, Nigdi, Pune",,,,,,,,,,,,,,,,,,,,,,,,
,0615424110 - Master in Computer Application,,,,,,,,,,,,,,,,,,,,,,,,
,Status :, ,Un-Aided-Linguistic Minority - Konkani,,,,,,,,,,,,,,,,,,,,,,
,Home University Seats,,,,,,,,,,,,,,,,,,,,,,,,
Home University Seats Allotted to Home University Candidates,,,,,,,,,,,,,,,,,,,,,,,,,
,GOPENH,,,,,,,,,,,,,,,,,,,,,,,,
3334,,,,,,,,,,,,,,,,,,,,,,,,,
Stage-I, ,,,,,,,,,,,,,,,,,,,,,,,,
(89.1966341),,,,,,,,,,,,,,,,,,,,,,,,,
,Other Than Home University Seats,,,,,,,,,,,,,,,,,,,,,,,,
Other Than Home University Seats Allotted to Other Than Home University Candidates,,,,,,,,,,,,,,,,,,,,,,,,,
,GOPENO,,,,,,,,,,,,,,,,,,,,,,,,
1780,,,,,,,,,,,,,,,,,,,,,,,,,
Stage-I, ,,,,,,,,,,,,,,,,,,,,,,,,
(94.4270578),,,,,,,,,,,,,,,,,,,,,,,,,
,State Level Seats,,,,,,,,,,,,,,,,,,,,,,,,
,TFWS,,,,,,,,,,,,,,,,,,,,,,,,
1424,,,,,,,,,,,,,,,,,,,,,,,,,
Stage-I, ,,,,,,,,,,,,,,,,,,,,,,,,
(95.2942951),,,,,,,,,,,,,,,,,,,,,,,,,
,Minority Seats : Minority Seats Allotted to Non Minority Candidates,,,,,,,,,,,,,,,,,,,,,,,,
,MI-MH,,,,,,,,,,,,,,,,,,,,,,,,
3622,,,,,,,,,,,,,,,,,,,,,,,,,
Stage-MI-MH, ,,,,,,,,,,,,,,,,,,,,,,,,
(89.1331398),,,,,,,,,,,,,,,,,,,,,,,,,
,Legends :, ,"Legends: G-General, L-Ladies, S-State Level Seats ,PWD - Persons with Disabilities,DEF - Defence,PWDR :PWD Common Reserved Seat",,,,,,,,,,,,,,,,,,,,,,
"DEFR :Defense Common Reserved Seat ,* Maharashtra State Seats - Cut Off Indicates State General Merit No. ; Figures in bracket Indicates Merit Score",,,,,,,,,,,,,,,,,,,,,,,,,
,Page 174 of 265,,,,,,,,,,,,,,,,,,,,,,,,
GOVERNMENT OF MAHARASHTRA,,,,,,,,,,,,,,,,,,,,,,,,,
,"Directorate of Technical Education, Maharashtra State, Mumbai.",,,,,,,,,,,,,,,,,,,,,,,,
,Cut Off List for Maharashtra & Minority Seats of CAP Round-II for Admission to the First Year Post Graduate Technical Course in Master of Computer Applications (MCA) for the Academic Year 2025-26.,,,,,,,,,,,,,,,,,,,,,,,,
,"6155 - G.H.Raisoni College of Engineering & Management, Wagholi, Pune",,,,,,,,,,,,,,,,,,,,,,,,
,0615524110 - Master in Computer Application,,,,,,,,,,,,,,,,,,,,,,,,
,Status :, ,Un-Aided-Autonomous-Linguistic Minority - Hindi,,,,,,,,,,,,,,,,,,,,,,
,Home University Seats,,,,,,,,,,,,,,,,,,,,,,,,
Home University Seats Allotted to Home University Candidates,,,,,,,,,,,,,,,,,,,,,,,,,
,GOPENH,,,,,,,,,,,,,,,,,,,,,,,,
5006,,,,,,,,,,,,,,,,,,,,,,,,,
Stage-I, ,,,,,,,,,,,,,,,,,,,,,,,,
(85.2118788),,,,,,,,,,,,,,,,,,,,,,,,,
,Other Than Home University Seats,,,,,,,,,,,,,,,,,,,,,,,,
Other Than Home University Seats Allotted to Other Than Home University Candidates,,,,,,,,,,,,,,,,,,,,,,,,,
,GOPENO,,,,,,,,,,,,,,,,,,,,,,,,
3434,,,,,,,,,,,,,,,,,,,,,,,,,
Stage-I, ,,,,,,,,,,,,,,,,,,,,,,,,
(89.1966341),,,,,,,,,,,,,,,,,,,,,,,,,
,Minority Seats : Minority Seats Allotted to Minority Candidates,,,,,,,,,,,,,,,,,,,,,,,,
,MI,,,,,,,,,,,,,,,,,,,,,,,,
11457,,,,,,,,,,,,,,,,,,,,,,,,,
Stage-I, ,,,,,,,,,,,,,,,,,,,,,,,,
(63.1574978),,,,,,,,,,,,,,,,,,,,,,,,,
,Minority Seats : Minority Seats Allotted to Non Minority Candidates,,,,,,,,,,,,,,,,,,,,,,,,
,MI-MH,,,,,,,,,,,,,,,,,,,,,,,,
5187,,,,,,,,,,,,,,,,,,,,,,,,,
Stage-MI-MH, ,,,,,,,,,,,,,,,,,,,,,,,,
(85.2118788),,,,,,,,,,,,,,,,,,,,,,,,,
,Legends :, ,"Legends: G-General, L-Ladies, S-State Level Seats ,PWD - Persons with Disabilities,DEF - Defence,PWDR :PWD Common Reserved Seat",,,,,,,,,,,,,,,,,,,,,,
"DEFR :Defense Common Reserved Seat ,* Maharashtra State Seats - Cut Off Indicates State General Merit No. ; Figures in bracket Indicates Merit Score",,,,,,,,,,,,,,,,,,,,,,,,,
,Page 175 of 265,,,,,,,,,,,,,,,,,,,,,,,,
GOVERNMENT OF MAHARASHTRA,,,,,,,,,,,,,,,,,,,,,,,,,
,"Directorate of Technical Education, Maharashtra State, Mumbai.",,,,,,,,,,,,,,,,,,,,,,,,
,Cut Off List for Maharashtra & Minority Seats of CAP Round-II for Admission to the First Year Post Graduate Technical Course in Master of Computer Applications (MCA) for the Academic Year 2025-26.,,,,,,,,,,,,,,,,,,,,,,,,
,"6158 - Rajmata Jijau Shikshan Prasarak Mandal's Institute of Computer and Management Research, Dudulgaon, Pune",,,,,,,,,,,,,,,,,,,,,,,,
,0615824110 - Master in Computer Application,,,,,,,,,,,,,,,,,,,,,,,,
,Status :, ,Un-Aided,,,,,,,,,,,,,,,,,,,,,,
,Home University Seats,,,,,,,,,,,,,,,,,,,,,,,,
Home University Seats Allotted to Home University Candidates,,,,,,,,,,,,,,,,,,,,,,,,,
,GOPENH, ,GSCH, ,GSTH, ,GNTAH, ,GOBCH, ,GSEBCH, ,PWDOPENH,,,,,,,,,,,,
8790,24062,19329,18354,10938,17250,,,,,,,,,,,,,,,,,,,,
Stage-I, ,,,,,,,,,,,,,,,,,,,,,,,,
(73.5368477),(9.7430286),(34.5198145),(36.496736),(65.8578922),(41.4550394),,,,,,,,,,,,,,,,,,,,
10020,,,,,,,,,,,,,,,,,,,,,,,,,
,Stage-IV, ,,,,,,,,,,,,,,,,,,,,,,,
(69.7143504),,,,,,,,,,,,,,,,,,,,,,,,,
9134,,,,,,,,,,,,,,,,,,,,,,,,,
,I-Non PWD / DEF, ,,,,,,,,,,,,,,,,,,,,,,,
(71.1549338),,,,,,,,,,,,,,,,,,,,,,,,,
,Home University Seats Allotted to Other Than Home University Candidates,,,,,,,,,,,,,,,,,,,,,,,,
,GSCH, ,GNTBH,,,,,,,,,,,,,,,,,,,,,,
13112,12234,,,,,,,,,,,,,,,,,,,,,,,,
Stage-I, ,,,,,,,,,,,,,,,,,,,,,,,,
(58.7911466),(61.2807064),,,,,,,,,,,,,,,,,,,,,,,,
,Other Than Home University Seats,,,,,,,,,,,,,,,,,,,,,,,,
Other Than Home University Seats Allotted to Other Than Home University Candidates,,,,,,,,,,,,,,,,,,,,,,,,,
,GOPENO, ,GSCO, ,GSTO, ,GNTAO, ,GNTDO, ,GOBCO, ,GSEBCO,,,,,,,,,,,,
7679,11900,11205,9750,9776,,,,,,,,,,,,,,,,,,,,,
Stage-I, ,,,,,,,,,,,,,,,,,,,,,,,,
(76.9216256),(63.1574978),(65.8578922),(69.7143504),(69.7143504),,,,,,,,,,,,,,,,,,,,,
8083,8596,,,,,,,,,,,,,,,,,,,,,,,,
,Stage-IV, ,,,,,,,,,,,,,,,,,,,,,,,
(74.782248),(73.5368477),,,,,,,,,,,,,,,,,,,,,,,,
,Legends :, ,"Legends: G-General, L-Ladies, S-State Level Seats ,PWD - Persons with Disabilities,DEF - Defence,PWDR :PWD Common Reserved Seat",,,,,,,,,,,,,,,,,,,,,,
"DEFR :Defense Common Reserved Seat ,* Maharashtra State Seats - Cut Off Indicates State General Merit No. ; Figures in bracket Indicates Merit Score",,,,,,,,,,,,,,,,,,,,,,,,,
,Page 176 of 265,,,,,,,,,,,,,,,,,,,,,,,,
GOVERNMENT OF MAHARASHTRA,,,,,,,,,,,,,,,,,,,,,,,,,
,"Directorate of Technical Education, Maharashtra State, Mumbai.",,,,,,,,,,,,,,,,,,,,,,,,
,Cut Off List for Maharashtra & Minority Seats of CAP Round-II for Admission to the First Year Post Graduate Technical Course in Master of Computer Applications (MCA) for the Academic Year 2025-26.,,,,,,,,,,,,,,,,,,,,,,,,
,"6158 - Rajmata Jijau Shikshan Prasarak Mandal's Institute of Computer and Management Research, Dudulgaon, Pune",,,,,,,,,,,,,,,,,,,,,,,,
,0615824110 - Master in Computer Application,,,,,,,,,,,,,,,,,,,,,,,,
,Status :, ,Un-Aided,,,,,,,,,,,,,,,,,,,,,,
,State Level Seats,,,,,,,,,,,,,,,,,,,,,,,,
,EWS,,,,,,,,,,,,,,,,,,,,,,,,
23182,,,,,,,,,,,,,,,,,,,,,,,,,
Stage-I, ,,,,,,,,,,,,,,,,,,,,,,,,
(13.5402134),,,,,,,,,,,,,,,,,,,,,,,,,
,Legends :, ,"Legends: G-General, L-Ladies, S-State Level Seats ,PWD - Persons with Disabilities,DEF - Defence,PWDR :PWD Common Reserved Seat",,,,,,,,,,,,,,,,,,,,,,
"DEFR :Defense Common Reserved Seat ,* Maharashtra State Seats - Cut Off Indicates State General Merit No. ; Figures in bracket Indicates Merit Score",,,,,,,,,,,,,,,,,,,,,,,,,
,Page 177 of 265,,,,,,,,,,,,,,,,,,,,,,,,
GOVERNMENT OF MAHARASHTRA,,,,,,,,,,,,,,,,,,,,,,,,,
,"Directorate of Technical Education, Maharashtra State, Mumbai.",,,,,,,,,,,,,,,,,,,,,,,,
,Cut Off List for Maharashtra & Minority Seats of CAP Round-II for Admission to the First Year Post Graduate Technical Course in Master of Computer Applications (MCA) for the Academic Year 2025-26.,,,,,,,,,,,,,,,,,,,,,,,,
,"6164 - Psd Shastri Educational Foundation's Asma Institute Of Management, Pune",,,,,,,,,,,,,,,,,,,,,,,,
,0616424110 - Master in Computer Application,,,,,,,,,,,,,,,,,,,,,,,,
,Status :, ,Un-Aided-Linguistic Minority - Hindi,,,,,,,,,,,,,,,,,,,,,,
,Home University Seats,,,,,,,,,,,,,,,,,,,,,,,,
Home University Seats Allotted to Home University Candidates,,,,,,,,,,,,,,,,,,,,,,,,,
,GOPENH,,,,,,,,,,,,,,,,,,,,,,,,
5702,,,,,,,,,,,,,,,,,,,,,,,,,
Stage-I, ,,,,,,,,,,,,,,,,,,,,,,,,
(82.8308366),,,,,,,,,,,,,,,,,,,,,,,,,
,Other Than Home University Seats,,,,,,,,,,,,,,,,,,,,,,,,
Other Than Home University Seats Allotted to Other Than Home University Candidates,,,,,,,,,,,,,,,,,,,,,,,,,
,GOPENO,,,,,,,,,,,,,,,,,,,,,,,,
4453,,,,,,,,,,,,,,,,,,,,,,,,,
Stage-I, ,,,,,,,,,,,,,,,,,,,,,,,,
(85.3851665),,,,,,,,,,,,,,,,,,,,,,,,,
,State Level Seats,,,,,,,,,,,,,,,,,,,,,,,,
,TFWS,,,,,,,,,,,,,,,,,,,,,,,,
1994,,,,,,,,,,,,,,,,,,,,,,,,,
Stage-I, ,,,,,,,,,,,,,,,,,,,,,,,,
(93.5511867),,,,,,,,,,,,,,,,,,,,,,,,,
,Minority Seats : Minority Seats Allotted to Non Minority Candidates,,,,,,,,,,,,,,,,,,,,,,,,
,MI-MH,,,,,,,,,,,,,,,,,,,,,,,,
8195,,,,,,,,,,,,,,,,,,,,,,,,,
Stage-MI-MH, ,,,,,,,,,,,,,,,,,,,,,,,,
(74.782248),,,,,,,,,,,,,,,,,,,,,,,,,
,Legends :, ,"Legends: G-General, L-Ladies, S-State Level Seats ,PWD - Persons with Disabilities,DEF - Defence,PWDR :PWD Common Reserved Seat",,,,,,,,,,,,,,,,,,,,,,
"DEFR :Defense Common Reserved Seat ,* Maharashtra State Seats - Cut Off Indicates State General Merit No. ; Figures in bracket Indicates Merit Score",,,,,,,,,,,,,,,,,,,,,,,,,
,Page 178 of 265,,,,,,,,,,,,,,,,,,,,,,,,
GOVERNMENT OF MAHARASHTRA,,,,,,,,,,,,,,,,,,,,,,,,,
,"Directorate of Technical Education, Maharashtra State, Mumbai.",,,,,,,,,,,,,,,,,,,,,,,,
,Cut Off List for Maharashtra & Minority Seats of CAP Round-II for Admission to the First Year Post Graduate Technical Course in Master of Computer Applications (MCA) for the Academic Year 2025-26.,,,,,,,,,,,,,,,,,,,,,,,,
,"6167 - Kamla Education Society's Pratibha Institute of Business Management, Chinchwad, Pune",,,,,,,,,,,,,,,,,,,,,,,,
,0616724110 - Master in Computer Application,,,,,,,,,,,,,,,,,,,,,,,,
,Status :, ,Un-Aided,,,,,,,,,,,,,,,,,,,,,,
,Home University Seats,,,,,,,,,,,,,,,,,,,,,,,,
Home University Seats Allotted to Home University Candidates,,,,,,,,,,,,,,,,,,,,,,,,,
,GOPENH, ,GSCH, ,GSTH, ,GNTBH, ,GNTCH, ,GNTDH, ,GOBCH, ,PWDOPENH,,,,,,,,,,
3205,11257,12569,10280,8974,12128,5767,,,,,,,,,,,,,,,,,,,
Stage-I, ,,,,,,,,,,,,,,,,,,,,,,,,
(90.7733494),(65.8578922),(61.2807064),(67.3579428),(73.5368477),(61.2807064),(82.8308366),,,,,,,,,,,,,,,,,,,
3457,,,,,,,,,,,,,,,,,,,,,,,,,
,I-Non PWD / DEF, ,,,,,,,,,,,,,,,,,,,,,,,
(89.1966341),,,,,,,,,,,,,,,,,,,,,,,,,
,Home University Seats Allotted to Other Than Home University Candidates,,,,,,,,,,,,,,,,,,,,,,,,
,GNTAH,,,,,,,,,,,,,,,,,,,,,,,,
8289,,,,,,,,,,,,,,,,,,,,,,,,,
Stage-I, ,,,,,,,,,,,,,,,,,,,,,,,,
(74.782248),,,,,,,,,,,,,,,,,,,,,,,,,
,Other Than Home University Seats,,,,,,,,,,,,,,,,,,,,,,,,
Other Than Home University Seats Allotted to Other Than Home University Candidates,,,,,,,,,,,,,,,,,,,,,,,,,
,GOPENO, ,GSCO, ,GSTO, ,GNTAO, ,GNTCO, ,GOBCO, ,GSEBCO,,,,,,,,,,,,
3598,6315,7410,7753,4535,4564,,,,,,,,,,,,,,,,,,,,
Stage-I, ,,,,,,,,,,,,,,,,,,,,,,,,
(89.1331398),(80.5399495),(77.8251197),(76.9216256),(85.3851665),(85.3851665),,,,,,,,,,,,,,,,,,,,
4228,,,,,,,,,,,,,,,,,,,,,,,,,
,Stage-IV, ,,,,,,,,,,,,,,,,,,,,,,,
(87.2080299),,,,,,,,,,,,,,,,,,,,,,,,,
,State Level Seats,,,,,,,,,,,,,,,,,,,,,,,,
,EWS, ,TFWS,,,,,,,,,,,,,,,,,,,,,,
20176,1596,,,,,,,,,,,,,,,,,,,,,,,,
Stage-I, ,,,,,,,,,,,,,,,,,,,,,,,,
(29.9046039),(94.6454851),,,,,,,,,,,,,,,,,,,,,,,,
,Legends :, ,"Legends: G-General, L-Ladies, S-State Level Seats ,PWD - Persons with Disabilities,DEF - Defence,PWDR :PWD Common Reserved Seat",,,,,,,,,,,,,,,,,,,,,,
"DEFR :Defense Common Reserved Seat ,* Maharashtra State Seats - Cut Off Indicates State General Merit No. ; Figures in bracket Indicates Merit Score",,,,,,,,,,,,,,,,,,,,,,,,,
,Page 179 of 265,,,,,,,,,,,,,,,,,,,,,,,,
GOVERNMENT OF MAHARASHTRA,,,,,,,,,,,,,,,,,,,,,,,,,
,"Directorate of Technical Education, Maharashtra State, Mumbai.",,,,,,,,,,,,,,,,,,,,,,,,
,Cut Off List for Maharashtra & Minority Seats of CAP Round-II for Admission to the First Year Post Graduate Technical Course in Master of Computer Applications (MCA) for the Academic Year 2025-26.,,,,,,,,,,,,,,,,,,,,,,,,
,"6168 - Shikshan Maharshi Dr. D.Y. Patil Centre for Management & Research, Chikhali , Pune",,,,,,,,,,,,,,,,,,,,,,,,
,0616824110 - Master in Computer Application,,,,,,,,,,,,,,,,,,,,,,,,
,Status :, ,Un-Aided,,,,,,,,,,,,,,,,,,,,,,
,Home University Seats,,,,,,,,,,,,,,,,,,,,,,,,
Home University Seats Allotted to Home University Candidates,,,,,,,,,,,,,,,,,,,,,,,,,
,GOPENH, ,GSCH, ,GSTH, ,GNTBH, ,GNTCH, ,GOBCH, ,PWDOPENH,,,,,,,,,,,,
5607,13651,14343,13419,9153,,,,,,,,,,,,,,,,,,,,,
Stage-I, ,,,,,,,,,,,,,,,,,,,,,,,,
(82.9644433),(56.5488095),(53.942159),(56.5488095),(71.1549338),,,,,,,,,,,,,,,,,,,,,
7086,,,,,,,,,,,,,,,,,,,,,,,,,
,Stage-IV, ,,,,,,,,,,,,,,,,,,,,,,,
(77.8251197),,,,,,,,,,,,,,,,,,,,,,,,,
5865,,,,,,,,,,,,,,,,,,,,,,,,,
,I-Non PWD / DEF, ,,,,,,,,,,,,,,,,,,,,,,,
(82.8308366),,,,,,,,,,,,,,,,,,,,,,,,,
,Other Than Home University Seats,,,,,,,,,,,,,,,,,,,,,,,,
Other Than Home University Seats Allotted to Other Than Home University Candidates,,,,,,,,,,,,,,,,,,,,,,,,,
,GOPENO, ,GSTO, ,GNTBO, ,GNTDO, ,GOBCO, ,GSEBCO,,,,,,,,,,,,,,
5247,8029,5986,7172,7784,,,,,,,,,,,,,,,,,,,,,
Stage-I, ,,,,,,,,,,,,,,,,,,,,,,,,
(82.9644433),(74.782248),(82.8308366),(77.8251197),(76.9216256),,,,,,,,,,,,,,,,,,,,,
6314,,,,,,,,,,,,,,,,,,,,,,,,,
,Stage-IV, ,,,,,,,,,,,,,,,,,,,,,,,
(80.5399495),,,,,,,,,,,,,,,,,,,,,,,,,
,State Level Seats,,,,,,,,,,,,,,,,,,,,,,,,
,EWS, ,TFWS,,,,,,,,,,,,,,,,,,,,,,
14955,4093,,,,,,,,,,,,,,,,,,,,,,,,
Stage-I, ,,,,,,,,,,,,,,,,,,,,,,,,
(51.4093808),(87.3496474),,,,,,,,,,,,,,,,,,,,,,,,
,Legends :, ,"Legends: G-General, L-Ladies, S-State Level Seats ,PWD - Persons with Disabilities,DEF - Defence,PWDR :PWD Common Reserved Seat",,,,,,,,,,,,,,,,,,,,,,
"DEFR :Defense Common Reserved Seat ,* Maharashtra State Seats - Cut Off Indicates State General Merit No. ; Figures in bracket Indicates Merit Score",,,,,,,,,,,,,,,,,,,,,,,,,
,Page 180 of 265,,,,,,,,,,,,,,,,,,,,,,,,
GOVERNMENT OF MAHARASHTRA,,,,,,,,,,,,,,,,,,,,,,,,,
,"Directorate of Technical Education, Maharashtra State, Mumbai.",,,,,,,,,,,,,,,,,,,,,,,,
,Cut Off List for Maharashtra & Minority Seats of CAP Round-II for Admission to the First Year Post Graduate Technical Course in Master of Computer Applications (MCA) for the Academic Year 2025-26.,,,,,,,,,,,,,,,,,,,,,,,,
,"6170 - Abhinav Education Society's Institute of Management and Research, Haveli, Pune",,,,,,,,,,,,,,,,,,,,,,,,
,0617024110 - Master in Computer Application,,,,,,,,,,,,,,,,,,,,,,,,
,Status :, ,Un-Aided,,,,,,,,,,,,,,,,,,,,,,
,Home University Seats,,,,,,,,,,,,,,,,,,,,,,,,
Home University Seats Allotted to Home University Candidates,,,,,,,,,,,,,,,,,,,,,,,,,
,GOPENH, ,GSCH, ,GSTH, ,GNTCH, ,GNTDH, ,GOBCH, ,GSEBCH, ,PWDOPENH,,,,,,,,,,
8347,16028,11337,11777,12199,,,,,,,,,,,,,,,,,,,,,
Stage-I, ,,,,,,,,,,,,,,,,,,,,,,,,
(74.782248),(46.3793819),(65.8578922),(63.1574978),(61.2807064),,,,,,,,,,,,,,,,,,,,,
9035,9013,,,,,,,,,,,,,,,,,,,,,,,,
,Stage-IV, ,,,,,,,,,,,,,,,,,,,,,,,
(73.5368477),(73.5368477),,,,,,,,,,,,,,,,,,,,,,,,
8827,,,,,,,,,,,,,,,,,,,,,,,,,
,I-Non PWD / DEF, ,,,,,,,,,,,,,,,,,,,,,,,
(73.5368477),,,,,,,,,,,,,,,,,,,,,,,,,
,Other Than Home University Seats,,,,,,,,,,,,,,,,,,,,,,,,
Other Than Home University Seats Allotted to Other Than Home University Candidates,,,,,,,,,,,,,,,,,,,,,,,,,
,GOPENO, ,GSCO, ,GSTO, ,GOBCO, ,GSEBCO,,,,,,,,,,,,,,,,
7215,10897,8550,7710,,,,,,,,,,,,,,,,,,,,,,
Stage-I, ,,,,,,,,,,,,,,,,,,,,,,,,
(77.8251197),(65.8578922),(73.5368477),(76.9216256),,,,,,,,,,,,,,,,,,,,,,
7576,,,,,,,,,,,,,,,,,,,,,,,,,
,Stage-IV, ,,,,,,,,,,,,,,,,,,,,,,,
(76.9216256),,,,,,,,,,,,,,,,,,,,,,,,,
,State Level Seats,,,,,,,,,,,,,,,,,,,,,,,,
,EWS, ,TFWS,,,,,,,,,,,,,,,,,,,,,,
20847,3018,,,,,,,,,,,,,,,,,,,,,,,,
Stage-I, ,,,,,,,,,,,,,,,,,,,,,,,,
(25.4779232),(90.7733494),,,,,,,,,,,,,,,,,,,,,,,,
,Legends :, ,"Legends: G-General, L-Ladies, S-State Level Seats ,PWD - Persons with Disabilities,DEF - Defence,PWDR :PWD Common Reserved Seat",,,,,,,,,,,,,,,,,,,,,,
"DEFR :Defense Common Reserved Seat ,* Maharashtra State Seats - Cut Off Indicates State General Merit No. ; Figures in bracket Indicates Merit Score",,,,,,,,,,,,,,,,,,,,,,,,,
,Page 181 of 265,,,,,,,,,,,,,,,,,,,,,,,,
GOVERNMENT OF MAHARASHTRA,,,,,,,,,,,,,,,,,,,,,,,,,
,"Directorate of Technical Education, Maharashtra State, Mumbai.",,,,,,,,,,,,,,,,,,,,,,,,
,Cut Off List for Maharashtra & Minority Seats of CAP Round-II for Admission to the First Year Post Graduate Technical Course in Master of Computer Applications (MCA) for the Academic Year 2025-26.,,,,,,,,,,,,,,,,,,,,,,,,
,"6175 - Pimpri Chinchwad Education Trust, Pimpri Chinchwad College of Engineering, Pune",,,,,,,,,,,,,,,,,,,,,,,,
,0617524110 - Master in Computer Application,,,,,,,,,,,,,,,,,,,,,,,,
,Status :, ,Un-Aided-Autonomous,,,,,,,,,,,,,,,,,,,,,,
,Home University Seats,,,,,,,,,,,,,,,,,,,,,,,,
Home University Seats Allotted to Home University Candidates,,,,,,,,,,,,,,,,,,,,,,,,,
,GSTH, ,GOBCH, ,PWDOPENH,,,,,,,,,,,,,,,,,,,,
1603,386,16380,,,,,,,,,,,,,,,,,,,,,,,
Stage-I, ,,,,,,,,,,,,,,,,,,,,,,,,
(94.6454851),(98.5181554),(46.3793819),,,,,,,,,,,,,,,,,,,,,,,
,State Level Seats,,,,,,,,,,,,,,,,,,,,,,,,
,TFWS,,,,,,,,,,,,,,,,,,,,,,,,
93,,,,,,,,,,,,,,,,,,,,,,,,,
Stage-I, ,,,,,,,,,,,,,,,,,,,,,,,,
(99.5814637),,,,,,,,,,,,,,,,,,,,,,,,,
,Legends :, ,"Legends: G-General, L-Ladies, S-State Level Seats ,PWD - Persons with Disabilities,DEF - Defence,PWDR :PWD Common Reserved Seat",,,,,,,,,,,,,,,,,,,,,,
"DEFR :Defense Common Reserved Seat ,* Maharashtra State Seats - Cut Off Indicates State General Merit No. ; Figures in bracket Indicates Merit Score",,,,,,,,,,,,,,,,,,,,,,,,,
,Page 182 of 265,,,,,,,,,,,,,,,,,,,,,,,,
GOVERNMENT OF MAHARASHTRA,,,,,,,,,,,,,,,,,,,,,,,,,
,"Directorate of Technical Education, Maharashtra State, Mumbai.",,,,,,,,,,,,,,,,,,,,,,,,
,Cut Off List for Maharashtra & Minority Seats of CAP Round-II for Admission to the First Year Post Graduate Technical Course in Master of Computer Applications (MCA) for the Academic Year 2025-26.,,,,,,,,,,,,,,,,,,,,,,,,
,"6179 - Indira College of Engineering & Management, Pune",,,,,,,,,,,,,,,,,,,,,,,,
,0617924110 - Master in Computer Application,,,,,,,,,,,,,,,,,,,,,,,,
,Status :, ,Un-Aided-Autonomous,,,,,,,,,,,,,,,,,,,,,,
,Home University Seats,,,,,,,,,,,,,,,,,,,,,,,,
Home University Seats Allotted to Home University Candidates,,,,,,,,,,,,,,,,,,,,,,,,,
,GOPENH, ,GSCH, ,GOBCH,,,,,,,,,,,,,,,,,,,,
623,1883,924,,,,,,,,,,,,,,,,,,,,,,,
Stage-I, ,,,,,,,,,,,,,,,,,,,,,,,,
(97.6265047),(93.5511867),(96.828928),,,,,,,,,,,,,,,,,,,,,,,
,Home University Seats Allotted to Other Than Home University Candidates,,,,,,,,,,,,,,,,,,,,,,,,
,PWDOPENH, ,PWDROBCH,,,,,,,,,,,,,,,,,,,,,,
3149,17117,,,,,,,,,,,,,,,,,,,,,,,,
Stage-I, ,,,,,,,,,,,,,,,,,,,,,,,,
(90.7733494),(41.4550394),,,,,,,,,,,,,,,,,,,,,,,,
,Other Than Home University Seats,,,,,,,,,,,,,,,,,,,,,,,,
Other Than Home University Seats Allotted to Other Than Home University Candidates,,,,,,,,,,,,,,,,,,,,,,,,,
,GOPENO, ,GSCO, ,GOBCO,,,,,,,,,,,,,,,,,,,,
383,1407,557,,,,,,,,,,,,,,,,,,,,,,,
Stage-I, ,,,,,,,,,,,,,,,,,,,,,,,,
(98.5181554),(95.2942951),(97.8055126),,,,,,,,,,,,,,,,,,,,,,,
,State Level Seats,,,,,,,,,,,,,,,,,,,,,,,,
,EWS, ,TFWS,,,,,,,,,,,,,,,,,,,,,,
1130,295,,,,,,,,,,,,,,,,,,,,,,,,
Stage-I, ,,,,,,,,,,,,,,,,,,,,,,,,
(96.1125146),(98.7632442),,,,,,,,,,,,,,,,,,,,,,,,
,Legends :, ,"Legends: G-General, L-Ladies, S-State Level Seats ,PWD - Persons with Disabilities,DEF - Defence,PWDR :PWD Common Reserved Seat",,,,,,,,,,,,,,,,,,,,,,
"DEFR :Defense Common Reserved Seat ,* Maharashtra State Seats - Cut Off Indicates State General Merit No. ; Figures in bracket Indicates Merit Score",,,,,,,,,,,,,,,,,,,,,,,,,
,Page 183 of 265,,,,,,,,,,,,,,,,,,,,,,,,
GOVERNMENT OF MAHARASHTRA,,,,,,,,,,,,,,,,,,,,,,,,,
,"Directorate of Technical Education, Maharashtra State, Mumbai.",,,,,,,,,,,,,,,,,,,,,,,,
,Cut Off List for Maharashtra & Minority Seats of CAP Round-II for Admission to the First Year Post Graduate Technical Course in Master of Computer Applications (MCA) for the Academic Year 2025-26.,,,,,,,,,,,,,,,,,,,,,,,,
,"6201 - Dr. D. Y. Patil School Of MCA, Lohegaon,Pune",,,,,,,,,,,,,,,,,,,,,,,,
,0620124110 - Master in Computer Application,,,,,,,,,,,,,,,,,,,,,,,,
,Status :, ,Un-Aided,,,,,,,,,,,,,,,,,,,,,,
,Home University Seats,,,,,,,,,,,,,,,,,,,,,,,,
Home University Seats Allotted to Home University Candidates,,,,,,,,,,,,,,,,,,,,,,,,,
,GOPENH, ,GSCH, ,GSTH, ,GNTBH, ,GNTCH, ,GOBCH, ,GSEBCH, ,PWDOPENH, ,PWDOBCH,,,,,,,,
3688,7840,22429,7362,4136,5414,7456,,,,,,,,,,,,,,,,,,,
Stage-I, ,,,,,,,,,,,,,,,,,,,,,,,,
(89.1331398),(76.9216256),(19.1539942),(77.8251197),(87.3496474),(82.9644433),(76.9216256),,,,,,,,,,,,,,,,,,,
4103,,,,,,,,,,,,,,,,,,,,,,,,,
,Stage-IV, ,,,,,,,,,,,,,,,,,,,,,,,
(87.3496474),,,,,,,,,,,,,,,,,,,,,,,,,
3834,5527,,,,,,,,,,,,,,,,,,,,,,,,
,I-Non PWD / DEF, ,,,,,,,,,,,,,,,,,,,,,,,
(89.1331398),(82.9644433),,,,,,,,,,,,,,,,,,,,,,,,
,Other Than Home University Seats,,,,,,,,,,,,,,,,,,,,,,,,
Other Than Home University Seats Allotted to Other Than Home University Candidates,,,,,,,,,,,,,,,,,,,,,,,,,
,GOPENO, ,GSCO, ,GSTO, ,GNTBO, ,GOBCO, ,GSEBCO,,,,,,,,,,,,,,
2677,3596,10530,3780,3084,3198,,,,,,,,,,,,,,,,,,,,
Stage-I, ,,,,,,,,,,,,,,,,,,,,,,,,
(90.9663786),(89.1331398),(67.3579428),(89.1331398),(90.7733494),(90.7733494),,,,,,,,,,,,,,,,,,,,
2898,,,,,,,,,,,,,,,,,,,,,,,,,
,Stage-IV, ,,,,,,,,,,,,,,,,,,,,,,,
(90.9663786),,,,,,,,,,,,,,,,,,,,,,,,,
,State Level Seats,,,,,,,,,,,,,,,,,,,,,,,,
,EWS,,,,,,,,,,,,,,,,,,,,,,,,
7550,,,,,,,,,,,,,,,,,,,,,,,,,
Stage-I, ,,,,,,,,,,,,,,,,,,,,,,,,
(76.9216256),,,,,,,,,,,,,,,,,,,,,,,,,
,Legends :, ,"Legends: G-General, L-Ladies, S-State Level Seats ,PWD - Persons with Disabilities,DEF - Defence,PWDR :PWD Common Reserved Seat",,,,,,,,,,,,,,,,,,,,,,
"DEFR :Defense Common Reserved Seat ,* Maharashtra State Seats - Cut Off Indicates State General Merit No. ; Figures in bracket Indicates Merit Score",,,,,,,,,,,,,,,,,,,,,,,,,
,Page 184 of 265,,,,,,,,,,,,,,,,,,,,,,,,
GOVERNMENT OF MAHARASHTRA,,,,,,,,,,,,,,,,,,,,,,,,,
,"Directorate of Technical Education, Maharashtra State, Mumbai.",,,,,,,,,,,,,,,,,,,,,,,,
,Cut Off List for Maharashtra & Minority Seats of CAP Round-II for Admission to the First Year Post Graduate Technical Course in Master of Computer Applications (MCA) for the Academic Year 2025-26.,,,,,,,,,,,,,,,,,,,,,,,,
,"6206 - Pune District Education Association's College of Engineering, Manjari(Bk), Hadapsar, Pune",,,,,,,,,,,,,,,,,,,,,,,,
,0620624110 - Master in Computer Application,,,,,,,,,,,,,,,,,,,,,,,,
,Status :, ,Un-Aided,,,,,,,,,,,,,,,,,,,,,,
,Home University Seats,,,,,,,,,,,,,,,,,,,,,,,,
Home University Seats Allotted to Home University Candidates,,,,,,,,,,,,,,,,,,,,,,,,,
,GOPENH, ,GSCH, ,GSTH, ,GNTCH, ,GOBCH, ,GSEBCH, ,PWDOPENH,,,,,,,,,,,,
5628,11612,10290,9061,15679,,,,,,,,,,,,,,,,,,,,,
Stage-I, ,,,,,,,,,,,,,,,,,,,,,,,,
(82.9644433),(63.1574978),(67.3579428),(71.1549338),(49.3533426),,,,,,,,,,,,,,,,,,,,,
7357,,,,,,,,,,,,,,,,,,,,,,,,,
,Stage-IV, ,,,,,,,,,,,,,,,,,,,,,,,
(77.8251197),,,,,,,,,,,,,,,,,,,,,,,,,
5670,,,,,,,,,,,,,,,,,,,,,,,,,
,I-Non PWD / DEF, ,,,,,,,,,,,,,,,,,,,,,,,
(82.8308366),,,,,,,,,,,,,,,,,,,,,,,,,
,Home University Seats Allotted to Other Than Home University Candidates,,,,,,,,,,,,,,,,,,,,,,,,
,GNTAH,,,,,,,,,,,,,,,,,,,,,,,,
17816,,,,,,,,,,,,,,,,,,,,,,,,,
Stage-I, ,,,,,,,,,,,,,,,,,,,,,,,,
(39.3989669),,,,,,,,,,,,,,,,,,,,,,,,,
,Other Than Home University Seats,,,,,,,,,,,,,,,,,,,,,,,,
Other Than Home University Seats Allotted to Other Than Home University Candidates,,,,,,,,,,,,,,,,,,,,,,,,,
,GOPENO, ,GSCO, ,GSTO, ,GNTBO, ,GOBCO, ,GSEBCO,,,,,,,,,,,,,,
5606,6680,11129,6523,7434,,,,,,,,,,,,,,,,,,,,,
Stage-I, ,,,,,,,,,,,,,,,,,,,,,,,,
(82.9644433),(79.9969812),(65.8578922),(79.9969812),(76.9216256),,,,,,,,,,,,,,,,,,,,,
5635,,,,,,,,,,,,,,,,,,,,,,,,,
,Stage-IV, ,,,,,,,,,,,,,,,,,,,,,,,
(82.8308366),,,,,,,,,,,,,,,,,,,,,,,,,
,Legends :, ,"Legends: G-General, L-Ladies, S-State Level Seats ,PWD - Persons with Disabilities,DEF - Defence,PWDR :PWD Common Reserved Seat",,,,,,,,,,,,,,,,,,,,,,
"DEFR :Defense Common Reserved Seat ,* Maharashtra State Seats - Cut Off Indicates State General Merit No. ; Figures in bracket Indicates Merit Score",,,,,,,,,,,,,,,,,,,,,,,,,
,Page 185 of 265,,,,,,,,,,,,,,,,,,,,,,,,
GOVERNMENT OF MAHARASHTRA,,,,,,,,,,,,,,,,,,,,,,,,,
,"Directorate of Technical Education, Maharashtra State, Mumbai.",,,,,,,,,,,,,,,,,,,,,,,,
,Cut Off List for Maharashtra & Minority Seats of CAP Round-II for Admission to the First Year Post Graduate Technical Course in Master of Computer Applications (MCA) for the Academic Year 2025-26.,,,,,,,,,,,,,,,,,,,,,,,,
,"6206 - Pune District Education Association's College of Engineering, Manjari(Bk), Hadapsar, Pune",,,,,,,,,,,,,,,,,,,,,,,,
,0620624110 - Master in Computer Application,,,,,,,,,,,,,,,,,,,,,,,,
,Status :, ,Un-Aided,,,,,,,,,,,,,,,,,,,,,,
,State Level Seats,,,,,,,,,,,,,,,,,,,,,,,,
,EWS, ,TFWS,,,,,,,,,,,,,,,,,,,,,,
14694,2006,,,,,,,,,,,,,,,,,,,,,,,,
Stage-I, ,,,,,,,,,,,,,,,,,,,,,,,,
(51.4093808),(93.5511867),,,,,,,,,,,,,,,,,,,,,,,,
,Legends :, ,"Legends: G-General, L-Ladies, S-State Level Seats ,PWD - Persons with Disabilities,DEF - Defence,PWDR :PWD Common Reserved Seat",,,,,,,,,,,,,,,,,,,,,,
"DEFR :Defense Common Reserved Seat ,* Maharashtra State Seats - Cut Off Indicates State General Merit No. ; Figures in bracket Indicates Merit Score",,,,,,,,,,,,,,,,,,,,,,,,,
,Page 186 of 265,,,,,,,,,,,,,,,,,,,,,,,,
GOVERNMENT OF MAHARASHTRA,,,,,,,,,,,,,,,,,,,,,,,,,
,"Directorate of Technical Education, Maharashtra State, Mumbai.",,,,,,,,,,,,,,,,,,,,,,,,
,Cut Off List for Maharashtra & Minority Seats of CAP Round-II for Admission to the First Year Post Graduate Technical Course in Master of Computer Applications (MCA) for the Academic Year 2025-26.,,,,,,,,,,,,,,,,,,,,,,,,
,"6208 - Deccan Education Society's Chintamanrao Institute of Management Development & Research, Sangli",,,,,,,,,,,,,,,,,,,,,,,,
,0620824110 - Master in Computer Application,,,,,,,,,,,,,,,,,,,,,,,,
,Status :, ,Un-Aided,,,,,,,,,,,,,,,,,,,,,,
,Home University Seats,,,,,,,,,,,,,,,,,,,,,,,,
Home University Seats Allotted to Home University Candidates,,,,,,,,,,,,,,,,,,,,,,,,,
,GOPENH, ,GSCH, ,GSTH, ,GOBCH, ,GSEBCH,,,,,,,,,,,,,,,,
14294,21287,21347,18110,,,,,,,,,,,,,,,,,,,,,,
Stage-I, ,,,,,,,,,,,,,,,,,,,,,,,,
(53.942159),(23.1010151),(23.1010151),(39.3989669),,,,,,,,,,,,,,,,,,,,,,
15087,,,,,,,,,,,,,,,,,,,,,,,,,
,Stage-IV, ,,,,,,,,,,,,,,,,,,,,,,,
(51.4093808),,,,,,,,,,,,,,,,,,,,,,,,,
,Other Than Home University Seats,,,,,,,,,,,,,,,,,,,,,,,,
Other Than Home University Seats Allotted to Other Than Home University Candidates,,,,,,,,,,,,,,,,,,,,,,,,,
,GOPENO,,,,,,,,,,,,,,,,,,,,,,,,
25271,,,,,,,,,,,,,,,,,,,,,,,,,
Stage-I, ,,,,,,,,,,,,,,,,,,,,,,,,
(2.0301121),,,,,,,,,,,,,,,,,,,,,,,,,
,Other Than Home University Seats Allotted to Home University Candidates,,,,,,,,,,,,,,,,,,,,,,,,
,GOPENO, ,GSTO, ,GNTBO, ,GNTDO, ,GOBCO, ,GSEBCO,,,,,,,,,,,,,,
15369,19248,,,,,,,,,,,,,,,,,,,,,,,,
Stage-I, ,,,,,,,,,,,,,,,,,,,,,,,,
(49.3533426),(34.5198145),,,,,,,,,,,,,,,,,,,,,,,,
16867,15379,16874,16069,,,,,,,,,,,,,,,,,,,,,,
,Stage-IV, ,,,,,,,,,,,,,,,,,,,,,,,
(44.5345198),(49.3533426),(44.5345198),(46.3793819),,,,,,,,,,,,,,,,,,,,,,
,State Level Seats,,,,,,,,,,,,,,,,,,,,,,,,
,EWS, ,TFWS,,,,,,,,,,,,,,,,,,,,,,
22080,18922,,,,,,,,,,,,,,,,,,,,,,,,
Stage-I, ,,,,,,,,,,,,,,,,,,,,,,,,
(21.0059952),(34.5198145),,,,,,,,,,,,,,,,,,,,,,,,
,Legends :, ,"Legends: G-General, L-Ladies, S-State Level Seats ,PWD - Persons with Disabilities,DEF - Defence,PWDR :PWD Common Reserved Seat",,,,,,,,,,,,,,,,,,,,,,
"DEFR :Defense Common Reserved Seat ,* Maharashtra State Seats - Cut Off Indicates State General Merit No. ; Figures in bracket Indicates Merit Score",,,,,,,,,,,,,,,,,,,,,,,,,
,Page 187 of 265,,,,,,,,,,,,,,,,,,,,,,,,
GOVERNMENT OF MAHARASHTRA,,,,,,,,,,,,,,,,,,,,,,,,,
,"Directorate of Technical Education, Maharashtra State, Mumbai.",,,,,,,,,,,,,,,,,,,,,,,,
,Cut Off List for Maharashtra & Minority Seats of CAP Round-II for Admission to the First Year Post Graduate Technical Course in Master of Computer Applications (MCA) for the Academic Year 2025-26.,,,,,,,,,,,,,,,,,,,,,,,,
,"6212 - KIT's Institute of Management Education & Research, Kolhapur",,,,,,,,,,,,,,,,,,,,,,,,
,0621224110 - Master in Computer Application,,,,,,,,,,,,,,,,,,,,,,,,
,Status :, ,Un-Aided-Autonomous,,,,,,,,,,,,,,,,,,,,,,
,Home University Seats,,,,,,,,,,,,,,,,,,,,,,,,
Home University Seats Allotted to Home University Candidates,,,,,,,,,,,,,,,,,,,,,,,,,
,GOPENH, ,GSCH, ,GSTH, ,GNTAH, ,GNTCH, ,GNTDH, ,GOBCH, ,GSEBCH, ,PWDOPENH,,,,,,,,
2355,9402,20551,10602,7852,3978,,,,,,,,,,,,,,,,,,,,
Stage-I, ,,,,,,,,,,,,,,,,,,,,,,,,
(92.3361383),(71.1549338),(27.2744425),(67.3579428),(76.9216256),(87.3496474),,,,,,,,,,,,,,,,,,,,
3803,3932,,,,,,,,,,,,,,,,,,,,,,,,
,Stage-IV, ,,,,,,,,,,,,,,,,,,,,,,,
(89.1331398),(87.3496474),,,,,,,,,,,,,,,,,,,,,,,,
2422,,,,,,,,,,,,,,,,,,,,,,,,,
,I-Non PWD / DEF, ,,,,,,,,,,,,,,,,,,,,,,,
(92.3361383),,,,,,,,,,,,,,,,,,,,,,,,,
,Other Than Home University Seats,,,,,,,,,,,,,,,,,,,,,,,,
Other Than Home University Seats Allotted to Other Than Home University Candidates,,,,,,,,,,,,,,,,,,,,,,,,,
,GOPENO, ,GSTO, ,GNTAO, ,GNTDO, ,GOBCO, ,GSEBCO,,,,,,,,,,,,,,
3176,22053,10133,5369,,,,,,,,,,,,,,,,,,,,,,
Stage-I, ,,,,,,,,,,,,,,,,,,,,,,,,
(90.7733494),(21.0059952),(69.7143504),(82.9644433),,,,,,,,,,,,,,,,,,,,,,
5442,4338,,,,,,,,,,,,,,,,,,,,,,,,
,Stage-IV, ,,,,,,,,,,,,,,,,,,,,,,,
(82.9644433),(87.2080299),,,,,,,,,,,,,,,,,,,,,,,,
,Other Than Home University Seats Allotted to Home University Candidates,,,,,,,,,,,,,,,,,,,,,,,,
,GSCO,,,,,,,,,,,,,,,,,,,,,,,,
13351,,,,,,,,,,,,,,,,,,,,,,,,,
Stage-I, ,,,,,,,,,,,,,,,,,,,,,,,,
(58.7911466),,,,,,,,,,,,,,,,,,,,,,,,,
,Legends :, ,"Legends: G-General, L-Ladies, S-State Level Seats ,PWD - Persons with Disabilities,DEF - Defence,PWDR :PWD Common Reserved Seat",,,,,,,,,,,,,,,,,,,,,,
"DEFR :Defense Common Reserved Seat ,* Maharashtra State Seats - Cut Off Indicates State General Merit No. ; Figures in bracket Indicates Merit Score",,,,,,,,,,,,,,,,,,,,,,,,,
,Page 188 of 265,,,,,,,,,,,,,,,,,,,,,,,,
GOVERNMENT OF MAHARASHTRA,,,,,,,,,,,,,,,,,,,,,,,,,
,"Directorate of Technical Education, Maharashtra State, Mumbai.",,,,,,,,,,,,,,,,,,,,,,,,
,Cut Off List for Maharashtra & Minority Seats of CAP Round-II for Admission to the First Year Post Graduate Technical Course in Master of Computer Applications (MCA) for the Academic Year 2025-26.,,,,,,,,,,,,,,,,,,,,,,,,
,"6212 - KIT's Institute of Management Education & Research, Kolhapur",,,,,,,,,,,,,,,,,,,,,,,,
,0621224110 - Master in Computer Application,,,,,,,,,,,,,,,,,,,,,,,,
,Status :, ,Un-Aided-Autonomous,,,,,,,,,,,,,,,,,,,,,,
,State Level Seats,,,,,,,,,,,,,,,,,,,,,,,,
,EWS,,,,,,,,,,,,,,,,,,,,,,,,
1632,,,,,,,,,,,,,,,,,,,,,,,,,
Stage-I, ,,,,,,,,,,,,,,,,,,,,,,,,
(94.6454851),,,,,,,,,,,,,,,,,,,,,,,,,
,Legends :, ,"Legends: G-General, L-Ladies, S-State Level Seats ,PWD - Persons with Disabilities,DEF - Defence,PWDR :PWD Common Reserved Seat",,,,,,,,,,,,,,,,,,,,,,
"DEFR :Defense Common Reserved Seat ,* Maharashtra State Seats - Cut Off Indicates State General Merit No. ; Figures in bracket Indicates Merit Score",,,,,,,,,,,,,,,,,,,,,,,,,
,Page 189 of 265,,,,,,,,,,,,,,,,,,,,,,,,
GOVERNMENT OF MAHARASHTRA,,,,,,,,,,,,,,,,,,,,,,,,,
,"Directorate of Technical Education, Maharashtra State, Mumbai.",,,,,,,,,,,,,,,,,,,,,,,,
,Cut Off List for Maharashtra & Minority Seats of CAP Round-II for Admission to the First Year Post Graduate Technical Course in Master of Computer Applications (MCA) for the Academic Year 2025-26.,,,,,,,,,,,,,,,,,,,,,,,,
,"6213 - Chh. Shahu Institute Of Business Edu And Res Vasantraodada Patil Institute Of Management Studies & Research, Sangli",,,,,,,,,,,,,,,,,,,,,,,,
,0621324110 - Master in Computer Application,,,,,,,,,,,,,,,,,,,,,,,,
,Status :, ,Un-Aided-Autonomous,,,,,,,,,,,,,,,,,,,,,,
,Home University Seats,,,,,,,,,,,,,,,,,,,,,,,,
Home University Seats Allotted to Home University Candidates,,,,,,,,,,,,,,,,,,,,,,,,,
,GOPENH, ,GSCH, ,GSTH, ,GNTAH, ,GNTCH, ,GNTDH, ,GOBCH, ,GSEBCH, ,PWDOPENH,,,,,,,,
10139,22436,16368,21368,14179,,,,,,,,,,,,,,,,,,,,,
Stage-I, ,,,,,,,,,,,,,,,,,,,,,,,,
(69.7143504),(19.1539942),(46.3793819),(23.1010151),(53.942159),,,,,,,,,,,,,,,,,,,,,
14400,15200,12623,12657,,,,,,,,,,,,,,,,,,,,,,
,Stage-IV, ,,,,,,,,,,,,,,,,,,,,,,,
(53.942159),(51.4093808),(61.2807064),(61.2807064),,,,,,,,,,,,,,,,,,,,,,
11094,,,,,,,,,,,,,,,,,,,,,,,,,
,I-Non PWD / DEF, ,,,,,,,,,,,,,,,,,,,,,,,
(65.8578922),,,,,,,,,,,,,,,,,,,,,,,,,
,Other Than Home University Seats,,,,,,,,,,,,,,,,,,,,,,,,
Other Than Home University Seats Allotted to Other Than Home University Candidates,,,,,,,,,,,,,,,,,,,,,,,,,
,GOPENO,,,,,,,,,,,,,,,,,,,,,,,,
25133,,,,,,,,,,,,,,,,,,,,,,,,,
Stage-I, ,,,,,,,,,,,,,,,,,,,,,,,,
(2.8640429),,,,,,,,,,,,,,,,,,,,,,,,,
,Other Than Home University Seats Allotted to Home University Candidates,,,,,,,,,,,,,,,,,,,,,,,,
,GOPENO, ,GSCO, ,GSTO, ,GNTAO, ,GNTBO, ,GOBCO, ,GSEBCO,,,,,,,,,,,,
14492,17982,25095,15023,,,,,,,,,,,,,,,,,,,,,,
Stage-I, ,,,,,,,,,,,,,,,,,,,,,,,,
(53.942159),(39.3989669),(3.0466423),(51.4093808),,,,,,,,,,,,,,,,,,,,,,
15588,15705,15514,15547,,,,,,,,,,,,,,,,,,,,,,
,Stage-IV, ,,,,,,,,,,,,,,,,,,,,,,,
(49.3533426),(49.3533426),(49.3533426),(49.3533426),,,,,,,,,,,,,,,,,,,,,,
,Legends :, ,"Legends: G-General, L-Ladies, S-State Level Seats ,PWD - Persons with Disabilities,DEF - Defence,PWDR :PWD Common Reserved Seat",,,,,,,,,,,,,,,,,,,,,,
"DEFR :Defense Common Reserved Seat ,* Maharashtra State Seats - Cut Off Indicates State General Merit No. ; Figures in bracket Indicates Merit Score",,,,,,,,,,,,,,,,,,,,,,,,,
,Page 190 of 265,,,,,,,,,,,,,,,,,,,,,,,,
GOVERNMENT OF MAHARASHTRA,,,,,,,,,,,,,,,,,,,,,,,,,
,"Directorate of Technical Education, Maharashtra State, Mumbai.",,,,,,,,,,,,,,,,,,,,,,,,
,Cut Off List for Maharashtra & Minority Seats of CAP Round-II for Admission to the First Year Post Graduate Technical Course in Master of Computer Applications (MCA) for the Academic Year 2025-26.,,,,,,,,,,,,,,,,,,,,,,,,
,"6214 - K. E. Society's Rajarambapu Institute of Technology, Walwa, Sangli",,,,,,,,,,,,,,,,,,,,,,,,
,0621424110 - Master in Computer Application,,,,,,,,,,,,,,,,,,,,,,,,
,Status :, ,Un-Aided-Autonomous,,,,,,,,,,,,,,,,,,,,,,
,Home University Seats,,,,,,,,,,,,,,,,,,,,,,,,
Home University Seats Allotted to Home University Candidates,,,,,,,,,,,,,,,,,,,,,,,,,
,GOPENH, ,GSCH, ,GSTH, ,GNTDH, ,GOBCH,,,,,,,,,,,,,,,,
3330,12679,11357,,,,,,,,,,,,,,,,,,,,,,,
Stage-I, ,,,,,,,,,,,,,,,,,,,,,,,,
(89.1966341),(61.2807064),(65.8578922),,,,,,,,,,,,,,,,,,,,,,,
4790,6203,,,,,,,,,,,,,,,,,,,,,,,,
,Stage-IV, ,,,,,,,,,,,,,,,,,,,,,,,
(85.3851665),(80.5399495),,,,,,,,,,,,,,,,,,,,,,,,
,Other Than Home University Seats,,,,,,,,,,,,,,,,,,,,,,,,
Other Than Home University Seats Allotted to Other Than Home University Candidates,,,,,,,,,,,,,,,,,,,,,,,,,
,GOPENO, ,GSTO,,,,,,,,,,,,,,,,,,,,,,
12621,,,,,,,,,,,,,,,,,,,,,,,,,
Stage-I, ,,,,,,,,,,,,,,,,,,,,,,,,
(61.2807064),,,,,,,,,,,,,,,,,,,,,,,,,
21731,,,,,,,,,,,,,,,,,,,,,,,,,
,Stage-IV, ,,,,,,,,,,,,,,,,,,,,,,,
(21.0059952),,,,,,,,,,,,,,,,,,,,,,,,,
,Other Than Home University Seats Allotted to Home University Candidates,,,,,,,,,,,,,,,,,,,,,,,,
,GSCO, ,GOBCO,,,,,,,,,,,,,,,,,,,,,,
22987,13107,,,,,,,,,,,,,,,,,,,,,,,,
Stage-I, ,,,,,,,,,,,,,,,,,,,,,,,,
(15.5994113),(58.7911466),,,,,,,,,,,,,,,,,,,,,,,,
,State Level Seats,,,,,,,,,,,,,,,,,,,,,,,,
,TFWS,,,,,,,,,,,,,,,,,,,,,,,,
3655,,,,,,,,,,,,,,,,,,,,,,,,,
Stage-I, ,,,,,,,,,,,,,,,,,,,,,,,,
(89.1331398),,,,,,,,,,,,,,,,,,,,,,,,,
,Legends :, ,"Legends: G-General, L-Ladies, S-State Level Seats ,PWD - Persons with Disabilities,DEF - Defence,PWDR :PWD Common Reserved Seat",,,,,,,,,,,,,,,,,,,,,,
"DEFR :Defense Common Reserved Seat ,* Maharashtra State Seats - Cut Off Indicates State General Merit No. ; Figures in bracket Indicates Merit Score",,,,,,,,,,,,,,,,,,,,,,,,,
,Page 191 of 265,,,,,,,,,,,,,,,,,,,,,,,,
GOVERNMENT OF MAHARASHTRA,,,,,,,,,,,,,,,,,,,,,,,,,
,"Directorate of Technical Education, Maharashtra State, Mumbai.",,,,,,,,,,,,,,,,,,,,,,,,
,Cut Off List for Maharashtra & Minority Seats of CAP Round-II for Admission to the First Year Post Graduate Technical Course in Master of Computer Applications (MCA) for the Academic Year 2025-26.,,,,,,,,,,,,,,,,,,,,,,,,
,"6219 - KSGBS's Bharat- Ratna Indira Gandhi College of Engineering, Kegaon, Solapur",,,,,,,,,,,,,,,,,,,,,,,,
,0621924110 - Master in Computer Application,,,,,,,,,,,,,,,,,,,,,,,,
,Status :, ,Un-Aided,,,,,,,,,,,,,,,,,,,,,,
,Home University Seats,,,,,,,,,,,,,,,,,,,,,,,,
Home University Seats Allotted to Home University Candidates,,,,,,,,,,,,,,,,,,,,,,,,,
,GSCH, ,GSTH, ,GNTAH, ,GSEBCH, ,PWDOPENH,,,,,,,,,,,,,,,,
8206,,,,,,,,,,,,,,,,,,,,,,,,,
Stage-I, ,,,,,,,,,,,,,,,,,,,,,,,,
(74.782248),,,,,,,,,,,,,,,,,,,,,,,,,
10876,9652,10963,,,,,,,,,,,,,,,,,,,,,,,
,Stage-IV, ,,,,,,,,,,,,,,,,,,,,,,,
(65.8578922),(69.7143504),(65.8578922),,,,,,,,,,,,,,,,,,,,,,,
6654,,,,,,,,,,,,,,,,,,,,,,,,,
,I-Non PWD / DEF, ,,,,,,,,,,,,,,,,,,,,,,,
(79.9969812),,,,,,,,,,,,,,,,,,,,,,,,,
,Other Than Home University Seats,,,,,,,,,,,,,,,,,,,,,,,,
Other Than Home University Seats Allotted to Other Than Home University Candidates,,,,,,,,,,,,,,,,,,,,,,,,,
,GOPENO,,,,,,,,,,,,,,,,,,,,,,,,
24959,,,,,,,,,,,,,,,,,,,,,,,,,
Stage-I, ,,,,,,,,,,,,,,,,,,,,,,,,
(4.067771),,,,,,,,,,,,,,,,,,,,,,,,,
,Other Than Home University Seats Allotted to Home University Candidates,,,,,,,,,,,,,,,,,,,,,,,,
,GOPENO, ,GSCO, ,GSTO, ,GNTBO, ,GNTCO, ,GOBCO, ,GSEBCO,,,,,,,,,,,,
10204,17517,12497,,,,,,,,,,,,,,,,,,,,,,,
Stage-I, ,,,,,,,,,,,,,,,,,,,,,,,,
(67.3579428),(41.4550394),(61.2807064),,,,,,,,,,,,,,,,,,,,,,,
13990,12335,12598,13336,,,,,,,,,,,,,,,,,,,,,,
,Stage-IV, ,,,,,,,,,,,,,,,,,,,,,,,
(56.5488095),(61.2807064),(61.2807064),(58.7911466),,,,,,,,,,,,,,,,,,,,,,
,Legends :, ,"Legends: G-General, L-Ladies, S-State Level Seats ,PWD - Persons with Disabilities,DEF - Defence,PWDR :PWD Common Reserved Seat",,,,,,,,,,,,,,,,,,,,,,
"DEFR :Defense Common Reserved Seat ,* Maharashtra State Seats - Cut Off Indicates State General Merit No. ; Figures in bracket Indicates Merit Score",,,,,,,,,,,,,,,,,,,,,,,,,
,Page 192 of 265,,,,,,,,,,,,,,,,,,,,,,,,
GOVERNMENT OF MAHARASHTRA,,,,,,,,,,,,,,,,,,,,,,,,,
,"Directorate of Technical Education, Maharashtra State, Mumbai.",,,,,,,,,,,,,,,,,,,,,,,,
,Cut Off List for Maharashtra & Minority Seats of CAP Round-II for Admission to the First Year Post Graduate Technical Course in Master of Computer Applications (MCA) for the Academic Year 2025-26.,,,,,,,,,,,,,,,,,,,,,,,,
,"6220 - SVERI's College of Engineering, Pandharpur",,,,,,,,,,,,,,,,,,,,,,,,
,0622024110 - Master in Computer Application,,,,,,,,,,,,,,,,,,,,,,,,
,Status :, ,Un-Aided-Autonomous,,,,,,,,,,,,,,,,,,,,,,
,Home University Seats,,,,,,,,,,,,,,,,,,,,,,,,
Home University Seats Allotted to Home University Candidates,,,,,,,,,,,,,,,,,,,,,,,,,
,GOPENH, ,GSCH, ,GSTH, ,GNTAH, ,GNTCH, ,GNTDH, ,GOBCH, ,GSEBCH, ,PWDOPENH,,,,,,,,
13913,17613,16650,24278,,,,,,,,,,,,,,,,,,,,,,
Stage-I, ,,,,,,,,,,,,,,,,,,,,,,,,
(56.5488095),(41.4550394),(44.5345198),(7.9446476),,,,,,,,,,,,,,,,,,,,,,
21080,19979,15727,15917,20663,,,,,,,,,,,,,,,,,,,,,
,Stage-IV, ,,,,,,,,,,,,,,,,,,,,,,,
(25.4779232),(29.9046039),(49.3533426),(46.3793819),(27.2744425),,,,,,,,,,,,,,,,,,,,,
15231,,,,,,,,,,,,,,,,,,,,,,,,,
,I-Non PWD / DEF, ,,,,,,,,,,,,,,,,,,,,,,,
(49.3533426),,,,,,,,,,,,,,,,,,,,,,,,,
,Other Than Home University Seats,,,,,,,,,,,,,,,,,,,,,,,,
Other Than Home University Seats Allotted to Other Than Home University Candidates,,,,,,,,,,,,,,,,,,,,,,,,,
,GOPENO, ,GSTO,,,,,,,,,,,,,,,,,,,,,,
22587,,,,,,,,,,,,,,,,,,,,,,,,,
Stage-I, ,,,,,,,,,,,,,,,,,,,,,,,,
(16.9789978),,,,,,,,,,,,,,,,,,,,,,,,,
24556,,,,,,,,,,,,,,,,,,,,,,,,,
,Stage-IV, ,,,,,,,,,,,,,,,,,,,,,,,
(5.9311489),,,,,,,,,,,,,,,,,,,,,,,,,
,Other Than Home University Seats Allotted to Home University Candidates,,,,,,,,,,,,,,,,,,,,,,,,
,GSTO, ,GNTBO, ,GNTDO, ,GOBCO, ,GSEBCO,,,,,,,,,,,,,,,,
23934,24791,25252,25395,23785,,,,,,,,,,,,,,,,,,,,,
Stage-IV, ,,,,,,,,,,,,,,,,,,,,,,,,
(9.7430286),(4.302251),(2.0301121),(0.8710079),(10.5199653),,,,,,,,,,,,,,,,,,,,,
,Legends :, ,"Legends: G-General, L-Ladies, S-State Level Seats ,PWD - Persons with Disabilities,DEF - Defence,PWDR :PWD Common Reserved Seat",,,,,,,,,,,,,,,,,,,,,,
"DEFR :Defense Common Reserved Seat ,* Maharashtra State Seats - Cut Off Indicates State General Merit No. ; Figures in bracket Indicates Merit Score",,,,,,,,,,,,,,,,,,,,,,,,,
,Page 193 of 265,,,,,,,,,,,,,,,,,,,,,,,,
GOVERNMENT OF MAHARASHTRA,,,,,,,,,,,,,,,,,,,,,,,,,
,"Directorate of Technical Education, Maharashtra State, Mumbai.",,,,,,,,,,,,,,,,,,,,,,,,
,Cut Off List for Maharashtra & Minority Seats of CAP Round-II for Admission to the First Year Post Graduate Technical Course in Master of Computer Applications (MCA) for the Academic Year 2025-26.,,,,,,,,,,,,,,,,,,,,,,,,
,"6220 - SVERI's College of Engineering, Pandharpur",,,,,,,,,,,,,,,,,,,,,,,,
,0622024110 - Master in Computer Application,,,,,,,,,,,,,,,,,,,,,,,,
,Status :, ,Un-Aided-Autonomous,,,,,,,,,,,,,,,,,,,,,,
,State Level Seats,,,,,,,,,,,,,,,,,,,,,,,,
,TFWS,,,,,,,,,,,,,,,,,,,,,,,,
10177,,,,,,,,,,,,,,,,,,,,,,,,,
Stage-I, ,,,,,,,,,,,,,,,,,,,,,,,,
(69.7143504),,,,,,,,,,,,,,,,,,,,,,,,,
,Legends :, ,"Legends: G-General, L-Ladies, S-State Level Seats ,PWD - Persons with Disabilities,DEF - Defence,PWDR :PWD Common Reserved Seat",,,,,,,,,,,,,,,,,,,,,,
"DEFR :Defense Common Reserved Seat ,* Maharashtra State Seats - Cut Off Indicates State General Merit No. ; Figures in bracket Indicates Merit Score",,,,,,,,,,,,,,,,,,,,,,,,,
,Page 194 of 265,,,,,,,,,,,,,,,,,,,,,,,,
GOVERNMENT OF MAHARASHTRA,,,,,,,,,,,,,,,,,,,,,,,,,
,"Directorate of Technical Education, Maharashtra State, Mumbai.",,,,,,,,,,,,,,,,,,,,,,,,
,Cut Off List for Maharashtra & Minority Seats of CAP Round-II for Admission to the First Year Post Graduate Technical Course in Master of Computer Applications (MCA) for the Academic Year 2025-26.,,,,,,,,,,,,,,,,,,,,,,,,
,"6222 - Dattajirao Kadam Technical Education Society's Textile & Engineering Institute, Ichalkaranji.",,,,,,,,,,,,,,,,,,,,,,,,
,0622224110 - Master in Computer Application,,,,,,,,,,,,,,,,,,,,,,,,
,Status :, ,Un-Aided-Autonomous,,,,,,,,,,,,,,,,,,,,,,
,Home University Seats,,,,,,,,,,,,,,,,,,,,,,,,
Home University Seats Allotted to Home University Candidates,,,,,,,,,,,,,,,,,,,,,,,,,
,GOPENH, ,GSCH, ,GSTH, ,GNTAH, ,GNTDH, ,PWDOPENH,,,,,,,,,,,,,,
3579,8426,,,,,,,,,,,,,,,,,,,,,,,,
Stage-I, ,,,,,,,,,,,,,,,,,,,,,,,,
(89.1331398),(74.782248),,,,,,,,,,,,,,,,,,,,,,,,
8301,8145,8199,,,,,,,,,,,,,,,,,,,,,,,
,Stage-IV, ,,,,,,,,,,,,,,,,,,,,,,,
(74.782248),(74.782248),(74.782248),,,,,,,,,,,,,,,,,,,,,,,
5416,,,,,,,,,,,,,,,,,,,,,,,,,
,I-Non PWD / DEF, ,,,,,,,,,,,,,,,,,,,,,,,
(82.9644433),,,,,,,,,,,,,,,,,,,,,,,,,
,Other Than Home University Seats,,,,,,,,,,,,,,,,,,,,,,,,
Other Than Home University Seats Allotted to Other Than Home University Candidates,,,,,,,,,,,,,,,,,,,,,,,,,
,GOPENO,,,,,,,,,,,,,,,,,,,,,,,,
20755,,,,,,,,,,,,,,,,,,,,,,,,,
Stage-I, ,,,,,,,,,,,,,,,,,,,,,,,,
(27.2744425),,,,,,,,,,,,,,,,,,,,,,,,,
,Other Than Home University Seats Allotted to Home University Candidates,,,,,,,,,,,,,,,,,,,,,,,,
,GSTO, ,GNTDO, ,GSEBCO,,,,,,,,,,,,,,,,,,,,
8551,8322,,,,,,,,,,,,,,,,,,,,,,,,
Stage-IV, ,,,,,,,,,,,,,,,,,,,,,,,,
(73.5368477),(74.782248),,,,,,,,,,,,,,,,,,,,,,,,
8848,,,,,,,,,,,,,,,,,,,,,,,,,
,Stage-I, ,,,,,,,,,,,,,,,,,,,,,,,
(73.5368477),,,,,,,,,,,,,,,,,,,,,,,,,
,Legends :, ,"Legends: G-General, L-Ladies, S-State Level Seats ,PWD - Persons with Disabilities,DEF - Defence,PWDR :PWD Common Reserved Seat",,,,,,,,,,,,,,,,,,,,,,
"DEFR :Defense Common Reserved Seat ,* Maharashtra State Seats - Cut Off Indicates State General Merit No. ; Figures in bracket Indicates Merit Score",,,,,,,,,,,,,,,,,,,,,,,,,
,Page 195 of 265,,,,,,,,,,,,,,,,,,,,,,,,
GOVERNMENT OF MAHARASHTRA,,,,,,,,,,,,,,,,,,,,,,,,,
,"Directorate of Technical Education, Maharashtra State, Mumbai.",,,,,,,,,,,,,,,,,,,,,,,,
,Cut Off List for Maharashtra & Minority Seats of CAP Round-II for Admission to the First Year Post Graduate Technical Course in Master of Computer Applications (MCA) for the Academic Year 2025-26.,,,,,,,,,,,,,,,,,,,,,,,,
,"6222 - Dattajirao Kadam Technical Education Society's Textile & Engineering Institute, Ichalkaranji.",,,,,,,,,,,,,,,,,,,,,,,,
,0622224110 - Master in Computer Application,,,,,,,,,,,,,,,,,,,,,,,,
,Status :, ,Un-Aided-Autonomous,,,,,,,,,,,,,,,,,,,,,,
,State Level Seats,,,,,,,,,,,,,,,,,,,,,,,,
,EWS, ,TFWS,,,,,,,,,,,,,,,,,,,,,,
1865,1806,,,,,,,,,,,,,,,,,,,,,,,,
Stage-I, ,,,,,,,,,,,,,,,,,,,,,,,,
(93.5511867),(94.4270578),,,,,,,,,,,,,,,,,,,,,,,,
,Legends :, ,"Legends: G-General, L-Ladies, S-State Level Seats ,PWD - Persons with Disabilities,DEF - Defence,PWDR :PWD Common Reserved Seat",,,,,,,,,,,,,,,,,,,,,,
"DEFR :Defense Common Reserved Seat ,* Maharashtra State Seats - Cut Off Indicates State General Merit No. ; Figures in bracket Indicates Merit Score",,,,,,,,,,,,,,,,,,,,,,,,,
,Page 196 of 265,,,,,,,,,,,,,,,,,,,,,,,,
GOVERNMENT OF MAHARASHTRA,,,,,,,,,,,,,,,,,,,,,,,,,
,"Directorate of Technical Education, Maharashtra State, Mumbai.",,,,,,,,,,,,,,,,,,,,,,,,
,Cut Off List for Maharashtra & Minority Seats of CAP Round-II for Admission to the First Year Post Graduate Technical Course in Master of Computer Applications (MCA) for the Academic Year 2025-26.,,,,,,,,,,,,,,,,,,,,,,,,
,"6228 - Dr. D. Y. Patil Pratishthan's D.Y.Patil Institute of Master of Computer Applications and Management, Akurdi, Pune",,,,,,,,,,,,,,,,,,,,,,,,
,0622824110 - Master in Computer Application,,,,,,,,,,,,,,,,,,,,,,,,
,Status :, ,Un-Aided,,,,,,,,,,,,,,,,,,,,,,
,Home University Seats,,,,,,,,,,,,,,,,,,,,,,,,
Home University Seats Allotted to Home University Candidates,,,,,,,,,,,,,,,,,,,,,,,,,
,GOPENH, ,GSCH, ,GNTAH, ,GNTBH, ,GNTDH, ,GOBCH, ,GSEBCH,,,,,,,,,,,,
1197,4709,4730,1655,3268,1511,3194,,,,,,,,,,,,,,,,,,,
Stage-I, ,,,,,,,,,,,,,,,,,,,,,,,,
(96.1125146),(85.3851665),(85.3851665),(94.4270578),(89.1966341),(94.6454851),(90.7733494),,,,,,,,,,,,,,,,,,,
,Home University Seats Allotted to Other Than Home University Candidates,,,,,,,,,,,,,,,,,,,,,,,,
,PWDOPENH,,,,,,,,,,,,,,,,,,,,,,,,
7842,,,,,,,,,,,,,,,,,,,,,,,,,
Stage-I, ,,,,,,,,,,,,,,,,,,,,,,,,
(76.9216256),,,,,,,,,,,,,,,,,,,,,,,,,
,Other Than Home University Seats,,,,,,,,,,,,,,,,,,,,,,,,
Other Than Home University Seats Allotted to Other Than Home University Candidates,,,,,,,,,,,,,,,,,,,,,,,,,
,GOPENO, ,GSCO, ,GSTO, ,GNTCO, ,GNTDO, ,GOBCO,,,,,,,,,,,,,,
629,958,5923,1791,1397,1113,,,,,,,,,,,,,,,,,,,,
Stage-I, ,,,,,,,,,,,,,,,,,,,,,,,,
(97.6265047),(96.828928),(82.8308366),(94.4270578),(95.2942951),(96.1125146),,,,,,,,,,,,,,,,,,,,
,State Level Seats,,,,,,,,,,,,,,,,,,,,,,,,
,EWS, ,TFWS,,,,,,,,,,,,,,,,,,,,,,
2365,652,,,,,,,,,,,,,,,,,,,,,,,,
Stage-I, ,,,,,,,,,,,,,,,,,,,,,,,,
(92.3361383),(97.6265047),,,,,,,,,,,,,,,,,,,,,,,,
,Legends :, ,"Legends: G-General, L-Ladies, S-State Level Seats ,PWD - Persons with Disabilities,DEF - Defence,PWDR :PWD Common Reserved Seat",,,,,,,,,,,,,,,,,,,,,,
"DEFR :Defense Common Reserved Seat ,* Maharashtra State Seats - Cut Off Indicates State General Merit No. ; Figures in bracket Indicates Merit Score",,,,,,,,,,,,,,,,,,,,,,,,,
,Page 197 of 265,,,,,,,,,,,,,,,,,,,,,,,,
GOVERNMENT OF MAHARASHTRA,,,,,,,,,,,,,,,,,,,,,,,,,
,"Directorate of Technical Education, Maharashtra State, Mumbai.",,,,,,,,,,,,,,,,,,,,,,,,
,Cut Off List for Maharashtra & Minority Seats of CAP Round-II for Admission to the First Year Post Graduate Technical Course in Master of Computer Applications (MCA) for the Academic Year 2025-26.,,,,,,,,,,,,,,,,,,,,,,,,
,"6231 - Sinhgad Technical Education Society's Sinhgad Institute of Management ,Vadgaon(Budruk),Pune",,,,,,,,,,,,,,,,,,,,,,,,
,0623124110 - Master in Computer Application,,,,,,,,,,,,,,,,,,,,,,,,
,Status :, ,Un-Aided,,,,,,,,,,,,,,,,,,,,,,
,Home University Seats,,,,,,,,,,,,,,,,,,,,,,,,
Home University Seats Allotted to Home University Candidates,,,,,,,,,,,,,,,,,,,,,,,,,
,GOPENH, ,GSCH, ,GSTH, ,GNTCH, ,GNTDH, ,GOBCH, ,GSEBCH, ,PWDOPENH, ,PWDSCH, ,PWDOBCH,,,,,,
2520,8364,8003,5229,3651,6431,,,,,,,,,,,,,,,,,,,,
Stage-I, ,,,,,,,,,,,,,,,,,,,,,,,,
(92.1797821),(74.782248),(74.782248),(82.9644433),(89.1331398),(80.5399495),,,,,,,,,,,,,,,,,,,,
3187,,,,,,,,,,,,,,,,,,,,,,,,,
,Stage-IV, ,,,,,,,,,,,,,,,,,,,,,,,
(90.7733494),,,,,,,,,,,,,,,,,,,,,,,,,
2802,8652,3725,,,,,,,,,,,,,,,,,,,,,,,
,I-Non PWD / DEF, ,,,,,,,,,,,,,,,,,,,,,,,
(90.9663786),(73.5368477),(89.1331398),,,,,,,,,,,,,,,,,,,,,,,
,Other Than Home University Seats,,,,,,,,,,,,,,,,,,,,,,,,
Other Than Home University Seats Allotted to Other Than Home University Candidates,,,,,,,,,,,,,,,,,,,,,,,,,
,GOPENO, ,GSCO, ,GSTO, ,GOBCO, ,GSEBCO,,,,,,,,,,,,,,,,
1850,2906,6623,2242,1921,,,,,,,,,,,,,,,,,,,,,
Stage-I, ,,,,,,,,,,,,,,,,,,,,,,,,
(93.5511867),(90.9663786),(79.9969812),(92.3361383),(93.5511867),,,,,,,,,,,,,,,,,,,,,
2008,,,,,,,,,,,,,,,,,,,,,,,,,
,Stage-IV, ,,,,,,,,,,,,,,,,,,,,,,,
(93.405226),,,,,,,,,,,,,,,,,,,,,,,,,
,State Level Seats,,,,,,,,,,,,,,,,,,,,,,,,
,EWS, ,TFWS,,,,,,,,,,,,,,,,,,,,,,
5326,1858,,,,,,,,,,,,,,,,,,,,,,,,
Stage-I, ,,,,,,,,,,,,,,,,,,,,,,,,
(82.9644433),(93.5511867),,,,,,,,,,,,,,,,,,,,,,,,
,Legends :, ,"Legends: G-General, L-Ladies, S-State Level Seats ,PWD - Persons with Disabilities,DEF - Defence,PWDR :PWD Common Reserved Seat",,,,,,,,,,,,,,,,,,,,,,
"DEFR :Defense Common Reserved Seat ,* Maharashtra State Seats - Cut Off Indicates State General Merit No. ; Figures in bracket Indicates Merit Score",,,,,,,,,,,,,,,,,,,,,,,,,
,Page 198 of 265,,,,,,,,,,,,,,,,,,,,,,,,
GOVERNMENT OF MAHARASHTRA,,,,,,,,,,,,,,,,,,,,,,,,,
,"Directorate of Technical Education, Maharashtra State, Mumbai.",,,,,,,,,,,,,,,,,,,,,,,,
,Cut Off List for Maharashtra & Minority Seats of CAP Round-II for Admission to the First Year Post Graduate Technical Course in Master of Computer Applications (MCA) for the Academic Year 2025-26.,,,,,,,,,,,,,,,,,,,,,,,,
,"6232 - Maharashtra Education Society's Institute of Management and Career Courses (IMCC), Pune",,,,,,,,,,,,,,,,,,,,,,,,
,0623224110 - Master in Computer Application,,,,,,,,,,,,,,,,,,,,,,,,
,Status :, ,Un-Aided-Autonomous,,,,,,,,,,,,,,,,,,,,,,
,Home University Seats,,,,,,,,,,,,,,,,,,,,,,,,
Home University Seats Allotted to Home University Candidates,,,,,,,,,,,,,,,,,,,,,,,,,
,GOPENH, ,GSCH, ,GSTH, ,GNTAH, ,GNTCH, ,GOBCH, ,GSEBCH, ,PWDOPENH, ,PWDOBCH,,,,,,,,
1450,5054,18433,3483,2506,1834,2019,,,,,,,,,,,,,,,,,,,
Stage-I, ,,,,,,,,,,,,,,,,,,,,,,,,
(95.2942951),(85.2118788),(36.496736),(89.1966341),(92.1797821),(93.5511867),(93.405226),,,,,,,,,,,,,,,,,,,
1522,1855,,,,,,,,,,,,,,,,,,,,,,,,
,I-Non PWD / DEF, ,,,,,,,,,,,,,,,,,,,,,,,
(94.6454851),(93.5511867),,,,,,,,,,,,,,,,,,,,,,,,
,Other Than Home University Seats,,,,,,,,,,,,,,,,,,,,,,,,
Other Than Home University Seats Allotted to Other Than Home University Candidates,,,,,,,,,,,,,,,,,,,,,,,,,
,GOPENO, ,GSCO, ,GSTO, ,GNTCO, ,GOBCO,,,,,,,,,,,,,,,,
889,1469,13567,1611,1126,,,,,,,,,,,,,,,,,,,,,
Stage-I, ,,,,,,,,,,,,,,,,,,,,,,,,
(96.828928),(95.2942951),(56.5488095),(94.6454851),(96.1125146),,,,,,,,,,,,,,,,,,,,,
,State Level Seats,,,,,,,,,,,,,,,,,,,,,,,,
,EWS, ,TFWS,,,,,,,,,,,,,,,,,,,,,,
1186,239,,,,,,,,,,,,,,,,,,,,,,,,
Stage-I, ,,,,,,,,,,,,,,,,,,,,,,,,
(96.1125146),(99.008333),,,,,,,,,,,,,,,,,,,,,,,,
,Legends :, ,"Legends: G-General, L-Ladies, S-State Level Seats ,PWD - Persons with Disabilities,DEF - Defence,PWDR :PWD Common Reserved Seat",,,,,,,,,,,,,,,,,,,,,,
"DEFR :Defense Common Reserved Seat ,* Maharashtra State Seats - Cut Off Indicates State General Merit No. ; Figures in bracket Indicates Merit Score",,,,,,,,,,,,,,,,,,,,,,,,,
,Page 199 of 265,,,,,,,,,,,,,,,,,,,,,,,,
GOVERNMENT OF MAHARASHTRA,,,,,,,,,,,,,,,,,,,,,,,,,
,"Directorate of Technical Education, Maharashtra State, Mumbai.",,,,,,,,,,,,,,,,,,,,,,,,
,Cut Off List for Maharashtra & Minority Seats of CAP Round-II for Admission to the First Year Post Graduate Technical Course in Master of Computer Applications (MCA) for the Academic Year 2025-26.,,,,,,,,,,,,,,,,,,,,,,,,
,"6236 - Sinhgad Technical Education Society's , Sinhgad Institute of Business Administration & Research, Kondhawa-Saswad Road, Pune",,,,,,,,,,,,,,,,,,,,,,,,
,0623624110 - Master in Computer Application,,,,,,,,,,,,,,,,,,,,,,,,
,Status :, ,Un-Aided,,,,,,,,,,,,,,,,,,,,,,
,Home University Seats,,,,,,,,,,,,,,,,,,,,,,,,
Home University Seats Allotted to Home University Candidates,,,,,,,,,,,,,,,,,,,,,,,,,
,GOPENH, ,GSCH, ,GSTH, ,GNTAH, ,GNTBH, ,GOBCH, ,GSEBCH, ,PWDOPENH,,,,,,,,,,
5033,12283,15841,13748,7386,12250,,,,,,,,,,,,,,,,,,,,
Stage-I, ,,,,,,,,,,,,,,,,,,,,,,,,
(85.2118788),(61.2807064),(49.3533426),(56.5488095),(77.8251197),(61.2807064),,,,,,,,,,,,,,,,,,,,
5695,,,,,,,,,,,,,,,,,,,,,,,,,
,Stage-IV, ,,,,,,,,,,,,,,,,,,,,,,,
(82.8308366),,,,,,,,,,,,,,,,,,,,,,,,,
5123,,,,,,,,,,,,,,,,,,,,,,,,,
,I-Non PWD / DEF, ,,,,,,,,,,,,,,,,,,,,,,,
(85.2118788),,,,,,,,,,,,,,,,,,,,,,,,,
,Other Than Home University Seats,,,,,,,,,,,,,,,,,,,,,,,,
Other Than Home University Seats Allotted to Other Than Home University Candidates,,,,,,,,,,,,,,,,,,,,,,,,,
,GOPENO, ,GSCO, ,GSTO, ,GNTBO, ,GNTDO, ,GOBCO, ,GSEBCO,,,,,,,,,,,,
3827,7774,4879,6342,4595,6149,,,,,,,,,,,,,,,,,,,,
Stage-I, ,,,,,,,,,,,,,,,,,,,,,,,,
(89.1331398),(76.9216256),(85.2118788),(80.5399495),(85.3851665),(80.5399495),,,,,,,,,,,,,,,,,,,,
4700,,,,,,,,,,,,,,,,,,,,,,,,,
,Stage-IV, ,,,,,,,,,,,,,,,,,,,,,,,
(85.3851665),,,,,,,,,,,,,,,,,,,,,,,,,
,State Level Seats,,,,,,,,,,,,,,,,,,,,,,,,
,EWS, ,TFWS,,,,,,,,,,,,,,,,,,,,,,
15493,3471,,,,,,,,,,,,,,,,,,,,,,,,
Stage-I, ,,,,,,,,,,,,,,,,,,,,,,,,
(49.3533426),(89.1966341),,,,,,,,,,,,,,,,,,,,,,,,
,Legends :, ,"Legends: G-General, L-Ladies, S-State Level Seats ,PWD - Persons with Disabilities,DEF - Defence,PWDR :PWD Common Reserved Seat",,,,,,,,,,,,,,,,,,,,,,
"DEFR :Defense Common Reserved Seat ,* Maharashtra State Seats - Cut Off Indicates State General Merit No. ; Figures in bracket Indicates Merit Score",,,,,,,,,,,,,,,,,,,,,,,,,
,Page 200 of 265,,,,,,,,,,,,,,,,,,,,,,,,
GOVERNMENT OF MAHARASHTRA,,,,,,,,,,,,,,,,,,,,,,,,,
,"Directorate of Technical Education, Maharashtra State, Mumbai.",,,,,,,,,,,,,,,,,,,,,,,,
,Cut Off List for Maharashtra & Minority Seats of CAP Round-II for Admission to the First Year Post Graduate Technical Course in Master of Computer Applications (MCA) for the Academic Year 2025-26.,,,,,,,,,,,,,,,,,,,,,,,,
,"6239 - Sinhgad Technical Education Society, Sinhgad Institute of Management & Computer Application, Narhe (Ambegaon), Pune",,,,,,,,,,,,,,,,,,,,,,,,
,0623924110 - Master in Computer Application,,,,,,,,,,,,,,,,,,,,,,,,
,Status :, ,Un-Aided,,,,,,,,,,,,,,,,,,,,,,
,Home University Seats,,,,,,,,,,,,,,,,,,,,,,,,
Home University Seats Allotted to Home University Candidates,,,,,,,,,,,,,,,,,,,,,,,,,
,GOPENH, ,GSCH, ,GSTH, ,GNTAH, ,GNTBH, ,GNTDH, ,GOBCH, ,GSEBCH, ,PWDOPENH,,,,,,,,
4683,12496,16557,14563,5524,7072,9072,,,,,,,,,,,,,,,,,,,
Stage-I, ,,,,,,,,,,,,,,,,,,,,,,,,
(85.3851665),(61.2807064),(44.5345198),(53.942159),(82.9644433),(77.8251197),(71.1549338),,,,,,,,,,,,,,,,,,,
5258,,,,,,,,,,,,,,,,,,,,,,,,,
,Stage-IV, ,,,,,,,,,,,,,,,,,,,,,,,
(82.9644433),,,,,,,,,,,,,,,,,,,,,,,,,
5070,,,,,,,,,,,,,,,,,,,,,,,,,
,I-Non PWD / DEF, ,,,,,,,,,,,,,,,,,,,,,,,
(85.2118788),,,,,,,,,,,,,,,,,,,,,,,,,
,Other Than Home University Seats,,,,,,,,,,,,,,,,,,,,,,,,
Other Than Home University Seats Allotted to Other Than Home University Candidates,,,,,,,,,,,,,,,,,,,,,,,,,
,GOPENO, ,GSCO, ,GSTO, ,GNTAO, ,GOBCO, ,GSEBCO,,,,,,,,,,,,,,
2862,4785,6134,3347,2966,,,,,,,,,,,,,,,,,,,,,
Stage-I, ,,,,,,,,,,,,,,,,,,,,,,,,
(90.9663786),(85.3851665),(80.5399495),(89.1966341),(90.9663786),,,,,,,,,,,,,,,,,,,,,
3221,,,,,,,,,,,,,,,,,,,,,,,,,
,Stage-IV, ,,,,,,,,,,,,,,,,,,,,,,,
(90.7733494),,,,,,,,,,,,,,,,,,,,,,,,,
,State Level Seats,,,,,,,,,,,,,,,,,,,,,,,,
,EWS, ,TFWS,,,,,,,,,,,,,,,,,,,,,,
11831,2428,,,,,,,,,,,,,,,,,,,,,,,,
Stage-I, ,,,,,,,,,,,,,,,,,,,,,,,,
(63.1574978),(92.1797821),,,,,,,,,,,,,,,,,,,,,,,,
,Legends :, ,"Legends: G-General, L-Ladies, S-State Level Seats ,PWD - Persons with Disabilities,DEF - Defence,PWDR :PWD Common Reserved Seat",,,,,,,,,,,,,,,,,,,,,,
"DEFR :Defense Common Reserved Seat ,* Maharashtra State Seats - Cut Off Indicates State General Merit No. ; Figures in bracket Indicates Merit Score",,,,,,,,,,,,,,,,,,,,,,,,,
,Page 201 of 265,,,,,,,,,,,,,,,,,,,,,,,,
GOVERNMENT OF MAHARASHTRA,,,,,,,,,,,,,,,,,,,,,,,,,
,"Directorate of Technical Education, Maharashtra State, Mumbai.",,,,,,,,,,,,,,,,,,,,,,,,
,Cut Off List for Maharashtra & Minority Seats of CAP Round-II for Admission to the First Year Post Graduate Technical Course in Master of Computer Applications (MCA) for the Academic Year 2025-26.,,,,,,,,,,,,,,,,,,,,,,,,
,"6240 - Siddhant Institute Of Computer Application, Sudambare",,,,,,,,,,,,,,,,,,,,,,,,
,0624024110 - Master in Computer Application,,,,,,,,,,,,,,,,,,,,,,,,
,Status :, ,Un-Aided-Linguistic Minority - Hindi,,,,,,,,,,,,,,,,,,,,,,
,Home University Seats,,,,,,,,,,,,,,,,,,,,,,,,
Home University Seats Allotted to Home University Candidates,,,,,,,,,,,,,,,,,,,,,,,,,
,GOPENH,,,,,,,,,,,,,,,,,,,,,,,,
12082,,,,,,,,,,,,,,,,,,,,,,,,,
Stage-I, ,,,,,,,,,,,,,,,,,,,,,,,,
(61.2807064),,,,,,,,,,,,,,,,,,,,,,,,,
,Other Than Home University Seats,,,,,,,,,,,,,,,,,,,,,,,,
Other Than Home University Seats Allotted to Other Than Home University Candidates,,,,,,,,,,,,,,,,,,,,,,,,,
,GOPENO,,,,,,,,,,,,,,,,,,,,,,,,
7645,,,,,,,,,,,,,,,,,,,,,,,,,
Stage-I, ,,,,,,,,,,,,,,,,,,,,,,,,
(76.9216256),,,,,,,,,,,,,,,,,,,,,,,,,
,Minority Seats : Minority Seats Allotted to Non Minority Candidates,,,,,,,,,,,,,,,,,,,,,,,,
,MI-MH,,,,,,,,,,,,,,,,,,,,,,,,
14537,,,,,,,,,,,,,,,,,,,,,,,,,
Stage-MI-MH, ,,,,,,,,,,,,,,,,,,,,,,,,
(53.942159),,,,,,,,,,,,,,,,,,,,,,,,,
,Legends :, ,"Legends: G-General, L-Ladies, S-State Level Seats ,PWD - Persons with Disabilities,DEF - Defence,PWDR :PWD Common Reserved Seat",,,,,,,,,,,,,,,,,,,,,,
"DEFR :Defense Common Reserved Seat ,* Maharashtra State Seats - Cut Off Indicates State General Merit No. ; Figures in bracket Indicates Merit Score",,,,,,,,,,,,,,,,,,,,,,,,,
,Page 202 of 265,,,,,,,,,,,,,,,,,,,,,,,,
GOVERNMENT OF MAHARASHTRA,,,,,,,,,,,,,,,,,,,,,,,,,
,"Directorate of Technical Education, Maharashtra State, Mumbai.",,,,,,,,,,,,,,,,,,,,,,,,
,Cut Off List for Maharashtra & Minority Seats of CAP Round-II for Admission to the First Year Post Graduate Technical Course in Master of Computer Applications (MCA) for the Academic Year 2025-26.,,,,,,,,,,,,,,,,,,,,,,,,
,"6248 - KFS - Krishna Institute of Computer Application & Management, Wathar",,,,,,,,,,,,,,,,,,,,,,,,
,0624824110 - Master in Computer Application,,,,,,,,,,,,,,,,,,,,,,,,
,Status :, ,Un-Aided,,,,,,,,,,,,,,,,,,,,,,
,Home University Seats,,,,,,,,,,,,,,,,,,,,,,,,
Home University Seats Allotted to Home University Candidates,,,,,,,,,,,,,,,,,,,,,,,,,
,GOPENH, ,GSCH, ,GSTH, ,GNTAH, ,GNTBH, ,GNTCH, ,GNTDH, ,GOBCH, ,GSEBCH, ,PWDOPENH,,,,,,
12513,25222,19744,13222,,,,,,,,,,,,,,,,,,,,,,
Stage-I, ,,,,,,,,,,,,,,,,,,,,,,,,
(61.2807064),(2.0662871),(31.6629561),(58.7911466),,,,,,,,,,,,,,,,,,,,,,
19151,18639,18296,15721,15783,17246,,,,,,,,,,,,,,,,,,,,
,Stage-IV, ,,,,,,,,,,,,,,,,,,,,,,,
(34.5198145),(36.496736),(36.496736),(49.3533426),(49.3533426),(41.4550394),,,,,,,,,,,,,,,,,,,,
13022,,,,,,,,,,,,,,,,,,,,,,,,,
,I-Non PWD / DEF, ,,,,,,,,,,,,,,,,,,,,,,,
(58.7911466),,,,,,,,,,,,,,,,,,,,,,,,,
,Other Than Home University Seats,,,,,,,,,,,,,,,,,,,,,,,,
Other Than Home University Seats Allotted to Other Than Home University Candidates,,,,,,,,,,,,,,,,,,,,,,,,,
,GOPENO,,,,,,,,,,,,,,,,,,,,,,,,
23512,,,,,,,,,,,,,,,,,,,,,,,,,
Stage-I, ,,,,,,,,,,,,,,,,,,,,,,,,
(12.4750009),,,,,,,,,,,,,,,,,,,,,,,,,
,Other Than Home University Seats Allotted to Home University Candidates,,,,,,,,,,,,,,,,,,,,,,,,
,GOPENO, ,GSCO, ,GSTO, ,GNTAO, ,GNTBO, ,GNTCO, ,GOBCO, ,GSEBCO,,,,,,,,,,
17513,18463,,,,,,,,,,,,,,,,,,,,,,,,
Stage-I, ,,,,,,,,,,,,,,,,,,,,,,,,
(41.4550394),(36.496736),,,,,,,,,,,,,,,,,,,,,,,,
20740,20771,20773,21005,21065,20245,,,,,,,,,,,,,,,,,,,,
,Stage-IV, ,,,,,,,,,,,,,,,,,,,,,,,
(27.2744425),(27.2744425),(27.2744425),(25.4779232),(25.4779232),(29.9046039),,,,,,,,,,,,,,,,,,,,
,Legends :, ,"Legends: G-General, L-Ladies, S-State Level Seats ,PWD - Persons with Disabilities,DEF - Defence,PWDR :PWD Common Reserved Seat",,,,,,,,,,,,,,,,,,,,,,
"DEFR :Defense Common Reserved Seat ,* Maharashtra State Seats - Cut Off Indicates State General Merit No. ; Figures in bracket Indicates Merit Score",,,,,,,,,,,,,,,,,,,,,,,,,
,Page 203 of 265,,,,,,,,,,,,,,,,,,,,,,,,
GOVERNMENT OF MAHARASHTRA,,,,,,,,,,,,,,,,,,,,,,,,,
,"Directorate of Technical Education, Maharashtra State, Mumbai.",,,,,,,,,,,,,,,,,,,,,,,,
,Cut Off List for Maharashtra & Minority Seats of CAP Round-II for Admission to the First Year Post Graduate Technical Course in Master of Computer Applications (MCA) for the Academic Year 2025-26.,,,,,,,,,,,,,,,,,,,,,,,,
,"6248 - KFS - Krishna Institute of Computer Application & Management, Wathar",,,,,,,,,,,,,,,,,,,,,,,,
,0624824110 - Master in Computer Application,,,,,,,,,,,,,,,,,,,,,,,,
,Status :, ,Un-Aided,,,,,,,,,,,,,,,,,,,,,,
,State Level Seats,,,,,,,,,,,,,,,,,,,,,,,,
,TFWS,,,,,,,,,,,,,,,,,,,,,,,,
2696,,,,,,,,,,,,,,,,,,,,,,,,,
Stage-I, ,,,,,,,,,,,,,,,,,,,,,,,,
(90.9663786),,,,,,,,,,,,,,,,,,,,,,,,,
,Legends :, ,"Legends: G-General, L-Ladies, S-State Level Seats ,PWD - Persons with Disabilities,DEF - Defence,PWDR :PWD Common Reserved Seat",,,,,,,,,,,,,,,,,,,,,,
"DEFR :Defense Common Reserved Seat ,* Maharashtra State Seats - Cut Off Indicates State General Merit No. ; Figures in bracket Indicates Merit Score",,,,,,,,,,,,,,,,,,,,,,,,,
,Page 204 of 265,,,,,,,,,,,,,,,,,,,,,,,,
GOVERNMENT OF MAHARASHTRA,,,,,,,,,,,,,,,,,,,,,,,,,
,"Directorate of Technical Education, Maharashtra State, Mumbai.",,,,,,,,,,,,,,,,,,,,,,,,
,Cut Off List for Maharashtra & Minority Seats of CAP Round-II for Admission to the First Year Post Graduate Technical Course in Master of Computer Applications (MCA) for the Academic Year 2025-26.,,,,,,,,,,,,,,,,,,,,,,,,
,"6268 - Tatyasaheb Kore Institute of Engineering and Technology, Warananagar",,,,,,,,,,,,,,,,,,,,,,,,
,0626824110 - Master in Computer Application,,,,,,,,,,,,,,,,,,,,,,,,
,Status :, ,Un-Aided-Autonomous,,,,,,,,,,,,,,,,,,,,,,
,Home University Seats Allotted to Other Than Home University Candidates,,,,,,,,,,,,,,,,,,,,,,,,
,GOPENH, ,GSCH, ,GSTH, ,GNTAH, ,GNTCH, ,GNTDH, ,GOBCH, ,GSEBCH, ,PWDOPENH,,,,,,,,
12475,24596,16160,25043,14533,,,,,,,,,,,,,,,,,,,,,
Stage-I, ,,,,,,,,,,,,,,,,,,,,,,,,
(61.2807064),(5.9311489),(46.3793819),(3.0466423),(53.942159),,,,,,,,,,,,,,,,,,,,,
13832,14064,13180,13265,13324,13731,,,,,,,,,,,,,,,,,,,,
,Stage-IV, ,,,,,,,,,,,,,,,,,,,,,,,
(56.5488095),(53.942159),(58.7911466),(58.7911466),(58.7911466),(56.5488095),,,,,,,,,,,,,,,,,,,,
12830,,,,,,,,,,,,,,,,,,,,,,,,,
,I-Non PWD / DEF, ,,,,,,,,,,,,,,,,,,,,,,,
(58.7911466),,,,,,,,,,,,,,,,,,,,,,,,,
,Other Than Home University Seats,,,,,,,,,,,,,,,,,,,,,,,,
Other Than Home University Seats Allotted to Other Than Home University Candidates,,,,,,,,,,,,,,,,,,,,,,,,,
,GOPENO, ,GSCO, ,GSTO, ,GNTBO, ,GNTDO, ,GOBCO, ,GSEBCO,,,,,,,,,,,,
7734,16904,18401,9266,,,,,,,,,,,,,,,,,,,,,,
Stage-I, ,,,,,,,,,,,,,,,,,,,,,,,,
(76.9216256),(44.5345198),(36.496736),(71.1549338),,,,,,,,,,,,,,,,,,,,,,
11903,12428,11807,,,,,,,,,,,,,,,,,,,,,,,
,Stage-IV, ,,,,,,,,,,,,,,,,,,,,,,,
(63.1574978),(61.2807064),(63.1574978),,,,,,,,,,,,,,,,,,,,,,,
,State Level Seats,,,,,,,,,,,,,,,,,,,,,,,,
,EWS, ,TFWS,,,,,,,,,,,,,,,,,,,,,,
18092,8302,,,,,,,,,,,,,,,,,,,,,,,,
Stage-I, ,,,,,,,,,,,,,,,,,,,,,,,,
(39.3989669),(74.782248),,,,,,,,,,,,,,,,,,,,,,,,
,Legends :, ,"Legends: G-General, L-Ladies, S-State Level Seats ,PWD - Persons with Disabilities,DEF - Defence,PWDR :PWD Common Reserved Seat",,,,,,,,,,,,,,,,,,,,,,
"DEFR :Defense Common Reserved Seat ,* Maharashtra State Seats - Cut Off Indicates State General Merit No. ; Figures in bracket Indicates Merit Score",,,,,,,,,,,,,,,,,,,,,,,,,
,Page 205 of 265,,,,,,,,,,,,,,,,,,,,,,,,
GOVERNMENT OF MAHARASHTRA,,,,,,,,,,,,,,,,,,,,,,,,,
,"Directorate of Technical Education, Maharashtra State, Mumbai.",,,,,,,,,,,,,,,,,,,,,,,,
,Cut Off List for Maharashtra & Minority Seats of CAP Round-II for Admission to the First Year Post Graduate Technical Course in Master of Computer Applications (MCA) for the Academic Year 2025-26.,,,,,,,,,,,,,,,,,,,,,,,,
,"6277 - Dr. J. J. Magdum Charitable Trust's Dr. J.J. Magdum College of Engineering, Jaysingpur",,,,,,,,,,,,,,,,,,,,,,,,
,0627724110 - Master in Computer Application,,,,,,,,,,,,,,,,,,,,,,,,
,Status :, ,Un-Aided-Autonomous,,,,,,,,,,,,,,,,,,,,,,
,Home University Seats,,,,,,,,,,,,,,,,,,,,,,,,
Home University Seats Allotted to Home University Candidates,,,,,,,,,,,,,,,,,,,,,,,,,
,GOPENH, ,GSTH, ,GNTAH, ,GNTBH, ,GNTCH, ,GNTDH, ,GOBCH, ,GSEBCH, ,PWDOPENH,,,,,,,,
10550,19406,22589,22366,11327,,,,,,,,,,,,,,,,,,,,,
Stage-I, ,,,,,,,,,,,,,,,,,,,,,,,,
(67.3579428),(31.6629561),(16.9789978),(19.1539942),(65.8578922),,,,,,,,,,,,,,,,,,,,,
11805,10579,13668,,,,,,,,,,,,,,,,,,,,,,,
,Stage-IV, ,,,,,,,,,,,,,,,,,,,,,,,
(63.1574978),(67.3579428),(56.5488095),,,,,,,,,,,,,,,,,,,,,,,
10554,,,,,,,,,,,,,,,,,,,,,,,,,
,I-Non PWD / DEF, ,,,,,,,,,,,,,,,,,,,,,,,
(67.3579428),,,,,,,,,,,,,,,,,,,,,,,,,
,Other Than Home University Seats,,,,,,,,,,,,,,,,,,,,,,,,
Other Than Home University Seats Allotted to Other Than Home University Candidates,,,,,,,,,,,,,,,,,,,,,,,,,
,GOPENO,,,,,,,,,,,,,,,,,,,,,,,,
9867,,,,,,,,,,,,,,,,,,,,,,,,,
Stage-I, ,,,,,,,,,,,,,,,,,,,,,,,,
(69.7143504),,,,,,,,,,,,,,,,,,,,,,,,,
,Other Than Home University Seats Allotted to Home University Candidates,,,,,,,,,,,,,,,,,,,,,,,,
,GOPENO, ,GSTO, ,GNTAO, ,GOBCO, ,GSEBCO,,,,,,,,,,,,,,,,
13453,24049,13631,,,,,,,,,,,,,,,,,,,,,,,
Stage-I, ,,,,,,,,,,,,,,,,,,,,,,,,
(56.5488095),(9.7430286),(56.5488095),,,,,,,,,,,,,,,,,,,,,,,
13831,13734,,,,,,,,,,,,,,,,,,,,,,,,
,Stage-IV, ,,,,,,,,,,,,,,,,,,,,,,,
(56.5488095),(56.5488095),,,,,,,,,,,,,,,,,,,,,,,,
,Legends :, ,"Legends: G-General, L-Ladies, S-State Level Seats ,PWD - Persons with Disabilities,DEF - Defence,PWDR :PWD Common Reserved Seat",,,,,,,,,,,,,,,,,,,,,,
"DEFR :Defense Common Reserved Seat ,* Maharashtra State Seats - Cut Off Indicates State General Merit No. ; Figures in bracket Indicates Merit Score",,,,,,,,,,,,,,,,,,,,,,,,,
,Page 206 of 265,,,,,,,,,,,,,,,,,,,,,,,,
GOVERNMENT OF MAHARASHTRA,,,,,,,,,,,,,,,,,,,,,,,,,
,"Directorate of Technical Education, Maharashtra State, Mumbai.",,,,,,,,,,,,,,,,,,,,,,,,
,Cut Off List for Maharashtra & Minority Seats of CAP Round-II for Admission to the First Year Post Graduate Technical Course in Master of Computer Applications (MCA) for the Academic Year 2025-26.,,,,,,,,,,,,,,,,,,,,,,,,
,"6277 - Dr. J. J. Magdum Charitable Trust's Dr. J.J. Magdum College of Engineering, Jaysingpur",,,,,,,,,,,,,,,,,,,,,,,,
,0627724110 - Master in Computer Application,,,,,,,,,,,,,,,,,,,,,,,,
,Status :, ,Un-Aided-Autonomous,,,,,,,,,,,,,,,,,,,,,,
,State Level Seats,,,,,,,,,,,,,,,,,,,,,,,,
,EWS, ,TFWS,,,,,,,,,,,,,,,,,,,,,,
17616,5517,,,,,,,,,,,,,,,,,,,,,,,,
Stage-I, ,,,,,,,,,,,,,,,,,,,,,,,,
(41.4550394),(82.9644433),,,,,,,,,,,,,,,,,,,,,,,,
,Legends :, ,"Legends: G-General, L-Ladies, S-State Level Seats ,PWD - Persons with Disabilities,DEF - Defence,PWDR :PWD Common Reserved Seat",,,,,,,,,,,,,,,,,,,,,,
"DEFR :Defense Common Reserved Seat ,* Maharashtra State Seats - Cut Off Indicates State General Merit No. ; Figures in bracket Indicates Merit Score",,,,,,,,,,,,,,,,,,,,,,,,,
,Page 207 of 265,,,,,,,,,,,,,,,,,,,,,,,,
GOVERNMENT OF MAHARASHTRA,,,,,,,,,,,,,,,,,,,,,,,,,
,"Directorate of Technical Education, Maharashtra State, Mumbai.",,,,,,,,,,,,,,,,,,,,,,,,
,Cut Off List for Maharashtra & Minority Seats of CAP Round-II for Admission to the First Year Post Graduate Technical Course in Master of Computer Applications (MCA) for the Academic Year 2025-26.,,,,,,,,,,,,,,,,,,,,,,,,
,"6310 - Nutan Maharashtra Vidya Prasarak Mandal, Nutan Maharashtra Institute of Engineering &Technology, Talegaon station, Pune",,,,,,,,,,,,,,,,,,,,,,,,
,0631024110 - Master in Computer Application,,,,,,,,,,,,,,,,,,,,,,,,
,Status :, ,Un-Aided-Autonomous,,,,,,,,,,,,,,,,,,,,,,
,Home University Seats,,,,,,,,,,,,,,,,,,,,,,,,
Home University Seats Allotted to Home University Candidates,,,,,,,,,,,,,,,,,,,,,,,,,
,GOPENH, ,GSCH, ,GSTH, ,GNTDH, ,GOBCH, ,GSEBCH, ,PWDOPENH,,,,,,,,,,,,
6021,8235,12675,11940,9753,16985,,,,,,,,,,,,,,,,,,,,
Stage-I, ,,,,,,,,,,,,,,,,,,,,,,,,
(82.8308366),(74.782248),(61.2807064),(63.1574978),(69.7143504),(44.5345198),,,,,,,,,,,,,,,,,,,,
6877,,,,,,,,,,,,,,,,,,,,,,,,,
,Stage-IV, ,,,,,,,,,,,,,,,,,,,,,,,
(79.9969812),,,,,,,,,,,,,,,,,,,,,,,,,
6531,,,,,,,,,,,,,,,,,,,,,,,,,
,I-Non PWD / DEF, ,,,,,,,,,,,,,,,,,,,,,,,
(79.9969812),,,,,,,,,,,,,,,,,,,,,,,,,
,Other Than Home University Seats,,,,,,,,,,,,,,,,,,,,,,,,
Other Than Home University Seats Allotted to Other Than Home University Candidates,,,,,,,,,,,,,,,,,,,,,,,,,
,GOPENO, ,GSCO, ,GSTO, ,GNTCO, ,GOBCO, ,GSEBCO,,,,,,,,,,,,,,
7448,11599,9118,8753,8799,,,,,,,,,,,,,,,,,,,,,
Stage-I, ,,,,,,,,,,,,,,,,,,,,,,,,
(76.9216256),(63.1574978),(71.1549338),(73.5368477),(73.5368477),,,,,,,,,,,,,,,,,,,,,
8686,,,,,,,,,,,,,,,,,,,,,,,,,
,Stage-IV, ,,,,,,,,,,,,,,,,,,,,,,,
(73.5368477),,,,,,,,,,,,,,,,,,,,,,,,,
,State Level Seats,,,,,,,,,,,,,,,,,,,,,,,,
,EWS,,,,,,,,,,,,,,,,,,,,,,,,
23758,,,,,,,,,,,,,,,,,,,,,,,,,
Stage-I, ,,,,,,,,,,,,,,,,,,,,,,,,
(10.5199653),,,,,,,,,,,,,,,,,,,,,,,,,
,Legends :, ,"Legends: G-General, L-Ladies, S-State Level Seats ,PWD - Persons with Disabilities,DEF - Defence,PWDR :PWD Common Reserved Seat",,,,,,,,,,,,,,,,,,,,,,
"DEFR :Defense Common Reserved Seat ,* Maharashtra State Seats - Cut Off Indicates State General Merit No. ; Figures in bracket Indicates Merit Score",,,,,,,,,,,,,,,,,,,,,,,,,
,Page 208 of 265,,,,,,,,,,,,,,,,,,,,,,,,
GOVERNMENT OF MAHARASHTRA,,,,,,,,,,,,,,,,,,,,,,,,,
,"Directorate of Technical Education, Maharashtra State, Mumbai.",,,,,,,,,,,,,,,,,,,,,,,,
,Cut Off List for Maharashtra & Minority Seats of CAP Round-II for Admission to the First Year Post Graduate Technical Course in Master of Computer Applications (MCA) for the Academic Year 2025-26.,,,,,,,,,,,,,,,,,,,,,,,,
,"6319 - Shahajirao Patil Vikas Pratishthan, S.B.Patil College of Engineering, Vangali, Tal. Indapur",,,,,,,,,,,,,,,,,,,,,,,,
,0631924110 - Master in Computer Application,,,,,,,,,,,,,,,,,,,,,,,,
,Status :, ,Un-Aided,,,,,,,,,,,,,,,,,,,,,,
,Home University Seats,,,,,,,,,,,,,,,,,,,,,,,,
Home University Seats Allotted to Home University Candidates,,,,,,,,,,,,,,,,,,,,,,,,,
,GOPENH, ,GSCH, ,GSTH, ,GNTAH, ,GNTDH, ,GOBCH, ,PWDOPENH,,,,,,,,,,,,
13494,20889,19434,,,,,,,,,,,,,,,,,,,,,,,
Stage-I, ,,,,,,,,,,,,,,,,,,,,,,,,
(56.5488095),(25.4779232),(31.6629561),,,,,,,,,,,,,,,,,,,,,,,
15984,16527,16555,,,,,,,,,,,,,,,,,,,,,,,
,Stage-IV, ,,,,,,,,,,,,,,,,,,,,,,,
(46.3793819),(44.5345198),(44.5345198),,,,,,,,,,,,,,,,,,,,,,,
13657,,,,,,,,,,,,,,,,,,,,,,,,,
,I-Non PWD / DEF, ,,,,,,,,,,,,,,,,,,,,,,,
(56.5488095),,,,,,,,,,,,,,,,,,,,,,,,,
,Home University Seats Allotted to Other Than Home University Candidates,,,,,,,,,,,,,,,,,,,,,,,,
,GSEBCH,,,,,,,,,,,,,,,,,,,,,,,,
19816,,,,,,,,,,,,,,,,,,,,,,,,,
Stage-I, ,,,,,,,,,,,,,,,,,,,,,,,,
(31.6629561),,,,,,,,,,,,,,,,,,,,,,,,,
,Other Than Home University Seats,,,,,,,,,,,,,,,,,,,,,,,,
Other Than Home University Seats Allotted to Other Than Home University Candidates,,,,,,,,,,,,,,,,,,,,,,,,,
,GSCO, ,GSTO, ,GNTBO, ,GNTDO, ,GOBCO, ,GSEBCO,,,,,,,,,,,,,,
18797,14946,17400,,,,,,,,,,,,,,,,,,,,,,,
Stage-I, ,,,,,,,,,,,,,,,,,,,,,,,,
(36.496736),(51.4093808),(41.4550394),,,,,,,,,,,,,,,,,,,,,,,
6736,10997,10454,,,,,,,,,,,,,,,,,,,,,,,
,Stage-IV, ,,,,,,,,,,,,,,,,,,,,,,,
(79.9969812),(65.8578922),(67.3579428),,,,,,,,,,,,,,,,,,,,,,,
,Legends :, ,"Legends: G-General, L-Ladies, S-State Level Seats ,PWD - Persons with Disabilities,DEF - Defence,PWDR :PWD Common Reserved Seat",,,,,,,,,,,,,,,,,,,,,,
"DEFR :Defense Common Reserved Seat ,* Maharashtra State Seats - Cut Off Indicates State General Merit No. ; Figures in bracket Indicates Merit Score",,,,,,,,,,,,,,,,,,,,,,,,,
,Page 209 of 265,,,,,,,,,,,,,,,,,,,,,,,,
GOVERNMENT OF MAHARASHTRA,,,,,,,,,,,,,,,,,,,,,,,,,
,"Directorate of Technical Education, Maharashtra State, Mumbai.",,,,,,,,,,,,,,,,,,,,,,,,
,Cut Off List for Maharashtra & Minority Seats of CAP Round-II for Admission to the First Year Post Graduate Technical Course in Master of Computer Applications (MCA) for the Academic Year 2025-26.,,,,,,,,,,,,,,,,,,,,,,,,
,"6319 - Shahajirao Patil Vikas Pratishthan, S.B.Patil College of Engineering, Vangali, Tal. Indapur",,,,,,,,,,,,,,,,,,,,,,,,
,0631924110 - Master in Computer Application,,,,,,,,,,,,,,,,,,,,,,,,
,Status :, ,Un-Aided,,,,,,,,,,,,,,,,,,,,,,
,State Level Seats,,,,,,,,,,,,,,,,,,,,,,,,
,TFWS,,,,,,,,,,,,,,,,,,,,,,,,
7176,,,,,,,,,,,,,,,,,,,,,,,,,
Stage-I, ,,,,,,,,,,,,,,,,,,,,,,,,
(77.8251197),,,,,,,,,,,,,,,,,,,,,,,,,
,Legends :, ,"Legends: G-General, L-Ladies, S-State Level Seats ,PWD - Persons with Disabilities,DEF - Defence,PWDR :PWD Common Reserved Seat",,,,,,,,,,,,,,,,,,,,,,
"DEFR :Defense Common Reserved Seat ,* Maharashtra State Seats - Cut Off Indicates State General Merit No. ; Figures in bracket Indicates Merit Score",,,,,,,,,,,,,,,,,,,,,,,,,
,Page 210 of 265,,,,,,,,,,,,,,,,,,,,,,,,
GOVERNMENT OF MAHARASHTRA,,,,,,,,,,,,,,,,,,,,,,,,,
,"Directorate of Technical Education, Maharashtra State, Mumbai.",,,,,,,,,,,,,,,,,,,,,,,,
,Cut Off List for Maharashtra & Minority Seats of CAP Round-II for Admission to the First Year Post Graduate Technical Course in Master of Computer Applications (MCA) for the Academic Year 2025-26.,,,,,,,,,,,,,,,,,,,,,,,,
,"6321 - Vidya Vikas Pratishthan Institute of Engineering and Technology, Solapur",,,,,,,,,,,,,,,,,,,,,,,,
,0632124110 - Master in Computer Application,,,,,,,,,,,,,,,,,,,,,,,,
,Status :, ,Un-Aided,,,,,,,,,,,,,,,,,,,,,,
,Home University Seats,,,,,,,,,,,,,,,,,,,,,,,,
Home University Seats Allotted to Home University Candidates,,,,,,,,,,,,,,,,,,,,,,,,,
,GSCH, ,GSTH, ,GNTBH, ,GNTDH, ,GOBCH, ,GSEBCH, ,PWDOPENH,,,,,,,,,,,,
16034,16619,13476,13667,17432,,,,,,,,,,,,,,,,,,,,,
Stage-IV, ,,,,,,,,,,,,,,,,,,,,,,,,
(46.3793819),(44.5345198),(56.5488095),(56.5488095),(41.4550394),,,,,,,,,,,,,,,,,,,,,
23127,,,,,,,,,,,,,,,,,,,,,,,,,
,Stage-I, ,,,,,,,,,,,,,,,,,,,,,,,
(13.5402134),,,,,,,,,,,,,,,,,,,,,,,,,
2923,,,,,,,,,,,,,,,,,,,,,,,,,
,I-Non PWD / DEF, ,,,,,,,,,,,,,,,,,,,,,,,
(90.9663786),,,,,,,,,,,,,,,,,,,,,,,,,
,Other Than Home University Seats,,,,,,,,,,,,,,,,,,,,,,,,
Other Than Home University Seats Allotted to Other Than Home University Candidates,,,,,,,,,,,,,,,,,,,,,,,,,
,GOPENO,,,,,,,,,,,,,,,,,,,,,,,,
23870,,,,,,,,,,,,,,,,,,,,,,,,,
Stage-I, ,,,,,,,,,,,,,,,,,,,,,,,,
(10.5199653),,,,,,,,,,,,,,,,,,,,,,,,,
,Other Than Home University Seats Allotted to Home University Candidates,,,,,,,,,,,,,,,,,,,,,,,,
,GSCO, ,GSTO, ,GNTDO, ,GOBCO, ,GSEBCO,,,,,,,,,,,,,,,,
18487,18953,17924,18307,,,,,,,,,,,,,,,,,,,,,,
Stage-IV, ,,,,,,,,,,,,,,,,,,,,,,,,
(36.496736),(34.5198145),(39.3989669),(36.496736),,,,,,,,,,,,,,,,,,,,,,
25308,,,,,,,,,,,,,,,,,,,,,,,,,
,Stage-I, ,,,,,,,,,,,,,,,,,,,,,,,
(1.3622127),,,,,,,,,,,,,,,,,,,,,,,,,
,Legends :, ,"Legends: G-General, L-Ladies, S-State Level Seats ,PWD - Persons with Disabilities,DEF - Defence,PWDR :PWD Common Reserved Seat",,,,,,,,,,,,,,,,,,,,,,
"DEFR :Defense Common Reserved Seat ,* Maharashtra State Seats - Cut Off Indicates State General Merit No. ; Figures in bracket Indicates Merit Score",,,,,,,,,,,,,,,,,,,,,,,,,
,Page 211 of 265,,,,,,,,,,,,,,,,,,,,,,,,
GOVERNMENT OF MAHARASHTRA,,,,,,,,,,,,,,,,,,,,,,,,,
,"Directorate of Technical Education, Maharashtra State, Mumbai.",,,,,,,,,,,,,,,,,,,,,,,,
,Cut Off List for Maharashtra & Minority Seats of CAP Round-II for Admission to the First Year Post Graduate Technical Course in Master of Computer Applications (MCA) for the Academic Year 2025-26.,,,,,,,,,,,,,,,,,,,,,,,,
,"6321 - Vidya Vikas Pratishthan Institute of Engineering and Technology, Solapur",,,,,,,,,,,,,,,,,,,,,,,,
,0632124110 - Master in Computer Application,,,,,,,,,,,,,,,,,,,,,,,,
,Status :, ,Un-Aided,,,,,,,,,,,,,,,,,,,,,,
,State Level Seats,,,,,,,,,,,,,,,,,,,,,,,,
,TFWS,,,,,,,,,,,,,,,,,,,,,,,,
18872,,,,,,,,,,,,,,,,,,,,,,,,,
Stage-I, ,,,,,,,,,,,,,,,,,,,,,,,,
(34.5198145),,,,,,,,,,,,,,,,,,,,,,,,,
,Legends :, ,"Legends: G-General, L-Ladies, S-State Level Seats ,PWD - Persons with Disabilities,DEF - Defence,PWDR :PWD Common Reserved Seat",,,,,,,,,,,,,,,,,,,,,,
"DEFR :Defense Common Reserved Seat ,* Maharashtra State Seats - Cut Off Indicates State General Merit No. ; Figures in bracket Indicates Merit Score",,,,,,,,,,,,,,,,,,,,,,,,,
,Page 212 of 265,,,,,,,,,,,,,,,,,,,,,,,,
GOVERNMENT OF MAHARASHTRA,,,,,,,,,,,,,,,,,,,,,,,,,
,"Directorate of Technical Education, Maharashtra State, Mumbai.",,,,,,,,,,,,,,,,,,,,,,,,
,Cut Off List for Maharashtra & Minority Seats of CAP Round-II for Admission to the First Year Post Graduate Technical Course in Master of Computer Applications (MCA) for the Academic Year 2025-26.,,,,,,,,,,,,,,,,,,,,,,,,
,"6467 - Swami Vivekanand Institute Of Technology, Solapur",,,,,,,,,,,,,,,,,,,,,,,,
,0646724110 - Master in Computer Application,,,,,,,,,,,,,,,,,,,,,,,,
,Status :, ,Un-Aided,,,,,,,,,,,,,,,,,,,,,,
,Home University Seats,,,,,,,,,,,,,,,,,,,,,,,,
Home University Seats Allotted to Home University Candidates,,,,,,,,,,,,,,,,,,,,,,,,,
,GOPENH, ,GSTH, ,GOBCH, ,PWDOPENH,,,,,,,,,,,,,,,,,,
19636,25291,,,,,,,,,,,,,,,,,,,,,,,,
Stage-I, ,,,,,,,,,,,,,,,,,,,,,,,,
(31.6629561),(2.0301121),,,,,,,,,,,,,,,,,,,,,,,,
24335,,,,,,,,,,,,,,,,,,,,,,,,,
,Stage-IV, ,,,,,,,,,,,,,,,,,,,,,,,
(7.4072677),,,,,,,,,,,,,,,,,,,,,,,,,
22605,,,,,,,,,,,,,,,,,,,,,,,,,
,I-Non PWD / DEF, ,,,,,,,,,,,,,,,,,,,,,,,
(16.9789978),,,,,,,,,,,,,,,,,,,,,,,,,
,Other Than Home University Seats,,,,,,,,,,,,,,,,,,,,,,,,
Other Than Home University Seats Allotted to Other Than Home University Candidates,,,,,,,,,,,,,,,,,,,,,,,,,
,GOPENO,,,,,,,,,,,,,,,,,,,,,,,,
20350,,,,,,,,,,,,,,,,,,,,,,,,,
Stage-I, ,,,,,,,,,,,,,,,,,,,,,,,,
(27.2744425),,,,,,,,,,,,,,,,,,,,,,,,,
,State Level Seats,,,,,,,,,,,,,,,,,,,,,,,,
,EWS,,,,,,,,,,,,,,,,,,,,,,,,
23489,,,,,,,,,,,,,,,,,,,,,,,,,
Stage-I, ,,,,,,,,,,,,,,,,,,,,,,,,
(12.4750009),,,,,,,,,,,,,,,,,,,,,,,,,
,Legends :, ,"Legends: G-General, L-Ladies, S-State Level Seats ,PWD - Persons with Disabilities,DEF - Defence,PWDR :PWD Common Reserved Seat",,,,,,,,,,,,,,,,,,,,,,
"DEFR :Defense Common Reserved Seat ,* Maharashtra State Seats - Cut Off Indicates State General Merit No. ; Figures in bracket Indicates Merit Score",,,,,,,,,,,,,,,,,,,,,,,,,
,Page 213 of 265,,,,,,,,,,,,,,,,,,,,,,,,
GOVERNMENT OF MAHARASHTRA,,,,,,,,,,,,,,,,,,,,,,,,,
,"Directorate of Technical Education, Maharashtra State, Mumbai.",,,,,,,,,,,,,,,,,,,,,,,,
,Cut Off List for Maharashtra & Minority Seats of CAP Round-II for Admission to the First Year Post Graduate Technical Course in Master of Computer Applications (MCA) for the Academic Year 2025-26.,,,,,,,,,,,,,,,,,,,,,,,,
,"6545 - Samarth Education Trust's Arvind Gavali College Of Engineering Panwalewadi, Varye,Satara.",,,,,,,,,,,,,,,,,,,,,,,,
,0654524110 - Master in Computer Application,,,,,,,,,,,,,,,,,,,,,,,,
,Status :, ,Un-Aided-Autonomous,,,,,,,,,,,,,,,,,,,,,,
,Home University Seats,,,,,,,,,,,,,,,,,,,,,,,,
Home University Seats Allotted to Home University Candidates,,,,,,,,,,,,,,,,,,,,,,,,,
,GOPENH, ,GSCH, ,PWDOPENH,,,,,,,,,,,,,,,,,,,,
10563,,,,,,,,,,,,,,,,,,,,,,,,,
Stage-I, ,,,,,,,,,,,,,,,,,,,,,,,,
(67.3579428),,,,,,,,,,,,,,,,,,,,,,,,,
25092,,,,,,,,,,,,,,,,,,,,,,,,,
,Stage-IV, ,,,,,,,,,,,,,,,,,,,,,,,
(3.0466423),,,,,,,,,,,,,,,,,,,,,,,,,
23299,,,,,,,,,,,,,,,,,,,,,,,,,
,I-Non PWD / DEF, ,,,,,,,,,,,,,,,,,,,,,,,
(13.5402134),,,,,,,,,,,,,,,,,,,,,,,,,
,Other Than Home University Seats,,,,,,,,,,,,,,,,,,,,,,,,
Other Than Home University Seats Allotted to Other Than Home University Candidates,,,,,,,,,,,,,,,,,,,,,,,,,
,GOPENO, ,GSCO,,,,,,,,,,,,,,,,,,,,,,
23075,,,,,,,,,,,,,,,,,,,,,,,,,
Stage-I, ,,,,,,,,,,,,,,,,,,,,,,,,
(15.5994113),,,,,,,,,,,,,,,,,,,,,,,,,
24025,,,,,,,,,,,,,,,,,,,,,,,,,
,Stage-IV, ,,,,,,,,,,,,,,,,,,,,,,,
(9.7430286),,,,,,,,,,,,,,,,,,,,,,,,,
,State Level Seats,,,,,,,,,,,,,,,,,,,,,,,,
,TFWS,,,,,,,,,,,,,,,,,,,,,,,,
7332,,,,,,,,,,,,,,,,,,,,,,,,,
Stage-I, ,,,,,,,,,,,,,,,,,,,,,,,,
(77.8251197),,,,,,,,,,,,,,,,,,,,,,,,,
,Legends :, ,"Legends: G-General, L-Ladies, S-State Level Seats ,PWD - Persons with Disabilities,DEF - Defence,PWDR :PWD Common Reserved Seat",,,,,,,,,,,,,,,,,,,,,,
"DEFR :Defense Common Reserved Seat ,* Maharashtra State Seats - Cut Off Indicates State General Merit No. ; Figures in bracket Indicates Merit Score",,,,,,,,,,,,,,,,,,,,,,,,,
,Page 214 of 265,,,,,,,,,,,,,,,,,,,,,,,,
GOVERNMENT OF MAHARASHTRA,,,,,,,,,,,,,,,,,,,,,,,,,
,"Directorate of Technical Education, Maharashtra State, Mumbai.",,,,,,,,,,,,,,,,,,,,,,,,
,Cut Off List for Maharashtra & Minority Seats of CAP Round-II for Admission to the First Year Post Graduate Technical Course in Master of Computer Applications (MCA) for the Academic Year 2025-26.,,,,,,,,,,,,,,,,,,,,,,,,
,"6547 - Suryadatta Educational Foundation, Suryadatta Institute of Management and Mass Communication, Pune",,,,,,,,,,,,,,,,,,,,,,,,
,0654724110 - Master in Computer Application,,,,,,,,,,,,,,,,,,,,,,,,
,Status :, ,Un-Aided-Religious Minority - Jain,,,,,,,,,,,,,,,,,,,,,,
,Home University Seats,,,,,,,,,,,,,,,,,,,,,,,,
Home University Seats Allotted to Home University Candidates,,,,,,,,,,,,,,,,,,,,,,,,,
,GOPENH,,,,,,,,,,,,,,,,,,,,,,,,
5850,,,,,,,,,,,,,,,,,,,,,,,,,
Stage-I, ,,,,,,,,,,,,,,,,,,,,,,,,
(82.8308366),,,,,,,,,,,,,,,,,,,,,,,,,
,Other Than Home University Seats,,,,,,,,,,,,,,,,,,,,,,,,
Other Than Home University Seats Allotted to Other Than Home University Candidates,,,,,,,,,,,,,,,,,,,,,,,,,
,GOPENO,,,,,,,,,,,,,,,,,,,,,,,,
2833,,,,,,,,,,,,,,,,,,,,,,,,,
Stage-I, ,,,,,,,,,,,,,,,,,,,,,,,,
(90.9663786),,,,,,,,,,,,,,,,,,,,,,,,,
,Minority Seats : Minority Seats Allotted to Minority Candidates,,,,,,,,,,,,,,,,,,,,,,,,
,MI,,,,,,,,,,,,,,,,,,,,,,,,
17404,,,,,,,,,,,,,,,,,,,,,,,,,
Stage-I, ,,,,,,,,,,,,,,,,,,,,,,,,
(41.4550394),,,,,,,,,,,,,,,,,,,,,,,,,
,Minority Seats : Minority Seats Allotted to Non Minority Candidates,,,,,,,,,,,,,,,,,,,,,,,,
,MI-MH,,,,,,,,,,,,,,,,,,,,,,,,
8917,,,,,,,,,,,,,,,,,,,,,,,,,
Stage-MI-MH, ,,,,,,,,,,,,,,,,,,,,,,,,
(73.5368477),,,,,,,,,,,,,,,,,,,,,,,,,
,Legends :, ,"Legends: G-General, L-Ladies, S-State Level Seats ,PWD - Persons with Disabilities,DEF - Defence,PWDR :PWD Common Reserved Seat",,,,,,,,,,,,,,,,,,,,,,
"DEFR :Defense Common Reserved Seat ,* Maharashtra State Seats - Cut Off Indicates State General Merit No. ; Figures in bracket Indicates Merit Score",,,,,,,,,,,,,,,,,,,,,,,,,
,Page 215 of 265,,,,,,,,,,,,,,,,,,,,,,,,
GOVERNMENT OF MAHARASHTRA,,,,,,,,,,,,,,,,,,,,,,,,,
,"Directorate of Technical Education, Maharashtra State, Mumbai.",,,,,,,,,,,,,,,,,,,,,,,,
,Cut Off List for Maharashtra & Minority Seats of CAP Round-II for Admission to the First Year Post Graduate Technical Course in Master of Computer Applications (MCA) for the Academic Year 2025-26.,,,,,,,,,,,,,,,,,,,,,,,,
,"6548 - Suryadatta Educational Foundation, Suryadatta Institute of Business Management and Technology, Pune",,,,,,,,,,,,,,,,,,,,,,,,
,0654824110 - Master in Computer Application,,,,,,,,,,,,,,,,,,,,,,,,
,Status :, ,Un-Aided-Religious Minority - Jain,,,,,,,,,,,,,,,,,,,,,,
,Home University Seats,,,,,,,,,,,,,,,,,,,,,,,,
Home University Seats Allotted to Home University Candidates,,,,,,,,,,,,,,,,,,,,,,,,,
,GOPENH,,,,,,,,,,,,,,,,,,,,,,,,
6772,,,,,,,,,,,,,,,,,,,,,,,,,
Stage-I, ,,,,,,,,,,,,,,,,,,,,,,,,
(79.9969812),,,,,,,,,,,,,,,,,,,,,,,,,
,Other Than Home University Seats,,,,,,,,,,,,,,,,,,,,,,,,
Other Than Home University Seats Allotted to Other Than Home University Candidates,,,,,,,,,,,,,,,,,,,,,,,,,
,GOPENO,,,,,,,,,,,,,,,,,,,,,,,,
6375,,,,,,,,,,,,,,,,,,,,,,,,,
Stage-I, ,,,,,,,,,,,,,,,,,,,,,,,,
(80.5399495),,,,,,,,,,,,,,,,,,,,,,,,,
,Minority Seats : Minority Seats Allotted to Minority Candidates,,,,,,,,,,,,,,,,,,,,,,,,
,MI,,,,,,,,,,,,,,,,,,,,,,,,
13153,,,,,,,,,,,,,,,,,,,,,,,,,
Stage-I, ,,,,,,,,,,,,,,,,,,,,,,,,
(58.7911466),,,,,,,,,,,,,,,,,,,,,,,,,
,Minority Seats : Minority Seats Allotted to Non Minority Candidates,,,,,,,,,,,,,,,,,,,,,,,,
,MI-MH,,,,,,,,,,,,,,,,,,,,,,,,
9809,,,,,,,,,,,,,,,,,,,,,,,,,
Stage-MI-MH, ,,,,,,,,,,,,,,,,,,,,,,,,
(69.7143504),,,,,,,,,,,,,,,,,,,,,,,,,
,Legends :, ,"Legends: G-General, L-Ladies, S-State Level Seats ,PWD - Persons with Disabilities,DEF - Defence,PWDR :PWD Common Reserved Seat",,,,,,,,,,,,,,,,,,,,,,
"DEFR :Defense Common Reserved Seat ,* Maharashtra State Seats - Cut Off Indicates State General Merit No. ; Figures in bracket Indicates Merit Score",,,,,,,,,,,,,,,,,,,,,,,,,
,Page 216 of 265,,,,,,,,,,,,,,,,,,,,,,,,
GOVERNMENT OF MAHARASHTRA,,,,,,,,,,,,,,,,,,,,,,,,,
,"Directorate of Technical Education, Maharashtra State, Mumbai.",,,,,,,,,,,,,,,,,,,,,,,,
,Cut Off List for Maharashtra & Minority Seats of CAP Round-II for Admission to the First Year Post Graduate Technical Course in Master of Computer Applications (MCA) for the Academic Year 2025-26.,,,,,,,,,,,,,,,,,,,,,,,,
,"6614 - Sadhu Vaswani Institute Of Management Studies For Girls, Koregaon, Pune",,,,,,,,,,,,,,,,,,,,,,,,
,0661424150F - Master in Computer Application,,,,,,,,,,,,,,,,,,,,,,,,
,Status :, ,Un-Aided-Linguistic Minority - Sindhi,,,,,,,,,,,,,,,,,,,,,,
,Home University Seats,,,,,,,,,,,,,,,,,,,,,,,,
Home University Seats Allotted to Home University Candidates,,,,,,,,,,,,,,,,,,,,,,,,,
,GOPENH,,,,,,,,,,,,,,,,,,,,,,,,
11263,,,,,,,,,,,,,,,,,,,,,,,,,
Stage-I, ,,,,,,,,,,,,,,,,,,,,,,,,
(65.8578922),,,,,,,,,,,,,,,,,,,,,,,,,
,Other Than Home University Seats,,,,,,,,,,,,,,,,,,,,,,,,
Other Than Home University Seats Allotted to Other Than Home University Candidates,,,,,,,,,,,,,,,,,,,,,,,,,
,GOPENO,,,,,,,,,,,,,,,,,,,,,,,,
9644,,,,,,,,,,,,,,,,,,,,,,,,,
Stage-I, ,,,,,,,,,,,,,,,,,,,,,,,,
(69.7143504),,,,,,,,,,,,,,,,,,,,,,,,,
,State Level Seats,,,,,,,,,,,,,,,,,,,,,,,,
,TFWS,,,,,,,,,,,,,,,,,,,,,,,,
5137,,,,,,,,,,,,,,,,,,,,,,,,,
Stage-I, ,,,,,,,,,,,,,,,,,,,,,,,,
(85.2118788),,,,,,,,,,,,,,,,,,,,,,,,,
,Minority Seats : Minority Seats Allotted to Minority Candidates,,,,,,,,,,,,,,,,,,,,,,,,
,MI,,,,,,,,,,,,,,,,,,,,,,,,
12294,,,,,,,,,,,,,,,,,,,,,,,,,
Stage-I, ,,,,,,,,,,,,,,,,,,,,,,,,
(61.2807064),,,,,,,,,,,,,,,,,,,,,,,,,
,Legends :, ,"Legends: G-General, L-Ladies, S-State Level Seats ,PWD - Persons with Disabilities,DEF - Defence,PWDR :PWD Common Reserved Seat",,,,,,,,,,,,,,,,,,,,,,
"DEFR :Defense Common Reserved Seat ,* Maharashtra State Seats - Cut Off Indicates State General Merit No. ; Figures in bracket Indicates Merit Score",,,,,,,,,,,,,,,,,,,,,,,,,
,Page 217 of 265,,,,,,,,,,,,,,,,,,,,,,,,
GOVERNMENT OF MAHARASHTRA,,,,,,,,,,,,,,,,,,,,,,,,,
,"Directorate of Technical Education, Maharashtra State, Mumbai.",,,,,,,,,,,,,,,,,,,,,,,,
,Cut Off List for Maharashtra & Minority Seats of CAP Round-II for Admission to the First Year Post Graduate Technical Course in Master of Computer Applications (MCA) for the Academic Year 2025-26.,,,,,,,,,,,,,,,,,,,,,,,,
,"6614 - Sadhu Vaswani Institute Of Management Studies For Girls, Koregaon, Pune",,,,,,,,,,,,,,,,,,,,,,,,
,0661424150F - Master in Computer Application,,,,,,,,,,,,,,,,,,,,,,,,
,Status :, ,Un-Aided-Linguistic Minority - Sindhi,,,,,,,,,,,,,,,,,,,,,,
,Minority Seats : Minority Seats Allotted to Non Minority Candidates,,,,,,,,,,,,,,,,,,,,,,,,
,MI-MH,,,,,,,,,,,,,,,,,,,,,,,,
13202,,,,,,,,,,,,,,,,,,,,,,,,,
Stage-MI-MH, ,,,,,,,,,,,,,,,,,,,,,,,,
(58.7911466),,,,,,,,,,,,,,,,,,,,,,,,,
,Legends :, ,"Legends: G-General, L-Ladies, S-State Level Seats ,PWD - Persons with Disabilities,DEF - Defence,PWDR :PWD Common Reserved Seat",,,,,,,,,,,,,,,,,,,,,,
"DEFR :Defense Common Reserved Seat ,* Maharashtra State Seats - Cut Off Indicates State General Merit No. ; Figures in bracket Indicates Merit Score",,,,,,,,,,,,,,,,,,,,,,,,,
,Page 218 of 265,,,,,,,,,,,,,,,,,,,,,,,,
GOVERNMENT OF MAHARASHTRA,,,,,,,,,,,,,,,,,,,,,,,,,
,"Directorate of Technical Education, Maharashtra State, Mumbai.",,,,,,,,,,,,,,,,,,,,,,,,
,Cut Off List for Maharashtra & Minority Seats of CAP Round-II for Admission to the First Year Post Graduate Technical Course in Master of Computer Applications (MCA) for the Academic Year 2025-26.,,,,,,,,,,,,,,,,,,,,,,,,
,"6628 - Dattakala Group Of Institutions, Swami - Chincholi Tal. Daund Dist. Pune",,,,,,,,,,,,,,,,,,,,,,,,
,0662824110 - Master in Computer Application,,,,,,,,,,,,,,,,,,,,,,,,
,Status :, ,Un-Aided,,,,,,,,,,,,,,,,,,,,,,
,Home University Seats,,,,,,,,,,,,,,,,,,,,,,,,
Home University Seats Allotted to Home University Candidates,,,,,,,,,,,,,,,,,,,,,,,,,
,GOPENH, ,GSCH, ,GSTH, ,GNTAH, ,GNTBH, ,GNTCH, ,GNTDH, ,GOBCH, ,GSEBCH, ,PWDOPENH, ,PWDSCH, ,PWDOBCH,,
16974,17882,21209,19341,21718,24642,,,,,,,,,,,,,,,,,,,,
Stage-I, ,,,,,,,,,,,,,,,,,,,,,,,,
(44.5345198),(39.3989669),(25.4779232),(31.6629561),(21.0059952),(5.5960152),,,,,,,,,,,,,,,,,,,,
20137,18566,19366,19400,19490,19606,,,,,,,,,,,,,,,,,,,,
,Stage-IV, ,,,,,,,,,,,,,,,,,,,,,,,
(29.9046039),(36.496736),(31.6629561),(31.6629561),(31.6629561),(31.6629561),,,,,,,,,,,,,,,,,,,,
17762,22028,,,,,,,,,,,,,,,,,,,,,,,,
,I-Non PWD / DEF, ,,,,,,,,,,,,,,,,,,,,,,,
(39.3989669),(21.0059952),,,,,,,,,,,,,,,,,,,,,,,,
,Home University Seats Allotted to Other Than Home University Candidates,,,,,,,,,,,,,,,,,,,,,,,,
,GSCH, ,GNTBH,,,,,,,,,,,,,,,,,,,,,,
24838,16836,,,,,,,,,,,,,,,,,,,,,,,,
Stage-I, ,,,,,,,,,,,,,,,,,,,,,,,,
(4.302251),(44.5345198),,,,,,,,,,,,,,,,,,,,,,,,
,Other Than Home University Seats,,,,,,,,,,,,,,,,,,,,,,,,
Other Than Home University Seats Allotted to Other Than Home University Candidates,,,,,,,,,,,,,,,,,,,,,,,,,
,GOPENO, ,GSCO, ,GSTO, ,GNTAO, ,GNTBO, ,GOBCO, ,GSEBCO,,,,,,,,,,,,
12075,23001,16543,14057,16886,,,,,,,,,,,,,,,,,,,,,
Stage-I, ,,,,,,,,,,,,,,,,,,,,,,,,
(61.2807064),(15.5994113),(44.5345198),(53.942159),(44.5345198),,,,,,,,,,,,,,,,,,,,,
14253,13892,,,,,,,,,,,,,,,,,,,,,,,,
,Stage-IV, ,,,,,,,,,,,,,,,,,,,,,,,
(53.942159),(56.5488095),,,,,,,,,,,,,,,,,,,,,,,,
,Legends :, ,"Legends: G-General, L-Ladies, S-State Level Seats ,PWD - Persons with Disabilities,DEF - Defence,PWDR :PWD Common Reserved Seat",,,,,,,,,,,,,,,,,,,,,,
"DEFR :Defense Common Reserved Seat ,* Maharashtra State Seats - Cut Off Indicates State General Merit No. ; Figures in bracket Indicates Merit Score",,,,,,,,,,,,,,,,,,,,,,,,,
,Page 219 of 265,,,,,,,,,,,,,,,,,,,,,,,,
GOVERNMENT OF MAHARASHTRA,,,,,,,,,,,,,,,,,,,,,,,,,
,"Directorate of Technical Education, Maharashtra State, Mumbai.",,,,,,,,,,,,,,,,,,,,,,,,
,Cut Off List for Maharashtra & Minority Seats of CAP Round-II for Admission to the First Year Post Graduate Technical Course in Master of Computer Applications (MCA) for the Academic Year 2025-26.,,,,,,,,,,,,,,,,,,,,,,,,
,"6628 - Dattakala Group Of Institutions, Swami - Chincholi Tal. Daund Dist. Pune",,,,,,,,,,,,,,,,,,,,,,,,
,0662824110 - Master in Computer Application,,,,,,,,,,,,,,,,,,,,,,,,
,Status :, ,Un-Aided,,,,,,,,,,,,,,,,,,,,,,
,State Level Seats,,,,,,,,,,,,,,,,,,,,,,,,
,EWS, ,TFWS,,,,,,,,,,,,,,,,,,,,,,
21170,2011,,,,,,,,,,,,,,,,,,,,,,,,
Stage-I, ,,,,,,,,,,,,,,,,,,,,,,,,
(25.4779232),(93.405226),,,,,,,,,,,,,,,,,,,,,,,,
,Legends :, ,"Legends: G-General, L-Ladies, S-State Level Seats ,PWD - Persons with Disabilities,DEF - Defence,PWDR :PWD Common Reserved Seat",,,,,,,,,,,,,,,,,,,,,,
"DEFR :Defense Common Reserved Seat ,* Maharashtra State Seats - Cut Off Indicates State General Merit No. ; Figures in bracket Indicates Merit Score",,,,,,,,,,,,,,,,,,,,,,,,,
,Page 220 of 265,,,,,,,,,,,,,,,,,,,,,,,,
GOVERNMENT OF MAHARASHTRA,,,,,,,,,,,,,,,,,,,,,,,,,
,"Directorate of Technical Education, Maharashtra State, Mumbai.",,,,,,,,,,,,,,,,,,,,,,,,
,Cut Off List for Maharashtra & Minority Seats of CAP Round-II for Admission to the First Year Post Graduate Technical Course in Master of Computer Applications (MCA) for the Academic Year 2025-26.,,,,,,,,,,,,,,,,,,,,,,,,
,6632 - Navsahyadri Education Society's Group of Institutions,,,,,,,,,,,,,,,,,,,,,,,,
,0663224110 - Master in Computer Application,,,,,,,,,,,,,,,,,,,,,,,,
,Status :, ,Un-Aided,,,,,,,,,,,,,,,,,,,,,,
,Home University Seats,,,,,,,,,,,,,,,,,,,,,,,,
Home University Seats Allotted to Home University Candidates,,,,,,,,,,,,,,,,,,,,,,,,,
,GOPENH, ,GSCH, ,GSTH, ,GNTBH, ,GNTCH, ,GNTDH, ,GOBCH, ,GSEBCH, ,PWDOPENH, ,PWDSCH, ,PWDOBCH,,,,
13644,17655,19660,25243,18695,21608,,,,,,,,,,,,,,,,,,,,
Stage-I, ,,,,,,,,,,,,,,,,,,,,,,,,
(56.5488095),(41.4550394),(31.6629561),(2.0301121),(36.496736),(23.1010151),,,,,,,,,,,,,,,,,,,,
16668,15215,15639,15769,16005,,,,,,,,,,,,,,,,,,,,,
,Stage-IV, ,,,,,,,,,,,,,,,,,,,,,,,
(44.5345198),(51.4093808),(49.3533426),(49.3533426),(46.3793819),,,,,,,,,,,,,,,,,,,,,
13950,20695,,,,,,,,,,,,,,,,,,,,,,,,
,I-Non PWD / DEF, ,,,,,,,,,,,,,,,,,,,,,,,
(56.5488095),(27.2744425),,,,,,,,,,,,,,,,,,,,,,,,
,Home University Seats Allotted to Other Than Home University Candidates,,,,,,,,,,,,,,,,,,,,,,,,
,GNTAH,,,,,,,,,,,,,,,,,,,,,,,,
13308,,,,,,,,,,,,,,,,,,,,,,,,,
Stage-I, ,,,,,,,,,,,,,,,,,,,,,,,,
(58.7911466),,,,,,,,,,,,,,,,,,,,,,,,,
,Other Than Home University Seats,,,,,,,,,,,,,,,,,,,,,,,,
Other Than Home University Seats Allotted to Other Than Home University Candidates,,,,,,,,,,,,,,,,,,,,,,,,,
,GOPENO, ,GSCO, ,GSTO, ,GNTBO, ,GNTDO, ,GOBCO, ,GSEBCO,,,,,,,,,,,,
11221,25049,21566,22107,13509,11245,,,,,,,,,,,,,,,,,,,,
Stage-I, ,,,,,,,,,,,,,,,,,,,,,,,,
(65.8578922),(3.0466423),(23.1010151),(19.1539942),(56.5488095),(65.8578922),,,,,,,,,,,,,,,,,,,,
12016,,,,,,,,,,,,,,,,,,,,,,,,,
,Stage-IV, ,,,,,,,,,,,,,,,,,,,,,,,
(63.1574978),,,,,,,,,,,,,,,,,,,,,,,,,
,Legends :, ,"Legends: G-General, L-Ladies, S-State Level Seats ,PWD - Persons with Disabilities,DEF - Defence,PWDR :PWD Common Reserved Seat",,,,,,,,,,,,,,,,,,,,,,
"DEFR :Defense Common Reserved Seat ,* Maharashtra State Seats - Cut Off Indicates State General Merit No. ; Figures in bracket Indicates Merit Score",,,,,,,,,,,,,,,,,,,,,,,,,
,Page 221 of 265,,,,,,,,,,,,,,,,,,,,,,,,
GOVERNMENT OF MAHARASHTRA,,,,,,,,,,,,,,,,,,,,,,,,,
,"Directorate of Technical Education, Maharashtra State, Mumbai.",,,,,,,,,,,,,,,,,,,,,,,,
,Cut Off List for Maharashtra & Minority Seats of CAP Round-II for Admission to the First Year Post Graduate Technical Course in Master of Computer Applications (MCA) for the Academic Year 2025-26.,,,,,,,,,,,,,,,,,,,,,,,,
,6632 - Navsahyadri Education Society's Group of Institutions,,,,,,,,,,,,,,,,,,,,,,,,
,0663224110 - Master in Computer Application,,,,,,,,,,,,,,,,,,,,,,,,
,Status :, ,Un-Aided,,,,,,,,,,,,,,,,,,,,,,
,State Level Seats,,,,,,,,,,,,,,,,,,,,,,,,
,TFWS,,,,,,,,,,,,,,,,,,,,,,,,
8470,,,,,,,,,,,,,,,,,,,,,,,,,
Stage-I, ,,,,,,,,,,,,,,,,,,,,,,,,
(74.782248),,,,,,,,,,,,,,,,,,,,,,,,,
,Legends :, ,"Legends: G-General, L-Ladies, S-State Level Seats ,PWD - Persons with Disabilities,DEF - Defence,PWDR :PWD Common Reserved Seat",,,,,,,,,,,,,,,,,,,,,,
"DEFR :Defense Common Reserved Seat ,* Maharashtra State Seats - Cut Off Indicates State General Merit No. ; Figures in bracket Indicates Merit Score",,,,,,,,,,,,,,,,,,,,,,,,,
,Page 222 of 265,,,,,,,,,,,,,,,,,,,,,,,,
GOVERNMENT OF MAHARASHTRA,,,,,,,,,,,,,,,,,,,,,,,,,
,"Directorate of Technical Education, Maharashtra State, Mumbai.",,,,,,,,,,,,,,,,,,,,,,,,
,Cut Off List for Maharashtra & Minority Seats of CAP Round-II for Admission to the First Year Post Graduate Technical Course in Master of Computer Applications (MCA) for the Academic Year 2025-26.,,,,,,,,,,,,,,,,,,,,,,,,
,"6634 - KJEI's Trinity Academy of Engineering, Yewalewadi, Pune",,,,,,,,,,,,,,,,,,,,,,,,
,0663424110 - Master in Computer Application,,,,,,,,,,,,,,,,,,,,,,,,
,Status :, ,Un-Aided,,,,,,,,,,,,,,,,,,,,,,
,Home University Seats,,,,,,,,,,,,,,,,,,,,,,,,
Home University Seats Allotted to Home University Candidates,,,,,,,,,,,,,,,,,,,,,,,,,
,GOPENH, ,GSCH, ,GSTH, ,GNTDH, ,GOBCH, ,GSEBCH, ,PWDOPENH, ,PWDSCH, ,PWDOBCH,,,,,,,,
7903,24310,14142,11217,16686,,,,,,,,,,,,,,,,,,,,,
Stage-I, ,,,,,,,,,,,,,,,,,,,,,,,,
(76.9216256),(7.9446476),(53.942159),(65.8578922),(44.5345198),,,,,,,,,,,,,,,,,,,,,
10093,,,,,,,,,,,,,,,,,,,,,,,,,
,Stage-IV, ,,,,,,,,,,,,,,,,,,,,,,,
(69.7143504),,,,,,,,,,,,,,,,,,,,,,,,,
9107,24658,11495,,,,,,,,,,,,,,,,,,,,,,,
,I-Non PWD / DEF, ,,,,,,,,,,,,,,,,,,,,,,,
(71.1549338),(5.5960152),(63.1574978),,,,,,,,,,,,,,,,,,,,,,,
,Home University Seats Allotted to Other Than Home University Candidates,,,,,,,,,,,,,,,,,,,,,,,,
,GNTAH, ,GNTBH,,,,,,,,,,,,,,,,,,,,,,
17672,15047,,,,,,,,,,,,,,,,,,,,,,,,
Stage-I, ,,,,,,,,,,,,,,,,,,,,,,,,
(39.3989669),(51.4093808),,,,,,,,,,,,,,,,,,,,,,,,
,Other Than Home University Seats,,,,,,,,,,,,,,,,,,,,,,,,
Other Than Home University Seats Allotted to Other Than Home University Candidates,,,,,,,,,,,,,,,,,,,,,,,,,
,GOPENO, ,GSCO, ,GSTO, ,GNTAO, ,GNTBO, ,GNTCO, ,GOBCO, ,GSEBCO,,,,,,,,,,
7316,13609,9288,9862,8526,9659,8836,,,,,,,,,,,,,,,,,,,
Stage-I, ,,,,,,,,,,,,,,,,,,,,,,,,
(77.8251197),(56.5488095),(71.1549338),(69.7143504),(73.5368477),(69.7143504),(73.5368477),,,,,,,,,,,,,,,,,,,
7885,,,,,,,,,,,,,,,,,,,,,,,,,
,Stage-IV, ,,,,,,,,,,,,,,,,,,,,,,,
(76.9216256),,,,,,,,,,,,,,,,,,,,,,,,,
,Legends :, ,"Legends: G-General, L-Ladies, S-State Level Seats ,PWD - Persons with Disabilities,DEF - Defence,PWDR :PWD Common Reserved Seat",,,,,,,,,,,,,,,,,,,,,,
"DEFR :Defense Common Reserved Seat ,* Maharashtra State Seats - Cut Off Indicates State General Merit No. ; Figures in bracket Indicates Merit Score",,,,,,,,,,,,,,,,,,,,,,,,,
,Page 223 of 265,,,,,,,,,,,,,,,,,,,,,,,,
GOVERNMENT OF MAHARASHTRA,,,,,,,,,,,,,,,,,,,,,,,,,
,"Directorate of Technical Education, Maharashtra State, Mumbai.",,,,,,,,,,,,,,,,,,,,,,,,
,Cut Off List for Maharashtra & Minority Seats of CAP Round-II for Admission to the First Year Post Graduate Technical Course in Master of Computer Applications (MCA) for the Academic Year 2025-26.,,,,,,,,,,,,,,,,,,,,,,,,
,"6634 - KJEI's Trinity Academy of Engineering, Yewalewadi, Pune",,,,,,,,,,,,,,,,,,,,,,,,
,0663424110 - Master in Computer Application,,,,,,,,,,,,,,,,,,,,,,,,
,Status :, ,Un-Aided,,,,,,,,,,,,,,,,,,,,,,
,State Level Seats,,,,,,,,,,,,,,,,,,,,,,,,
,TFWS,,,,,,,,,,,,,,,,,,,,,,,,
3444,,,,,,,,,,,,,,,,,,,,,,,,,
Stage-I, ,,,,,,,,,,,,,,,,,,,,,,,,
(89.1966341),,,,,,,,,,,,,,,,,,,,,,,,,
,Legends :, ,"Legends: G-General, L-Ladies, S-State Level Seats ,PWD - Persons with Disabilities,DEF - Defence,PWDR :PWD Common Reserved Seat",,,,,,,,,,,,,,,,,,,,,,
"DEFR :Defense Common Reserved Seat ,* Maharashtra State Seats - Cut Off Indicates State General Merit No. ; Figures in bracket Indicates Merit Score",,,,,,,,,,,,,,,,,,,,,,,,,
,Page 224 of 265,,,,,,,,,,,,,,,,,,,,,,,,
GOVERNMENT OF MAHARASHTRA,,,,,,,,,,,,,,,,,,,,,,,,,
,"Directorate of Technical Education, Maharashtra State, Mumbai.",,,,,,,,,,,,,,,,,,,,,,,,
,Cut Off List for Maharashtra & Minority Seats of CAP Round-II for Admission to the First Year Post Graduate Technical Course in Master of Computer Applications (MCA) for the Academic Year 2025-26.,,,,,,,,,,,,,,,,,,,,,,,,
,6635 - Samarth College of Engineering and Management,,,,,,,,,,,,,,,,,,,,,,,,
,0663524110 - Master in Computer Application,,,,,,,,,,,,,,,,,,,,,,,,
,Status :, ,Un-Aided,,,,,,,,,,,,,,,,,,,,,,
,Home University Seats,,,,,,,,,,,,,,,,,,,,,,,,
Home University Seats Allotted to Home University Candidates,,,,,,,,,,,,,,,,,,,,,,,,,
,GOPENH, ,GSCH, ,GSTH, ,GOBCH, ,GSEBCH, ,PWDOPENH,,,,,,,,,,,,,,
14743,16978,20369,,,,,,,,,,,,,,,,,,,,,,,
Stage-I, ,,,,,,,,,,,,,,,,,,,,,,,,
(51.4093808),(44.5345198),(27.2744425),,,,,,,,,,,,,,,,,,,,,,,
15838,15812,15935,,,,,,,,,,,,,,,,,,,,,,,
,Stage-IV, ,,,,,,,,,,,,,,,,,,,,,,,
(49.3533426),(49.3533426),(46.3793819),,,,,,,,,,,,,,,,,,,,,,,
15088,,,,,,,,,,,,,,,,,,,,,,,,,
,I-Non PWD / DEF, ,,,,,,,,,,,,,,,,,,,,,,,
(51.4093808),,,,,,,,,,,,,,,,,,,,,,,,,
,Home University Seats Allotted to Other Than Home University Candidates,,,,,,,,,,,,,,,,,,,,,,,,
,GNTBH, ,GSEBCH,,,,,,,,,,,,,,,,,,,,,,
17081,22590,,,,,,,,,,,,,,,,,,,,,,,,
Stage-I, ,,,,,,,,,,,,,,,,,,,,,,,,
(41.4550394),(16.9789978),,,,,,,,,,,,,,,,,,,,,,,,
,Other Than Home University Seats,,,,,,,,,,,,,,,,,,,,,,,,
Other Than Home University Seats Allotted to Other Than Home University Candidates,,,,,,,,,,,,,,,,,,,,,,,,,
,GOPENO, ,GSCO, ,GSTO, ,GNTAO, ,GNTDO, ,GOBCO, ,GSEBCO,,,,,,,,,,,,
16018,18984,17243,17347,19591,,,,,,,,,,,,,,,,,,,,,
Stage-I, ,,,,,,,,,,,,,,,,,,,,,,,,
(46.3793819),(34.5198145),(41.4550394),(41.4550394),(31.6629561),,,,,,,,,,,,,,,,,,,,,
16542,17043,,,,,,,,,,,,,,,,,,,,,,,,
,Stage-IV, ,,,,,,,,,,,,,,,,,,,,,,,
(44.5345198),(44.5345198),,,,,,,,,,,,,,,,,,,,,,,,
,Legends :, ,"Legends: G-General, L-Ladies, S-State Level Seats ,PWD - Persons with Disabilities,DEF - Defence,PWDR :PWD Common Reserved Seat",,,,,,,,,,,,,,,,,,,,,,
"DEFR :Defense Common Reserved Seat ,* Maharashtra State Seats - Cut Off Indicates State General Merit No. ; Figures in bracket Indicates Merit Score",,,,,,,,,,,,,,,,,,,,,,,,,
,Page 225 of 265,,,,,,,,,,,,,,,,,,,,,,,,
GOVERNMENT OF MAHARASHTRA,,,,,,,,,,,,,,,,,,,,,,,,,
,"Directorate of Technical Education, Maharashtra State, Mumbai.",,,,,,,,,,,,,,,,,,,,,,,,
,Cut Off List for Maharashtra & Minority Seats of CAP Round-II for Admission to the First Year Post Graduate Technical Course in Master of Computer Applications (MCA) for the Academic Year 2025-26.,,,,,,,,,,,,,,,,,,,,,,,,
,6635 - Samarth College of Engineering and Management,,,,,,,,,,,,,,,,,,,,,,,,
,0663524110 - Master in Computer Application,,,,,,,,,,,,,,,,,,,,,,,,
,Status :, ,Un-Aided,,,,,,,,,,,,,,,,,,,,,,
,State Level Seats,,,,,,,,,,,,,,,,,,,,,,,,
,TFWS,,,,,,,,,,,,,,,,,,,,,,,,
5809,,,,,,,,,,,,,,,,,,,,,,,,,
Stage-I, ,,,,,,,,,,,,,,,,,,,,,,,,
(82.8308366),,,,,,,,,,,,,,,,,,,,,,,,,
,Legends :, ,"Legends: G-General, L-Ladies, S-State Level Seats ,PWD - Persons with Disabilities,DEF - Defence,PWDR :PWD Common Reserved Seat",,,,,,,,,,,,,,,,,,,,,,
"DEFR :Defense Common Reserved Seat ,* Maharashtra State Seats - Cut Off Indicates State General Merit No. ; Figures in bracket Indicates Merit Score",,,,,,,,,,,,,,,,,,,,,,,,,
,Page 226 of 265,,,,,,,,,,,,,,,,,,,,,,,,
GOVERNMENT OF MAHARASHTRA,,,,,,,,,,,,,,,,,,,,,,,,,
,"Directorate of Technical Education, Maharashtra State, Mumbai.",,,,,,,,,,,,,,,,,,,,,,,,
,Cut Off List for Maharashtra & Minority Seats of CAP Round-II for Admission to the First Year Post Graduate Technical Course in Master of Computer Applications (MCA) for the Academic Year 2025-26.,,,,,,,,,,,,,,,,,,,,,,,,
,"6755 - JSPM Narhe Technical Campus, Pune.",,,,,,,,,,,,,,,,,,,,,,,,
,0675524110 - Master in Computer Application,,,,,,,,,,,,,,,,,,,,,,,,
,Status :, ,Un-Aided,,,,,,,,,,,,,,,,,,,,,,
,Home University Seats,,,,,,,,,,,,,,,,,,,,,,,,
Home University Seats Allotted to Home University Candidates,,,,,,,,,,,,,,,,,,,,,,,,,
,GOPENH, ,GSCH, ,GSTH, ,GNTDH, ,GOBCH, ,GSEBCH, ,PWDOPENH,,,,,,,,,,,,
3750,6449,13944,3986,6448,,,,,,,,,,,,,,,,,,,,,
Stage-I, ,,,,,,,,,,,,,,,,,,,,,,,,
(89.1331398),(80.5399495),(56.5488095),(87.3496474),(80.5399495),,,,,,,,,,,,,,,,,,,,,
4036,,,,,,,,,,,,,,,,,,,,,,,,,
,Stage-IV, ,,,,,,,,,,,,,,,,,,,,,,,
(87.3496474),,,,,,,,,,,,,,,,,,,,,,,,,
3873,,,,,,,,,,,,,,,,,,,,,,,,,
,I-Non PWD / DEF, ,,,,,,,,,,,,,,,,,,,,,,,
(87.3496474),,,,,,,,,,,,,,,,,,,,,,,,,
,Other Than Home University Seats,,,,,,,,,,,,,,,,,,,,,,,,
Other Than Home University Seats Allotted to Other Than Home University Candidates,,,,,,,,,,,,,,,,,,,,,,,,,
,GOPENO, ,GSCO, ,GSTO, ,GOBCO, ,GSEBCO,,,,,,,,,,,,,,,,
2001,3423,8582,2304,3141,,,,,,,,,,,,,,,,,,,,,
Stage-I, ,,,,,,,,,,,,,,,,,,,,,,,,
(93.5511867),(89.1966341),(73.5368477),(92.3361383),(90.7733494),,,,,,,,,,,,,,,,,,,,,
,State Level Seats,,,,,,,,,,,,,,,,,,,,,,,,
,EWS, ,TFWS,,,,,,,,,,,,,,,,,,,,,,
4408,1258,,,,,,,,,,,,,,,,,,,,,,,,
Stage-I, ,,,,,,,,,,,,,,,,,,,,,,,,
(87.2080299),(95.5548847),,,,,,,,,,,,,,,,,,,,,,,,
,Legends :, ,"Legends: G-General, L-Ladies, S-State Level Seats ,PWD - Persons with Disabilities,DEF - Defence,PWDR :PWD Common Reserved Seat",,,,,,,,,,,,,,,,,,,,,,
"DEFR :Defense Common Reserved Seat ,* Maharashtra State Seats - Cut Off Indicates State General Merit No. ; Figures in bracket Indicates Merit Score",,,,,,,,,,,,,,,,,,,,,,,,,
,Page 227 of 265,,,,,,,,,,,,,,,,,,,,,,,,
GOVERNMENT OF MAHARASHTRA,,,,,,,,,,,,,,,,,,,,,,,,,
,"Directorate of Technical Education, Maharashtra State, Mumbai.",,,,,,,,,,,,,,,,,,,,,,,,
,Cut Off List for Maharashtra & Minority Seats of CAP Round-II for Admission to the First Year Post Graduate Technical Course in Master of Computer Applications (MCA) for the Academic Year 2025-26.,,,,,,,,,,,,,,,,,,,,,,,,
,"6757 - Yashoda Technical Campus, Wadhe, Satara.",,,,,,,,,,,,,,,,,,,,,,,,
,0675724110 - Master in Computer Application,,,,,,,,,,,,,,,,,,,,,,,,
,Status :, ,Un-Aided,,,,,,,,,,,,,,,,,,,,,,
,Home University Seats,,,,,,,,,,,,,,,,,,,,,,,,
Home University Seats Allotted to Home University Candidates,,,,,,,,,,,,,,,,,,,,,,,,,
,GOPENH, ,GSCH, ,GSTH, ,GNTAH, ,GNTBH, ,GNTCH, ,GNTDH, ,GOBCH, ,GSEBCH, ,PWDOPENH, ,PWDSCH, ,PWDOBCH,,
8807,19598,18878,19222,18291,,,,,,,,,,,,,,,,,,,,,
Stage-I, ,,,,,,,,,,,,,,,,,,,,,,,,
(73.5368477),(31.6629561),(34.5198145),(34.5198145),(36.496736),,,,,,,,,,,,,,,,,,,,,
15183,15473,15148,14458,14461,14562,15665,14568,14811,,,,,,,,,,,,,,,,,
,Stage-IV, ,,,,,,,,,,,,,,,,,,,,,,,
(51.4093808),(49.3533426),(51.4093808),(53.942159),(53.942159),(53.942159),(49.3533426),(53.942159),(51.4093808),,,,,,,,,,,,,,,,,
10624,,,,,,,,,,,,,,,,,,,,,,,,,
,I-Non PWD / DEF, ,,,,,,,,,,,,,,,,,,,,,,,
(67.3579428),,,,,,,,,,,,,,,,,,,,,,,,,
,Other Than Home University Seats,,,,,,,,,,,,,,,,,,,,,,,,
Other Than Home University Seats Allotted to Other Than Home University Candidates,,,,,,,,,,,,,,,,,,,,,,,,,
,GOPENO,,,,,,,,,,,,,,,,,,,,,,,,
17791,,,,,,,,,,,,,,,,,,,,,,,,,
Stage-I, ,,,,,,,,,,,,,,,,,,,,,,,,
(39.3989669),,,,,,,,,,,,,,,,,,,,,,,,,
,Other Than Home University Seats Allotted to Home University Candidates,,,,,,,,,,,,,,,,,,,,,,,,
,GOPENO, ,GSCO, ,GSTO, ,GNTAO, ,GNTBO, ,GNTCO, ,GNTDO, ,GOBCO, ,GSEBCO,,,,,,,,
15565,20701,,,,,,,,,,,,,,,,,,,,,,,,
Stage-I, ,,,,,,,,,,,,,,,,,,,,,,,,
(49.3533426),(27.2744425),,,,,,,,,,,,,,,,,,,,,,,,
17640,16316,16359,17908,16857,16908,17464,,,,,,,,,,,,,,,,,,,
,Stage-IV, ,,,,,,,,,,,,,,,,,,,,,,,
(41.4550394),(46.3793819),(46.3793819),(39.3989669),(44.5345198),(44.5345198),(41.4550394),,,,,,,,,,,,,,,,,,,
,Legends :, ,"Legends: G-General, L-Ladies, S-State Level Seats ,PWD - Persons with Disabilities,DEF - Defence,PWDR :PWD Common Reserved Seat",,,,,,,,,,,,,,,,,,,,,,
"DEFR :Defense Common Reserved Seat ,* Maharashtra State Seats - Cut Off Indicates State General Merit No. ; Figures in bracket Indicates Merit Score",,,,,,,,,,,,,,,,,,,,,,,,,
,Page 228 of 265,,,,,,,,,,,,,,,,,,,,,,,,
GOVERNMENT OF MAHARASHTRA,,,,,,,,,,,,,,,,,,,,,,,,,
,"Directorate of Technical Education, Maharashtra State, Mumbai.",,,,,,,,,,,,,,,,,,,,,,,,
,Cut Off List for Maharashtra & Minority Seats of CAP Round-II for Admission to the First Year Post Graduate Technical Course in Master of Computer Applications (MCA) for the Academic Year 2025-26.,,,,,,,,,,,,,,,,,,,,,,,,
,"6757 - Yashoda Technical Campus, Wadhe, Satara.",,,,,,,,,,,,,,,,,,,,,,,,
,0675724110 - Master in Computer Application,,,,,,,,,,,,,,,,,,,,,,,,
,Status :, ,Un-Aided,,,,,,,,,,,,,,,,,,,,,,
,State Level Seats,,,,,,,,,,,,,,,,,,,,,,,,
,TFWS,,,,,,,,,,,,,,,,,,,,,,,,
2466,,,,,,,,,,,,,,,,,,,,,,,,,
Stage-I, ,,,,,,,,,,,,,,,,,,,,,,,,
(92.1797821),,,,,,,,,,,,,,,,,,,,,,,,,
,Legends :, ,"Legends: G-General, L-Ladies, S-State Level Seats ,PWD - Persons with Disabilities,DEF - Defence,PWDR :PWD Common Reserved Seat",,,,,,,,,,,,,,,,,,,,,,
"DEFR :Defense Common Reserved Seat ,* Maharashtra State Seats - Cut Off Indicates State General Merit No. ; Figures in bracket Indicates Merit Score",,,,,,,,,,,,,,,,,,,,,,,,,
,Page 229 of 265,,,,,,,,,,,,,,,,,,,,,,,,
GOVERNMENT OF MAHARASHTRA,,,,,,,,,,,,,,,,,,,,,,,,,
,"Directorate of Technical Education, Maharashtra State, Mumbai.",,,,,,,,,,,,,,,,,,,,,,,,
,Cut Off List for Maharashtra & Minority Seats of CAP Round-II for Admission to the First Year Post Graduate Technical Course in Master of Computer Applications (MCA) for the Academic Year 2025-26.,,,,,,,,,,,,,,,,,,,,,,,,
,"6775 - Yashaswi Education Society's International Institute of Management Science, Chinchwad, Pune",,,,,,,,,,,,,,,,,,,,,,,,
,0677524110 - Master in Computer Application,,,,,,,,,,,,,,,,,,,,,,,,
,Status :, ,Un-Aided,,,,,,,,,,,,,,,,,,,,,,
,Home University Seats,,,,,,,,,,,,,,,,,,,,,,,,
Home University Seats Allotted to Home University Candidates,,,,,,,,,,,,,,,,,,,,,,,,,
,GOPENH, ,GSCH, ,GSTH, ,GNTBH, ,GNTCH, ,GNTDH, ,GOBCH, ,GSEBCH, ,PWDOPENH,,,,,,,,
6588,24316,15064,14522,15785,10355,10731,,,,,,,,,,,,,,,,,,,
Stage-I, ,,,,,,,,,,,,,,,,,,,,,,,,
(79.9969812),(7.4072677),(51.4093808),(53.942159),(49.3533426),(67.3579428),(67.3579428),,,,,,,,,,,,,,,,,,,
8691,,,,,,,,,,,,,,,,,,,,,,,,,
,Stage-IV, ,,,,,,,,,,,,,,,,,,,,,,,
(73.5368477),,,,,,,,,,,,,,,,,,,,,,,,,
7587,,,,,,,,,,,,,,,,,,,,,,,,,
,I-Non PWD / DEF, ,,,,,,,,,,,,,,,,,,,,,,,
(76.9216256),,,,,,,,,,,,,,,,,,,,,,,,,
,Home University Seats Allotted to Other Than Home University Candidates,,,,,,,,,,,,,,,,,,,,,,,,
,GNTAH,,,,,,,,,,,,,,,,,,,,,,,,
15149,,,,,,,,,,,,,,,,,,,,,,,,,
Stage-I, ,,,,,,,,,,,,,,,,,,,,,,,,
(51.4093808),,,,,,,,,,,,,,,,,,,,,,,,,
,Other Than Home University Seats,,,,,,,,,,,,,,,,,,,,,,,,
Other Than Home University Seats Allotted to Other Than Home University Candidates,,,,,,,,,,,,,,,,,,,,,,,,,
,GOPENO, ,GSCO, ,GNTAO, ,GNTBO, ,GNTCO, ,GOBCO, ,GSEBCO,,,,,,,,,,,,
5541,10460,12404,9775,8140,6777,6394,,,,,,,,,,,,,,,,,,,
Stage-I, ,,,,,,,,,,,,,,,,,,,,,,,,
(82.9644433),(67.3579428),(61.2807064),(69.7143504),(74.782248),(79.9969812),(80.5399495),,,,,,,,,,,,,,,,,,,
,State Level Seats,,,,,,,,,,,,,,,,,,,,,,,,
,EWS,,,,,,,,,,,,,,,,,,,,,,,,
12842,,,,,,,,,,,,,,,,,,,,,,,,,
Stage-I, ,,,,,,,,,,,,,,,,,,,,,,,,
(58.7911466),,,,,,,,,,,,,,,,,,,,,,,,,
,Legends :, ,"Legends: G-General, L-Ladies, S-State Level Seats ,PWD - Persons with Disabilities,DEF - Defence,PWDR :PWD Common Reserved Seat",,,,,,,,,,,,,,,,,,,,,,
"DEFR :Defense Common Reserved Seat ,* Maharashtra State Seats - Cut Off Indicates State General Merit No. ; Figures in bracket Indicates Merit Score",,,,,,,,,,,,,,,,,,,,,,,,,
,Page 230 of 265,,,,,,,,,,,,,,,,,,,,,,,,
GOVERNMENT OF MAHARASHTRA,,,,,,,,,,,,,,,,,,,,,,,,,
,"Directorate of Technical Education, Maharashtra State, Mumbai.",,,,,,,,,,,,,,,,,,,,,,,,
,Cut Off List for Maharashtra & Minority Seats of CAP Round-II for Admission to the First Year Post Graduate Technical Course in Master of Computer Applications (MCA) for the Academic Year 2025-26.,,,,,,,,,,,,,,,,,,,,,,,,
,"6794 - Anantrao Pawar College of Engineering & Research, Pune",,,,,,,,,,,,,,,,,,,,,,,,
,0679424110 - Master in Computer Application,,,,,,,,,,,,,,,,,,,,,,,,
,Status :, ,Un-Aided,,,,,,,,,,,,,,,,,,,,,,
,Home University Seats,,,,,,,,,,,,,,,,,,,,,,,,
Home University Seats Allotted to Home University Candidates,,,,,,,,,,,,,,,,,,,,,,,,,
,GOPENH, ,GSCH, ,GSTH, ,GNTAH, ,GNTBH, ,GOBCH, ,GSEBCH, ,PWDOPENH,,,,,,,,,,
9509,19586,17994,12898,10586,13318,,,,,,,,,,,,,,,,,,,,
Stage-I, ,,,,,,,,,,,,,,,,,,,,,,,,
(71.1549338),(31.6629561),(39.3989669),(58.7911466),(67.3579428),(58.7911466),,,,,,,,,,,,,,,,,,,,
10558,,,,,,,,,,,,,,,,,,,,,,,,,
,Stage-IV, ,,,,,,,,,,,,,,,,,,,,,,,
(67.3579428),,,,,,,,,,,,,,,,,,,,,,,,,
10254,,,,,,,,,,,,,,,,,,,,,,,,,
,I-Non PWD / DEF, ,,,,,,,,,,,,,,,,,,,,,,,
(67.3579428),,,,,,,,,,,,,,,,,,,,,,,,,
,Other Than Home University Seats,,,,,,,,,,,,,,,,,,,,,,,,
Other Than Home University Seats Allotted to Other Than Home University Candidates,,,,,,,,,,,,,,,,,,,,,,,,,
,GOPENO, ,GSCO, ,GSTO, ,GNTCO, ,GOBCO, ,GSEBCO,,,,,,,,,,,,,,
3448,12268,10933,7266,7680,,,,,,,,,,,,,,,,,,,,,
Stage-I, ,,,,,,,,,,,,,,,,,,,,,,,,
(89.1966341),(61.2807064),(65.8578922),(77.8251197),(76.9216256),,,,,,,,,,,,,,,,,,,,,
6367,,,,,,,,,,,,,,,,,,,,,,,,,
,Stage-IV, ,,,,,,,,,,,,,,,,,,,,,,,
(80.5399495),,,,,,,,,,,,,,,,,,,,,,,,,
,State Level Seats,,,,,,,,,,,,,,,,,,,,,,,,
,EWS, ,TFWS,,,,,,,,,,,,,,,,,,,,,,
20028,650,,,,,,,,,,,,,,,,,,,,,,,,
Stage-I, ,,,,,,,,,,,,,,,,,,,,,,,,
(29.9046039),(97.6265047),,,,,,,,,,,,,,,,,,,,,,,,
,Legends :, ,"Legends: G-General, L-Ladies, S-State Level Seats ,PWD - Persons with Disabilities,DEF - Defence,PWDR :PWD Common Reserved Seat",,,,,,,,,,,,,,,,,,,,,,
"DEFR :Defense Common Reserved Seat ,* Maharashtra State Seats - Cut Off Indicates State General Merit No. ; Figures in bracket Indicates Merit Score",,,,,,,,,,,,,,,,,,,,,,,,,
,Page 231 of 265,,,,,,,,,,,,,,,,,,,,,,,,
GOVERNMENT OF MAHARASHTRA,,,,,,,,,,,,,,,,,,,,,,,,,
,"Directorate of Technical Education, Maharashtra State, Mumbai.",,,,,,,,,,,,,,,,,,,,,,,,
,Cut Off List for Maharashtra & Minority Seats of CAP Round-II for Admission to the First Year Post Graduate Technical Course in Master of Computer Applications (MCA) for the Academic Year 2025-26.,,,,,,,,,,,,,,,,,,,,,,,,
,"6803 - Sant Gajanan Maharaj College of Engineering, Gadhinglaj",,,,,,,,,,,,,,,,,,,,,,,,
,0680324110 - Master in Computer Application,,,,,,,,,,,,,,,,,,,,,,,,
,Status :, ,Un-Aided,,,,,,,,,,,,,,,,,,,,,,
,Home University Seats,,,,,,,,,,,,,,,,,,,,,,,,
Home University Seats Allotted to Home University Candidates,,,,,,,,,,,,,,,,,,,,,,,,,
,GOPENH, ,GSCH, ,GSTH, ,GNTCH, ,GNTDH, ,GOBCH, ,GSEBCH, ,PWDOPENH,,,,,,,,,,
5339,25283,14991,,,,,,,,,,,,,,,,,,,,,,,
Stage-I, ,,,,,,,,,,,,,,,,,,,,,,,,
(82.9644433),(2.0301121),(51.4093808),,,,,,,,,,,,,,,,,,,,,,,
13190,13599,11499,12866,,,,,,,,,,,,,,,,,,,,,,
,Stage-IV, ,,,,,,,,,,,,,,,,,,,,,,,
(58.7911466),(56.5488095),(63.1574978),(58.7911466),,,,,,,,,,,,,,,,,,,,,,
10484,,,,,,,,,,,,,,,,,,,,,,,,,
,I-Non PWD / DEF, ,,,,,,,,,,,,,,,,,,,,,,,
(67.3579428),,,,,,,,,,,,,,,,,,,,,,,,,
,Other Than Home University Seats,,,,,,,,,,,,,,,,,,,,,,,,
Other Than Home University Seats Allotted to Other Than Home University Candidates,,,,,,,,,,,,,,,,,,,,,,,,,
,GOPENO,,,,,,,,,,,,,,,,,,,,,,,,
21437,,,,,,,,,,,,,,,,,,,,,,,,,
Stage-I, ,,,,,,,,,,,,,,,,,,,,,,,,
(23.1010151),,,,,,,,,,,,,,,,,,,,,,,,,
,Other Than Home University Seats Allotted to Home University Candidates,,,,,,,,,,,,,,,,,,,,,,,,
,GOPENO, ,GSCO, ,GSTO, ,GNTAO, ,GOBCO, ,GSEBCO,,,,,,,,,,,,,,
13481,15518,,,,,,,,,,,,,,,,,,,,,,,,
Stage-I, ,,,,,,,,,,,,,,,,,,,,,,,,
(56.5488095),(49.3533426),,,,,,,,,,,,,,,,,,,,,,,,
15025,15041,14779,15527,,,,,,,,,,,,,,,,,,,,,,
,Stage-IV, ,,,,,,,,,,,,,,,,,,,,,,,
(51.4093808),(51.4093808),(51.4093808),(49.3533426),,,,,,,,,,,,,,,,,,,,,,
,Legends :, ,"Legends: G-General, L-Ladies, S-State Level Seats ,PWD - Persons with Disabilities,DEF - Defence,PWDR :PWD Common Reserved Seat",,,,,,,,,,,,,,,,,,,,,,
"DEFR :Defense Common Reserved Seat ,* Maharashtra State Seats - Cut Off Indicates State General Merit No. ; Figures in bracket Indicates Merit Score",,,,,,,,,,,,,,,,,,,,,,,,,
,Page 232 of 265,,,,,,,,,,,,,,,,,,,,,,,,
GOVERNMENT OF MAHARASHTRA,,,,,,,,,,,,,,,,,,,,,,,,,
,"Directorate of Technical Education, Maharashtra State, Mumbai.",,,,,,,,,,,,,,,,,,,,,,,,
,Cut Off List for Maharashtra & Minority Seats of CAP Round-II for Admission to the First Year Post Graduate Technical Course in Master of Computer Applications (MCA) for the Academic Year 2025-26.,,,,,,,,,,,,,,,,,,,,,,,,
,"6812 - Progressive Education Society's Modern Institute of Business Studies, Nigdi, Pune",,,,,,,,,,,,,,,,,,,,,,,,
,0681224110 - Master in Computer Application,,,,,,,,,,,,,,,,,,,,,,,,
,Status :, ,Un-Aided-Autonomous,,,,,,,,,,,,,,,,,,,,,,
,Home University Seats,,,,,,,,,,,,,,,,,,,,,,,,
Home University Seats Allotted to Home University Candidates,,,,,,,,,,,,,,,,,,,,,,,,,
,GOPENH, ,GSCH, ,GSTH, ,GNTBH, ,GNTCH, ,GNTDH, ,GOBCH, ,GSEBCH, ,PWDOPENH,,,,,,,,
2821,10273,7505,3759,11394,3755,5015,,,,,,,,,,,,,,,,,,,
Stage-I, ,,,,,,,,,,,,,,,,,,,,,,,,
(90.9663786),(67.3579428),(76.9216256),(89.1331398),(65.8578922),(89.1331398),(85.2118788),,,,,,,,,,,,,,,,,,,
3430,,,,,,,,,,,,,,,,,,,,,,,,,
,Stage-IV, ,,,,,,,,,,,,,,,,,,,,,,,
(89.1966341),,,,,,,,,,,,,,,,,,,,,,,,,
3415,,,,,,,,,,,,,,,,,,,,,,,,,
,I-Non PWD / DEF, ,,,,,,,,,,,,,,,,,,,,,,,
(89.1966341),,,,,,,,,,,,,,,,,,,,,,,,,
,Other Than Home University Seats,,,,,,,,,,,,,,,,,,,,,,,,
Other Than Home University Seats Allotted to Other Than Home University Candidates,,,,,,,,,,,,,,,,,,,,,,,,,
,GOPENO, ,GSCO, ,GSTO, ,GOBCO,,,,,,,,,,,,,,,,,,
1529,3148,16696,1892,,,,,,,,,,,,,,,,,,,,,,
Stage-I, ,,,,,,,,,,,,,,,,,,,,,,,,
(94.6454851),(90.7733494),(44.5345198),(93.5511867),,,,,,,,,,,,,,,,,,,,,,
,State Level Seats,,,,,,,,,,,,,,,,,,,,,,,,
,EWS, ,TFWS,,,,,,,,,,,,,,,,,,,,,,
5544,1321,,,,,,,,,,,,,,,,,,,,,,,,
Stage-I, ,,,,,,,,,,,,,,,,,,,,,,,,
(82.9644433),(95.5548847),,,,,,,,,,,,,,,,,,,,,,,,
,Legends :, ,"Legends: G-General, L-Ladies, S-State Level Seats ,PWD - Persons with Disabilities,DEF - Defence,PWDR :PWD Common Reserved Seat",,,,,,,,,,,,,,,,,,,,,,
"DEFR :Defense Common Reserved Seat ,* Maharashtra State Seats - Cut Off Indicates State General Merit No. ; Figures in bracket Indicates Merit Score",,,,,,,,,,,,,,,,,,,,,,,,,
,Page 233 of 265,,,,,,,,,,,,,,,,,,,,,,,,
GOVERNMENT OF MAHARASHTRA,,,,,,,,,,,,,,,,,,,,,,,,,
,"Directorate of Technical Education, Maharashtra State, Mumbai.",,,,,,,,,,,,,,,,,,,,,,,,
,Cut Off List for Maharashtra & Minority Seats of CAP Round-II for Admission to the First Year Post Graduate Technical Course in Master of Computer Applications (MCA) for the Academic Year 2025-26.,,,,,,,,,,,,,,,,,,,,,,,,
,"6836 - Dr.D.Y.Patil Institute Of Management & Entrepreneur Development,Talegaon",,,,,,,,,,,,,,,,,,,,,,,,
,0683624110 - Master in Computer Application,,,,,,,,,,,,,,,,,,,,,,,,
,Status :, ,Un-Aided,,,,,,,,,,,,,,,,,,,,,,
,Home University Seats,,,,,,,,,,,,,,,,,,,,,,,,
Home University Seats Allotted to Home University Candidates,,,,,,,,,,,,,,,,,,,,,,,,,
,GOPENH, ,GSCH, ,GSTH, ,GNTAH, ,GNTDH, ,GOBCH, ,GSEBCH, ,PWDOPENH,,,,,,,,,,
7890,18938,20945,18011,9604,12437,1193,,,,,,,,,,,,,,,,,,,
Stage-I, ,,,,,,,,,,,,,,,,,,,,,,,,
(76.9216256),(34.5198145),(25.4779232),(39.3989669),(71.1549338),(61.2807064),(96.1125146),,,,,,,,,,,,,,,,,,,
8953,,,,,,,,,,,,,,,,,,,,,,,,,
,Stage-IV, ,,,,,,,,,,,,,,,,,,,,,,,
(73.5368477),,,,,,,,,,,,,,,,,,,,,,,,,
7991,,,,,,,,,,,,,,,,,,,,,,,,,
,I-Non PWD / DEF, ,,,,,,,,,,,,,,,,,,,,,,,
(74.782248),,,,,,,,,,,,,,,,,,,,,,,,,
,Other Than Home University Seats,,,,,,,,,,,,,,,,,,,,,,,,
Other Than Home University Seats Allotted to Other Than Home University Candidates,,,,,,,,,,,,,,,,,,,,,,,,,
,GOPENO, ,GSCO, ,GSTO, ,GNTCO, ,GNTDO, ,GOBCO, ,GSEBCO,,,,,,,,,,,,
4018,7568,4208,13860,4653,6459,,,,,,,,,,,,,,,,,,,,
Stage-I, ,,,,,,,,,,,,,,,,,,,,,,,,
(87.3496474),(76.9216256),(87.2080299),(56.5488095),(85.3851665),(80.5399495),,,,,,,,,,,,,,,,,,,,
4665,,,,,,,,,,,,,,,,,,,,,,,,,
,Stage-IV, ,,,,,,,,,,,,,,,,,,,,,,,
(85.3851665),,,,,,,,,,,,,,,,,,,,,,,,,
,State Level Seats,,,,,,,,,,,,,,,,,,,,,,,,
,EWS, ,TFWS,,,,,,,,,,,,,,,,,,,,,,
23382,1989,,,,,,,,,,,,,,,,,,,,,,,,
Stage-I, ,,,,,,,,,,,,,,,,,,,,,,,,
(13.5402134),(93.5511867),,,,,,,,,,,,,,,,,,,,,,,,
,Legends :, ,"Legends: G-General, L-Ladies, S-State Level Seats ,PWD - Persons with Disabilities,DEF - Defence,PWDR :PWD Common Reserved Seat",,,,,,,,,,,,,,,,,,,,,,
"DEFR :Defense Common Reserved Seat ,* Maharashtra State Seats - Cut Off Indicates State General Merit No. ; Figures in bracket Indicates Merit Score",,,,,,,,,,,,,,,,,,,,,,,,,
,Page 234 of 265,,,,,,,,,,,,,,,,,,,,,,,,
GOVERNMENT OF MAHARASHTRA,,,,,,,,,,,,,,,,,,,,,,,,,
,"Directorate of Technical Education, Maharashtra State, Mumbai.",,,,,,,,,,,,,,,,,,,,,,,,
,Cut Off List for Maharashtra & Minority Seats of CAP Round-II for Admission to the First Year Post Graduate Technical Course in Master of Computer Applications (MCA) for the Academic Year 2025-26.,,,,,,,,,,,,,,,,,,,,,,,,
,"6899 - Chhatrapati Shahu Institute of Business Education & Research, Kolhapur",,,,,,,,,,,,,,,,,,,,,,,,
,0689924110 - Master in Computer Application,,,,,,,,,,,,,,,,,,,,,,,,
,Status :, ,Un-Aided-Autonomous,,,,,,,,,,,,,,,,,,,,,,
,Home University Seats,,,,,,,,,,,,,,,,,,,,,,,,
Home University Seats Allotted to Home University Candidates,,,,,,,,,,,,,,,,,,,,,,,,,
,GOPENH, ,GSCH, ,GSTH, ,GNTAH, ,GNTDH, ,GOBCH, ,GSEBCH, ,PWDOPENH,,,,,,,,,,
7405,12517,13146,7892,,,,,,,,,,,,,,,,,,,,,,
Stage-I, ,,,,,,,,,,,,,,,,,,,,,,,,
(77.8251197),(61.2807064),(58.7911466),(76.9216256),,,,,,,,,,,,,,,,,,,,,,
7893,7982,7735,,,,,,,,,,,,,,,,,,,,,,,
,Stage-IV, ,,,,,,,,,,,,,,,,,,,,,,,
(76.9216256),(74.782248),(76.9216256),,,,,,,,,,,,,,,,,,,,,,,
7479,,,,,,,,,,,,,,,,,,,,,,,,,
,I-Non PWD / DEF, ,,,,,,,,,,,,,,,,,,,,,,,
(76.9216256),,,,,,,,,,,,,,,,,,,,,,,,,
,Other Than Home University Seats,,,,,,,,,,,,,,,,,,,,,,,,
Other Than Home University Seats Allotted to Other Than Home University Candidates,,,,,,,,,,,,,,,,,,,,,,,,,
,GOPENO, ,GSTO, ,GNTDO, ,GOBCO,,,,,,,,,,,,,,,,,,
16235,22495,,,,,,,,,,,,,,,,,,,,,,,,
Stage-I, ,,,,,,,,,,,,,,,,,,,,,,,,
(46.3793819),(16.9789978),,,,,,,,,,,,,,,,,,,,,,,,
17294,19995,,,,,,,,,,,,,,,,,,,,,,,,
,Stage-IV, ,,,,,,,,,,,,,,,,,,,,,,,
(41.4550394),(29.9046039),,,,,,,,,,,,,,,,,,,,,,,,
,Other Than Home University Seats Allotted to Home University Candidates,,,,,,,,,,,,,,,,,,,,,,,,
,GSCO, ,GSTO, ,GNTCO, ,GOBCO, ,GSEBCO,,,,,,,,,,,,,,,,
14017,15068,13218,8200,,,,,,,,,,,,,,,,,,,,,,
Stage-I, ,,,,,,,,,,,,,,,,,,,,,,,,
(53.942159),(51.4093808),(58.7911466),(74.782248),,,,,,,,,,,,,,,,,,,,,,
8054,,,,,,,,,,,,,,,,,,,,,,,,,
,Stage-IV, ,,,,,,,,,,,,,,,,,,,,,,,
(74.782248),,,,,,,,,,,,,,,,,,,,,,,,,
,Legends :, ,"Legends: G-General, L-Ladies, S-State Level Seats ,PWD - Persons with Disabilities,DEF - Defence,PWDR :PWD Common Reserved Seat",,,,,,,,,,,,,,,,,,,,,,
"DEFR :Defense Common Reserved Seat ,* Maharashtra State Seats - Cut Off Indicates State General Merit No. ; Figures in bracket Indicates Merit Score",,,,,,,,,,,,,,,,,,,,,,,,,
,Page 235 of 265,,,,,,,,,,,,,,,,,,,,,,,,
GOVERNMENT OF MAHARASHTRA,,,,,,,,,,,,,,,,,,,,,,,,,
,"Directorate of Technical Education, Maharashtra State, Mumbai.",,,,,,,,,,,,,,,,,,,,,,,,
,Cut Off List for Maharashtra & Minority Seats of CAP Round-II for Admission to the First Year Post Graduate Technical Course in Master of Computer Applications (MCA) for the Academic Year 2025-26.,,,,,,,,,,,,,,,,,,,,,,,,
,"6899 - Chhatrapati Shahu Institute of Business Education & Research, Kolhapur",,,,,,,,,,,,,,,,,,,,,,,,
,0689924110 - Master in Computer Application,,,,,,,,,,,,,,,,,,,,,,,,
,Status :, ,Un-Aided-Autonomous,,,,,,,,,,,,,,,,,,,,,,
,State Level Seats,,,,,,,,,,,,,,,,,,,,,,,,
,EWS, ,TFWS,,,,,,,,,,,,,,,,,,,,,,
22382,1860,,,,,,,,,,,,,,,,,,,,,,,,
Stage-I, ,,,,,,,,,,,,,,,,,,,,,,,,
(19.1539942),(93.5511867),,,,,,,,,,,,,,,,,,,,,,,,
,Legends :, ,"Legends: G-General, L-Ladies, S-State Level Seats ,PWD - Persons with Disabilities,DEF - Defence,PWDR :PWD Common Reserved Seat",,,,,,,,,,,,,,,,,,,,,,
"DEFR :Defense Common Reserved Seat ,* Maharashtra State Seats - Cut Off Indicates State General Merit No. ; Figures in bracket Indicates Merit Score",,,,,,,,,,,,,,,,,,,,,,,,,
,Page 236 of 265,,,,,,,,,,,,,,,,,,,,,,,,
GOVERNMENT OF MAHARASHTRA,,,,,,,,,,,,,,,,,,,,,,,,,
,"Directorate of Technical Education, Maharashtra State, Mumbai.",,,,,,,,,,,,,,,,,,,,,,,,
,Cut Off List for Maharashtra & Minority Seats of CAP Round-II for Admission to the First Year Post Graduate Technical Course in Master of Computer Applications (MCA) for the Academic Year 2025-26.,,,,,,,,,,,,,,,,,,,,,,,,
,"6971 - K.B. Joshi Institute of Information Technology, Pune",,,,,,,,,,,,,,,,,,,,,,,,
,0697124150F - Master in Computer Application,,,,,,,,,,,,,,,,,,,,,,,,
,Status :, ,Un-Aided,,,,,,,,,,,,,,,,,,,,,,
,State Level Seats,,,,,,,,,,,,,,,,,,,,,,,,
,GOPENS, ,GSCS, ,GSTS, ,GNTCS, ,GOBCS, ,PWDOPENS, ,TFWS,,,,,,,,,,,,
5025,10476,16132,8494,4328,,,,,,,,,,,,,,,,,,,,,
Stage-I, ,,,,,,,,,,,,,,,,,,,,,,,,
(85.2118788),(67.3579428),(46.3793819),(73.5368477),(87.2080299),,,,,,,,,,,,,,,,,,,,,
6801,,,,,,,,,,,,,,,,,,,,,,,,,
,Stage-IV, ,,,,,,,,,,,,,,,,,,,,,,,
(79.9969812),,,,,,,,,,,,,,,,,,,,,,,,,
5676,,,,,,,,,,,,,,,,,,,,,,,,,
,I-Non PWD / DEF, ,,,,,,,,,,,,,,,,,,,,,,,
(82.8308366),,,,,,,,,,,,,,,,,,,,,,,,,
,Legends :, ,"Legends: G-General, L-Ladies, S-State Level Seats ,PWD - Persons with Disabilities,DEF - Defence,PWDR :PWD Common Reserved Seat",,,,,,,,,,,,,,,,,,,,,,
"DEFR :Defense Common Reserved Seat ,* Maharashtra State Seats - Cut Off Indicates State General Merit No. ; Figures in bracket Indicates Merit Score",,,,,,,,,,,,,,,,,,,,,,,,,
,Page 237 of 265,,,,,,,,,,,,,,,,,,,,,,,,
GOVERNMENT OF MAHARASHTRA,,,,,,,,,,,,,,,,,,,,,,,,,
,"Directorate of Technical Education, Maharashtra State, Mumbai.",,,,,,,,,,,,,,,,,,,,,,,,
,Cut Off List for Maharashtra & Minority Seats of CAP Round-II for Admission to the First Year Post Graduate Technical Course in Master of Computer Applications (MCA) for the Academic Year 2025-26.,,,,,,,,,,,,,,,,,,,,,,,,
,"6973 - ASMS Institute of Business Management and Research MCA, Pune",,,,,,,,,,,,,,,,,,,,,,,,
,0697324110 - Master in Computer Application,,,,,,,,,,,,,,,,,,,,,,,,
,Status :, ,Un-Aided,,,,,,,,,,,,,,,,,,,,,,
,Home University Seats,,,,,,,,,,,,,,,,,,,,,,,,
Home University Seats Allotted to Home University Candidates,,,,,,,,,,,,,,,,,,,,,,,,,
,GOPENH, ,GSCH, ,GSTH, ,GNTBH, ,GNTCH, ,GOBCH, ,GSEBCH, ,PWDOPENH, ,PWDOBCH,,,,,,,,
5732,14500,21496,9480,10917,9719,11190,,,,,,,,,,,,,,,,,,,
Stage-I, ,,,,,,,,,,,,,,,,,,,,,,,,
(82.8308366),(53.942159),(23.1010151),(71.1549338),(65.8578922),(69.7143504),(65.8578922),,,,,,,,,,,,,,,,,,,
7786,,,,,,,,,,,,,,,,,,,,,,,,,
,Stage-IV, ,,,,,,,,,,,,,,,,,,,,,,,
(76.9216256),,,,,,,,,,,,,,,,,,,,,,,,,
6382,9731,,,,,,,,,,,,,,,,,,,,,,,,
,I-Non PWD / DEF, ,,,,,,,,,,,,,,,,,,,,,,,
(80.5399495),(69.7143504),,,,,,,,,,,,,,,,,,,,,,,,
,Other Than Home University Seats,,,,,,,,,,,,,,,,,,,,,,,,
Other Than Home University Seats Allotted to Other Than Home University Candidates,,,,,,,,,,,,,,,,,,,,,,,,,
,GOPENO, ,GSCO, ,GSTO, ,GNTAO, ,GNTBO, ,GOBCO, ,GSEBCO,,,,,,,,,,,,
4147,6362,12793,11285,8606,5180,6070,,,,,,,,,,,,,,,,,,,
Stage-I, ,,,,,,,,,,,,,,,,,,,,,,,,
(87.2080299),(80.5399495),(58.7911466),(65.8578922),(73.5368477),(85.2118788),(82.8308366),,,,,,,,,,,,,,,,,,,
4835,,,,,,,,,,,,,,,,,,,,,,,,,
,Stage-IV, ,,,,,,,,,,,,,,,,,,,,,,,
(85.2118788),,,,,,,,,,,,,,,,,,,,,,,,,
,State Level Seats,,,,,,,,,,,,,,,,,,,,,,,,
,EWS, ,TFWS,,,,,,,,,,,,,,,,,,,,,,
11123,3272,,,,,,,,,,,,,,,,,,,,,,,,
Stage-I, ,,,,,,,,,,,,,,,,,,,,,,,,
(65.8578922),(89.1966341),,,,,,,,,,,,,,,,,,,,,,,,
,Legends :, ,"Legends: G-General, L-Ladies, S-State Level Seats ,PWD - Persons with Disabilities,DEF - Defence,PWDR :PWD Common Reserved Seat",,,,,,,,,,,,,,,,,,,,,,
"DEFR :Defense Common Reserved Seat ,* Maharashtra State Seats - Cut Off Indicates State General Merit No. ; Figures in bracket Indicates Merit Score",,,,,,,,,,,,,,,,,,,,,,,,,
,Page 238 of 265,,,,,,,,,,,,,,,,,,,,,,,,
GOVERNMENT OF MAHARASHTRA,,,,,,,,,,,,,,,,,,,,,,,,,
,"Directorate of Technical Education, Maharashtra State, Mumbai.",,,,,,,,,,,,,,,,,,,,,,,,
,Cut Off List for Maharashtra & Minority Seats of CAP Round-II for Admission to the First Year Post Graduate Technical Course in Master of Computer Applications (MCA) for the Academic Year 2025-26.,,,,,,,,,,,,,,,,,,,,,,,,
,6990 - Jaihind Institute of Management and Research,,,,,,,,,,,,,,,,,,,,,,,,
,0699024110 - Master in Computer Application,,,,,,,,,,,,,,,,,,,,,,,,
,Status :, ,Un-Aided,,,,,,,,,,,,,,,,,,,,,,
,Home University Seats,,,,,,,,,,,,,,,,,,,,,,,,
Home University Seats Allotted to Home University Candidates,,,,,,,,,,,,,,,,,,,,,,,,,
,GOPENH, ,GSCH, ,GSTH, ,GNTAH, ,GNTBH, ,GNTCH, ,GNTDH, ,GOBCH, ,GSEBCH, ,PWDOPENH,,,,,,
11705,21192,25337,16174,17482,,,,,,,,,,,,,,,,,,,,,
Stage-I, ,,,,,,,,,,,,,,,,,,,,,,,,
(63.1574978),(25.4779232),(1.3498737),(46.3793819),(41.4550394),,,,,,,,,,,,,,,,,,,,,
15465,14357,14852,14936,14871,,,,,,,,,,,,,,,,,,,,,
,Stage-IV, ,,,,,,,,,,,,,,,,,,,,,,,
(49.3533426),(53.942159),(51.4093808),(51.4093808),(51.4093808),,,,,,,,,,,,,,,,,,,,,
12998,,,,,,,,,,,,,,,,,,,,,,,,,
,I-Non PWD / DEF, ,,,,,,,,,,,,,,,,,,,,,,,
(58.7911466),,,,,,,,,,,,,,,,,,,,,,,,,
,Home University Seats Allotted to Other Than Home University Candidates,,,,,,,,,,,,,,,,,,,,,,,,
,GSCH,,,,,,,,,,,,,,,,,,,,,,,,
18106,,,,,,,,,,,,,,,,,,,,,,,,,
Stage-I, ,,,,,,,,,,,,,,,,,,,,,,,,
(39.3989669),,,,,,,,,,,,,,,,,,,,,,,,,
,Other Than Home University Seats,,,,,,,,,,,,,,,,,,,,,,,,
Other Than Home University Seats Allotted to Other Than Home University Candidates,,,,,,,,,,,,,,,,,,,,,,,,,
,GOPENO, ,GSCO, ,GSTO, ,GNTAO, ,GNTBO, ,GNTCO, ,GOBCO, ,GSEBCO,,,,,,,,,,
13113,17356,21564,19354,18114,,,,,,,,,,,,,,,,,,,,,
Stage-I, ,,,,,,,,,,,,,,,,,,,,,,,,
(58.7911466),(41.4550394),(23.1010151),(31.6629561),(39.3989669),,,,,,,,,,,,,,,,,,,,,
15130,15760,14488,,,,,,,,,,,,,,,,,,,,,,,
,Stage-IV, ,,,,,,,,,,,,,,,,,,,,,,,
(51.4093808),(49.3533426),(53.942159),,,,,,,,,,,,,,,,,,,,,,,
,Legends :, ,"Legends: G-General, L-Ladies, S-State Level Seats ,PWD - Persons with Disabilities,DEF - Defence,PWDR :PWD Common Reserved Seat",,,,,,,,,,,,,,,,,,,,,,
"DEFR :Defense Common Reserved Seat ,* Maharashtra State Seats - Cut Off Indicates State General Merit No. ; Figures in bracket Indicates Merit Score",,,,,,,,,,,,,,,,,,,,,,,,,
,Page 239 of 265,,,,,,,,,,,,,,,,,,,,,,,,
GOVERNMENT OF MAHARASHTRA,,,,,,,,,,,,,,,,,,,,,,,,,
,"Directorate of Technical Education, Maharashtra State, Mumbai.",,,,,,,,,,,,,,,,,,,,,,,,
,Cut Off List for Maharashtra & Minority Seats of CAP Round-II for Admission to the First Year Post Graduate Technical Course in Master of Computer Applications (MCA) for the Academic Year 2025-26.,,,,,,,,,,,,,,,,,,,,,,,,
,6990 - Jaihind Institute of Management and Research,,,,,,,,,,,,,,,,,,,,,,,,
,0699024110 - Master in Computer Application,,,,,,,,,,,,,,,,,,,,,,,,
,Status :, ,Un-Aided,,,,,,,,,,,,,,,,,,,,,,
,State Level Seats,,,,,,,,,,,,,,,,,,,,,,,,
,TFWS,,,,,,,,,,,,,,,,,,,,,,,,
6365,,,,,,,,,,,,,,,,,,,,,,,,,
Stage-I, ,,,,,,,,,,,,,,,,,,,,,,,,
(80.5399495),,,,,,,,,,,,,,,,,,,,,,,,,
,Legends :, ,"Legends: G-General, L-Ladies, S-State Level Seats ,PWD - Persons with Disabilities,DEF - Defence,PWDR :PWD Common Reserved Seat",,,,,,,,,,,,,,,,,,,,,,
"DEFR :Defense Common Reserved Seat ,* Maharashtra State Seats - Cut Off Indicates State General Merit No. ; Figures in bracket Indicates Merit Score",,,,,,,,,,,,,,,,,,,,,,,,,
,Page 240 of 265,,,,,,,,,,,,,,,,,,,,,,,,
GOVERNMENT OF MAHARASHTRA,,,,,,,,,,,,,,,,,,,,,,,,,
,"Directorate of Technical Education, Maharashtra State, Mumbai.",,,,,,,,,,,,,,,,,,,,,,,,
,Cut Off List for Maharashtra & Minority Seats of CAP Round-II for Admission to the First Year Post Graduate Technical Course in Master of Computer Applications (MCA) for the Academic Year 2025-26.,,,,,,,,,,,,,,,,,,,,,,,,
,"6991 - Dr. D.Y. Patil Technical Campus, Varale, Talegaon, Pune",,,,,,,,,,,,,,,,,,,,,,,,
,0699124110 - Master in Computer Application,,,,,,,,,,,,,,,,,,,,,,,,
,Status :, ,Un-Aided,,,,,,,,,,,,,,,,,,,,,,
,Home University Seats,,,,,,,,,,,,,,,,,,,,,,,,
Home University Seats Allotted to Home University Candidates,,,,,,,,,,,,,,,,,,,,,,,,,
,GOPENH, ,GSTH, ,GNTBH, ,GNTCH, ,GNTDH, ,GOBCH, ,GSEBCH, ,PWDOPENH,,,,,,,,,,
10522,19052,13548,24033,12886,18971,,,,,,,,,,,,,,,,,,,,
Stage-I, ,,,,,,,,,,,,,,,,,,,,,,,,
(67.3579428),(34.5198145),(56.5488095),(9.7430286),(58.7911466),(34.5198145),,,,,,,,,,,,,,,,,,,,
11244,,,,,,,,,,,,,,,,,,,,,,,,,
,Stage-IV, ,,,,,,,,,,,,,,,,,,,,,,,
(65.8578922),,,,,,,,,,,,,,,,,,,,,,,,,
10656,,,,,,,,,,,,,,,,,,,,,,,,,
,I-Non PWD / DEF, ,,,,,,,,,,,,,,,,,,,,,,,
(67.3579428),,,,,,,,,,,,,,,,,,,,,,,,,
,Home University Seats Allotted to Other Than Home University Candidates,,,,,,,,,,,,,,,,,,,,,,,,
,GSCH,,,,,,,,,,,,,,,,,,,,,,,,
9880,,,,,,,,,,,,,,,,,,,,,,,,,
Stage-I, ,,,,,,,,,,,,,,,,,,,,,,,,
(69.7143504),,,,,,,,,,,,,,,,,,,,,,,,,
,Other Than Home University Seats,,,,,,,,,,,,,,,,,,,,,,,,
Other Than Home University Seats Allotted to Other Than Home University Candidates,,,,,,,,,,,,,,,,,,,,,,,,,
,GOPENO, ,GSCO, ,GSTO, ,GNTAO, ,GNTBO, ,GOBCO, ,GSEBCO,,,,,,,,,,,,
4651,8096,6547,9263,7041,6085,,,,,,,,,,,,,,,,,,,,
Stage-I, ,,,,,,,,,,,,,,,,,,,,,,,,
(85.3851665),(74.782248),(79.9969812),(71.1549338),(77.8251197),(82.8308366),,,,,,,,,,,,,,,,,,,,
5521,,,,,,,,,,,,,,,,,,,,,,,,,
,Stage-IV, ,,,,,,,,,,,,,,,,,,,,,,,
(82.9644433),,,,,,,,,,,,,,,,,,,,,,,,,
,Legends :, ,"Legends: G-General, L-Ladies, S-State Level Seats ,PWD - Persons with Disabilities,DEF - Defence,PWDR :PWD Common Reserved Seat",,,,,,,,,,,,,,,,,,,,,,
"DEFR :Defense Common Reserved Seat ,* Maharashtra State Seats - Cut Off Indicates State General Merit No. ; Figures in bracket Indicates Merit Score",,,,,,,,,,,,,,,,,,,,,,,,,
,Page 241 of 265,,,,,,,,,,,,,,,,,,,,,,,,
GOVERNMENT OF MAHARASHTRA,,,,,,,,,,,,,,,,,,,,,,,,,
,"Directorate of Technical Education, Maharashtra State, Mumbai.",,,,,,,,,,,,,,,,,,,,,,,,
,Cut Off List for Maharashtra & Minority Seats of CAP Round-II for Admission to the First Year Post Graduate Technical Course in Master of Computer Applications (MCA) for the Academic Year 2025-26.,,,,,,,,,,,,,,,,,,,,,,,,
,"6991 - Dr. D.Y. Patil Technical Campus, Varale, Talegaon, Pune",,,,,,,,,,,,,,,,,,,,,,,,
,0699124110 - Master in Computer Application,,,,,,,,,,,,,,,,,,,,,,,,
,Status :, ,Un-Aided,,,,,,,,,,,,,,,,,,,,,,
,State Level Seats,,,,,,,,,,,,,,,,,,,,,,,,
,EWS, ,TFWS,,,,,,,,,,,,,,,,,,,,,,
24534,1199,,,,,,,,,,,,,,,,,,,,,,,,
Stage-I, ,,,,,,,,,,,,,,,,,,,,,,,,
(5.9311489),(96.1125146),,,,,,,,,,,,,,,,,,,,,,,,
,Legends :, ,"Legends: G-General, L-Ladies, S-State Level Seats ,PWD - Persons with Disabilities,DEF - Defence,PWDR :PWD Common Reserved Seat",,,,,,,,,,,,,,,,,,,,,,
"DEFR :Defense Common Reserved Seat ,* Maharashtra State Seats - Cut Off Indicates State General Merit No. ; Figures in bracket Indicates Merit Score",,,,,,,,,,,,,,,,,,,,,,,,,
,Page 242 of 265,,,,,,,,,,,,,,,,,,,,,,,,
GOVERNMENT OF MAHARASHTRA,,,,,,,,,,,,,,,,,,,,,,,,,
,"Directorate of Technical Education, Maharashtra State, Mumbai.",,,,,,,,,,,,,,,,,,,,,,,,
,Cut Off List for Maharashtra & Minority Seats of CAP Round-II for Admission to the First Year Post Graduate Technical Course in Master of Computer Applications (MCA) for the Academic Year 2025-26.,,,,,,,,,,,,,,,,,,,,,,,,
,"6992 - Pune Cambridge Institute of Management and Computer Application, Ambegaon Pathar, Pune",,,,,,,,,,,,,,,,,,,,,,,,
,0699224110 - Master in Computer Application,,,,,,,,,,,,,,,,,,,,,,,,
,Status :, ,Un-Aided,,,,,,,,,,,,,,,,,,,,,,
,Home University Seats,,,,,,,,,,,,,,,,,,,,,,,,
Home University Seats Allotted to Home University Candidates,,,,,,,,,,,,,,,,,,,,,,,,,
,GOPENH, ,GSCH, ,GSTH, ,GOBCH, ,GSEBCH, ,PWDOPENH,,,,,,,,,,,,,,
8051,24056,13637,16195,,,,,,,,,,,,,,,,,,,,,,
Stage-I, ,,,,,,,,,,,,,,,,,,,,,,,,
(74.782248),(9.7430286),(56.5488095),(46.3793819),,,,,,,,,,,,,,,,,,,,,,
8816,,,,,,,,,,,,,,,,,,,,,,,,,
,Stage-IV, ,,,,,,,,,,,,,,,,,,,,,,,
(73.5368477),,,,,,,,,,,,,,,,,,,,,,,,,
8170,,,,,,,,,,,,,,,,,,,,,,,,,
,I-Non PWD / DEF, ,,,,,,,,,,,,,,,,,,,,,,,
(74.782248),,,,,,,,,,,,,,,,,,,,,,,,,
,Home University Seats Allotted to Other Than Home University Candidates,,,,,,,,,,,,,,,,,,,,,,,,
,GSCH,,,,,,,,,,,,,,,,,,,,,,,,
7921,,,,,,,,,,,,,,,,,,,,,,,,,
Stage-I, ,,,,,,,,,,,,,,,,,,,,,,,,
(76.9216256),,,,,,,,,,,,,,,,,,,,,,,,,
,Other Than Home University Seats,,,,,,,,,,,,,,,,,,,,,,,,
Other Than Home University Seats Allotted to Other Than Home University Candidates,,,,,,,,,,,,,,,,,,,,,,,,,
,GOPENO, ,GSTO, ,GOBCO, ,GSEBCO,,,,,,,,,,,,,,,,,,
3206,6333,3991,,,,,,,,,,,,,,,,,,,,,,,
Stage-I, ,,,,,,,,,,,,,,,,,,,,,,,,
(90.7733494),(80.5399495),(87.3496474),,,,,,,,,,,,,,,,,,,,,,,
3460,,,,,,,,,,,,,,,,,,,,,,,,,
,Stage-IV, ,,,,,,,,,,,,,,,,,,,,,,,
(89.1966341),,,,,,,,,,,,,,,,,,,,,,,,,
,Legends :, ,"Legends: G-General, L-Ladies, S-State Level Seats ,PWD - Persons with Disabilities,DEF - Defence,PWDR :PWD Common Reserved Seat",,,,,,,,,,,,,,,,,,,,,,
"DEFR :Defense Common Reserved Seat ,* Maharashtra State Seats - Cut Off Indicates State General Merit No. ; Figures in bracket Indicates Merit Score",,,,,,,,,,,,,,,,,,,,,,,,,
,Page 243 of 265,,,,,,,,,,,,,,,,,,,,,,,,
GOVERNMENT OF MAHARASHTRA,,,,,,,,,,,,,,,,,,,,,,,,,
,"Directorate of Technical Education, Maharashtra State, Mumbai.",,,,,,,,,,,,,,,,,,,,,,,,
,Cut Off List for Maharashtra & Minority Seats of CAP Round-II for Admission to the First Year Post Graduate Technical Course in Master of Computer Applications (MCA) for the Academic Year 2025-26.,,,,,,,,,,,,,,,,,,,,,,,,
,"6992 - Pune Cambridge Institute of Management and Computer Application, Ambegaon Pathar, Pune",,,,,,,,,,,,,,,,,,,,,,,,
,0699224110 - Master in Computer Application,,,,,,,,,,,,,,,,,,,,,,,,
,Status :, ,Un-Aided,,,,,,,,,,,,,,,,,,,,,,
,State Level Seats,,,,,,,,,,,,,,,,,,,,,,,,
,EWS,,,,,,,,,,,,,,,,,,,,,,,,
22572,,,,,,,,,,,,,,,,,,,,,,,,,
Stage-I, ,,,,,,,,,,,,,,,,,,,,,,,,
(16.9789978),,,,,,,,,,,,,,,,,,,,,,,,,
,Legends :, ,"Legends: G-General, L-Ladies, S-State Level Seats ,PWD - Persons with Disabilities,DEF - Defence,PWDR :PWD Common Reserved Seat",,,,,,,,,,,,,,,,,,,,,,
"DEFR :Defense Common Reserved Seat ,* Maharashtra State Seats - Cut Off Indicates State General Merit No. ; Figures in bracket Indicates Merit Score",,,,,,,,,,,,,,,,,,,,,,,,,
,Page 244 of 265,,,,,,,,,,,,,,,,,,,,,,,,
GOVERNMENT OF MAHARASHTRA,,,,,,,,,,,,,,,,,,,,,,,,,
,"Directorate of Technical Education, Maharashtra State, Mumbai.",,,,,,,,,,,,,,,,,,,,,,,,
,Cut Off List for Maharashtra & Minority Seats of CAP Round-II for Admission to the First Year Post Graduate Technical Course in Master of Computer Applications (MCA) for the Academic Year 2025-26.,,,,,,,,,,,,,,,,,,,,,,,,
,16122 - Pharate Patil Management Institutes,,,,,,,,,,,,,,,,,,,,,,,,
,1612224110 - Master in Computer Application,,,,,,,,,,,,,,,,,,,,,,,,
,Status :, ,Un-Aided,,,,,,,,,,,,,,,,,,,,,,
,Home University Seats,,,,,,,,,,,,,,,,,,,,,,,,
Home University Seats Allotted to Home University Candidates,,,,,,,,,,,,,,,,,,,,,,,,,
,GOPENH, ,GSCH, ,GSTH, ,GNTAH, ,GNTBH, ,GNTCH, ,GNTDH, ,GOBCH, ,GSEBCH, ,PWDOPENH,,,,,,
5981,23907,23510,19286,21397,18632,23426,,,,,,,,,,,,,,,,,,,
Stage-I, ,,,,,,,,,,,,,,,,,,,,,,,,
(82.8308366),(10.5199653),(12.4750009),(34.5198145),(23.1010151),(36.496736),(12.4750009),,,,,,,,,,,,,,,,,,,
18513,16408,17278,17509,18412,,,,,,,,,,,,,,,,,,,,,
,Stage-IV, ,,,,,,,,,,,,,,,,,,,,,,,
(36.496736),(46.3793819),(41.4550394),(41.4550394),(36.496736),,,,,,,,,,,,,,,,,,,,,
9278,,,,,,,,,,,,,,,,,,,,,,,,,
,I-Non PWD / DEF, ,,,,,,,,,,,,,,,,,,,,,,,
(71.1549338),,,,,,,,,,,,,,,,,,,,,,,,,
,Other Than Home University Seats,,,,,,,,,,,,,,,,,,,,,,,,
Other Than Home University Seats Allotted to Other Than Home University Candidates,,,,,,,,,,,,,,,,,,,,,,,,,
,GOPENO, ,GSCO, ,GSTO, ,GNTAO, ,GNTDO, ,GOBCO,,,,,,,,,,,,,,
17944,19716,20887,,,,,,,,,,,,,,,,,,,,,,,
Stage-I, ,,,,,,,,,,,,,,,,,,,,,,,,
(39.3989669),(31.6629561),(25.4779232),,,,,,,,,,,,,,,,,,,,,,,
21256,19554,19574,19723,,,,,,,,,,,,,,,,,,,,,,
,Stage-IV, ,,,,,,,,,,,,,,,,,,,,,,,
(23.1010151),(31.6629561),(31.6629561),(31.6629561),,,,,,,,,,,,,,,,,,,,,,
,Other Than Home University Seats Allotted to Home University Candidates,,,,,,,,,,,,,,,,,,,,,,,,
,GNTCO,,,,,,,,,,,,,,,,,,,,,,,,
20098,,,,,,,,,,,,,,,,,,,,,,,,,
Stage-I, ,,,,,,,,,,,,,,,,,,,,,,,,
(29.9046039),,,,,,,,,,,,,,,,,,,,,,,,,
,Legends :, ,"Legends: G-General, L-Ladies, S-State Level Seats ,PWD - Persons with Disabilities,DEF - Defence,PWDR :PWD Common Reserved Seat",,,,,,,,,,,,,,,,,,,,,,
"DEFR :Defense Common Reserved Seat ,* Maharashtra State Seats - Cut Off Indicates State General Merit No. ; Figures in bracket Indicates Merit Score",,,,,,,,,,,,,,,,,,,,,,,,,
,Page 245 of 265,,,,,,,,,,,,,,,,,,,,,,,,
GOVERNMENT OF MAHARASHTRA,,,,,,,,,,,,,,,,,,,,,,,,,
,"Directorate of Technical Education, Maharashtra State, Mumbai.",,,,,,,,,,,,,,,,,,,,,,,,
,Cut Off List for Maharashtra & Minority Seats of CAP Round-II for Admission to the First Year Post Graduate Technical Course in Master of Computer Applications (MCA) for the Academic Year 2025-26.,,,,,,,,,,,,,,,,,,,,,,,,
,16122 - Pharate Patil Management Institutes,,,,,,,,,,,,,,,,,,,,,,,,
,1612224110 - Master in Computer Application,,,,,,,,,,,,,,,,,,,,,,,,
,Status :, ,Un-Aided,,,,,,,,,,,,,,,,,,,,,,
,State Level Seats,,,,,,,,,,,,,,,,,,,,,,,,
,EWS, ,TFWS,,,,,,,,,,,,,,,,,,,,,,
12890,6072,,,,,,,,,,,,,,,,,,,,,,,,
Stage-I, ,,,,,,,,,,,,,,,,,,,,,,,,
(58.7911466),(82.8308366),,,,,,,,,,,,,,,,,,,,,,,,
,Legends :, ,"Legends: G-General, L-Ladies, S-State Level Seats ,PWD - Persons with Disabilities,DEF - Defence,PWDR :PWD Common Reserved Seat",,,,,,,,,,,,,,,,,,,,,,
"DEFR :Defense Common Reserved Seat ,* Maharashtra State Seats - Cut Off Indicates State General Merit No. ; Figures in bracket Indicates Merit Score",,,,,,,,,,,,,,,,,,,,,,,,,
,Page 246 of 265,,,,,,,,,,,,,,,,,,,,,,,,
GOVERNMENT OF MAHARASHTRA,,,,,,,,,,,,,,,,,,,,,,,,,
,"Directorate of Technical Education, Maharashtra State, Mumbai.",,,,,,,,,,,,,,,,,,,,,,,,
,Cut Off List for Maharashtra & Minority Seats of CAP Round-II for Admission to the First Year Post Graduate Technical Course in Master of Computer Applications (MCA) for the Academic Year 2025-26.,,,,,,,,,,,,,,,,,,,,,,,,
,"16125 - Vivekanand College, Kolhapur",,,,,,,,,,,,,,,,,,,,,,,,
,1612524210 - Master of Computer Applications,,,,,,,,,,,,,,,,,,,,,,,,
,Status :, ,Un-Aided,,,,,,,,,,,,,,,,,,,,,,
,Home University Seats,,,,,,,,,,,,,,,,,,,,,,,,
Home University Seats Allotted to Home University Candidates,,,,,,,,,,,,,,,,,,,,,,,,,
,GOPENH, ,GSTH, ,GNTAH, ,GNTDH, ,GOBCH, ,GSEBCH, ,PWDOPENH,,,,,,,,,,,,
8598,15104,10491,,,,,,,,,,,,,,,,,,,,,,,
Stage-I, ,,,,,,,,,,,,,,,,,,,,,,,,
(73.5368477),(51.4093808),(67.3579428),,,,,,,,,,,,,,,,,,,,,,,
10759,10314,10503,,,,,,,,,,,,,,,,,,,,,,,
,Stage-IV, ,,,,,,,,,,,,,,,,,,,,,,,
(67.3579428),(67.3579428),(67.3579428),,,,,,,,,,,,,,,,,,,,,,,
9981,,,,,,,,,,,,,,,,,,,,,,,,,
,I-Non PWD / DEF, ,,,,,,,,,,,,,,,,,,,,,,,
(69.7143504),,,,,,,,,,,,,,,,,,,,,,,,,
,Other Than Home University Seats,,,,,,,,,,,,,,,,,,,,,,,,
Other Than Home University Seats Allotted to Other Than Home University Candidates,,,,,,,,,,,,,,,,,,,,,,,,,
,GOPENO,,,,,,,,,,,,,,,,,,,,,,,,
16365,,,,,,,,,,,,,,,,,,,,,,,,,
Stage-I, ,,,,,,,,,,,,,,,,,,,,,,,,
(46.3793819),,,,,,,,,,,,,,,,,,,,,,,,,
,Other Than Home University Seats Allotted to Home University Candidates,,,,,,,,,,,,,,,,,,,,,,,,
,GOPENO, ,GSCO, ,GSTO, ,GNTAO, ,GNTCO, ,GOBCO, ,GSEBCO,,,,,,,,,,,,
10753,22302,17247,11786,,,,,,,,,,,,,,,,,,,,,,
Stage-I, ,,,,,,,,,,,,,,,,,,,,,,,,
(67.3579428),(19.1539942),(41.4550394),(63.1574978),,,,,,,,,,,,,,,,,,,,,,
11091,10995,10766,,,,,,,,,,,,,,,,,,,,,,,
,Stage-IV, ,,,,,,,,,,,,,,,,,,,,,,,
(65.8578922),(65.8578922),(67.3579428),,,,,,,,,,,,,,,,,,,,,,,
,Legends :, ,"Legends: G-General, L-Ladies, S-State Level Seats ,PWD - Persons with Disabilities,DEF - Defence,PWDR :PWD Common Reserved Seat",,,,,,,,,,,,,,,,,,,,,,
"DEFR :Defense Common Reserved Seat ,* Maharashtra State Seats - Cut Off Indicates State General Merit No. ; Figures in bracket Indicates Merit Score",,,,,,,,,,,,,,,,,,,,,,,,,
,Page 247 of 265,,,,,,,,,,,,,,,,,,,,,,,,
GOVERNMENT OF MAHARASHTRA,,,,,,,,,,,,,,,,,,,,,,,,,
,"Directorate of Technical Education, Maharashtra State, Mumbai.",,,,,,,,,,,,,,,,,,,,,,,,
,Cut Off List for Maharashtra & Minority Seats of CAP Round-II for Admission to the First Year Post Graduate Technical Course in Master of Computer Applications (MCA) for the Academic Year 2025-26.,,,,,,,,,,,,,,,,,,,,,,,,
,"16125 - Vivekanand College, Kolhapur",,,,,,,,,,,,,,,,,,,,,,,,
,1612524210 - Master of Computer Applications,,,,,,,,,,,,,,,,,,,,,,,,
,Status :, ,Un-Aided,,,,,,,,,,,,,,,,,,,,,,
,State Level Seats,,,,,,,,,,,,,,,,,,,,,,,,
,EWS,,,,,,,,,,,,,,,,,,,,,,,,
25225,,,,,,,,,,,,,,,,,,,,,,,,,
Stage-I, ,,,,,,,,,,,,,,,,,,,,,,,,
(2.0662871),,,,,,,,,,,,,,,,,,,,,,,,,
,Legends :, ,"Legends: G-General, L-Ladies, S-State Level Seats ,PWD - Persons with Disabilities,DEF - Defence,PWDR :PWD Common Reserved Seat",,,,,,,,,,,,,,,,,,,,,,
"DEFR :Defense Common Reserved Seat ,* Maharashtra State Seats - Cut Off Indicates State General Merit No. ; Figures in bracket Indicates Merit Score",,,,,,,,,,,,,,,,,,,,,,,,,
,Page 248 of 265,,,,,,,,,,,,,,,,,,,,,,,,
GOVERNMENT OF MAHARASHTRA,,,,,,,,,,,,,,,,,,,,,,,,,
,"Directorate of Technical Education, Maharashtra State, Mumbai.",,,,,,,,,,,,,,,,,,,,,,,,
,Cut Off List for Maharashtra & Minority Seats of CAP Round-II for Admission to the First Year Post Graduate Technical Course in Master of Computer Applications (MCA) for the Academic Year 2025-26.,,,,,,,,,,,,,,,,,,,,,,,,
,16130 - KARMAVEER HIRE ARTS SCIENCE COMMERCE AND EDUCATION COLLEGE,,,,,,,,,,,,,,,,,,,,,,,,
,1613024270U - Master of Computer Applications,,,,,,,,,,,,,,,,,,,,,,,,
,Status :, ,Un-Aided,,,,,,,,,,,,,,,,,,,,,,
,Home University Seats,,,,,,,,,,,,,,,,,,,,,,,,
Home University Seats Allotted to Home University Candidates,,,,,,,,,,,,,,,,,,,,,,,,,
,GOPENH, ,GSCH, ,GSTH, ,GNTAH, ,GNTCH, ,GOBCH,,,,,,,,,,,,,,
8067,22942,11351,,,,,,,,,,,,,,,,,,,,,,,
Stage-I, ,,,,,,,,,,,,,,,,,,,,,,,,
(74.782248),(15.5994113),(65.8578922),,,,,,,,,,,,,,,,,,,,,,,
11176,9924,10655,,,,,,,,,,,,,,,,,,,,,,,
,Stage-IV, ,,,,,,,,,,,,,,,,,,,,,,,
(65.8578922),(69.7143504),(67.3579428),,,,,,,,,,,,,,,,,,,,,,,
,Other Than Home University Seats,,,,,,,,,,,,,,,,,,,,,,,,
Other Than Home University Seats Allotted to Other Than Home University Candidates,,,,,,,,,,,,,,,,,,,,,,,,,
,GOPENO,,,,,,,,,,,,,,,,,,,,,,,,
13735,,,,,,,,,,,,,,,,,,,,,,,,,
Stage-I, ,,,,,,,,,,,,,,,,,,,,,,,,
(56.5488095),,,,,,,,,,,,,,,,,,,,,,,,,
,Other Than Home University Seats Allotted to Home University Candidates,,,,,,,,,,,,,,,,,,,,,,,,
,GOPENO, ,GSTO, ,GNTDO, ,GOBCO,,,,,,,,,,,,,,,,,,
11023,,,,,,,,,,,,,,,,,,,,,,,,,
Stage-I, ,,,,,,,,,,,,,,,,,,,,,,,,
(65.8578922),,,,,,,,,,,,,,,,,,,,,,,,,
11963,12263,13213,,,,,,,,,,,,,,,,,,,,,,,
,Stage-IV, ,,,,,,,,,,,,,,,,,,,,,,,
(63.1574978),(61.2807064),(58.7911466),,,,,,,,,,,,,,,,,,,,,,,
,Legends :, ,"Legends: G-General, L-Ladies, S-State Level Seats ,PWD - Persons with Disabilities,DEF - Defence,PWDR :PWD Common Reserved Seat",,,,,,,,,,,,,,,,,,,,,,
"DEFR :Defense Common Reserved Seat ,* Maharashtra State Seats - Cut Off Indicates State General Merit No. ; Figures in bracket Indicates Merit Score",,,,,,,,,,,,,,,,,,,,,,,,,
,Page 249 of 265,,,,,,,,,,,,,,,,,,,,,,,,
GOVERNMENT OF MAHARASHTRA,,,,,,,,,,,,,,,,,,,,,,,,,
,"Directorate of Technical Education, Maharashtra State, Mumbai.",,,,,,,,,,,,,,,,,,,,,,,,
,Cut Off List for Maharashtra & Minority Seats of CAP Round-II for Admission to the First Year Post Graduate Technical Course in Master of Computer Applications (MCA) for the Academic Year 2025-26.,,,,,,,,,,,,,,,,,,,,,,,,
,16145 - KARMAVEER BHAURAO PATIL MAHAVIDYALAYA PANDHARPUR AUTONOMOUS,,,,,,,,,,,,,,,,,,,,,,,,
,1614524270U - Master of Computer Applications,,,,,,,,,,,,,,,,,,,,,,,,
,Status :, ,Un-Aided-Autonomous,,,,,,,,,,,,,,,,,,,,,,
,Home University Seats,,,,,,,,,,,,,,,,,,,,,,,,
Home University Seats Allotted to Home University Candidates,,,,,,,,,,,,,,,,,,,,,,,,,
,GOPENH, ,GSCH, ,GSTH, ,GNTAH, ,GNTDH, ,GOBCH, ,GSEBCH, ,PWDOPENH,,,,,,,,,,
11335,22356,21499,,,,,,,,,,,,,,,,,,,,,,,
Stage-I, ,,,,,,,,,,,,,,,,,,,,,,,,
(65.8578922),(19.1539942),(23.1010151),,,,,,,,,,,,,,,,,,,,,,,
24814,21923,22256,22702,23448,24583,,,,,,,,,,,,,,,,,,,,
,Stage-IV, ,,,,,,,,,,,,,,,,,,,,,,,
(4.302251),(21.0059952),(19.1539942),(16.9789978),(12.4750009),(5.9311489),,,,,,,,,,,,,,,,,,,,
16965,,,,,,,,,,,,,,,,,,,,,,,,,
,I-Non PWD / DEF, ,,,,,,,,,,,,,,,,,,,,,,,
(44.5345198),,,,,,,,,,,,,,,,,,,,,,,,,
,Other Than Home University Seats Allotted to Home University Candidates,,,,,,,,,,,,,,,,,,,,,,,,
,GOPENO,,,,,,,,,,,,,,,,,,,,,,,,
22956,,,,,,,,,,,,,,,,,,,,,,,,,
Stage-I, ,,,,,,,,,,,,,,,,,,,,,,,,
(15.5994113),,,,,,,,,,,,,,,,,,,,,,,,,
,Legends :, ,"Legends: G-General, L-Ladies, S-State Level Seats ,PWD - Persons with Disabilities,DEF - Defence,PWDR :PWD Common Reserved Seat",,,,,,,,,,,,,,,,,,,,,,
"DEFR :Defense Common Reserved Seat ,* Maharashtra State Seats - Cut Off Indicates State General Merit No. ; Figures in bracket Indicates Merit Score",,,,,,,,,,,,,,,,,,,,,,,,,
,Page 250 of 265,,,,,,,,,,,,,,,,,,,,,,,,
GOVERNMENT OF MAHARASHTRA,,,,,,,,,,,,,,,,,,,,,,,,,
,"Directorate of Technical Education, Maharashtra State, Mumbai.",,,,,,,,,,,,,,,,,,,,,,,,
,Cut Off List for Maharashtra & Minority Seats of CAP Round-II for Admission to the First Year Post Graduate Technical Course in Master of Computer Applications (MCA) for the Academic Year 2025-26.,,,,,,,,,,,,,,,,,,,,,,,,
,16153 - MUDHOJI COLLEGE PHALTAN,,,,,,,,,,,,,,,,,,,,,,,,
,1615324170U - Master in Computer Application,,,,,,,,,,,,,,,,,,,,,,,,
,Status :, ,Un-Aided,,,,,,,,,,,,,,,,,,,,,,
,Home University Seats,,,,,,,,,,,,,,,,,,,,,,,,
Home University Seats Allotted to Home University Candidates,,,,,,,,,,,,,,,,,,,,,,,,,
,GOPENH, ,GSCH, ,GOBCH, ,GSEBCH, ,PWDOPENH,,,,,,,,,,,,,,,,
14352,15608,24765,,,,,,,,,,,,,,,,,,,,,,,
Stage-I, ,,,,,,,,,,,,,,,,,,,,,,,,
(53.942159),(49.3533426),(4.302251),,,,,,,,,,,,,,,,,,,,,,,
23546,,,,,,,,,,,,,,,,,,,,,,,,,
,Stage-IV, ,,,,,,,,,,,,,,,,,,,,,,,
(12.4750009),,,,,,,,,,,,,,,,,,,,,,,,,
20362,,,,,,,,,,,,,,,,,,,,,,,,,
,I-Non PWD / DEF, ,,,,,,,,,,,,,,,,,,,,,,,
(27.2744425),,,,,,,,,,,,,,,,,,,,,,,,,
,Other Than Home University Seats,,,,,,,,,,,,,,,,,,,,,,,,
Other Than Home University Seats Allotted to Other Than Home University Candidates,,,,,,,,,,,,,,,,,,,,,,,,,
,GOPENO,,,,,,,,,,,,,,,,,,,,,,,,
22068,,,,,,,,,,,,,,,,,,,,,,,,,
Stage-I, ,,,,,,,,,,,,,,,,,,,,,,,,
(21.0059952),,,,,,,,,,,,,,,,,,,,,,,,,
,Other Than Home University Seats Allotted to Home University Candidates,,,,,,,,,,,,,,,,,,,,,,,,
,GOPENO,,,,,,,,,,,,,,,,,,,,,,,,
18134,,,,,,,,,,,,,,,,,,,,,,,,,
Stage-I, ,,,,,,,,,,,,,,,,,,,,,,,,
(39.3989669),,,,,,,,,,,,,,,,,,,,,,,,,
,State Level Seats,,,,,,,,,,,,,,,,,,,,,,,,
,TFWS,,,,,,,,,,,,,,,,,,,,,,,,
5984,,,,,,,,,,,,,,,,,,,,,,,,,
Stage-I, ,,,,,,,,,,,,,,,,,,,,,,,,
(82.8308366),,,,,,,,,,,,,,,,,,,,,,,,,
,Legends :, ,"Legends: G-General, L-Ladies, S-State Level Seats ,PWD - Persons with Disabilities,DEF - Defence,PWDR :PWD Common Reserved Seat",,,,,,,,,,,,,,,,,,,,,,
"DEFR :Defense Common Reserved Seat ,* Maharashtra State Seats - Cut Off Indicates State General Merit No. ; Figures in bracket Indicates Merit Score",,,,,,,,,,,,,,,,,,,,,,,,,
,Page 251 of 265,,,,,,,,,,,,,,,,,,,,,,,,
GOVERNMENT OF MAHARASHTRA,,,,,,,,,,,,,,,,,,,,,,,,,
,"Directorate of Technical Education, Maharashtra State, Mumbai.",,,,,,,,,,,,,,,,,,,,,,,,
,Cut Off List for Maharashtra & Minority Seats of CAP Round-II for Admission to the First Year Post Graduate Technical Course in Master of Computer Applications (MCA) for the Academic Year 2025-26.,,,,,,,,,,,,,,,,,,,,,,,,
,"16200 - YASHWANTRAO CHAVAN MAHAVIDYALAYA, ISLAMPUR",,,,,,,,,,,,,,,,,,,,,,,,
,1620024110 - Master in Computer Application,,,,,,,,,,,,,,,,,,,,,,,,
,Status :, ,Un-Aided,,,,,,,,,,,,,,,,,,,,,,
,Home University Seats,,,,,,,,,,,,,,,,,,,,,,,,
Home University Seats Allotted to Home University Candidates,,,,,,,,,,,,,,,,,,,,,,,,,
,GOPENH, ,GSCH, ,GSTH, ,GNTAH, ,GNTBH, ,GNTCH, ,GNTDH, ,GOBCH, ,GSEBCH, ,PWDOPENH,,,,,,
15029,15434,,,,,,,,,,,,,,,,,,,,,,,,
Stage-I, ,,,,,,,,,,,,,,,,,,,,,,,,
(51.4093808),(49.3533426),,,,,,,,,,,,,,,,,,,,,,,,
18245,18752,15975,16138,19100,16461,17590,,,,,,,,,,,,,,,,,,,
,Stage-IV, ,,,,,,,,,,,,,,,,,,,,,,,
(36.496736),(36.496736),(46.3793819),(46.3793819),(34.5198145),(44.5345198),(41.4550394),,,,,,,,,,,,,,,,,,,
15584,,,,,,,,,,,,,,,,,,,,,,,,,
,I-Non PWD / DEF, ,,,,,,,,,,,,,,,,,,,,,,,
(49.3533426),,,,,,,,,,,,,,,,,,,,,,,,,
,Other Than Home University Seats,,,,,,,,,,,,,,,,,,,,,,,,
Other Than Home University Seats Allotted to Other Than Home University Candidates,,,,,,,,,,,,,,,,,,,,,,,,,
,GOPENO,,,,,,,,,,,,,,,,,,,,,,,,
16701,,,,,,,,,,,,,,,,,,,,,,,,,
Stage-I, ,,,,,,,,,,,,,,,,,,,,,,,,
(44.5345198),,,,,,,,,,,,,,,,,,,,,,,,,
,Other Than Home University Seats Allotted to Home University Candidates,,,,,,,,,,,,,,,,,,,,,,,,
,GOPENO, ,GSCO, ,GSTO, ,GNTBO, ,GNTCO, ,GOBCO, ,GSEBCO,,,,,,,,,,,,
19090,20233,,,,,,,,,,,,,,,,,,,,,,,,
Stage-I, ,,,,,,,,,,,,,,,,,,,,,,,,
(34.5198145),(29.9046039),,,,,,,,,,,,,,,,,,,,,,,,
21183,21258,21505,21616,21646,,,,,,,,,,,,,,,,,,,,,
,Stage-IV, ,,,,,,,,,,,,,,,,,,,,,,,
(25.4779232),(23.1010151),(23.1010151),(23.1010151),(23.1010151),,,,,,,,,,,,,,,,,,,,,
,Legends :, ,"Legends: G-General, L-Ladies, S-State Level Seats ,PWD - Persons with Disabilities,DEF - Defence,PWDR :PWD Common Reserved Seat",,,,,,,,,,,,,,,,,,,,,,
"DEFR :Defense Common Reserved Seat ,* Maharashtra State Seats - Cut Off Indicates State General Merit No. ; Figures in bracket Indicates Merit Score",,,,,,,,,,,,,,,,,,,,,,,,,
,Page 252 of 265,,,,,,,,,,,,,,,,,,,,,,,,
GOVERNMENT OF MAHARASHTRA,,,,,,,,,,,,,,,,,,,,,,,,,
,"Directorate of Technical Education, Maharashtra State, Mumbai.",,,,,,,,,,,,,,,,,,,,,,,,
,Cut Off List for Maharashtra & Minority Seats of CAP Round-II for Admission to the First Year Post Graduate Technical Course in Master of Computer Applications (MCA) for the Academic Year 2025-26.,,,,,,,,,,,,,,,,,,,,,,,,
,16207 - SADGURU GADGE MAHARAJ COLLEGE KARAD,,,,,,,,,,,,,,,,,,,,,,,,
,1620724170U - Master in Computer Application,,,,,,,,,,,,,,,,,,,,,,,,
,Status :, ,Un-Aided-Autonomous,,,,,,,,,,,,,,,,,,,,,,
,Home University Seats,,,,,,,,,,,,,,,,,,,,,,,,
Home University Seats Allotted to Home University Candidates,,,,,,,,,,,,,,,,,,,,,,,,,
,GOPENH, ,GSCH, ,GSTH, ,GNTAH, ,GOBCH, ,PWDOPENH,,,,,,,,,,,,,,
4661,22784,10621,,,,,,,,,,,,,,,,,,,,,,,
Stage-I, ,,,,,,,,,,,,,,,,,,,,,,,,
(85.3851665),(16.9789978),(67.3579428),,,,,,,,,,,,,,,,,,,,,,,
9062,9467,,,,,,,,,,,,,,,,,,,,,,,,
,Stage-IV, ,,,,,,,,,,,,,,,,,,,,,,,
(71.1549338),(71.1549338),,,,,,,,,,,,,,,,,,,,,,,,
6421,,,,,,,,,,,,,,,,,,,,,,,,,
,I-Non PWD / DEF, ,,,,,,,,,,,,,,,,,,,,,,,
(80.5399495),,,,,,,,,,,,,,,,,,,,,,,,,
,Other Than Home University Seats,,,,,,,,,,,,,,,,,,,,,,,,
Other Than Home University Seats Allotted to Other Than Home University Candidates,,,,,,,,,,,,,,,,,,,,,,,,,
,GOPENO,,,,,,,,,,,,,,,,,,,,,,,,
13820,,,,,,,,,,,,,,,,,,,,,,,,,
Stage-I, ,,,,,,,,,,,,,,,,,,,,,,,,
(56.5488095),,,,,,,,,,,,,,,,,,,,,,,,,
,Other Than Home University Seats Allotted to Home University Candidates,,,,,,,,,,,,,,,,,,,,,,,,
,GSTO, ,GNTAO, ,GNTDO, ,GOBCO,,,,,,,,,,,,,,,,,,
11148,11287,9693,,,,,,,,,,,,,,,,,,,,,,,
Stage-IV, ,,,,,,,,,,,,,,,,,,,,,,,,
(65.8578922),(65.8578922),(69.7143504),,,,,,,,,,,,,,,,,,,,,,,
14587,,,,,,,,,,,,,,,,,,,,,,,,,
,Stage-I, ,,,,,,,,,,,,,,,,,,,,,,,
(53.942159),,,,,,,,,,,,,,,,,,,,,,,,,
,Legends :, ,"Legends: G-General, L-Ladies, S-State Level Seats ,PWD - Persons with Disabilities,DEF - Defence,PWDR :PWD Common Reserved Seat",,,,,,,,,,,,,,,,,,,,,,
"DEFR :Defense Common Reserved Seat ,* Maharashtra State Seats - Cut Off Indicates State General Merit No. ; Figures in bracket Indicates Merit Score",,,,,,,,,,,,,,,,,,,,,,,,,
,Page 253 of 265,,,,,,,,,,,,,,,,,,,,,,,,
GOVERNMENT OF MAHARASHTRA,,,,,,,,,,,,,,,,,,,,,,,,,
,"Directorate of Technical Education, Maharashtra State, Mumbai.",,,,,,,,,,,,,,,,,,,,,,,,
,Cut Off List for Maharashtra & Minority Seats of CAP Round-II for Admission to the First Year Post Graduate Technical Course in Master of Computer Applications (MCA) for the Academic Year 2025-26.,,,,,,,,,,,,,,,,,,,,,,,,
,16207 - SADGURU GADGE MAHARAJ COLLEGE KARAD,,,,,,,,,,,,,,,,,,,,,,,,
,1620724170U - Master in Computer Application,,,,,,,,,,,,,,,,,,,,,,,,
,Status :, ,Un-Aided-Autonomous,,,,,,,,,,,,,,,,,,,,,,
,State Level Seats,,,,,,,,,,,,,,,,,,,,,,,,
,TFWS,,,,,,,,,,,,,,,,,,,,,,,,
2586,,,,,,,,,,,,,,,,,,,,,,,,,
Stage-I, ,,,,,,,,,,,,,,,,,,,,,,,,
(92.1797821),,,,,,,,,,,,,,,,,,,,,,,,,
,Legends :, ,"Legends: G-General, L-Ladies, S-State Level Seats ,PWD - Persons with Disabilities,DEF - Defence,PWDR :PWD Common Reserved Seat",,,,,,,,,,,,,,,,,,,,,,
"DEFR :Defense Common Reserved Seat ,* Maharashtra State Seats - Cut Off Indicates State General Merit No. ; Figures in bracket Indicates Merit Score",,,,,,,,,,,,,,,,,,,,,,,,,
,Page 254 of 265,,,,,,,,,,,,,,,,,,,,,,,,
GOVERNMENT OF MAHARASHTRA,,,,,,,,,,,,,,,,,,,,,,,,,
,"Directorate of Technical Education, Maharashtra State, Mumbai.",,,,,,,,,,,,,,,,,,,,,,,,
,Cut Off List for Maharashtra & Minority Seats of CAP Round-II for Admission to the First Year Post Graduate Technical Course in Master of Computer Applications (MCA) for the Academic Year 2025-26.,,,,,,,,,,,,,,,,,,,,,,,,
,16216 - SANGOLA MAHAVIDYALAYA SANGOLA,,,,,,,,,,,,,,,,,,,,,,,,
,1621624110 - Master in Computer Application,,,,,,,,,,,,,,,,,,,,,,,,
,Status :, ,Un-Aided,,,,,,,,,,,,,,,,,,,,,,
,Home University Seats,,,,,,,,,,,,,,,,,,,,,,,,
Home University Seats Allotted to Home University Candidates,,,,,,,,,,,,,,,,,,,,,,,,,
,GOPENH, ,GSCH, ,GSTH, ,GNTBH, ,GNTDH, ,GOBCH, ,PWDOPENH,,,,,,,,,,,,
7744,15776,,,,,,,,,,,,,,,,,,,,,,,,
Stage-I, ,,,,,,,,,,,,,,,,,,,,,,,,
(76.9216256),(49.3533426),,,,,,,,,,,,,,,,,,,,,,,,
14784,9444,9698,15018,,,,,,,,,,,,,,,,,,,,,,
,Stage-IV, ,,,,,,,,,,,,,,,,,,,,,,,
(51.4093808),(71.1549338),(69.7143504),(51.4093808),,,,,,,,,,,,,,,,,,,,,,
9092,,,,,,,,,,,,,,,,,,,,,,,,,
,I-Non PWD / DEF, ,,,,,,,,,,,,,,,,,,,,,,,
(71.1549338),,,,,,,,,,,,,,,,,,,,,,,,,
,Other Than Home University Seats,,,,,,,,,,,,,,,,,,,,,,,,
Other Than Home University Seats Allotted to Other Than Home University Candidates,,,,,,,,,,,,,,,,,,,,,,,,,
,GOPENO, ,GSCO, ,GSEBCO,,,,,,,,,,,,,,,,,,,,
22215,23041,,,,,,,,,,,,,,,,,,,,,,,,
Stage-I, ,,,,,,,,,,,,,,,,,,,,,,,,
(19.1539942),(15.5994113),,,,,,,,,,,,,,,,,,,,,,,,
22583,,,,,,,,,,,,,,,,,,,,,,,,,
,Stage-IV, ,,,,,,,,,,,,,,,,,,,,,,,
(16.9789978),,,,,,,,,,,,,,,,,,,,,,,,,
,Other Than Home University Seats Allotted to Home University Candidates,,,,,,,,,,,,,,,,,,,,,,,,
,GSCO, ,GSTO, ,GNTBO, ,GOBCO,,,,,,,,,,,,,,,,,,
16942,24365,15590,22740,,,,,,,,,,,,,,,,,,,,,,
Stage-IV, ,,,,,,,,,,,,,,,,,,,,,,,,
(44.5345198),(7.4072677),(49.3533426),(16.9789978),,,,,,,,,,,,,,,,,,,,,,
,Legends :, ,"Legends: G-General, L-Ladies, S-State Level Seats ,PWD - Persons with Disabilities,DEF - Defence,PWDR :PWD Common Reserved Seat",,,,,,,,,,,,,,,,,,,,,,
"DEFR :Defense Common Reserved Seat ,* Maharashtra State Seats - Cut Off Indicates State General Merit No. ; Figures in bracket Indicates Merit Score",,,,,,,,,,,,,,,,,,,,,,,,,
,Page 255 of 265,,,,,,,,,,,,,,,,,,,,,,,,
GOVERNMENT OF MAHARASHTRA,,,,,,,,,,,,,,,,,,,,,,,,,
,"Directorate of Technical Education, Maharashtra State, Mumbai.",,,,,,,,,,,,,,,,,,,,,,,,
,Cut Off List for Maharashtra & Minority Seats of CAP Round-II for Admission to the First Year Post Graduate Technical Course in Master of Computer Applications (MCA) for the Academic Year 2025-26.,,,,,,,,,,,,,,,,,,,,,,,,
,16216 - SANGOLA MAHAVIDYALAYA SANGOLA,,,,,,,,,,,,,,,,,,,,,,,,
,1621624110 - Master in Computer Application,,,,,,,,,,,,,,,,,,,,,,,,
,Status :, ,Un-Aided,,,,,,,,,,,,,,,,,,,,,,
,State Level Seats,,,,,,,,,,,,,,,,,,,,,,,,
,EWS,,,,,,,,,,,,,,,,,,,,,,,,
21584,,,,,,,,,,,,,,,,,,,,,,,,,
Stage-I, ,,,,,,,,,,,,,,,,,,,,,,,,
(23.1010151),,,,,,,,,,,,,,,,,,,,,,,,,
,Legends :, ,"Legends: G-General, L-Ladies, S-State Level Seats ,PWD - Persons with Disabilities,DEF - Defence,PWDR :PWD Common Reserved Seat",,,,,,,,,,,,,,,,,,,,,,
"DEFR :Defense Common Reserved Seat ,* Maharashtra State Seats - Cut Off Indicates State General Merit No. ; Figures in bracket Indicates Merit Score",,,,,,,,,,,,,,,,,,,,,,,,,
,Page 256 of 265,,,,,,,,,,,,,,,,,,,,,,,,
GOVERNMENT OF MAHARASHTRA,,,,,,,,,,,,,,,,,,,,,,,,,
,"Directorate of Technical Education, Maharashtra State, Mumbai.",,,,,,,,,,,,,,,,,,,,,,,,
,Cut Off List for Maharashtra & Minority Seats of CAP Round-II for Admission to the First Year Post Graduate Technical Course in Master of Computer Applications (MCA) for the Academic Year 2025-26.,,,,,,,,,,,,,,,,,,,,,,,,
,16229 - DESHBHAKT HARINARAYAN BANKATLAL SONI COLLEGE SOLAPUR,,,,,,,,,,,,,,,,,,,,,,,,
,1622924210 - Master of Computer Applications,,,,,,,,,,,,,,,,,,,,,,,,
,Status :, ,Un-Aided-Linguistic Minority - Hindi,,,,,,,,,,,,,,,,,,,,,,
,Home University Seats,,,,,,,,,,,,,,,,,,,,,,,,
Home University Seats Allotted to Home University Candidates,,,,,,,,,,,,,,,,,,,,,,,,,
,GOPENH,,,,,,,,,,,,,,,,,,,,,,,,
14097,,,,,,,,,,,,,,,,,,,,,,,,,
Stage-I, ,,,,,,,,,,,,,,,,,,,,,,,,
(53.942159),,,,,,,,,,,,,,,,,,,,,,,,,
,Other Than Home University Seats Allotted to Home University Candidates,,,,,,,,,,,,,,,,,,,,,,,,
,GOPENO,,,,,,,,,,,,,,,,,,,,,,,,
16446,,,,,,,,,,,,,,,,,,,,,,,,,
Stage-I, ,,,,,,,,,,,,,,,,,,,,,,,,
(44.5345198),,,,,,,,,,,,,,,,,,,,,,,,,
,State Level Seats,,,,,,,,,,,,,,,,,,,,,,,,
,TFWS,,,,,,,,,,,,,,,,,,,,,,,,
19368,,,,,,,,,,,,,,,,,,,,,,,,,
Stage-I, ,,,,,,,,,,,,,,,,,,,,,,,,
(31.6629561),,,,,,,,,,,,,,,,,,,,,,,,,
,Minority Seats : Minority Seats Allotted to Non Minority Candidates,,,,,,,,,,,,,,,,,,,,,,,,
,MI-MH,,,,,,,,,,,,,,,,,,,,,,,,
25433,,,,,,,,,,,,,,,,,,,,,,,,,
Stage-MI-MH, ,,,,,,,,,,,,,,,,,,,,,,,,
(0.3883715),,,,,,,,,,,,,,,,,,,,,,,,,
,Legends :, ,"Legends: G-General, L-Ladies, S-State Level Seats ,PWD - Persons with Disabilities,DEF - Defence,PWDR :PWD Common Reserved Seat",,,,,,,,,,,,,,,,,,,,,,
"DEFR :Defense Common Reserved Seat ,* Maharashtra State Seats - Cut Off Indicates State General Merit No. ; Figures in bracket Indicates Merit Score",,,,,,,,,,,,,,,,,,,,,,,,,
,Page 257 of 265,,,,,,,,,,,,,,,,,,,,,,,,
GOVERNMENT OF MAHARASHTRA,,,,,,,,,,,,,,,,,,,,,,,,,
,"Directorate of Technical Education, Maharashtra State, Mumbai.",,,,,,,,,,,,,,,,,,,,,,,,
,Cut Off List for Maharashtra & Minority Seats of CAP Round-II for Admission to the First Year Post Graduate Technical Course in Master of Computer Applications (MCA) for the Academic Year 2025-26.,,,,,,,,,,,,,,,,,,,,,,,,
,16259 - FRIENDS UNION FOR ENERGISING LIVES FUEL COLLEGE,,,,,,,,,,,,,,,,,,,,,,,,
,1625924110 - Master in Computer Application,,,,,,,,,,,,,,,,,,,,,,,,
,Status :, ,Un-Aided,,,,,,,,,,,,,,,,,,,,,,
,Home University Seats,,,,,,,,,,,,,,,,,,,,,,,,
Home University Seats Allotted to Home University Candidates,,,,,,,,,,,,,,,,,,,,,,,,,
,GOPENH, ,GSCH, ,GSTH, ,GNTDH, ,GOBCH, ,PWDOPENH,,,,,,,,,,,,,,
13159,20542,,,,,,,,,,,,,,,,,,,,,,,,
Stage-I, ,,,,,,,,,,,,,,,,,,,,,,,,
(58.7911466),(27.2744425),,,,,,,,,,,,,,,,,,,,,,,,
15976,18573,18688,,,,,,,,,,,,,,,,,,,,,,,
,Stage-IV, ,,,,,,,,,,,,,,,,,,,,,,,
(46.3793819),(36.496736),(36.496736),,,,,,,,,,,,,,,,,,,,,,,
13282,,,,,,,,,,,,,,,,,,,,,,,,,
,I-Non PWD / DEF, ,,,,,,,,,,,,,,,,,,,,,,,
(58.7911466),,,,,,,,,,,,,,,,,,,,,,,,,
,Home University Seats Allotted to Other Than Home University Candidates,,,,,,,,,,,,,,,,,,,,,,,,
,GNTAH, ,GSEBCH,,,,,,,,,,,,,,,,,,,,,,
23298,18439,,,,,,,,,,,,,,,,,,,,,,,,
Stage-I, ,,,,,,,,,,,,,,,,,,,,,,,,
(13.5402134),(36.496736),,,,,,,,,,,,,,,,,,,,,,,,
,Other Than Home University Seats,,,,,,,,,,,,,,,,,,,,,,,,
Other Than Home University Seats Allotted to Other Than Home University Candidates,,,,,,,,,,,,,,,,,,,,,,,,,
,GOPENO, ,GSCO, ,GSTO,,,,,,,,,,,,,,,,,,,,
9183,19632,,,,,,,,,,,,,,,,,,,,,,,,
Stage-I, ,,,,,,,,,,,,,,,,,,,,,,,,
(71.1549338),(31.6629561),,,,,,,,,,,,,,,,,,,,,,,,
9673,,,,,,,,,,,,,,,,,,,,,,,,,
,Stage-IV, ,,,,,,,,,,,,,,,,,,,,,,,
(69.7143504),,,,,,,,,,,,,,,,,,,,,,,,,
,Legends :, ,"Legends: G-General, L-Ladies, S-State Level Seats ,PWD - Persons with Disabilities,DEF - Defence,PWDR :PWD Common Reserved Seat",,,,,,,,,,,,,,,,,,,,,,
"DEFR :Defense Common Reserved Seat ,* Maharashtra State Seats - Cut Off Indicates State General Merit No. ; Figures in bracket Indicates Merit Score",,,,,,,,,,,,,,,,,,,,,,,,,
,Page 258 of 265,,,,,,,,,,,,,,,,,,,,,,,,
GOVERNMENT OF MAHARASHTRA,,,,,,,,,,,,,,,,,,,,,,,,,
,"Directorate of Technical Education, Maharashtra State, Mumbai.",,,,,,,,,,,,,,,,,,,,,,,,
,Cut Off List for Maharashtra & Minority Seats of CAP Round-II for Admission to the First Year Post Graduate Technical Course in Master of Computer Applications (MCA) for the Academic Year 2025-26.,,,,,,,,,,,,,,,,,,,,,,,,
,16331 - SarSam College of Management & Technology,,,,,,,,,,,,,,,,,,,,,,,,
,1633124110 - Master in Computer Application,,,,,,,,,,,,,,,,,,,,,,,,
,Status :, ,Un-Aided,,,,,,,,,,,,,,,,,,,,,,
,Home University Seats,,,,,,,,,,,,,,,,,,,,,,,,
Home University Seats Allotted to Home University Candidates,,,,,,,,,,,,,,,,,,,,,,,,,
,GOPENH, ,GSCH, ,GSTH, ,GNTAH, ,GNTBH, ,GOBCH, ,GSEBCH, ,PWDOPENH,,,,,,,,,,
20110,21367,22074,,,,,,,,,,,,,,,,,,,,,,,
Stage-I, ,,,,,,,,,,,,,,,,,,,,,,,,
(29.9046039),(23.1010151),(21.0059952),,,,,,,,,,,,,,,,,,,,,,,
22561,22944,23142,23212,23484,,,,,,,,,,,,,,,,,,,,,
,Stage-IV, ,,,,,,,,,,,,,,,,,,,,,,,
(16.9789978),(15.5994113),(13.5402134),(13.5402134),(12.4750009),,,,,,,,,,,,,,,,,,,,,
21355,,,,,,,,,,,,,,,,,,,,,,,,,
,I-Non PWD / DEF, ,,,,,,,,,,,,,,,,,,,,,,,
(23.1010151),,,,,,,,,,,,,,,,,,,,,,,,,
,Other Than Home University Seats,,,,,,,,,,,,,,,,,,,,,,,,
Other Than Home University Seats Allotted to Other Than Home University Candidates,,,,,,,,,,,,,,,,,,,,,,,,,
,GOPENO, ,GSCO, ,GSTO, ,GOBCO, ,GSEBCO,,,,,,,,,,,,,,,,
16117,16519,20823,,,,,,,,,,,,,,,,,,,,,,,
Stage-I, ,,,,,,,,,,,,,,,,,,,,,,,,
(46.3793819),(44.5345198),(25.4779232),,,,,,,,,,,,,,,,,,,,,,,
17116,16973,16356,,,,,,,,,,,,,,,,,,,,,,,
,Stage-IV, ,,,,,,,,,,,,,,,,,,,,,,,
(41.4550394),(44.5345198),(46.3793819),,,,,,,,,,,,,,,,,,,,,,,
,State Level Seats,,,,,,,,,,,,,,,,,,,,,,,,
,TFWS,,,,,,,,,,,,,,,,,,,,,,,,
13516,,,,,,,,,,,,,,,,,,,,,,,,,
Stage-I, ,,,,,,,,,,,,,,,,,,,,,,,,
(56.5488095),,,,,,,,,,,,,,,,,,,,,,,,,
,Legends :, ,"Legends: G-General, L-Ladies, S-State Level Seats ,PWD - Persons with Disabilities,DEF - Defence,PWDR :PWD Common Reserved Seat",,,,,,,,,,,,,,,,,,,,,,
"DEFR :Defense Common Reserved Seat ,* Maharashtra State Seats - Cut Off Indicates State General Merit No. ; Figures in bracket Indicates Merit Score",,,,,,,,,,,,,,,,,,,,,,,,,
,Page 259 of 265,,,,,,,,,,,,,,,,,,,,,,,,
GOVERNMENT OF MAHARASHTRA,,,,,,,,,,,,,,,,,,,,,,,,,
,"Directorate of Technical Education, Maharashtra State, Mumbai.",,,,,,,,,,,,,,,,,,,,,,,,
,Cut Off List for Maharashtra & Minority Seats of CAP Round-II for Admission to the First Year Post Graduate Technical Course in Master of Computer Applications (MCA) for the Academic Year 2025-26.,,,,,,,,,,,,,,,,,,,,,,,,
,"16353 - Shivsamarth Institute of Management, Talmawale",,,,,,,,,,,,,,,,,,,,,,,,
,1635324110 - Master in Computer Application,,,,,,,,,,,,,,,,,,,,,,,,
,Status :, ,Un-Aided,,,,,,,,,,,,,,,,,,,,,,
,Home University Seats,,,,,,,,,,,,,,,,,,,,,,,,
Home University Seats Allotted to Home University Candidates,,,,,,,,,,,,,,,,,,,,,,,,,
,GOPENH, ,GSCH, ,GSTH, ,GNTAH, ,GNTCH, ,GOBCH, ,GSEBCH, ,PWDOPENH,,,,,,,,,,
5872,24580,14421,,,,,,,,,,,,,,,,,,,,,,,
Stage-I, ,,,,,,,,,,,,,,,,,,,,,,,,
(82.8308366),(5.9311489),(53.942159),,,,,,,,,,,,,,,,,,,,,,,
15792,19301,19671,19871,20139,,,,,,,,,,,,,,,,,,,,,
,Stage-IV, ,,,,,,,,,,,,,,,,,,,,,,,
(49.3533426),(34.5198145),(31.6629561),(29.9046039),(29.9046039),,,,,,,,,,,,,,,,,,,,,
10369,,,,,,,,,,,,,,,,,,,,,,,,,
,I-Non PWD / DEF, ,,,,,,,,,,,,,,,,,,,,,,,
(67.3579428),,,,,,,,,,,,,,,,,,,,,,,,,
,Other Than Home University Seats Allotted to Home University Candidates,,,,,,,,,,,,,,,,,,,,,,,,
,GOPENO, ,GSCO, ,GSTO, ,GNTBO, ,GNTCO, ,GOBCO, ,GSEBCO,,,,,,,,,,,,
10003,18723,,,,,,,,,,,,,,,,,,,,,,,,
Stage-I, ,,,,,,,,,,,,,,,,,,,,,,,,
(69.7143504),(36.496736),,,,,,,,,,,,,,,,,,,,,,,,
20313,21047,21178,23615,22692,,,,,,,,,,,,,,,,,,,,,
,Stage-IV, ,,,,,,,,,,,,,,,,,,,,,,,
(29.9046039),(25.4779232),(25.4779232),(12.4750009),(16.9789978),,,,,,,,,,,,,,,,,,,,,
,State Level Seats,,,,,,,,,,,,,,,,,,,,,,,,
,TFWS,,,,,,,,,,,,,,,,,,,,,,,,
11930,,,,,,,,,,,,,,,,,,,,,,,,,
Stage-I, ,,,,,,,,,,,,,,,,,,,,,,,,
(63.1574978),,,,,,,,,,,,,,,,,,,,,,,,,
,Legends :, ,"Legends: G-General, L-Ladies, S-State Level Seats ,PWD - Persons with Disabilities,DEF - Defence,PWDR :PWD Common Reserved Seat",,,,,,,,,,,,,,,,,,,,,,
"DEFR :Defense Common Reserved Seat ,* Maharashtra State Seats - Cut Off Indicates State General Merit No. ; Figures in bracket Indicates Merit Score",,,,,,,,,,,,,,,,,,,,,,,,,
,Page 260 of 265,,,,,,,,,,,,,,,,,,,,,,,,
GOVERNMENT OF MAHARASHTRA,,,,,,,,,,,,,,,,,,,,,,,,,
,"Directorate of Technical Education, Maharashtra State, Mumbai.",,,,,,,,,,,,,,,,,,,,,,,,
,Cut Off List for Maharashtra & Minority Seats of CAP Round-II for Admission to the First Year Post Graduate Technical Course in Master of Computer Applications (MCA) for the Academic Year 2025-26.,,,,,,,,,,,,,,,,,,,,,,,,
,16355 - Audyogik Shikshan Mandal's Nextgen Technical Campus,,,,,,,,,,,,,,,,,,,,,,,,
,1635524210 - Master of Computer Applications,,,,,,,,,,,,,,,,,,,,,,,,
,Status :, ,Un-Aided,,,,,,,,,,,,,,,,,,,,,,
,Home University Seats,,,,,,,,,,,,,,,,,,,,,,,,
Home University Seats Allotted to Home University Candidates,,,,,,,,,,,,,,,,,,,,,,,,,
,GOPENH, ,GSCH, ,GSTH, ,GNTCH, ,GOBCH, ,GSEBCH, ,PWDOPENH,,,,,,,,,,,,
20382,23002,23336,25418,22191,,,,,,,,,,,,,,,,,,,,,
Stage-I, ,,,,,,,,,,,,,,,,,,,,,,,,
(27.2744425),(15.5994113),(13.5402134),(0.5995249),(19.1539942),,,,,,,,,,,,,,,,,,,,,
24592,25026,,,,,,,,,,,,,,,,,,,,,,,,
,Stage-IV, ,,,,,,,,,,,,,,,,,,,,,,,
(5.9311489),(3.0466423),,,,,,,,,,,,,,,,,,,,,,,,
21404,,,,,,,,,,,,,,,,,,,,,,,,,
,I-Non PWD / DEF, ,,,,,,,,,,,,,,,,,,,,,,,
(23.1010151),,,,,,,,,,,,,,,,,,,,,,,,,
,Home University Seats Allotted to Other Than Home University Candidates,,,,,,,,,,,,,,,,,,,,,,,,
,GSCH, ,GSTH, ,GNTAH, ,GNTBH, ,GNTDH, ,GOBCH, ,GSEBCH, ,PWDSCH, ,PWDOBCH,,,,,,,,
22387,22678,20615,20182,20186,22746,16657,,,,,,,,,,,,,,,,,,,
Stage-IV, ,,,,,,,,,,,,,,,,,,,,,,,,
(19.1539942),(16.9789978),(27.2744425),(29.9046039),(29.9046039),(16.9789978),(44.5345198),,,,,,,,,,,,,,,,,,,
22133,22067,,,,,,,,,,,,,,,,,,,,,,,,
,Stage-I, ,,,,,,,,,,,,,,,,,,,,,,,
(19.1539942),(21.0059952),,,,,,,,,,,,,,,,,,,,,,,,
22190,,,,,,,,,,,,,,,,,,,,,,,,,
,I-Non PWD / DEF, ,,,,,,,,,,,,,,,,,,,,,,,
(19.1539942),,,,,,,,,,,,,,,,,,,,,,,,,
,Other Than Home University Seats,,,,,,,,,,,,,,,,,,,,,,,,
Other Than Home University Seats Allotted to Other Than Home University Candidates,,,,,,,,,,,,,,,,,,,,,,,,,
,GOPENO, ,GSCO, ,GSTO, ,GNTAO, ,GNTBO, ,GNTCO, ,GNTDO, ,GOBCO, ,GSEBCO,,,,,,,,
12642,21141,21501,21969,17452,16378,,,,,,,,,,,,,,,,,,,,
Stage-I, ,,,,,,,,,,,,,,,,,,,,,,,,
(61.2807064),(25.4779232),(23.1010151),(21.0059952),(41.4550394),(46.3793819),,,,,,,,,,,,,,,,,,,,
15454,15489,14141,,,,,,,,,,,,,,,,,,,,,,,
,Stage-IV, ,,,,,,,,,,,,,,,,,,,,,,,
(49.3533426),(49.3533426),(53.942159),,,,,,,,,,,,,,,,,,,,,,,
,Legends :, ,"Legends: G-General, L-Ladies, S-State Level Seats ,PWD - Persons with Disabilities,DEF - Defence,PWDR :PWD Common Reserved Seat",,,,,,,,,,,,,,,,,,,,,,
"DEFR :Defense Common Reserved Seat ,* Maharashtra State Seats - Cut Off Indicates State General Merit No. ; Figures in bracket Indicates Merit Score",,,,,,,,,,,,,,,,,,,,,,,,,
,Page 261 of 265,,,,,,,,,,,,,,,,,,,,,,,,
GOVERNMENT OF MAHARASHTRA,,,,,,,,,,,,,,,,,,,,,,,,,
,"Directorate of Technical Education, Maharashtra State, Mumbai.",,,,,,,,,,,,,,,,,,,,,,,,
,Cut Off List for Maharashtra & Minority Seats of CAP Round-II for Admission to the First Year Post Graduate Technical Course in Master of Computer Applications (MCA) for the Academic Year 2025-26.,,,,,,,,,,,,,,,,,,,,,,,,
,16355 - Audyogik Shikshan Mandal's Nextgen Technical Campus,,,,,,,,,,,,,,,,,,,,,,,,
,1635524210 - Master of Computer Applications,,,,,,,,,,,,,,,,,,,,,,,,
,Status :, ,Un-Aided,,,,,,,,,,,,,,,,,,,,,,
,State Level Seats,,,,,,,,,,,,,,,,,,,,,,,,
,TFWS,,,,,,,,,,,,,,,,,,,,,,,,
7966,,,,,,,,,,,,,,,,,,,,,,,,,
Stage-I, ,,,,,,,,,,,,,,,,,,,,,,,,
(74.782248),,,,,,,,,,,,,,,,,,,,,,,,,
,Legends :, ,"Legends: G-General, L-Ladies, S-State Level Seats ,PWD - Persons with Disabilities,DEF - Defence,PWDR :PWD Common Reserved Seat",,,,,,,,,,,,,,,,,,,,,,
"DEFR :Defense Common Reserved Seat ,* Maharashtra State Seats - Cut Off Indicates State General Merit No. ; Figures in bracket Indicates Merit Score",,,,,,,,,,,,,,,,,,,,,,,,,
,Page 262 of 265,,,,,,,,,,,,,,,,,,,,,,,,
GOVERNMENT OF MAHARASHTRA,,,,,,,,,,,,,,,,,,,,,,,,,
,"Directorate of Technical Education, Maharashtra State, Mumbai.",,,,,,,,,,,,,,,,,,,,,,,,
,Cut Off List for Maharashtra & Minority Seats of CAP Round-II for Admission to the First Year Post Graduate Technical Course in Master of Computer Applications (MCA) for the Academic Year 2025-26.,,,,,,,,,,,,,,,,,,,,,,,,
,16356 - Dr. Sudhakar Rao Jadhavar Institute of Management & Technology,,,,,,,,,,,,,,,,,,,,,,,,
,1635624110 - Master in Computer Application,,,,,,,,,,,,,,,,,,,,,,,,
,Status :, ,Un-Aided,,,,,,,,,,,,,,,,,,,,,,
,Home University Seats,,,,,,,,,,,,,,,,,,,,,,,,
Home University Seats Allotted to Home University Candidates,,,,,,,,,,,,,,,,,,,,,,,,,
,GOPENH, ,GSCH, ,GSTH, ,GNTBH, ,GNTCH, ,GOBCH, ,GSEBCH, ,PWDOPENH,,,,,,,,,,
11782,17182,20573,22341,19528,20201,,,,,,,,,,,,,,,,,,,,
Stage-I, ,,,,,,,,,,,,,,,,,,,,,,,,
(63.1574978),(41.4550394),(27.2744425),(19.1539942),(31.6629561),(29.9046039),,,,,,,,,,,,,,,,,,,,
12981,,,,,,,,,,,,,,,,,,,,,,,,,
,Stage-IV, ,,,,,,,,,,,,,,,,,,,,,,,
(58.7911466),,,,,,,,,,,,,,,,,,,,,,,,,
12019,,,,,,,,,,,,,,,,,,,,,,,,,
,I-Non PWD / DEF, ,,,,,,,,,,,,,,,,,,,,,,,
(63.1574978),,,,,,,,,,,,,,,,,,,,,,,,,
,Home University Seats Allotted to Other Than Home University Candidates,,,,,,,,,,,,,,,,,,,,,,,,
,GSCH,,,,,,,,,,,,,,,,,,,,,,,,
16933,,,,,,,,,,,,,,,,,,,,,,,,,
Stage-I, ,,,,,,,,,,,,,,,,,,,,,,,,
(44.5345198),,,,,,,,,,,,,,,,,,,,,,,,,
,Other Than Home University Seats,,,,,,,,,,,,,,,,,,,,,,,,
Other Than Home University Seats Allotted to Other Than Home University Candidates,,,,,,,,,,,,,,,,,,,,,,,,,
,GOPENO, ,GSCO, ,GSTO, ,GOBCO,,,,,,,,,,,,,,,,,,
9363,15798,12235,,,,,,,,,,,,,,,,,,,,,,,
Stage-I, ,,,,,,,,,,,,,,,,,,,,,,,,
(71.1549338),(49.3533426),(61.2807064),,,,,,,,,,,,,,,,,,,,,,,
9888,,,,,,,,,,,,,,,,,,,,,,,,,
,Stage-IV, ,,,,,,,,,,,,,,,,,,,,,,,
(69.7143504),,,,,,,,,,,,,,,,,,,,,,,,,
,Legends :, ,"Legends: G-General, L-Ladies, S-State Level Seats ,PWD - Persons with Disabilities,DEF - Defence,PWDR :PWD Common Reserved Seat",,,,,,,,,,,,,,,,,,,,,,
"DEFR :Defense Common Reserved Seat ,* Maharashtra State Seats - Cut Off Indicates State General Merit No. ; Figures in bracket Indicates Merit Score",,,,,,,,,,,,,,,,,,,,,,,,,
,Page 263 of 265,,,,,,,,,,,,,,,,,,,,,,,,
GOVERNMENT OF MAHARASHTRA,,,,,,,,,,,,,,,,,,,,,,,,,
,"Directorate of Technical Education, Maharashtra State, Mumbai.",,,,,,,,,,,,,,,,,,,,,,,,
,Cut Off List for Maharashtra & Minority Seats of CAP Round-II for Admission to the First Year Post Graduate Technical Course in Master of Computer Applications (MCA) for the Academic Year 2025-26.,,,,,,,,,,,,,,,,,,,,,,,,
,16356 - Dr. Sudhakar Rao Jadhavar Institute of Management & Technology,,,,,,,,,,,,,,,,,,,,,,,,
,1635624110 - Master in Computer Application,,,,,,,,,,,,,,,,,,,,,,,,
,Status :, ,Un-Aided,,,,,,,,,,,,,,,,,,,,,,
,State Level Seats,,,,,,,,,,,,,,,,,,,,,,,,
,EWS, ,TFWS,,,,,,,,,,,,,,,,,,,,,,
21775,6950,,,,,,,,,,,,,,,,,,,,,,,,
Stage-I, ,,,,,,,,,,,,,,,,,,,,,,,,
(21.0059952),(79.9969812),,,,,,,,,,,,,,,,,,,,,,,,
,Legends :, ,"Legends: G-General, L-Ladies, S-State Level Seats ,PWD - Persons with Disabilities,DEF - Defence,PWDR :PWD Common Reserved Seat",,,,,,,,,,,,,,,,,,,,,,
"DEFR :Defense Common Reserved Seat ,* Maharashtra State Seats - Cut Off Indicates State General Merit No. ; Figures in bracket Indicates Merit Score",,,,,,,,,,,,,,,,,,,,,,,,,
,Page 264 of 265,,,,,,,,,,,,,,,,,,,,,,,,
GOVERNMENT OF MAHARASHTRA,,,,,,,,,,,,,,,,,,,,,,,,,
,"Directorate of Technical Education, Maharashtra State, Mumbai.",,,,,,,,,,,,,,,,,,,,,,,,
,Cut Off List for Maharashtra & Minority Seats of CAP Round-II for Admission to the First Year Post Graduate Technical Course in Master of Computer Applications (MCA) for the Academic Year 2025-26.,,,,,,,,,,,,,,,,,,,,,,,,
,16358 - Zeal Institute of Technology,,,,,,,,,,,,,,,,,,,,,,,,
,1635824110 - Master in Computer Application,,,,,,,,,,,,,,,,,,,,,,,,
,Status :, ,Un-Aided,,,,,,,,,,,,,,,,,,,,,,
,Home University Seats,,,,,,,,,,,,,,,,,,,,,,,,
Home University Seats Allotted to Home University Candidates,,,,,,,,,,,,,,,,,,,,,,,,,
,GOPENH, ,GSCH, ,GSTH, ,GNTBH, ,GNTCH, ,GNTDH, ,GOBCH, ,GSEBCH, ,PWDOPENH,,,,,,,,
19448,24975,,,,,,,,,,,,,,,,,,,,,,,,
Stage-I, ,,,,,,,,,,,,,,,,,,,,,,,,
(31.6629561),(4.067771),,,,,,,,,,,,,,,,,,,,,,,,
25282,25374,23519,20598,20934,23928,25030,,,,,,,,,,,,,,,,,,,
,Stage-IV, ,,,,,,,,,,,,,,,,,,,,,,,
(2.0301121),(0.8905324),(12.4750009),(27.2744425),(25.4779232),(9.7430286),(3.0466423),,,,,,,,,,,,,,,,,,,
19775,,,,,,,,,,,,,,,,,,,,,,,,,
,I-Non PWD / DEF, ,,,,,,,,,,,,,,,,,,,,,,,
(31.6629561),,,,,,,,,,,,,,,,,,,,,,,,,
,Other Than Home University Seats,,,,,,,,,,,,,,,,,,,,,,,,
Other Than Home University Seats Allotted to Other Than Home University Candidates,,,,,,,,,,,,,,,,,,,,,,,,,
,GOPENO, ,GOBCO,,,,,,,,,,,,,,,,,,,,,,
22373,23193,,,,,,,,,,,,,,,,,,,,,,,,
Stage-I, ,,,,,,,,,,,,,,,,,,,,,,,,
(19.1539942),(13.5402134),,,,,,,,,,,,,,,,,,,,,,,,
,State Level Seats,,,,,,,,,,,,,,,,,,,,,,,,
,TFWS,,,,,,,,,,,,,,,,,,,,,,,,
20323,,,,,,,,,,,,,,,,,,,,,,,,,
Stage-I, ,,,,,,,,,,,,,,,,,,,,,,,,
(27.2744425),,,,,,,,,,,,,,,,,,,,,,,,,
,Legends :, ,"Legends: G-General, L-Ladies, S-State Level Seats ,PWD - Persons with Disabilities,DEF - Defence,PWDR :PWD Common Reserved Seat",,,,,,,,,,,,,,,,,,,,,,
"DEFR :Defense Common Reserved Seat ,* Maharashtra State Seats - Cut Off Indicates State General Merit No. ; Figures in bracket Indicates Merit Score",,,,,,,,,,,,,,,,,,,,,,,,,
,Page 265 of 265,,,,,,,,,,,,,,,,,,,,,,,,