GOVERNMENT OF MAHARASHTRA,,,,,,,,,,,,,,,,,,,
"State Common Entrance Test Cell, Mumbai.",,,,,,,,,,,,,,,,,,,
,Cut Off List for Maharashtra & Minority Seats of CAP Round-I for Admission to the First Year Post Graduate Technical Course in Master of Computer Applications (MCA) 2025-26,,,,,,,,,,,,,,,,,,
,"1005 - Sant Gadge Baba Amravati University,Amravati",,,,,,,,,,,,,,,,,,
,0100524110 - Master in Computer Application,,,,,,,,,,,,,,,,,,
,Status :, ,University Department,,,,,,,,,,,,,,,,
,Home University Seats,,,,,,,,,,,,,,,,,,
Home University Seats Allotted to Home University Candidates,,,,,,,,,,,,,,,,,,,
,GOPENH, ,GSCH, ,GSTH, ,GNTAH, ,GNTBH, ,GNTCH, ,GOBCH, ,GSEBCH, ,PWDOPENH,,
4742,14153,9741,7408,10287,7243,6039,19050,24739,,,,,,,,,,,
Stage-I, ,,,,,,,,,,,,,,,,,,
(85.3851665),(53.942159),(69.7143504),(77.8251197),(67.3579428),(77.8251197),(82.8308366),(34.5198145),(5.5960152),,,,,,,,,,,
,Home University Seats Allotted to Other Than Home University Candidates,,,,,,,,,,,,,,,,,,
,GSTH, ,GNTDH, ,GSEBCH,,,,,,,,,,,,,,
22839,9621,14157,,,,,,,,,,,,,,,,,
Stage-I, ,,,,,,,,,,,,,,,,,,
(15.5994113),(69.7143504),(53.942159),,,,,,,,,,,,,,,,,
,Other Than Home University Seats,,,,,,,,,,,,,,,,,,
Other Than Home University Seats Allotted to Other Than Home University Candidates,,,,,,,,,,,,,,,,,,,
,GOPENO, ,GSCO, ,GSTO, ,GOBCO, ,GSEBCO,,,,,,,,,,
3659,3829,10980,5561,6698,,,,,,,,,,,,,,,
Stage-I, ,,,,,,,,,,,,,,,,,,
(89.1331398),(89.1331398),(65.8578922),(82.9644433),(79.9969812),,,,,,,,,,,,,,,
,State Level Seats,,,,,,,,,,,,,,,,,,
,EWS, ,TFWS,,,,,,,,,,,,,,,,
11341,2056,,,,,,,,,,,,,,,,,,
Stage-I, ,,,,,,,,,,,,,,,,,,
(65.8578922),(93.405226),,,,,,,,,,,,,,,,,,
,Legends :, ,"Legends: G-General, L-Ladies, S-State Level Seats ,PWD - Persons with Disabilities,DEF - Defence,PWDR :PWD Common Reserved Seat",,,,,,,,,,,,,,,,
"DEFR :Defense Common Reserved Seat ,* Maharashtra State Seats - Cut Off Indicates State General Merit No. ; Figures in bracket Indicates Merit Score",,,,,,,,,,,,,,,,,,,
,Page 1 of 188,,,,,,,,,,,,,,,,,,
GOVERNMENT OF MAHARASHTRA,,,,,,,,,,,,,,,,,,,
"State Common Entrance Test Cell, Mumbai.",,,,,,,,,,,,,,,,,,,
,Cut Off List for Maharashtra & Minority Seats of CAP Round-I for Admission to the First Year Post Graduate Technical Course in Master of Computer Applications (MCA) 2025-26,,,,,,,,,,,,,,,,,,
,"1102 - Vidya Bharati Mahavidyalaya Department of Research and PG Studies in Science & Management, Amravati",,,,,,,,,,,,,,,,,,
,0110224110 - Master in Computer Application,,,,,,,,,,,,,,,,,,
,Status :, ,Un-Aided-Linguistic Minority - Hindi,,,,,,,,,,,,,,,,
,Home University Seats,,,,,,,,,,,,,,,,,,
Home University Seats Allotted to Home University Candidates,,,,,,,,,,,,,,,,,,,
,GOPENH,,,,,,,,,,,,,,,,,,
7868,,,,,,,,,,,,,,,,,,,
Stage-I, ,,,,,,,,,,,,,,,,,,
(76.9216256),,,,,,,,,,,,,,,,,,,
,Other Than Home University Seats,,,,,,,,,,,,,,,,,,
Other Than Home University Seats Allotted to Other Than Home University Candidates,,,,,,,,,,,,,,,,,,,
,GOPENO,,,,,,,,,,,,,,,,,,
13356,,,,,,,,,,,,,,,,,,,
Stage-I, ,,,,,,,,,,,,,,,,,,
(56.5488095),,,,,,,,,,,,,,,,,,,
,State Level Seats,,,,,,,,,,,,,,,,,,
,TFWS,,,,,,,,,,,,,,,,,,
5901,,,,,,,,,,,,,,,,,,,
Stage-I, ,,,,,,,,,,,,,,,,,,
(82.8308366),,,,,,,,,,,,,,,,,,,
,Minority Seats : Minority Seats Allotted to Minority Candidates,,,,,,,,,,,,,,,,,,
,MI,,,,,,,,,,,,,,,,,,
19221,,,,,,,,,,,,,,,,,,,
Stage-I, ,,,,,,,,,,,,,,,,,,
(34.5198145),,,,,,,,,,,,,,,,,,,
,Legends :, ,"Legends: G-General, L-Ladies, S-State Level Seats ,PWD - Persons with Disabilities,DEF - Defence,PWDR :PWD Common Reserved Seat",,,,,,,,,,,,,,,,
"DEFR :Defense Common Reserved Seat ,* Maharashtra State Seats - Cut Off Indicates State General Merit No. ; Figures in bracket Indicates Merit Score",,,,,,,,,,,,,,,,,,,
,Page 2 of 188,,,,,,,,,,,,,,,,,,
GOVERNMENT OF MAHARASHTRA,,,,,,,,,,,,,,,,,,,
"State Common Entrance Test Cell, Mumbai.",,,,,,,,,,,,,,,,,,,
,Cut Off List for Maharashtra & Minority Seats of CAP Round-I for Admission to the First Year Post Graduate Technical Course in Master of Computer Applications (MCA) 2025-26,,,,,,,,,,,,,,,,,,
,"1105 - Prof. Ram Meghe Institute of Technology & Research, Amravati",,,,,,,,,,,,,,,,,,
,0110524110 - Master in Computer Application,,,,,,,,,,,,,,,,,,
,Status :, ,Un-Aided-Autonomous,,,,,,,,,,,,,,,,
,Home University Seats,,,,,,,,,,,,,,,,,,
Home University Seats Allotted to Home University Candidates,,,,,,,,,,,,,,,,,,,
,GOPENH, ,GSCH, ,GNTAH, ,GNTBH, ,GNTCH, ,GOBCH, ,GSEBCH,,,,,,
4628,12552,8738,8868,10279,6787,21543,,,,,,,,,,,,,
Stage-I, ,,,,,,,,,,,,,,,,,,
(85.3851665),(61.2807064),(73.5368477),(73.5368477),(67.3579428),(79.9969812),(23.1010151),,,,,,,,,,,,,
,Other Than Home University Seats,,,,,,,,,,,,,,,,,,
Other Than Home University Seats Allotted to Other Than Home University Candidates,,,,,,,,,,,,,,,,,,,
,GOPENO, ,GNTCO, ,GOBCO,,,,,,,,,,,,,,
11528,21199,15109,,,,,,,,,,,,,,,,,
Stage-I, ,,,,,,,,,,,,,,,,,,
(63.1574978),(25.4779232),(51.4093808),,,,,,,,,,,,,,,,,
,Other Than Home University Seats Allotted to Home University Candidates,,,,,,,,,,,,,,,,,,
,GSCO,,,,,,,,,,,,,,,,,,
15017,,,,,,,,,,,,,,,,,,,
Stage-I, ,,,,,,,,,,,,,,,,,,
(51.4093808),,,,,,,,,,,,,,,,,,,
,State Level Seats,,,,,,,,,,,,,,,,,,
,EWS, ,TFWS,,,,,,,,,,,,,,,,
12768,2465,,,,,,,,,,,,,,,,,,
Stage-I, ,,,,,,,,,,,,,,,,,,
(58.7911466),(92.1797821),,,,,,,,,,,,,,,,,,
,Legends :, ,"Legends: G-General, L-Ladies, S-State Level Seats ,PWD - Persons with Disabilities,DEF - Defence,PWDR :PWD Common Reserved Seat",,,,,,,,,,,,,,,,
"DEFR :Defense Common Reserved Seat ,* Maharashtra State Seats - Cut Off Indicates State General Merit No. ; Figures in bracket Indicates Merit Score",,,,,,,,,,,,,,,,,,,
,Page 3 of 188,,,,,,,,,,,,,,,,,,
GOVERNMENT OF MAHARASHTRA,,,,,,,,,,,,,,,,,,,
"State Common Entrance Test Cell, Mumbai.",,,,,,,,,,,,,,,,,,,
,Cut Off List for Maharashtra & Minority Seats of CAP Round-I for Admission to the First Year Post Graduate Technical Course in Master of Computer Applications (MCA) 2025-26,,,,,,,,,,,,,,,,,,
,"1107 - P. R. Pote Patil College of Engineering & Management, Amravati",,,,,,,,,,,,,,,,,,
,0110724110 - Master in Computer Application,,,,,,,,,,,,,,,,,,
,Status :, ,Un-Aided-Autonomous,,,,,,,,,,,,,,,,
,Home University Seats,,,,,,,,,,,,,,,,,,
Home University Seats Allotted to Home University Candidates,,,,,,,,,,,,,,,,,,,
,GOPENH, ,GSCH, ,GSTH, ,GNTAH, ,GNTCH, ,GOBCH, ,GSEBCH, ,PWDOPENH,,,,
4441,5625,8543,7113,10404,4791,20940,15675,,,,,,,,,,,,
Stage-I, ,,,,,,,,,,,,,,,,,,
(85.3851665),(82.9644433),(73.5368477),(77.8251197),(67.3579428),(85.3851665),(25.4779232),(49.3533426),,,,,,,,,,,,
,Other Than Home University Seats,,,,,,,,,,,,,,,,,,
Other Than Home University Seats Allotted to Other Than Home University Candidates,,,,,,,,,,,,,,,,,,,
,GOPENO, ,GNTBO, ,GNTDO, ,GOBCO, ,GSEBCO,,,,,,,,,,
9589,10811,19482,18118,13738,,,,,,,,,,,,,,,
Stage-I, ,,,,,,,,,,,,,,,,,,
(71.1549338),(65.8578922),(31.6629561),(39.3989669),(56.5488095),,,,,,,,,,,,,,,
,Other Than Home University Seats Allotted to Home University Candidates,,,,,,,,,,,,,,,,,,
,GSCO,,,,,,,,,,,,,,,,,,
10303,,,,,,,,,,,,,,,,,,,
Stage-I, ,,,,,,,,,,,,,,,,,,
(67.3579428),,,,,,,,,,,,,,,,,,,
,State Level Seats,,,,,,,,,,,,,,,,,,
,EWS, ,TFWS,,,,,,,,,,,,,,,,
5053,1367,,,,,,,,,,,,,,,,,,
Stage-I, ,,,,,,,,,,,,,,,,,,
(85.2118788),(95.2942951),,,,,,,,,,,,,,,,,,
,Legends :, ,"Legends: G-General, L-Ladies, S-State Level Seats ,PWD - Persons with Disabilities,DEF - Defence,PWDR :PWD Common Reserved Seat",,,,,,,,,,,,,,,,
"DEFR :Defense Common Reserved Seat ,* Maharashtra State Seats - Cut Off Indicates State General Merit No. ; Figures in bracket Indicates Merit Score",,,,,,,,,,,,,,,,,,,
,Page 4 of 188,,,,,,,,,,,,,,,,,,
GOVERNMENT OF MAHARASHTRA,,,,,,,,,,,,,,,,,,,
"State Common Entrance Test Cell, Mumbai.",,,,,,,,,,,,,,,,,,,
,Cut Off List for Maharashtra & Minority Seats of CAP Round-I for Admission to the First Year Post Graduate Technical Course in Master of Computer Applications (MCA) 2025-26,,,,,,,,,,,,,,,,,,
,"1111 - P.G. Department of Computer Science & Technology, D.C.P.E., H.V.P. Mandal, Amravati",,,,,,,,,,,,,,,,,,
,0111124110 - Master in Computer Application,,,,,,,,,,,,,,,,,,
,Status :, ,Un-Aided-Autonomous,,,,,,,,,,,,,,,,
,Home University Seats,,,,,,,,,,,,,,,,,,
Home University Seats Allotted to Home University Candidates,,,,,,,,,,,,,,,,,,,
,GOPENH, ,GSCH, ,GSTH, ,GNTAH, ,GNTBH, ,GNTCH, ,GOBCH,,,,,,
10147,19892,23690,19969,21357,16363,12501,,,,,,,,,,,,,
Stage-I, ,,,,,,,,,,,,,,,,,,
(69.7143504),(29.9046039),(10.5199653),(29.9046039),(23.1010151),(46.3793819),(61.2807064),,,,,,,,,,,,,
,Other Than Home University Seats,,,,,,,,,,,,,,,,,,
Other Than Home University Seats Allotted to Other Than Home University Candidates,,,,,,,,,,,,,,,,,,,
,GOPENO, ,GOBCO,,,,,,,,,,,,,,,,
20765,24676,,,,,,,,,,,,,,,,,,
Stage-I, ,,,,,,,,,,,,,,,,,,
(27.2744425),(5.5960152),,,,,,,,,,,,,,,,,,
,Other Than Home University Seats Allotted to Home University Candidates,,,,,,,,,,,,,,,,,,
,GSCO, ,GNTCO, ,GOBCO,,,,,,,,,,,,,,
20975,17574,12644,,,,,,,,,,,,,,,,,
Stage-I, ,,,,,,,,,,,,,,,,,,
(25.4779232),(41.4550394),(61.2807064),,,,,,,,,,,,,,,,,
,State Level Seats,,,,,,,,,,,,,,,,,,
,EWS, ,TFWS,,,,,,,,,,,,,,,,
23240,9209,,,,,,,,,,,,,,,,,,
Stage-I, ,,,,,,,,,,,,,,,,,,
(13.5402134),(71.1549338),,,,,,,,,,,,,,,,,,
,Legends :, ,"Legends: G-General, L-Ladies, S-State Level Seats ,PWD - Persons with Disabilities,DEF - Defence,PWDR :PWD Common Reserved Seat",,,,,,,,,,,,,,,,
"DEFR :Defense Common Reserved Seat ,* Maharashtra State Seats - Cut Off Indicates State General Merit No. ; Figures in bracket Indicates Merit Score",,,,,,,,,,,,,,,,,,,
,Page 5 of 188,,,,,,,,,,,,,,,,,,
GOVERNMENT OF MAHARASHTRA,,,,,,,,,,,,,,,,,,,
"State Common Entrance Test Cell, Mumbai.",,,,,,,,,,,,,,,,,,,
,Cut Off List for Maharashtra & Minority Seats of CAP Round-I for Admission to the First Year Post Graduate Technical Course in Master of Computer Applications (MCA) 2025-26,,,,,,,,,,,,,,,,,,
,"1113 - Sadhana Shikshan Mandal, Saraswati College, Shegaon",,,,,,,,,,,,,,,,,,
,0111324110 - Master in Computer Application,,,,,,,,,,,,,,,,,,
,Status :, ,Un-Aided,,,,,,,,,,,,,,,,
,Home University Seats,,,,,,,,,,,,,,,,,,
Home University Seats Allotted to Home University Candidates,,,,,,,,,,,,,,,,,,,
,GOPENH, ,GSCH, ,GNTBH, ,GNTCH, ,GOBCH, ,GSEBCH,,,,,,,,
13191,25089,15624,20850,16109,25261,,,,,,,,,,,,,,
Stage-I, ,,,,,,,,,,,,,,,,,,
(58.7911466),(3.0466423),(49.3533426),(25.4779232),(46.3793819),(2.0301121),,,,,,,,,,,,,,
,Other Than Home University Seats,,,,,,,,,,,,,,,,,,
Other Than Home University Seats Allotted to Other Than Home University Candidates,,,,,,,,,,,,,,,,,,,
,GOPENO, ,GOBCO,,,,,,,,,,,,,,,,
23214,24517,,,,,,,,,,,,,,,,,,
Stage-I, ,,,,,,,,,,,,,,,,,,
(13.5402134),(5.9311489),,,,,,,,,,,,,,,,,,
,Other Than Home University Seats Allotted to Home University Candidates,,,,,,,,,,,,,,,,,,
,GNTBO, ,GOBCO,,,,,,,,,,,,,,,,
21794,16347,,,,,,,,,,,,,,,,,,
Stage-I, ,,,,,,,,,,,,,,,,,,
(21.0059952),(46.3793819),,,,,,,,,,,,,,,,,,
,State Level Seats,,,,,,,,,,,,,,,,,,
,EWS, ,TFWS,,,,,,,,,,,,,,,,
19420,5265,,,,,,,,,,,,,,,,,,
Stage-I, ,,,,,,,,,,,,,,,,,,
(31.6629561),(82.9644433),,,,,,,,,,,,,,,,,,
,Legends :, ,"Legends: G-General, L-Ladies, S-State Level Seats ,PWD - Persons with Disabilities,DEF - Defence,PWDR :PWD Common Reserved Seat",,,,,,,,,,,,,,,,
"DEFR :Defense Common Reserved Seat ,* Maharashtra State Seats - Cut Off Indicates State General Merit No. ; Figures in bracket Indicates Merit Score",,,,,,,,,,,,,,,,,,,
,Page 6 of 188,,,,,,,,,,,,,,,,,,
GOVERNMENT OF MAHARASHTRA,,,,,,,,,,,,,,,,,,,
"State Common Entrance Test Cell, Mumbai.",,,,,,,,,,,,,,,,,,,
,Cut Off List for Maharashtra & Minority Seats of CAP Round-I for Admission to the First Year Post Graduate Technical Course in Master of Computer Applications (MCA) 2025-26,,,,,,,,,,,,,,,,,,
,1314 - SMT RADHADEVI GOENKA COLLEGE FOR WOMEN,,,,,,,,,,,,,,,,,,
,0131424170U - Master in Computer Application,,,,,,,,,,,,,,,,,,
,Status :, ,Un-Aided-Linguistic Minority - Marwadi,,,,,,,,,,,,,,,,
,Home University Seats,,,,,,,,,,,,,,,,,,
Home University Seats Allotted to Home University Candidates,,,,,,,,,,,,,,,,,,,
,GOPENH,,,,,,,,,,,,,,,,,,
25139,,,,,,,,,,,,,,,,,,,
Stage-I, ,,,,,,,,,,,,,,,,,,
(2.8640429),,,,,,,,,,,,,,,,,,,
,Other Than Home University Seats,,,,,,,,,,,,,,,,,,
Other Than Home University Seats Allotted to Other Than Home University Candidates,,,,,,,,,,,,,,,,,,,
,GOPENO,,,,,,,,,,,,,,,,,,
24353,,,,,,,,,,,,,,,,,,,
Stage-I, ,,,,,,,,,,,,,,,,,,
(7.4072677),,,,,,,,,,,,,,,,,,,
,State Level Seats,,,,,,,,,,,,,,,,,,
,TFWS,,,,,,,,,,,,,,,,,,
23820,,,,,,,,,,,,,,,,,,,
Stage-I, ,,,,,,,,,,,,,,,,,,
(10.5199653),,,,,,,,,,,,,,,,,,,
,Legends :, ,"Legends: G-General, L-Ladies, S-State Level Seats ,PWD - Persons with Disabilities,DEF - Defence,PWDR :PWD Common Reserved Seat",,,,,,,,,,,,,,,,
"DEFR :Defense Common Reserved Seat ,* Maharashtra State Seats - Cut Off Indicates State General Merit No. ; Figures in bracket Indicates Merit Score",,,,,,,,,,,,,,,,,,,
,Page 7 of 188,,,,,,,,,,,,,,,,,,
GOVERNMENT OF MAHARASHTRA,,,,,,,,,,,,,,,,,,,
"State Common Entrance Test Cell, Mumbai.",,,,,,,,,,,,,,,,,,,
,Cut Off List for Maharashtra & Minority Seats of CAP Round-I for Admission to the First Year Post Graduate Technical Course in Master of Computer Applications (MCA) 2025-26,,,,,,,,,,,,,,,,,,
,"2001 - Dr. B. A. M.University Dept. Of Management Science, Aurangabad",,,,,,,,,,,,,,,,,,
,0200124110 - Master in Computer Application,,,,,,,,,,,,,,,,,,
,Status :, ,University Department,,,,,,,,,,,,,,,,
,Home University Seats,,,,,,,,,,,,,,,,,,
Home University Seats Allotted to Home University Candidates,,,,,,,,,,,,,,,,,,,
,GOPENH, ,GSCH, ,GNTAH, ,GNTBH, ,GNTCH, ,GOBCH, ,GSEBCH,,,,,,
6126,10991,7637,8178,19109,10898,9742,,,,,,,,,,,,,
Stage-I, ,,,,,,,,,,,,,,,,,,
(80.5399495),(65.8578922),(76.9216256),(74.782248),(34.5198145),(65.8578922),(69.7143504),,,,,,,,,,,,,
,Home University Seats Allotted to Other Than Home University Candidates,,,,,,,,,,,,,,,,,,
,GNTDH,,,,,,,,,,,,,,,,,,
14108,,,,,,,,,,,,,,,,,,,
Stage-I, ,,,,,,,,,,,,,,,,,,
(53.942159),,,,,,,,,,,,,,,,,,,
,Other Than Home University Seats,,,,,,,,,,,,,,,,,,
Other Than Home University Seats Allotted to Other Than Home University Candidates,,,,,,,,,,,,,,,,,,,
,GOPENO, ,GSCO, ,GOBCO, ,GSEBCO,,,,,,,,,,,,
3469,10233,4451,12204,,,,,,,,,,,,,,,,
Stage-I, ,,,,,,,,,,,,,,,,,,
(89.1966341),(67.3579428),(85.3851665),(61.2807064),,,,,,,,,,,,,,,,
,State Level Seats,,,,,,,,,,,,,,,,,,
,EWS, ,TFWS,,,,,,,,,,,,,,,,
6790,2232,,,,,,,,,,,,,,,,,,
Stage-I, ,,,,,,,,,,,,,,,,,,
(79.9969812),(92.3361383),,,,,,,,,,,,,,,,,,
,Legends :, ,"Legends: G-General, L-Ladies, S-State Level Seats ,PWD - Persons with Disabilities,DEF - Defence,PWDR :PWD Common Reserved Seat",,,,,,,,,,,,,,,,
"DEFR :Defense Common Reserved Seat ,* Maharashtra State Seats - Cut Off Indicates State General Merit No. ; Figures in bracket Indicates Merit Score",,,,,,,,,,,,,,,,,,,
,Page 8 of 188,,,,,,,,,,,,,,,,,,
GOVERNMENT OF MAHARASHTRA,,,,,,,,,,,,,,,,,,,
"State Common Entrance Test Cell, Mumbai.",,,,,,,,,,,,,,,,,,,
,Cut Off List for Maharashtra & Minority Seats of CAP Round-I for Admission to the First Year Post Graduate Technical Course in Master of Computer Applications (MCA) 2025-26,,,,,,,,,,,,,,,,,,
,"2005 - Dr. Babasaheb Ambedkar Marathwada Vidyapeeth,(Aurangabad) Sub Section - Osmanabad",,,,,,,,,,,,,,,,,,
,0200524110 - Master in Computer Application,,,,,,,,,,,,,,,,,,
,Status :, ,University Department,,,,,,,,,,,,,,,,
,Home University Seats,,,,,,,,,,,,,,,,,,
Home University Seats Allotted to Home University Candidates,,,,,,,,,,,,,,,,,,,
,GOPENH, ,GSCH, ,GNTAH, ,GNTBH, ,GNTCH, ,GOBCH, ,GSEBCH,,,,,,
10912,18495,17684,17225,21727,24162,24217,,,,,,,,,,,,,
Stage-I, ,,,,,,,,,,,,,,,,,,
(65.8578922),(36.496736),(39.3989669),(41.4550394),(21.0059952),(7.9446476),(7.9446476),,,,,,,,,,,,,
,Home University Seats Allotted to Other Than Home University Candidates,,,,,,,,,,,,,,,,,,
,GNTDH,,,,,,,,,,,,,,,,,,
15444,,,,,,,,,,,,,,,,,,,
Stage-I, ,,,,,,,,,,,,,,,,,,
(49.3533426),,,,,,,,,,,,,,,,,,,
,Other Than Home University Seats,,,,,,,,,,,,,,,,,,
Other Than Home University Seats Allotted to Other Than Home University Candidates,,,,,,,,,,,,,,,,,,,
,GOPENO, ,GSCO, ,GNTAO, ,GNTCO, ,GOBCO, ,GSEBCO,,,,,,,,
6869,11759,14821,8484,9694,10812,,,,,,,,,,,,,,
Stage-I, ,,,,,,,,,,,,,,,,,,
(79.9969812),(63.1574978),(51.4093808),(74.782248),(69.7143504),(65.8578922),,,,,,,,,,,,,,
,State Level Seats,,,,,,,,,,,,,,,,,,
,EWS, ,TFWS,,,,,,,,,,,,,,,,
18908,16032,,,,,,,,,,,,,,,,,,
Stage-I, ,,,,,,,,,,,,,,,,,,
(34.5198145),(46.3793819),,,,,,,,,,,,,,,,,,
,Legends :, ,"Legends: G-General, L-Ladies, S-State Level Seats ,PWD - Persons with Disabilities,DEF - Defence,PWDR :PWD Common Reserved Seat",,,,,,,,,,,,,,,,
"DEFR :Defense Common Reserved Seat ,* Maharashtra State Seats - Cut Off Indicates State General Merit No. ; Figures in bracket Indicates Merit Score",,,,,,,,,,,,,,,,,,,
,Page 9 of 188,,,,,,,,,,,,,,,,,,
GOVERNMENT OF MAHARASHTRA,,,,,,,,,,,,,,,,,,,
"State Common Entrance Test Cell, Mumbai.",,,,,,,,,,,,,,,,,,,
,Cut Off List for Maharashtra & Minority Seats of CAP Round-I for Admission to the First Year Post Graduate Technical Course in Master of Computer Applications (MCA) 2025-26,,,,,,,,,,,,,,,,,,
,"2007 - Swami Ramanand Teerth Marathwada Vidyapeeth, Nanded",,,,,,,,,,,,,,,,,,
,0200724110 - Master in Computer Application,,,,,,,,,,,,,,,,,,
,Status :, ,University Department,,,,,,,,,,,,,,,,
,Home University Seats,,,,,,,,,,,,,,,,,,
Home University Seats Allotted to Home University Candidates,,,,,,,,,,,,,,,,,,,
,GOPENH, ,GSCH, ,GNTAH, ,GNTBH, ,GNTCH, ,GNTDH, ,GOBCH, ,GSEBCH, ,PWDOPENH,,
7966,18957,10918,17039,8961,21961,12367,12894,2879,,,,,,,,,,,
Stage-I, ,,,,,,,,,,,,,,,,,,
(74.782248),(34.5198145),(65.8578922),(44.5345198),(73.5368477),(21.0059952),(61.2807064),(58.7911466),(90.9663786),,,,,,,,,,,
,Other Than Home University Seats,,,,,,,,,,,,,,,,,,
Other Than Home University Seats Allotted to Other Than Home University Candidates,,,,,,,,,,,,,,,,,,,
,GOPENO, ,GSCO, ,GOBCO,,,,,,,,,,,,,,
10160,15890,16213,,,,,,,,,,,,,,,,,
Stage-I, ,,,,,,,,,,,,,,,,,,
(69.7143504),(46.3793819),(46.3793819),,,,,,,,,,,,,,,,,
,Other Than Home University Seats Allotted to Home University Candidates,,,,,,,,,,,,,,,,,,
,GSEBCO,,,,,,,,,,,,,,,,,,
12964,,,,,,,,,,,,,,,,,,,
Stage-I, ,,,,,,,,,,,,,,,,,,
(58.7911466),,,,,,,,,,,,,,,,,,,
,State Level Seats,,,,,,,,,,,,,,,,,,
,EWS, ,TFWS,,,,,,,,,,,,,,,,
12236,2746,,,,,,,,,,,,,,,,,,
Stage-I, ,,,,,,,,,,,,,,,,,,
(61.2807064),(90.9663786),,,,,,,,,,,,,,,,,,
,Legends :, ,"Legends: G-General, L-Ladies, S-State Level Seats ,PWD - Persons with Disabilities,DEF - Defence,PWDR :PWD Common Reserved Seat",,,,,,,,,,,,,,,,
"DEFR :Defense Common Reserved Seat ,* Maharashtra State Seats - Cut Off Indicates State General Merit No. ; Figures in bracket Indicates Merit Score",,,,,,,,,,,,,,,,,,,
,Page 10 of 188,,,,,,,,,,,,,,,,,,
GOVERNMENT OF MAHARASHTRA,,,,,,,,,,,,,,,,,,,
"State Common Entrance Test Cell, Mumbai.",,,,,,,,,,,,,,,,,,,
,Cut Off List for Maharashtra & Minority Seats of CAP Round-I for Admission to the First Year Post Graduate Technical Course in Master of Computer Applications (MCA) 2025-26,,,,,,,,,,,,,,,,,,
,"2008 - Government College of Engineering, Chhatrapati Sambhajinagar",,,,,,,,,,,,,,,,,,
,0200824110 - Master in Computer Application,,,,,,,,,,,,,,,,,,
,Status :, ,Government-Autonomous,,,,,,,,,,,,,,,,
,Home University Seats,,,,,,,,,,,,,,,,,,
Home University Seats Allotted to Home University Candidates,,,,,,,,,,,,,,,,,,,
,GOPENH, ,GSCH, ,GSTH, ,GNTAH, ,GNTBH, ,GNTCH, ,GNTDH, ,GOBCH, ,GSEBCH,,
2027,6438,4607,2064,4238,7342,4434,4976,4682,,,,,,,,,,,
Stage-I, ,,,,,,,,,,,,,,,,,,
(93.405226),(80.5399495),(85.3851665),(93.405226),(87.2080299),(77.8251197),(85.3851665),(85.2118788),(85.3851665),,,,,,,,,,,
,Home University Seats Allotted to Other Than Home University Candidates,,,,,,,,,,,,,,,,,,
,GSTH,,,,,,,,,,,,,,,,,,
18311,,,,,,,,,,,,,,,,,,,
Stage-I, ,,,,,,,,,,,,,,,,,,
(36.496736),,,,,,,,,,,,,,,,,,,
,Other Than Home University Seats,,,,,,,,,,,,,,,,,,
Other Than Home University Seats Allotted to Other Than Home University Candidates,,,,,,,,,,,,,,,,,,,
,GOPENO, ,GSCO, ,GSTO, ,GNTBO, ,GNTDO, ,GOBCO, ,GSEBCO,,,,,,
2213,2765,5803,3735,4127,2544,2660,,,,,,,,,,,,,
Stage-I, ,,,,,,,,,,,,,,,,,,
(93.405226),(90.9663786),(82.8308366),(89.1331398),(87.3496474),(92.1797821),(92.1797821),,,,,,,,,,,,,
,State Level Seats,,,,,,,,,,,,,,,,,,
,EWS, ,TFWS,,,,,,,,,,,,,,,,
4272,885,,,,,,,,,,,,,,,,,,
Stage-I, ,,,,,,,,,,,,,,,,,,
(87.2080299),(96.828928),,,,,,,,,,,,,,,,,,
,Legends :, ,"Legends: G-General, L-Ladies, S-State Level Seats ,PWD - Persons with Disabilities,DEF - Defence,PWDR :PWD Common Reserved Seat",,,,,,,,,,,,,,,,
"DEFR :Defense Common Reserved Seat ,* Maharashtra State Seats - Cut Off Indicates State General Merit No. ; Figures in bracket Indicates Merit Score",,,,,,,,,,,,,,,,,,,
,Page 11 of 188,,,,,,,,,,,,,,,,,,
GOVERNMENT OF MAHARASHTRA,,,,,,,,,,,,,,,,,,,
"State Common Entrance Test Cell, Mumbai.",,,,,,,,,,,,,,,,,,,
,Cut Off List for Maharashtra & Minority Seats of CAP Round-I for Admission to the First Year Post Graduate Technical Course in Master of Computer Applications (MCA) 2025-26,,,,,,,,,,,,,,,,,,
,"2102 - Rajarshi Shahu Institute of Management, Aurangabad",,,,,,,,,,,,,,,,,,
,0210224110 - Master in Computer Application,,,,,,,,,,,,,,,,,,
,Status :, ,Un-Aided,,,,,,,,,,,,,,,,
,Home University Seats,,,,,,,,,,,,,,,,,,
Home University Seats Allotted to Home University Candidates,,,,,,,,,,,,,,,,,,,
,GOPENH, ,GSCH, ,GSTH, ,GNTAH, ,GNTBH, ,GNTCH, ,GOBCH, ,GSEBCH,,,,
10340,15383,21277,17731,17627,14331,17853,20216,,,,,,,,,,,,
Stage-I, ,,,,,,,,,,,,,,,,,,
(67.3579428),(49.3533426),(23.1010151),(39.3989669),(41.4550394),(53.942159),(39.3989669),(29.9046039),,,,,,,,,,,,
,Other Than Home University Seats,,,,,,,,,,,,,,,,,,
Other Than Home University Seats Allotted to Other Than Home University Candidates,,,,,,,,,,,,,,,,,,,
,GOPENO, ,GSCO, ,GNTCO, ,GOBCO, ,GSEBCO,,,,,,,,,,
10226,20194,23119,13362,22807,,,,,,,,,,,,,,,
Stage-I, ,,,,,,,,,,,,,,,,,,
(67.3579428),(29.9046039),(13.5402134),(56.5488095),(15.5994113),,,,,,,,,,,,,,,
,Other Than Home University Seats Allotted to Home University Candidates,,,,,,,,,,,,,,,,,,
,GNTAO,,,,,,,,,,,,,,,,,,
19187,,,,,,,,,,,,,,,,,,,
Stage-I, ,,,,,,,,,,,,,,,,,,
(34.5198145),,,,,,,,,,,,,,,,,,,
,State Level Seats,,,,,,,,,,,,,,,,,,
,EWS, ,TFWS,,,,,,,,,,,,,,,,
22103,3600,,,,,,,,,,,,,,,,,,
Stage-I, ,,,,,,,,,,,,,,,,,,
(19.1539942),(89.1331398),,,,,,,,,,,,,,,,,,
,Legends :, ,"Legends: G-General, L-Ladies, S-State Level Seats ,PWD - Persons with Disabilities,DEF - Defence,PWDR :PWD Common Reserved Seat",,,,,,,,,,,,,,,,
"DEFR :Defense Common Reserved Seat ,* Maharashtra State Seats - Cut Off Indicates State General Merit No. ; Figures in bracket Indicates Merit Score",,,,,,,,,,,,,,,,,,,
,Page 12 of 188,,,,,,,,,,,,,,,,,,
GOVERNMENT OF MAHARASHTRA,,,,,,,,,,,,,,,,,,,
"State Common Entrance Test Cell, Mumbai.",,,,,,,,,,,,,,,,,,,
,Cut Off List for Maharashtra & Minority Seats of CAP Round-I for Admission to the First Year Post Graduate Technical Course in Master of Computer Applications (MCA) 2025-26,,,,,,,,,,,,,,,,,,
,"2113 - G. S. Mandal's Maharashtra Institute of Technology, Aurangabad",,,,,,,,,,,,,,,,,,
,0211324110 - Master in Computer Application,,,,,,,,,,,,,,,,,,
,Status :, ,Un-Aided-Autonomous,,,,,,,,,,,,,,,,
,Home University Seats,,,,,,,,,,,,,,,,,,
Home University Seats Allotted to Home University Candidates,,,,,,,,,,,,,,,,,,,
,GOPENH, ,GSCH, ,GSTH, ,GNTAH, ,GNTBH, ,GNTCH, ,GNTDH, ,GOBCH, ,GSEBCH,,
13685,22058,19815,23227,17450,23236,23849,22232,22890,,,,,,,,,,,
Stage-I, ,,,,,,,,,,,,,,,,,,
(56.5488095),(21.0059952),(31.6629561),(13.5402134),(41.4550394),(13.5402134),(10.5199653),(19.1539942),(15.5994113),,,,,,,,,,,
,Other Than Home University Seats,,,,,,,,,,,,,,,,,,
Other Than Home University Seats Allotted to Other Than Home University Candidates,,,,,,,,,,,,,,,,,,,
,GOPENO, ,GSCO, ,GNTAO, ,GNTBO, ,GNTCO, ,GOBCO,,,,,,,,
17970,24487,19371,19830,24388,23949,,,,,,,,,,,,,,
Stage-I, ,,,,,,,,,,,,,,,,,,
(39.3989669),(7.4072677),(31.6629561),(31.6629561),(7.4072677),(9.7430286),,,,,,,,,,,,,,
,Other Than Home University Seats Allotted to Home University Candidates,,,,,,,,,,,,,,,,,,
,GSCO, ,GSEBCO,,,,,,,,,,,,,,,,
23146,25408,,,,,,,,,,,,,,,,,,
Stage-I, ,,,,,,,,,,,,,,,,,,
(13.5402134),(0.5995249),,,,,,,,,,,,,,,,,,
,State Level Seats,,,,,,,,,,,,,,,,,,
,EWS, ,TFWS,,,,,,,,,,,,,,,,
24311,5808,,,,,,,,,,,,,,,,,,
Stage-I, ,,,,,,,,,,,,,,,,,,
(7.4072677),(82.8308366),,,,,,,,,,,,,,,,,,
,Legends :, ,"Legends: G-General, L-Ladies, S-State Level Seats ,PWD - Persons with Disabilities,DEF - Defence,PWDR :PWD Common Reserved Seat",,,,,,,,,,,,,,,,
"DEFR :Defense Common Reserved Seat ,* Maharashtra State Seats - Cut Off Indicates State General Merit No. ; Figures in bracket Indicates Merit Score",,,,,,,,,,,,,,,,,,,
,Page 13 of 188,,,,,,,,,,,,,,,,,,
GOVERNMENT OF MAHARASHTRA,,,,,,,,,,,,,,,,,,,
"State Common Entrance Test Cell, Mumbai.",,,,,,,,,,,,,,,,,,,
,Cut Off List for Maharashtra & Minority Seats of CAP Round-I for Admission to the First Year Post Graduate Technical Course in Master of Computer Applications (MCA) 2025-26,,,,,,,,,,,,,,,,,,
,"2115 - Sahyog Sevabhavi Santha's Indira Institute of Management Science, Nanded",,,,,,,,,,,,,,,,,,
,0211524110 - Master in Computer Application,,,,,,,,,,,,,,,,,,
,Status :, ,Un-Aided,,,,,,,,,,,,,,,,
,Home University Seats,,,,,,,,,,,,,,,,,,
Home University Seats Allotted to Home University Candidates,,,,,,,,,,,,,,,,,,,
,GOPENH, ,GSCH, ,GNTAH, ,GNTBH, ,GNTCH, ,GOBCH, ,GSEBCH,,,,,,
10222,19426,20636,11419,20049,18300,15384,,,,,,,,,,,,,
Stage-I, ,,,,,,,,,,,,,,,,,,
(67.3579428),(31.6629561),(27.2744425),(63.1574978),(29.9046039),(36.496736),(49.3533426),,,,,,,,,,,,,
,Other Than Home University Seats,,,,,,,,,,,,,,,,,,
Other Than Home University Seats Allotted to Other Than Home University Candidates,,,,,,,,,,,,,,,,,,,
,GOPENO,,,,,,,,,,,,,,,,,,
17925,,,,,,,,,,,,,,,,,,,
Stage-I, ,,,,,,,,,,,,,,,,,,
(39.3989669),,,,,,,,,,,,,,,,,,,
,Other Than Home University Seats Allotted to Home University Candidates,,,,,,,,,,,,,,,,,,
,GOPENO, ,GSCO, ,GNTAO, ,GNTCO, ,GOBCO, ,GSEBCO,,,,,,,,
11074,20238,21290,20372,20012,15398,,,,,,,,,,,,,,
Stage-I, ,,,,,,,,,,,,,,,,,,
(65.8578922),(29.9046039),(23.1010151),(27.2744425),(29.9046039),(49.3533426),,,,,,,,,,,,,,
,State Level Seats,,,,,,,,,,,,,,,,,,
,EWS, ,TFWS,,,,,,,,,,,,,,,,
22017,1466,,,,,,,,,,,,,,,,,,
Stage-I, ,,,,,,,,,,,,,,,,,,
(21.0059952),(95.2942951),,,,,,,,,,,,,,,,,,
,Legends :, ,"Legends: G-General, L-Ladies, S-State Level Seats ,PWD - Persons with Disabilities,DEF - Defence,PWDR :PWD Common Reserved Seat",,,,,,,,,,,,,,,,
"DEFR :Defense Common Reserved Seat ,* Maharashtra State Seats - Cut Off Indicates State General Merit No. ; Figures in bracket Indicates Merit Score",,,,,,,,,,,,,,,,,,,
,Page 14 of 188,,,,,,,,,,,,,,,,,,
GOVERNMENT OF MAHARASHTRA,,,,,,,,,,,,,,,,,,,
"State Common Entrance Test Cell, Mumbai.",,,,,,,,,,,,,,,,,,,
,Cut Off List for Maharashtra & Minority Seats of CAP Round-I for Admission to the First Year Post Graduate Technical Course in Master of Computer Applications (MCA) 2025-26,,,,,,,,,,,,,,,,,,
,"2119 - Shree Sharda Bhavan Education Society's Institute of Technology & Management, Nanded",,,,,,,,,,,,,,,,,,
,0211924110 - Master in Computer Application,,,,,,,,,,,,,,,,,,
,Status :, ,Un-Aided,,,,,,,,,,,,,,,,
,Home University Seats,,,,,,,,,,,,,,,,,,
Home University Seats Allotted to Home University Candidates,,,,,,,,,,,,,,,,,,,
,GOPENH, ,GSCH, ,GNTAH, ,GNTBH, ,GNTCH, ,GOBCH, ,GSEBCH,,,,,,
4621,11424,11110,21566,18295,8290,9413,,,,,,,,,,,,,
Stage-I, ,,,,,,,,,,,,,,,,,,
(85.3851665),(63.1574978),(65.8578922),(23.1010151),(36.496736),(74.782248),(71.1549338),,,,,,,,,,,,,
,Other Than Home University Seats,,,,,,,,,,,,,,,,,,
Other Than Home University Seats Allotted to Other Than Home University Candidates,,,,,,,,,,,,,,,,,,,
,GOPENO,,,,,,,,,,,,,,,,,,
19843,,,,,,,,,,,,,,,,,,,
Stage-I, ,,,,,,,,,,,,,,,,,,
(29.9046039),,,,,,,,,,,,,,,,,,,
,Other Than Home University Seats Allotted to Home University Candidates,,,,,,,,,,,,,,,,,,
,GOPENO, ,GSCO, ,GNTBO, ,GOBCO, ,GSEBCO,,,,,,,,,,
4840,12681,22323,9639,10281,,,,,,,,,,,,,,,
Stage-I, ,,,,,,,,,,,,,,,,,,
(85.2118788),(61.2807064),(19.1539942),(69.7143504),(67.3579428),,,,,,,,,,,,,,,
,State Level Seats,,,,,,,,,,,,,,,,,,
,EWS, ,TFWS,,,,,,,,,,,,,,,,
8859,5156,,,,,,,,,,,,,,,,,,
Stage-I, ,,,,,,,,,,,,,,,,,,
(73.5368477),(85.2118788),,,,,,,,,,,,,,,,,,
,Legends :, ,"Legends: G-General, L-Ladies, S-State Level Seats ,PWD - Persons with Disabilities,DEF - Defence,PWDR :PWD Common Reserved Seat",,,,,,,,,,,,,,,,
"DEFR :Defense Common Reserved Seat ,* Maharashtra State Seats - Cut Off Indicates State General Merit No. ; Figures in bracket Indicates Merit Score",,,,,,,,,,,,,,,,,,,
,Page 15 of 188,,,,,,,,,,,,,,,,,,
GOVERNMENT OF MAHARASHTRA,,,,,,,,,,,,,,,,,,,
"State Common Entrance Test Cell, Mumbai.",,,,,,,,,,,,,,,,,,,
,Cut Off List for Maharashtra & Minority Seats of CAP Round-I for Admission to the First Year Post Graduate Technical Course in Master of Computer Applications (MCA) 2025-26,,,,,,,,,,,,,,,,,,
,"2120 - Dnyanopasak Shikshan Mandal's Institute of Information Technology & Management, Parbhani.",,,,,,,,,,,,,,,,,,
,0212024110 - Master in Computer Application,,,,,,,,,,,,,,,,,,
,Status :, ,Un-Aided,,,,,,,,,,,,,,,,
,Home University Seats,,,,,,,,,,,,,,,,,,
Home University Seats Allotted to Home University Candidates,,,,,,,,,,,,,,,,,,,
,GOPENH, ,GSCH, ,GNTAH, ,GOBCH, ,GSEBCH,,,,,,,,,,
9162,11628,12636,14435,19768,,,,,,,,,,,,,,,
Stage-I, ,,,,,,,,,,,,,,,,,,
(71.1549338),(63.1574978),(61.2807064),(53.942159),(31.6629561),,,,,,,,,,,,,,,
,Other Than Home University Seats,,,,,,,,,,,,,,,,,,
Other Than Home University Seats Allotted to Other Than Home University Candidates,,,,,,,,,,,,,,,,,,,
,GOPENO,,,,,,,,,,,,,,,,,,
17422,,,,,,,,,,,,,,,,,,,
Stage-I, ,,,,,,,,,,,,,,,,,,
(41.4550394),,,,,,,,,,,,,,,,,,,
,Other Than Home University Seats Allotted to Home University Candidates,,,,,,,,,,,,,,,,,,
,GSCO, ,GNTAO, ,GOBCO,,,,,,,,,,,,,,
16327,16372,15100,,,,,,,,,,,,,,,,,
Stage-I, ,,,,,,,,,,,,,,,,,,
(46.3793819),(46.3793819),(51.4093808),,,,,,,,,,,,,,,,,
,State Level Seats,,,,,,,,,,,,,,,,,,
,EWS, ,TFWS,,,,,,,,,,,,,,,,
20133,6846,,,,,,,,,,,,,,,,,,
Stage-I, ,,,,,,,,,,,,,,,,,,
(29.9046039),(79.9969812),,,,,,,,,,,,,,,,,,
,Legends :, ,"Legends: G-General, L-Ladies, S-State Level Seats ,PWD - Persons with Disabilities,DEF - Defence,PWDR :PWD Common Reserved Seat",,,,,,,,,,,,,,,,
"DEFR :Defense Common Reserved Seat ,* Maharashtra State Seats - Cut Off Indicates State General Merit No. ; Figures in bracket Indicates Merit Score",,,,,,,,,,,,,,,,,,,
,Page 16 of 188,,,,,,,,,,,,,,,,,,
GOVERNMENT OF MAHARASHTRA,,,,,,,,,,,,,,,,,,,
"State Common Entrance Test Cell, Mumbai.",,,,,,,,,,,,,,,,,,,
,Cut Off List for Maharashtra & Minority Seats of CAP Round-I for Admission to the First Year Post Graduate Technical Course in Master of Computer Applications (MCA) 2025-26,,,,,,,,,,,,,,,,,,
,"2124 - Maratha Education Society's Institute of Management studies & Information Technology, Aurangabad",,,,,,,,,,,,,,,,,,
,0212424110 - Master in Computer Application,,,,,,,,,,,,,,,,,,
,Status :, ,Un-Aided,,,,,,,,,,,,,,,,
,Home University Seats,,,,,,,,,,,,,,,,,,
Home University Seats Allotted to Home University Candidates,,,,,,,,,,,,,,,,,,,
,GOPENH, ,GSCH, ,GNTAH, ,GNTBH, ,GNTCH, ,GNTDH, ,GOBCH, ,GSEBCH,,,,
6227,20816,17816,18949,10904,13639,13671,12770,,,,,,,,,,,,
Stage-I, ,,,,,,,,,,,,,,,,,,
(80.5399495),(25.4779232),(39.3989669),(34.5198145),(65.8578922),(56.5488095),(56.5488095),(58.7911466),,,,,,,,,,,,
,Other Than Home University Seats,,,,,,,,,,,,,,,,,,
Other Than Home University Seats Allotted to Other Than Home University Candidates,,,,,,,,,,,,,,,,,,,
,GOPENO, ,GSCO, ,GOBCO,,,,,,,,,,,,,,
18522,25081,24652,,,,,,,,,,,,,,,,,
Stage-I, ,,,,,,,,,,,,,,,,,,
(36.496736),(3.0466423),(5.5960152),,,,,,,,,,,,,,,,,
,Other Than Home University Seats Allotted to Home University Candidates,,,,,,,,,,,,,,,,,,
,GNTCO, ,GSEBCO,,,,,,,,,,,,,,,,
17667,15905,,,,,,,,,,,,,,,,,,
Stage-I, ,,,,,,,,,,,,,,,,,,
(39.3989669),(46.3793819),,,,,,,,,,,,,,,,,,
,State Level Seats,,,,,,,,,,,,,,,,,,
,EWS, ,TFWS,,,,,,,,,,,,,,,,
24752,6173,,,,,,,,,,,,,,,,,,
Stage-I, ,,,,,,,,,,,,,,,,,,
(5.5960152),(80.5399495),,,,,,,,,,,,,,,,,,
,Legends :, ,"Legends: G-General, L-Ladies, S-State Level Seats ,PWD - Persons with Disabilities,DEF - Defence,PWDR :PWD Common Reserved Seat",,,,,,,,,,,,,,,,
"DEFR :Defense Common Reserved Seat ,* Maharashtra State Seats - Cut Off Indicates State General Merit No. ; Figures in bracket Indicates Merit Score",,,,,,,,,,,,,,,,,,,
,Page 17 of 188,,,,,,,,,,,,,,,,,,
GOVERNMENT OF MAHARASHTRA,,,,,,,,,,,,,,,,,,,
"State Common Entrance Test Cell, Mumbai.",,,,,,,,,,,,,,,,,,,
,Cut Off List for Maharashtra & Minority Seats of CAP Round-I for Admission to the First Year Post Graduate Technical Course in Master of Computer Applications (MCA) 2025-26,,,,,,,,,,,,,,,,,,
,"2129 - M.S. Bidve Engineering College, Latur",,,,,,,,,,,,,,,,,,
,0212924110 - Master in Computer Application,,,,,,,,,,,,,,,,,,
,Status :, ,Un-Aided,,,,,,,,,,,,,,,,
,Home University Seats,,,,,,,,,,,,,,,,,,
Home University Seats Allotted to Home University Candidates,,,,,,,,,,,,,,,,,,,
,GOPENH, ,GSCH, ,GNTAH, ,GNTCH, ,GOBCH, ,GSEBCH, ,PWDOPENH,,,,,,
2977,13589,4627,8370,9810,6497,17612,,,,,,,,,,,,,
Stage-I, ,,,,,,,,,,,,,,,,,,
(90.7733494),(56.5488095),(85.3851665),(74.782248),(69.7143504),(79.9969812),(41.4550394),,,,,,,,,,,,,
,Other Than Home University Seats,,,,,,,,,,,,,,,,,,
Other Than Home University Seats Allotted to Other Than Home University Candidates,,,,,,,,,,,,,,,,,,,
,GOPENO, ,GSCO, ,GOBCO, ,GSEBCO,,,,,,,,,,,,
10595,14817,21615,11454,,,,,,,,,,,,,,,,
Stage-I, ,,,,,,,,,,,,,,,,,,
(67.3579428),(51.4093808),(23.1010151),(63.1574978),,,,,,,,,,,,,,,,
,Other Than Home University Seats Allotted to Home University Candidates,,,,,,,,,,,,,,,,,,
,GSCO, ,GNTDO,,,,,,,,,,,,,,,,
14265,14857,,,,,,,,,,,,,,,,,,
Stage-I, ,,,,,,,,,,,,,,,,,,
(53.942159),(51.4093808),,,,,,,,,,,,,,,,,,
,State Level Seats,,,,,,,,,,,,,,,,,,
,EWS, ,TFWS,,,,,,,,,,,,,,,,
5396,902,,,,,,,,,,,,,,,,,,
Stage-I, ,,,,,,,,,,,,,,,,,,
(82.9644433),(96.828928),,,,,,,,,,,,,,,,,,
,Legends :, ,"Legends: G-General, L-Ladies, S-State Level Seats ,PWD - Persons with Disabilities,DEF - Defence,PWDR :PWD Common Reserved Seat",,,,,,,,,,,,,,,,
"DEFR :Defense Common Reserved Seat ,* Maharashtra State Seats - Cut Off Indicates State General Merit No. ; Figures in bracket Indicates Merit Score",,,,,,,,,,,,,,,,,,,
,Page 18 of 188,,,,,,,,,,,,,,,,,,
GOVERNMENT OF MAHARASHTRA,,,,,,,,,,,,,,,,,,,
"State Common Entrance Test Cell, Mumbai.",,,,,,,,,,,,,,,,,,,
,Cut Off List for Maharashtra & Minority Seats of CAP Round-I for Admission to the First Year Post Graduate Technical Course in Master of Computer Applications (MCA) 2025-26,,,,,,,,,,,,,,,,,,
,"2259 - Shri Sai Institute of Management & Research, Aurangabad",,,,,,,,,,,,,,,,,,
,0225924110 - Master in Computer Application,,,,,,,,,,,,,,,,,,
,Status :, ,Un-Aided,,,,,,,,,,,,,,,,
,Home University Seats,,,,,,,,,,,,,,,,,,
Home University Seats Allotted to Home University Candidates,,,,,,,,,,,,,,,,,,,
,GOPENH, ,GSCH, ,GNTAH, ,GOBCH, ,GSEBCH,,,,,,,,,,
18365,25207,25084,24442,22643,,,,,,,,,,,,,,,
Stage-I, ,,,,,,,,,,,,,,,,,,
(36.496736),(2.0662871),(3.0466423),(7.4072677),(16.9789978),,,,,,,,,,,,,,,
,Other Than Home University Seats,,,,,,,,,,,,,,,,,,
Other Than Home University Seats Allotted to Other Than Home University Candidates,,,,,,,,,,,,,,,,,,,
,GOPENO, ,GOBCO,,,,,,,,,,,,,,,,
23365,25311,,,,,,,,,,,,,,,,,,
Stage-I, ,,,,,,,,,,,,,,,,,,
(13.5402134),(1.3622127),,,,,,,,,,,,,,,,,,
,Other Than Home University Seats Allotted to Home University Candidates,,,,,,,,,,,,,,,,,,
,GSCO,,,,,,,,,,,,,,,,,,
25245,,,,,,,,,,,,,,,,,,,
Stage-I, ,,,,,,,,,,,,,,,,,,
(2.0301121),,,,,,,,,,,,,,,,,,,
,State Level Seats,,,,,,,,,,,,,,,,,,
,TFWS,,,,,,,,,,,,,,,,,,
15877,,,,,,,,,,,,,,,,,,,
Stage-I, ,,,,,,,,,,,,,,,,,,
(46.3793819),,,,,,,,,,,,,,,,,,,
,Legends :, ,"Legends: G-General, L-Ladies, S-State Level Seats ,PWD - Persons with Disabilities,DEF - Defence,PWDR :PWD Common Reserved Seat",,,,,,,,,,,,,,,,
"DEFR :Defense Common Reserved Seat ,* Maharashtra State Seats - Cut Off Indicates State General Merit No. ; Figures in bracket Indicates Merit Score",,,,,,,,,,,,,,,,,,,
,Page 19 of 188,,,,,,,,,,,,,,,,,,
GOVERNMENT OF MAHARASHTRA,,,,,,,,,,,,,,,,,,,
"State Common Entrance Test Cell, Mumbai.",,,,,,,,,,,,,,,,,,,
,Cut Off List for Maharashtra & Minority Seats of CAP Round-I for Admission to the First Year Post Graduate Technical Course in Master of Computer Applications (MCA) 2025-26,,,,,,,,,,,,,,,,,,
,2508 - GRAMIN TECHNICAL AND MANAGEMENT CAMPUS NANDED.,,,,,,,,,,,,,,,,,,
,0250824110 - Master in Computer Application,,,,,,,,,,,,,,,,,,
,Status :, ,Un-Aided,,,,,,,,,,,,,,,,
,Home University Seats,,,,,,,,,,,,,,,,,,
Home University Seats Allotted to Home University Candidates,,,,,,,,,,,,,,,,,,,
,GOPENH, ,GSCH, ,GOBCH, ,GSEBCH,,,,,,,,,,,,
16280,23183,21534,23953,,,,,,,,,,,,,,,,
Stage-I, ,,,,,,,,,,,,,,,,,,
(46.3793819),(13.5402134),(23.1010151),(9.7430286),,,,,,,,,,,,,,,,
,Other Than Home University Seats,,,,,,,,,,,,,,,,,,
Other Than Home University Seats Allotted to Other Than Home University Candidates,,,,,,,,,,,,,,,,,,,
,GOPENO,,,,,,,,,,,,,,,,,,
22496,,,,,,,,,,,,,,,,,,,
Stage-I, ,,,,,,,,,,,,,,,,,,
(16.9789978),,,,,,,,,,,,,,,,,,,
,Other Than Home University Seats Allotted to Home University Candidates,,,,,,,,,,,,,,,,,,
,GOPENO, ,GSCO,,,,,,,,,,,,,,,,
16778,25431,,,,,,,,,,,,,,,,,,
Stage-I, ,,,,,,,,,,,,,,,,,,
(44.5345198),(0.5735633),,,,,,,,,,,,,,,,,,
,State Level Seats,,,,,,,,,,,,,,,,,,
,EWS, ,TFWS,,,,,,,,,,,,,,,,
21679,17234,,,,,,,,,,,,,,,,,,
Stage-I, ,,,,,,,,,,,,,,,,,,
(21.0059952),(41.4550394),,,,,,,,,,,,,,,,,,
,Legends :, ,"Legends: G-General, L-Ladies, S-State Level Seats ,PWD - Persons with Disabilities,DEF - Defence,PWDR :PWD Common Reserved Seat",,,,,,,,,,,,,,,,
"DEFR :Defense Common Reserved Seat ,* Maharashtra State Seats - Cut Off Indicates State General Merit No. ; Figures in bracket Indicates Merit Score",,,,,,,,,,,,,,,,,,,
,Page 20 of 188,,,,,,,,,,,,,,,,,,
GOVERNMENT OF MAHARASHTRA,,,,,,,,,,,,,,,,,,,
"State Common Entrance Test Cell, Mumbai.",,,,,,,,,,,,,,,,,,,
,Cut Off List for Maharashtra & Minority Seats of CAP Round-I for Admission to the First Year Post Graduate Technical Course in Master of Computer Applications (MCA) 2025-26,,,,,,,,,,,,,,,,,,
,"2519 - Shri V. D. Deshmukh College of MCA, Kolpa Dist. Latur",,,,,,,,,,,,,,,,,,
,0251924110 - Master in Computer Application,,,,,,,,,,,,,,,,,,
,Status :, ,Un-Aided,,,,,,,,,,,,,,,,
,Home University Seats,,,,,,,,,,,,,,,,,,
Home University Seats Allotted to Home University Candidates,,,,,,,,,,,,,,,,,,,
,GOPENH, ,GSCH, ,GNTAH, ,GNTBH, ,GNTCH, ,GNTDH, ,GOBCH, ,GSEBCH, ,PWDOPENH,,
8172,17697,13064,12379,14048,20364,18165,14652,23691,,,,,,,,,,,
Stage-I, ,,,,,,,,,,,,,,,,,,
(74.782248),(39.3989669),(58.7911466),(61.2807064),(53.942159),(27.2744425),(39.3989669),(51.4093808),(10.5199653),,,,,,,,,,,
,Other Than Home University Seats,,,,,,,,,,,,,,,,,,
Other Than Home University Seats Allotted to Other Than Home University Candidates,,,,,,,,,,,,,,,,,,,
,GOPENO, ,GNTCO, ,GOBCO,,,,,,,,,,,,,,
22177,23249,25454,,,,,,,,,,,,,,,,,
Stage-I, ,,,,,,,,,,,,,,,,,,
(19.1539942),(13.5402134),(0.2564006),,,,,,,,,,,,,,,,,
,Other Than Home University Seats Allotted to Home University Candidates,,,,,,,,,,,,,,,,,,
,GSCO, ,GNTAO, ,GNTBO, ,GOBCO, ,GSEBCO,,,,,,,,,,
20232,13094,17154,20438,16708,,,,,,,,,,,,,,,
Stage-I, ,,,,,,,,,,,,,,,,,,
(29.9046039),(58.7911466),(41.4550394),(27.2744425),(44.5345198),,,,,,,,,,,,,,,
,State Level Seats,,,,,,,,,,,,,,,,,,
,EWS, ,TFWS,,,,,,,,,,,,,,,,
15187,7942,,,,,,,,,,,,,,,,,,
Stage-I, ,,,,,,,,,,,,,,,,,,
(51.4093808),(74.782248),,,,,,,,,,,,,,,,,,
,Legends :, ,"Legends: G-General, L-Ladies, S-State Level Seats ,PWD - Persons with Disabilities,DEF - Defence,PWDR :PWD Common Reserved Seat",,,,,,,,,,,,,,,,
"DEFR :Defense Common Reserved Seat ,* Maharashtra State Seats - Cut Off Indicates State General Merit No. ; Figures in bracket Indicates Merit Score",,,,,,,,,,,,,,,,,,,
,Page 21 of 188,,,,,,,,,,,,,,,,,,
GOVERNMENT OF MAHARASHTRA,,,,,,,,,,,,,,,,,,,
"State Common Entrance Test Cell, Mumbai.",,,,,,,,,,,,,,,,,,,
,Cut Off List for Maharashtra & Minority Seats of CAP Round-I for Admission to the First Year Post Graduate Technical Course in Master of Computer Applications (MCA) 2025-26,,,,,,,,,,,,,,,,,,
,"2569 - Suraj Institute of Management, Beed",,,,,,,,,,,,,,,,,,
,0256924110 - Master in Computer Application,,,,,,,,,,,,,,,,,,
,Status :, ,Un-Aided,,,,,,,,,,,,,,,,
,Home University Seats,,,,,,,,,,,,,,,,,,
Home University Seats Allotted to Home University Candidates,,,,,,,,,,,,,,,,,,,
,GOPENH, ,GSCH, ,GNTAH, ,GNTBH, ,GNTCH, ,GNTDH, ,GOBCH,,,,,,
17500,24648,24478,20514,23766,22850,23776,,,,,,,,,,,,,
Stage-I, ,,,,,,,,,,,,,,,,,,
(41.4550394),(5.5960152),(7.4072677),(27.2744425),(10.5199653),(15.5994113),(10.5199653),,,,,,,,,,,,,
,Home University Seats Allotted to Other Than Home University Candidates,,,,,,,,,,,,,,,,,,
,GNTDH,,,,,,,,,,,,,,,,,,
25451,,,,,,,,,,,,,,,,,,,
Stage-I, ,,,,,,,,,,,,,,,,,,
(0.3660239),,,,,,,,,,,,,,,,,,,
,Other Than Home University Seats,,,,,,,,,,,,,,,,,,
Other Than Home University Seats Allotted to Other Than Home University Candidates,,,,,,,,,,,,,,,,,,,
,GOPENO, ,GSCO, ,GNTCO, ,GNTDO, ,GOBCO, ,GSEBCO,,,,,,,,
17921,25425,24058,23422,25249,23414,,,,,,,,,,,,,,
Stage-I, ,,,,,,,,,,,,,,,,,,
(39.3989669),(0.5735633),(9.7430286),(12.4750009),(2.0301121),(12.4750009),,,,,,,,,,,,,,
,State Level Seats,,,,,,,,,,,,,,,,,,
,EWS, ,TFWS,,,,,,,,,,,,,,,,
25086,13563,,,,,,,,,,,,,,,,,,
Stage-I, ,,,,,,,,,,,,,,,,,,
(3.0466423),(56.5488095),,,,,,,,,,,,,,,,,,
,Legends :, ,"Legends: G-General, L-Ladies, S-State Level Seats ,PWD - Persons with Disabilities,DEF - Defence,PWDR :PWD Common Reserved Seat",,,,,,,,,,,,,,,,
"DEFR :Defense Common Reserved Seat ,* Maharashtra State Seats - Cut Off Indicates State General Merit No. ; Figures in bracket Indicates Merit Score",,,,,,,,,,,,,,,,,,,
,Page 22 of 188,,,,,,,,,,,,,,,,,,
GOVERNMENT OF MAHARASHTRA,,,,,,,,,,,,,,,,,,,
"State Common Entrance Test Cell, Mumbai.",,,,,,,,,,,,,,,,,,,
,Cut Off List for Maharashtra & Minority Seats of CAP Round-I for Admission to the First Year Post Graduate Technical Course in Master of Computer Applications (MCA) 2025-26,,,,,,,,,,,,,,,,,,
,"2621 - MDA EDUCATION AND RESEARCH INSTITUTE, KOLPA, LATUR",,,,,,,,,,,,,,,,,,
,0262124110 - Master in Computer Application,,,,,,,,,,,,,,,,,,
,Status :, ,Un-Aided,,,,,,,,,,,,,,,,
,Home University Seats,,,,,,,,,,,,,,,,,,
Home University Seats Allotted to Home University Candidates,,,,,,,,,,,,,,,,,,,
,GOPENH, ,GSCH, ,GNTAH, ,GNTBH, ,GNTCH, ,GNTDH, ,GOBCH, ,GSEBCH,,,,
11800,24587,14669,21350,16151,22107,25146,18172,,,,,,,,,,,,
Stage-I, ,,,,,,,,,,,,,,,,,,
(63.1574978),(5.9311489),(51.4093808),(23.1010151),(46.3793819),(19.1539942),(2.8640429),(39.3989669),,,,,,,,,,,,
,Other Than Home University Seats,,,,,,,,,,,,,,,,,,
Other Than Home University Seats Allotted to Other Than Home University Candidates,,,,,,,,,,,,,,,,,,,
,GOPENO,,,,,,,,,,,,,,,,,,
24974,,,,,,,,,,,,,,,,,,,
Stage-I, ,,,,,,,,,,,,,,,,,,
(4.067771),,,,,,,,,,,,,,,,,,,
,Other Than Home University Seats Allotted to Home University Candidates,,,,,,,,,,,,,,,,,,
,GSCO, ,GNTCO, ,GNTDO, ,GSEBCO,,,,,,,,,,,,
25068,16484,22238,23352,,,,,,,,,,,,,,,,
Stage-I, ,,,,,,,,,,,,,,,,,,
(3.0466423),(44.5345198),(19.1539942),(13.5402134),,,,,,,,,,,,,,,,
,State Level Seats,,,,,,,,,,,,,,,,,,
,EWS, ,TFWS,,,,,,,,,,,,,,,,
20594,8829,,,,,,,,,,,,,,,,,,
Stage-I, ,,,,,,,,,,,,,,,,,,
(27.2744425),(73.5368477),,,,,,,,,,,,,,,,,,
,Legends :, ,"Legends: G-General, L-Ladies, S-State Level Seats ,PWD - Persons with Disabilities,DEF - Defence,PWDR :PWD Common Reserved Seat",,,,,,,,,,,,,,,,
"DEFR :Defense Common Reserved Seat ,* Maharashtra State Seats - Cut Off Indicates State General Merit No. ; Figures in bracket Indicates Merit Score",,,,,,,,,,,,,,,,,,,
,Page 23 of 188,,,,,,,,,,,,,,,,,,
GOVERNMENT OF MAHARASHTRA,,,,,,,,,,,,,,,,,,,
"State Common Entrance Test Cell, Mumbai.",,,,,,,,,,,,,,,,,,,
,Cut Off List for Maharashtra & Minority Seats of CAP Round-I for Admission to the First Year Post Graduate Technical Course in Master of Computer Applications (MCA) 2025-26,,,,,,,,,,,,,,,,,,
,"2622 - Jay Bhavani Institute of Management, Badnapur, Jalna",,,,,,,,,,,,,,,,,,
,0262224110 - Master in Computer Application,,,,,,,,,,,,,,,,,,
,Status :, ,Un-Aided,,,,,,,,,,,,,,,,
,Home University Seats,,,,,,,,,,,,,,,,,,
Home University Seats Allotted to Home University Candidates,,,,,,,,,,,,,,,,,,,
,GOPENH, ,GSCH, ,GSTH, ,GNTAH, ,GNTCH, ,GNTDH, ,GOBCH, ,GSEBCH,,,,
7066,17337,25424,9180,16728,9100,16155,22977,,,,,,,,,,,,
Stage-I, ,,,,,,,,,,,,,,,,,,
(77.8251197),(41.4550394),(0.5735633),(71.1549338),(44.5345198),(71.1549338),(46.3793819),(15.5994113),,,,,,,,,,,,
,Other Than Home University Seats,,,,,,,,,,,,,,,,,,
Other Than Home University Seats Allotted to Other Than Home University Candidates,,,,,,,,,,,,,,,,,,,
,GOPENO, ,GSCO, ,GOBCO, ,GSEBCO,,,,,,,,,,,,
18230,20562,22031,25453,,,,,,,,,,,,,,,,
Stage-I, ,,,,,,,,,,,,,,,,,,
(39.3989669),(27.2744425),(21.0059952),(0.2564006),,,,,,,,,,,,,,,,
,Other Than Home University Seats Allotted to Home University Candidates,,,,,,,,,,,,,,,,,,
,GSCO, ,GNTAO, ,GNTDO, ,GOBCO,,,,,,,,,,,,
18037,12215,15247,17072,,,,,,,,,,,,,,,,
Stage-I, ,,,,,,,,,,,,,,,,,,
(39.3989669),(61.2807064),(49.3533426),(41.4550394),,,,,,,,,,,,,,,,
,State Level Seats,,,,,,,,,,,,,,,,,,
,EWS, ,TFWS,,,,,,,,,,,,,,,,
14715,5231,,,,,,,,,,,,,,,,,,
Stage-I, ,,,,,,,,,,,,,,,,,,
(51.4093808),(82.9644433),,,,,,,,,,,,,,,,,,
,Legends :, ,"Legends: G-General, L-Ladies, S-State Level Seats ,PWD - Persons with Disabilities,DEF - Defence,PWDR :PWD Common Reserved Seat",,,,,,,,,,,,,,,,
"DEFR :Defense Common Reserved Seat ,* Maharashtra State Seats - Cut Off Indicates State General Merit No. ; Figures in bracket Indicates Merit Score",,,,,,,,,,,,,,,,,,,
,Page 24 of 188,,,,,,,,,,,,,,,,,,
GOVERNMENT OF MAHARASHTRA,,,,,,,,,,,,,,,,,,,
"State Common Entrance Test Cell, Mumbai.",,,,,,,,,,,,,,,,,,,
,Cut Off List for Maharashtra & Minority Seats of CAP Round-I for Admission to the First Year Post Graduate Technical Course in Master of Computer Applications (MCA) 2025-26,,,,,,,,,,,,,,,,,,
,"2633 - Yashodeep Institute of Computer Application, MCA",,,,,,,,,,,,,,,,,,
,0263324110 - Master in Computer Application,,,,,,,,,,,,,,,,,,
,Status :, ,Un-Aided,,,,,,,,,,,,,,,,
,Home University Seats,,,,,,,,,,,,,,,,,,
Home University Seats Allotted to Home University Candidates,,,,,,,,,,,,,,,,,,,
,GOPENH, ,GSCH, ,GNTAH, ,GNTBH, ,GNTCH, ,GNTDH, ,GOBCH, ,PWDOPENH,,,,
16830,24511,25159,20955,25483,22772,24187,17978,,,,,,,,,,,,
Stage-I, ,,,,,,,,,,,,,,,,,,
(44.5345198),(5.9311489),(2.8640429),(25.4779232),(0.067922),(16.9789978),(7.9446476),(39.3989669),,,,,,,,,,,,
,Other Than Home University Seats,,,,,,,,,,,,,,,,,,
Other Than Home University Seats Allotted to Other Than Home University Candidates,,,,,,,,,,,,,,,,,,,
,GOPENO,,,,,,,,,,,,,,,,,,
24404,,,,,,,,,,,,,,,,,,,
Stage-I, ,,,,,,,,,,,,,,,,,,
(7.4072677),,,,,,,,,,,,,,,,,,,
,Other Than Home University Seats Allotted to Home University Candidates,,,,,,,,,,,,,,,,,,
,GOPENO, ,GOBCO,,,,,,,,,,,,,,,,
18843,25013,,,,,,,,,,,,,,,,,,
Stage-I, ,,,,,,,,,,,,,,,,,,
(34.5198145),(3.0466423),,,,,,,,,,,,,,,,,,
,Legends :, ,"Legends: G-General, L-Ladies, S-State Level Seats ,PWD - Persons with Disabilities,DEF - Defence,PWDR :PWD Common Reserved Seat",,,,,,,,,,,,,,,,
"DEFR :Defense Common Reserved Seat ,* Maharashtra State Seats - Cut Off Indicates State General Merit No. ; Figures in bracket Indicates Merit Score",,,,,,,,,,,,,,,,,,,
,Page 25 of 188,,,,,,,,,,,,,,,,,,
GOVERNMENT OF MAHARASHTRA,,,,,,,,,,,,,,,,,,,
"State Common Entrance Test Cell, Mumbai.",,,,,,,,,,,,,,,,,,,
,Cut Off List for Maharashtra & Minority Seats of CAP Round-I for Admission to the First Year Post Graduate Technical Course in Master of Computer Applications (MCA) 2025-26,,,,,,,,,,,,,,,,,,
,"2635 - Shri. Sambhaji College of Management & Technology, Degaon Road, Opp. Nadla Digras, Khadkut, Nanded",,,,,,,,,,,,,,,,,,
,0263524110 - Master in Computer Application,,,,,,,,,,,,,,,,,,
,Status :, ,Un-Aided,,,,,,,,,,,,,,,,
,Home University Seats,,,,,,,,,,,,,,,,,,
Home University Seats Allotted to Home University Candidates,,,,,,,,,,,,,,,,,,,
,GOPENH, ,GSCH, ,GSTH, ,GNTAH, ,GNTBH, ,GNTCH, ,GOBCH, ,GSEBCH,,,,
12045,24288,22769,20967,16721,18271,22818,16170,,,,,,,,,,,,
Stage-I, ,,,,,,,,,,,,,,,,,,
(61.2807064),(7.9446476),(16.9789978),(25.4779232),(44.5345198),(36.496736),(15.5994113),(46.3793819),,,,,,,,,,,,
,Other Than Home University Seats,,,,,,,,,,,,,,,,,,
Other Than Home University Seats Allotted to Other Than Home University Candidates,,,,,,,,,,,,,,,,,,,
,GOPENO,,,,,,,,,,,,,,,,,,
24912,,,,,,,,,,,,,,,,,,,
Stage-I, ,,,,,,,,,,,,,,,,,,
(4.067771),,,,,,,,,,,,,,,,,,,
,Other Than Home University Seats Allotted to Home University Candidates,,,,,,,,,,,,,,,,,,
,GOPENO, ,GSCO, ,GNTAO, ,GNTBO, ,GOBCO, ,GSEBCO,,,,,,,,
12359,24838,22776,24499,25370,17096,,,,,,,,,,,,,,
Stage-I, ,,,,,,,,,,,,,,,,,,
(61.2807064),(4.302251),(16.9789978),(5.9311489),(0.8905324),(41.4550394),,,,,,,,,,,,,,
,State Level Seats,,,,,,,,,,,,,,,,,,
,EWS,,,,,,,,,,,,,,,,,,
24826,,,,,,,,,,,,,,,,,,,
Stage-I, ,,,,,,,,,,,,,,,,,,
(4.302251),,,,,,,,,,,,,,,,,,,
,Legends :, ,"Legends: G-General, L-Ladies, S-State Level Seats ,PWD - Persons with Disabilities,DEF - Defence,PWDR :PWD Common Reserved Seat",,,,,,,,,,,,,,,,
"DEFR :Defense Common Reserved Seat ,* Maharashtra State Seats - Cut Off Indicates State General Merit No. ; Figures in bracket Indicates Merit Score",,,,,,,,,,,,,,,,,,,
,Page 26 of 188,,,,,,,,,,,,,,,,,,
GOVERNMENT OF MAHARASHTRA,,,,,,,,,,,,,,,,,,,
"State Common Entrance Test Cell, Mumbai.",,,,,,,,,,,,,,,,,,,
,Cut Off List for Maharashtra & Minority Seats of CAP Round-I for Admission to the First Year Post Graduate Technical Course in Master of Computer Applications (MCA) 2025-26,,,,,,,,,,,,,,,,,,
,"2664 - Deogiri College, Chh. Sambhaji Nagar",,,,,,,,,,,,,,,,,,
,0266424110 - Master in Computer Application,,,,,,,,,,,,,,,,,,
,Status :, ,Un-Aided-Autonomous,,,,,,,,,,,,,,,,
,Home University Seats,,,,,,,,,,,,,,,,,,
Home University Seats Allotted to Home University Candidates,,,,,,,,,,,,,,,,,,,
,GOPENH, ,GSCH, ,GNTAH, ,GNTBH, ,GNTCH, ,GNTDH, ,GOBCH, ,GSEBCH,,,,
7252,14045,14196,11436,18378,9526,12937,16012,,,,,,,,,,,,
Stage-I, ,,,,,,,,,,,,,,,,,,
(77.8251197),(53.942159),(53.942159),(63.1574978),(36.496736),(71.1549338),(58.7911466),(46.3793819),,,,,,,,,,,,
,Other Than Home University Seats,,,,,,,,,,,,,,,,,,
Other Than Home University Seats Allotted to Other Than Home University Candidates,,,,,,,,,,,,,,,,,,,
,GOPENO, ,GSCO, ,GNTAO, ,GNTCO, ,GOBCO, ,GSEBCO,,,,,,,,
14491,22325,20141,14608,18115,17675,,,,,,,,,,,,,,
Stage-I, ,,,,,,,,,,,,,,,,,,
(53.942159),(19.1539942),(29.9046039),(51.4093808),(39.3989669),(39.3989669),,,,,,,,,,,,,,
,Other Than Home University Seats Allotted to Home University Candidates,,,,,,,,,,,,,,,,,,
,GNTBO, ,GNTDO,,,,,,,,,,,,,,,,
12179,17823,,,,,,,,,,,,,,,,,,
Stage-I, ,,,,,,,,,,,,,,,,,,
(61.2807064),(39.3989669),,,,,,,,,,,,,,,,,,
,State Level Seats,,,,,,,,,,,,,,,,,,
,EWS, ,TFWS,,,,,,,,,,,,,,,,
16529,2991,,,,,,,,,,,,,,,,,,
Stage-I, ,,,,,,,,,,,,,,,,,,
(44.5345198),(90.7733494),,,,,,,,,,,,,,,,,,
,Legends :, ,"Legends: G-General, L-Ladies, S-State Level Seats ,PWD - Persons with Disabilities,DEF - Defence,PWDR :PWD Common Reserved Seat",,,,,,,,,,,,,,,,
"DEFR :Defense Common Reserved Seat ,* Maharashtra State Seats - Cut Off Indicates State General Merit No. ; Figures in bracket Indicates Merit Score",,,,,,,,,,,,,,,,,,,
,Page 27 of 188,,,,,,,,,,,,,,,,,,
GOVERNMENT OF MAHARASHTRA,,,,,,,,,,,,,,,,,,,
"State Common Entrance Test Cell, Mumbai.",,,,,,,,,,,,,,,,,,,
,Cut Off List for Maharashtra & Minority Seats of CAP Round-I for Admission to the First Year Post Graduate Technical Course in Master of Computer Applications (MCA) 2025-26,,,,,,,,,,,,,,,,,,
,"2665 - Royal Institute of Technical Education, Latur",,,,,,,,,,,,,,,,,,
,0266524110 - Master in Computer Application,,,,,,,,,,,,,,,,,,
,Status :, ,Un-Aided,,,,,,,,,,,,,,,,
,Home University Seats,,,,,,,,,,,,,,,,,,
Home University Seats Allotted to Home University Candidates,,,,,,,,,,,,,,,,,,,
,GOPENH, ,GSCH, ,GNTAH, ,GNTBH, ,GNTCH, ,GNTDH, ,GOBCH, ,GSEBCH,,,,
9622,20460,18869,18610,12997,13075,20365,20841,,,,,,,,,,,,
Stage-I, ,,,,,,,,,,,,,,,,,,
(69.7143504),(27.2744425),(34.5198145),(36.496736),(58.7911466),(58.7911466),(27.2744425),(25.4779232),,,,,,,,,,,,
,Other Than Home University Seats,,,,,,,,,,,,,,,,,,
Other Than Home University Seats Allotted to Other Than Home University Candidates,,,,,,,,,,,,,,,,,,,
,GOPENO,,,,,,,,,,,,,,,,,,
22770,,,,,,,,,,,,,,,,,,,
Stage-I, ,,,,,,,,,,,,,,,,,,
(16.9789978),,,,,,,,,,,,,,,,,,,
,Other Than Home University Seats Allotted to Home University Candidates,,,,,,,,,,,,,,,,,,
,GOPENO, ,GSCO, ,GNTDO, ,GOBCO, ,GSEBCO,,,,,,,,,,
9718,23598,15054,23693,23556,,,,,,,,,,,,,,,
Stage-I, ,,,,,,,,,,,,,,,,,,
(69.7143504),(12.4750009),(51.4093808),(10.5199653),(12.4750009),,,,,,,,,,,,,,,
,State Level Seats,,,,,,,,,,,,,,,,,,
,EWS, ,TFWS,,,,,,,,,,,,,,,,
18446,7368,,,,,,,,,,,,,,,,,,
Stage-I, ,,,,,,,,,,,,,,,,,,
(36.496736),(77.8251197),,,,,,,,,,,,,,,,,,
,Legends :, ,"Legends: G-General, L-Ladies, S-State Level Seats ,PWD - Persons with Disabilities,DEF - Defence,PWDR :PWD Common Reserved Seat",,,,,,,,,,,,,,,,
"DEFR :Defense Common Reserved Seat ,* Maharashtra State Seats - Cut Off Indicates State General Merit No. ; Figures in bracket Indicates Merit Score",,,,,,,,,,,,,,,,,,,
,Page 28 of 188,,,,,,,,,,,,,,,,,,
GOVERNMENT OF MAHARASHTRA,,,,,,,,,,,,,,,,,,,
"State Common Entrance Test Cell, Mumbai.",,,,,,,,,,,,,,,,,,,
,Cut Off List for Maharashtra & Minority Seats of CAP Round-I for Admission to the First Year Post Graduate Technical Course in Master of Computer Applications (MCA) 2025-26,,,,,,,,,,,,,,,,,,
,2667 - DAYANAND COLLEGE OF COMMERCE LATUR,,,,,,,,,,,,,,,,,,
,0266724270U - Master of Computer Applications,,,,,,,,,,,,,,,,,,
,Status :, ,Un-Aided,,,,,,,,,,,,,,,,
,Home University Seats,,,,,,,,,,,,,,,,,,
Home University Seats Allotted to Home University Candidates,,,,,,,,,,,,,,,,,,,
,GOPENH, ,GSCH, ,GNTAH, ,GNTBH, ,GNTCH, ,GOBCH, ,GSEBCH,,,,,,
13855,19132,23298,18474,17119,25083,21998,,,,,,,,,,,,,
Stage-I, ,,,,,,,,,,,,,,,,,,
(56.5488095),(34.5198145),(13.5402134),(36.496736),(41.4550394),(3.0466423),(21.0059952),,,,,,,,,,,,,
,Other Than Home University Seats,,,,,,,,,,,,,,,,,,
Other Than Home University Seats Allotted to Other Than Home University Candidates,,,,,,,,,,,,,,,,,,,
,GOPENO,,,,,,,,,,,,,,,,,,
21753,,,,,,,,,,,,,,,,,,,
Stage-I, ,,,,,,,,,,,,,,,,,,
(21.0059952),,,,,,,,,,,,,,,,,,,
,Other Than Home University Seats Allotted to Home University Candidates,,,,,,,,,,,,,,,,,,
,GSCO, ,GNTCO, ,GSEBCO,,,,,,,,,,,,,,
21310,19494,23165,,,,,,,,,,,,,,,,,
Stage-I, ,,,,,,,,,,,,,,,,,,
(23.1010151),(31.6629561),(13.5402134),,,,,,,,,,,,,,,,,
,State Level Seats,,,,,,,,,,,,,,,,,,
,EWS, ,TFWS,,,,,,,,,,,,,,,,
13999,9626,,,,,,,,,,,,,,,,,,
Stage-I, ,,,,,,,,,,,,,,,,,,
(53.942159),(69.7143504),,,,,,,,,,,,,,,,,,
,Legends :, ,"Legends: G-General, L-Ladies, S-State Level Seats ,PWD - Persons with Disabilities,DEF - Defence,PWDR :PWD Common Reserved Seat",,,,,,,,,,,,,,,,
"DEFR :Defense Common Reserved Seat ,* Maharashtra State Seats - Cut Off Indicates State General Merit No. ; Figures in bracket Indicates Merit Score",,,,,,,,,,,,,,,,,,,
,Page 29 of 188,,,,,,,,,,,,,,,,,,
GOVERNMENT OF MAHARASHTRA,,,,,,,,,,,,,,,,,,,
"State Common Entrance Test Cell, Mumbai.",,,,,,,,,,,,,,,,,,,
,Cut Off List for Maharashtra & Minority Seats of CAP Round-I for Admission to the First Year Post Graduate Technical Course in Master of Computer Applications (MCA) 2025-26,,,,,,,,,,,,,,,,,,
,2672 - ARTS SCIENCE AND COMMERCE COLLEGE,,,,,,,,,,,,,,,,,,
,0267224170U - Master in Computer Application,,,,,,,,,,,,,,,,,,
,Status :, ,Un-Aided,,,,,,,,,,,,,,,,
,Home University Seats,,,,,,,,,,,,,,,,,,
Home University Seats Allotted to Home University Candidates,,,,,,,,,,,,,,,,,,,
,GOPENH, ,GSCH, ,GNTAH, ,GNTBH, ,GNTCH, ,GNTDH, ,GOBCH,,,,,,
14234,24144,21158,19496,17050,19909,23933,,,,,,,,,,,,,
Stage-I, ,,,,,,,,,,,,,,,,,,
(53.942159),(7.9446476),(25.4779232),(31.6629561),(44.5345198),(29.9046039),(9.7430286),,,,,,,,,,,,,
,Other Than Home University Seats,,,,,,,,,,,,,,,,,,
Other Than Home University Seats Allotted to Other Than Home University Candidates,,,,,,,,,,,,,,,,,,,
,GOPENO,,,,,,,,,,,,,,,,,,
24874,,,,,,,,,,,,,,,,,,,
Stage-I, ,,,,,,,,,,,,,,,,,,
(4.302251),,,,,,,,,,,,,,,,,,,
,Other Than Home University Seats Allotted to Home University Candidates,,,,,,,,,,,,,,,,,,
,GNTAO, ,GNTCO,,,,,,,,,,,,,,,,
24524,17666,,,,,,,,,,,,,,,,,,
Stage-I, ,,,,,,,,,,,,,,,,,,
(5.9311489),(39.3989669),,,,,,,,,,,,,,,,,,
,State Level Seats,,,,,,,,,,,,,,,,,,
,EWS, ,TFWS,,,,,,,,,,,,,,,,
20911,7759,,,,,,,,,,,,,,,,,,
Stage-I, ,,,,,,,,,,,,,,,,,,
(25.4779232),(76.9216256),,,,,,,,,,,,,,,,,,
,Legends :, ,"Legends: G-General, L-Ladies, S-State Level Seats ,PWD - Persons with Disabilities,DEF - Defence,PWDR :PWD Common Reserved Seat",,,,,,,,,,,,,,,,
"DEFR :Defense Common Reserved Seat ,* Maharashtra State Seats - Cut Off Indicates State General Merit No. ; Figures in bracket Indicates Merit Score",,,,,,,,,,,,,,,,,,,
,Page 30 of 188,,,,,,,,,,,,,,,,,,
GOVERNMENT OF MAHARASHTRA,,,,,,,,,,,,,,,,,,,
"State Common Entrance Test Cell, Mumbai.",,,,,,,,,,,,,,,,,,,
,Cut Off List for Maharashtra & Minority Seats of CAP Round-I for Admission to the First Year Post Graduate Technical Course in Master of Computer Applications (MCA) 2025-26,,,,,,,,,,,,,,,,,,
,2674 - MAHARASHTRA MAHAVIDYALAYA NILANGA,,,,,,,,,,,,,,,,,,
,0267424270U - Master of Computer Applications,,,,,,,,,,,,,,,,,,
,Status :, ,Un-Aided,,,,,,,,,,,,,,,,
,Home University Seats,,,,,,,,,,,,,,,,,,
Home University Seats Allotted to Home University Candidates,,,,,,,,,,,,,,,,,,,
,GOPENH, ,GSCH, ,GNTBH, ,GNTCH, ,GOBCH, ,PWDOPENH,,,,,,,,
13707,21186,17165,18306,20160,25319,,,,,,,,,,,,,,
Stage-I, ,,,,,,,,,,,,,,,,,,
(56.5488095),(25.4779232),(41.4550394),(36.496736),(29.9046039),(1.3622127),,,,,,,,,,,,,,
,Other Than Home University Seats,,,,,,,,,,,,,,,,,,
Other Than Home University Seats Allotted to Other Than Home University Candidates,,,,,,,,,,,,,,,,,,,
,GOPENO,,,,,,,,,,,,,,,,,,
24156,,,,,,,,,,,,,,,,,,,
Stage-I, ,,,,,,,,,,,,,,,,,,
(7.9446476),,,,,,,,,,,,,,,,,,,
,Other Than Home University Seats Allotted to Home University Candidates,,,,,,,,,,,,,,,,,,
,GOPENO, ,GSCO, ,GNTCO,,,,,,,,,,,,,,
15230,23839,19506,,,,,,,,,,,,,,,,,
Stage-I, ,,,,,,,,,,,,,,,,,,
(49.3533426),(10.5199653),(31.6629561),,,,,,,,,,,,,,,,,
,State Level Seats,,,,,,,,,,,,,,,,,,
,EWS, ,TFWS,,,,,,,,,,,,,,,,
20087,13404,,,,,,,,,,,,,,,,,,
Stage-I, ,,,,,,,,,,,,,,,,,,
(29.9046039),(56.5488095),,,,,,,,,,,,,,,,,,
,Legends :, ,"Legends: G-General, L-Ladies, S-State Level Seats ,PWD - Persons with Disabilities,DEF - Defence,PWDR :PWD Common Reserved Seat",,,,,,,,,,,,,,,,
"DEFR :Defense Common Reserved Seat ,* Maharashtra State Seats - Cut Off Indicates State General Merit No. ; Figures in bracket Indicates Merit Score",,,,,,,,,,,,,,,,,,,
,Page 31 of 188,,,,,,,,,,,,,,,,,,
GOVERNMENT OF MAHARASHTRA,,,,,,,,,,,,,,,,,,,
"State Common Entrance Test Cell, Mumbai.",,,,,,,,,,,,,,,,,,,
,Cut Off List for Maharashtra & Minority Seats of CAP Round-I for Admission to the First Year Post Graduate Technical Course in Master of Computer Applications (MCA) 2025-26,,,,,,,,,,,,,,,,,,
,"2695 - MARATHWADA INSTITUTE OF TECHNOLOGY CIDCO ,CHHATRAPATI SAMBHAJINAGAR",,,,,,,,,,,,,,,,,,
,0269524110 - Master in Computer Application,,,,,,,,,,,,,,,,,,
,Status :, ,Un-Aided,,,,,,,,,,,,,,,,
,Home University Seats,,,,,,,,,,,,,,,,,,
Home University Seats Allotted to Home University Candidates,,,,,,,,,,,,,,,,,,,
,GOPENH, ,GSCH, ,GNTAH, ,GNTBH, ,GNTCH, ,GOBCH, ,GSEBCH,,,,,,
13712,20693,23582,15802,22111,20056,23959,,,,,,,,,,,,,
Stage-I, ,,,,,,,,,,,,,,,,,,
(56.5488095),(27.2744425),(12.4750009),(49.3533426),(19.1539942),(29.9046039),(9.7430286),,,,,,,,,,,,,
,Other Than Home University Seats,,,,,,,,,,,,,,,,,,
Other Than Home University Seats Allotted to Other Than Home University Candidates,,,,,,,,,,,,,,,,,,,
,GOPENO, ,GSCO, ,GOBCO, ,GSEBCO,,,,,,,,,,,,
11980,15572,13616,22590,,,,,,,,,,,,,,,,
Stage-I, ,,,,,,,,,,,,,,,,,,
(63.1574978),(49.3533426),(56.5488095),(16.9789978),,,,,,,,,,,,,,,,
,Other Than Home University Seats Allotted to Home University Candidates,,,,,,,,,,,,,,,,,,
,GNTBO,,,,,,,,,,,,,,,,,,
20836,,,,,,,,,,,,,,,,,,,
Stage-I, ,,,,,,,,,,,,,,,,,,
(25.4779232),,,,,,,,,,,,,,,,,,,
,State Level Seats,,,,,,,,,,,,,,,,,,
,EWS, ,TFWS,,,,,,,,,,,,,,,,
23644,5853,,,,,,,,,,,,,,,,,,
Stage-I, ,,,,,,,,,,,,,,,,,,
(12.4750009),(82.8308366),,,,,,,,,,,,,,,,,,
,Legends :, ,"Legends: G-General, L-Ladies, S-State Level Seats ,PWD - Persons with Disabilities,DEF - Defence,PWDR :PWD Common Reserved Seat",,,,,,,,,,,,,,,,
"DEFR :Defense Common Reserved Seat ,* Maharashtra State Seats - Cut Off Indicates State General Merit No. ; Figures in bracket Indicates Merit Score",,,,,,,,,,,,,,,,,,,
,Page 32 of 188,,,,,,,,,,,,,,,,,,
GOVERNMENT OF MAHARASHTRA,,,,,,,,,,,,,,,,,,,
"State Common Entrance Test Cell, Mumbai.",,,,,,,,,,,,,,,,,,,
,Cut Off List for Maharashtra & Minority Seats of CAP Round-I for Admission to the First Year Post Graduate Technical Course in Master of Computer Applications (MCA) 2025-26,,,,,,,,,,,,,,,,,,
,"3012 - Veermata Jijabai Technological Institute(VJTI), Matunga, Mumbai",,,,,,,,,,,,,,,,,,
,0301224110 - Master in Computer Application,,,,,,,,,,,,,,,,,,
,Status :, ,Government-Aided-Autonomous,,,,,,,,,,,,,,,,
,Home University Seats,,,,,,,,,,,,,,,,,,
Home University Seats Allotted to Home University Candidates,,,,,,,,,,,,,,,,,,,
,GOPENH, ,GSCH, ,GSTH, ,GNTAH, ,GNTBH, ,GNTCH, ,GNTDH, ,GOBCH, ,GSEBCH, ,PWDOPENH
41,426,1956,1340,618,327,1077,157,317,347,,,,,,,,,,
Stage-I, ,,,,,,,,,,,,,,,,,,
(99.7547262),(98.3811932),(93.5511867),(95.5548847),(97.6265047),(98.6717482),(96.392589),(99.2830459),(98.6717482),(98.6717482),,,,,,,,,,
,Home University Seats Allotted to Other Than Home University Candidates,,,,,,,,,,,,,,,,,,
,PWDRSCH, ,PWDROBCH,,,,,,,,,,,,,,,,
8252,2099,,,,,,,,,,,,,,,,,,
Stage-I, ,,,,,,,,,,,,,,,,,,
(74.782248),(93.405226),,,,,,,,,,,,,,,,,,
,Other Than Home University Seats,,,,,,,,,,,,,,,,,,
Other Than Home University Seats Allotted to Other Than Home University Candidates,,,,,,,,,,,,,,,,,,,
,GOPENO, ,GSCO, ,GSTO, ,GNTAO, ,GNTCO, ,GOBCO, ,GSEBCO,,,,,,
26,260,163,235,104,88,79,,,,,,,,,,,,,
Stage-I, ,,,,,,,,,,,,,,,,,,
(99.8603826),(98.9283423),(99.2830459),(99.008333),(99.5434135),(99.5814637),(99.6830308),,,,,,,,,,,,,
,State Level Seats,,,,,,,,,,,,,,,,,,
,EWS, ,TFWS,,,,,,,,,,,,,,,,
170,10,,,,,,,,,,,,,,,,,,
Stage-I, ,,,,,,,,,,,,,,,,,,
(99.2044041),(99.9396704),,,,,,,,,,,,,,,,,,
,Legends :, ,"Legends: G-General, L-Ladies, S-State Level Seats ,PWD - Persons with Disabilities,DEF - Defence,PWDR :PWD Common Reserved Seat",,,,,,,,,,,,,,,,
"DEFR :Defense Common Reserved Seat ,* Maharashtra State Seats - Cut Off Indicates State General Merit No. ; Figures in bracket Indicates Merit Score",,,,,,,,,,,,,,,,,,,
,Page 33 of 188,,,,,,,,,,,,,,,,,,
GOVERNMENT OF MAHARASHTRA,,,,,,,,,,,,,,,,,,,
"State Common Entrance Test Cell, Mumbai.",,,,,,,,,,,,,,,,,,,
,Cut Off List for Maharashtra & Minority Seats of CAP Round-I for Admission to the First Year Post Graduate Technical Course in Master of Computer Applications (MCA) 2025-26,,,,,,,,,,,,,,,,,,
,"3032 - S.N.D.T Women's University P.G.D. of Computer Science, Mumbai",,,,,,,,,,,,,,,,,,
,0303224150F - Master in Computer Application,,,,,,,,,,,,,,,,,,
,Status :, ,University Managed,,,,,,,,,,,,,,,,
,State Level Seats,,,,,,,,,,,,,,,,,,
,GOPENS, ,GSCS, ,GNTAS, ,GNTBS, ,GNTDS, ,GOBCS, ,GSEBCS, ,EWS, ,TFWS,,
1996,11326,15262,8337,10149,6523,5919,10196,1570,,,,,,,,,,,
Stage-I, ,,,,,,,,,,,,,,,,,,
(93.5511867),(65.8578922),(49.3533426),(74.782248),(69.7143504),(79.9969812),(82.8308366),(67.3579428),(94.6454851),,,,,,,,,,,
,Legends :, ,"Legends: G-General, L-Ladies, S-State Level Seats ,PWD - Persons with Disabilities,DEF - Defence,PWDR :PWD Common Reserved Seat",,,,,,,,,,,,,,,,
"DEFR :Defense Common Reserved Seat ,* Maharashtra State Seats - Cut Off Indicates State General Merit No. ; Figures in bracket Indicates Merit Score",,,,,,,,,,,,,,,,,,,
,Page 34 of 188,,,,,,,,,,,,,,,,,,
GOVERNMENT OF MAHARASHTRA,,,,,,,,,,,,,,,,,,,
"State Common Entrance Test Cell, Mumbai.",,,,,,,,,,,,,,,,,,,
,Cut Off List for Maharashtra & Minority Seats of CAP Round-I for Admission to the First Year Post Graduate Technical Course in Master of Computer Applications (MCA) 2025-26,,,,,,,,,,,,,,,,,,
,"3033 - Dr. Babasaheb Ambedkar Technological University, Lonere",,,,,,,,,,,,,,,,,,
,0303324110 - Master in Computer Application,,,,,,,,,,,,,,,,,,
,Status :, ,University,,,,,,,,,,,,,,,,
,State Level Seats,,,,,,,,,,,,,,,,,,
,GOPENS, ,GSCS, ,GNTCS, ,GOBCS, ,EWS,,,,,,,,,,
16842,20912,19176,25470,18653,,,,,,,,,,,,,,,
Stage-I, ,,,,,,,,,,,,,,,,,,
(44.5345198),(25.4779232),(34.5198145),(0.1696769),(36.496736),,,,,,,,,,,,,,,
,Legends :, ,"Legends: G-General, L-Ladies, S-State Level Seats ,PWD - Persons with Disabilities,DEF - Defence,PWDR :PWD Common Reserved Seat",,,,,,,,,,,,,,,,
"DEFR :Defense Common Reserved Seat ,* Maharashtra State Seats - Cut Off Indicates State General Merit No. ; Figures in bracket Indicates Merit Score",,,,,,,,,,,,,,,,,,,
,Page 35 of 188,,,,,,,,,,,,,,,,,,
GOVERNMENT OF MAHARASHTRA,,,,,,,,,,,,,,,,,,,
"State Common Entrance Test Cell, Mumbai.",,,,,,,,,,,,,,,,,,,
,Cut Off List for Maharashtra & Minority Seats of CAP Round-I for Admission to the First Year Post Graduate Technical Course in Master of Computer Applications (MCA) 2025-26,,,,,,,,,,,,,,,,,,
,"3109 - S.I.E.S. College of Management Studies, Mumbai",,,,,,,,,,,,,,,,,,
,0310924110 - Master in Computer Application,,,,,,,,,,,,,,,,,,
,Status :, ,Un-Aided-Linguistic Minority - Tamil,,,,,,,,,,,,,,,,
,Home University Seats,,,,,,,,,,,,,,,,,,
Home University Seats Allotted to Home University Candidates,,,,,,,,,,,,,,,,,,,
,GOPENH,,,,,,,,,,,,,,,,,,
561,,,,,,,,,,,,,,,,,,,
Stage-I, ,,,,,,,,,,,,,,,,,,
(97.8055126),,,,,,,,,,,,,,,,,,,
,Other Than Home University Seats,,,,,,,,,,,,,,,,,,
Other Than Home University Seats Allotted to Other Than Home University Candidates,,,,,,,,,,,,,,,,,,,
,GOPENO,,,,,,,,,,,,,,,,,,
588,,,,,,,,,,,,,,,,,,,
Stage-I, ,,,,,,,,,,,,,,,,,,
(97.8055126),,,,,,,,,,,,,,,,,,,
,State Level Seats,,,,,,,,,,,,,,,,,,
,TFWS,,,,,,,,,,,,,,,,,,
356,,,,,,,,,,,,,,,,,,,
Stage-I, ,,,,,,,,,,,,,,,,,,
(98.5181554),,,,,,,,,,,,,,,,,,,
,Minority Seats : Minority Seats Allotted to Minority Candidates,,,,,,,,,,,,,,,,,,
,MI,,,,,,,,,,,,,,,,,,
24849,,,,,,,,,,,,,,,,,,,
Stage-I, ,,,,,,,,,,,,,,,,,,
(4.302251),,,,,,,,,,,,,,,,,,,
,Legends :, ,"Legends: G-General, L-Ladies, S-State Level Seats ,PWD - Persons with Disabilities,DEF - Defence,PWDR :PWD Common Reserved Seat",,,,,,,,,,,,,,,,
"DEFR :Defense Common Reserved Seat ,* Maharashtra State Seats - Cut Off Indicates State General Merit No. ; Figures in bracket Indicates Merit Score",,,,,,,,,,,,,,,,,,,
,Page 36 of 188,,,,,,,,,,,,,,,,,,
GOVERNMENT OF MAHARASHTRA,,,,,,,,,,,,,,,,,,,
"State Common Entrance Test Cell, Mumbai.",,,,,,,,,,,,,,,,,,,
,Cut Off List for Maharashtra & Minority Seats of CAP Round-I for Admission to the First Year Post Graduate Technical Course in Master of Computer Applications (MCA) 2025-26,,,,,,,,,,,,,,,,,,
,"3117 - Gurunanak Institute of Management Studies, Mumbai",,,,,,,,,,,,,,,,,,
,0311724110 - Master in Computer Application,,,,,,,,,,,,,,,,,,
,Status :, ,Un-Aided-Religious Minority - Sikh,,,,,,,,,,,,,,,,
,Home University Seats,,,,,,,,,,,,,,,,,,
Home University Seats Allotted to Home University Candidates,,,,,,,,,,,,,,,,,,,
,GOPENH,,,,,,,,,,,,,,,,,,
732,,,,,,,,,,,,,,,,,,,
Stage-I, ,,,,,,,,,,,,,,,,,,
(97.390747),,,,,,,,,,,,,,,,,,,
,Other Than Home University Seats,,,,,,,,,,,,,,,,,,
Other Than Home University Seats Allotted to Other Than Home University Candidates,,,,,,,,,,,,,,,,,,,
,GOPENO,,,,,,,,,,,,,,,,,,
1245,,,,,,,,,,,,,,,,,,,
Stage-I, ,,,,,,,,,,,,,,,,,,
(95.5548847),,,,,,,,,,,,,,,,,,,
,State Level Seats,,,,,,,,,,,,,,,,,,
,TFWS,,,,,,,,,,,,,,,,,,
600,,,,,,,,,,,,,,,,,,,
Stage-I, ,,,,,,,,,,,,,,,,,,
(97.8055126),,,,,,,,,,,,,,,,,,,
,Minority Seats : Minority Seats Allotted to Minority Candidates,,,,,,,,,,,,,,,,,,
,MI,,,,,,,,,,,,,,,,,,
15758,,,,,,,,,,,,,,,,,,,
Stage-I, ,,,,,,,,,,,,,,,,,,
(49.3533426),,,,,,,,,,,,,,,,,,,
,Legends :, ,"Legends: G-General, L-Ladies, S-State Level Seats ,PWD - Persons with Disabilities,DEF - Defence,PWDR :PWD Common Reserved Seat",,,,,,,,,,,,,,,,
"DEFR :Defense Common Reserved Seat ,* Maharashtra State Seats - Cut Off Indicates State General Merit No. ; Figures in bracket Indicates Merit Score",,,,,,,,,,,,,,,,,,,
,Page 37 of 188,,,,,,,,,,,,,,,,,,
GOVERNMENT OF MAHARASHTRA,,,,,,,,,,,,,,,,,,,
"State Common Entrance Test Cell, Mumbai.",,,,,,,,,,,,,,,,,,,
,Cut Off List for Maharashtra & Minority Seats of CAP Round-I for Admission to the First Year Post Graduate Technical Course in Master of Computer Applications (MCA) 2025-26,,,,,,,,,,,,,,,,,,
,"3127 - NCRD's Sterling Institute of Management Studies, Navi Mumbai",,,,,,,,,,,,,,,,,,
,0312724110 - Master in Computer Application,,,,,,,,,,,,,,,,,,
,Status :, ,Un-Aided,,,,,,,,,,,,,,,,
,Home University Seats,,,,,,,,,,,,,,,,,,
Home University Seats Allotted to Home University Candidates,,,,,,,,,,,,,,,,,,,
,GOPENH, ,GSCH, ,GSTH, ,GNTAH, ,GNTBH, ,GNTCH, ,GNTDH, ,GOBCH, ,GSEBCH, ,PWDOPENH
2121,7827,8320,18942,13236,8983,17243,4114,7384,15546,,,,,,,,,,
Stage-I, ,,,,,,,,,,,,,,,,,,
(93.405226),(76.9216256),(74.782248),(34.5198145),(58.7911466),(73.5368477),(41.4550394),(87.3496474),(77.8251197),(49.3533426),,,,,,,,,,
,Home University Seats Allotted to Other Than Home University Candidates,,,,,,,,,,,,,,,,,,
,GNTAH,,,,,,,,,,,,,,,,,,
5268,,,,,,,,,,,,,,,,,,,
Stage-I, ,,,,,,,,,,,,,,,,,,
(82.9644433),,,,,,,,,,,,,,,,,,,
,Other Than Home University Seats,,,,,,,,,,,,,,,,,,
Other Than Home University Seats Allotted to Other Than Home University Candidates,,,,,,,,,,,,,,,,,,,
,GOPENO, ,GSCO, ,GNTBO, ,GNTDO, ,GOBCO, ,GSEBCO,,,,,,,,
3823,8647,10044,14756,5267,8121,,,,,,,,,,,,,,
Stage-I, ,,,,,,,,,,,,,,,,,,
(89.1331398),(73.5368477),(69.7143504),(51.4093808),(82.9644433),(74.782248),,,,,,,,,,,,,,
,State Level Seats,,,,,,,,,,,,,,,,,,
,EWS, ,TFWS,,,,,,,,,,,,,,,,
24693,1423,,,,,,,,,,,,,,,,,,
Stage-I, ,,,,,,,,,,,,,,,,,,
(5.5960152),(95.2942951),,,,,,,,,,,,,,,,,,
,Legends :, ,"Legends: G-General, L-Ladies, S-State Level Seats ,PWD - Persons with Disabilities,DEF - Defence,PWDR :PWD Common Reserved Seat",,,,,,,,,,,,,,,,
"DEFR :Defense Common Reserved Seat ,* Maharashtra State Seats - Cut Off Indicates State General Merit No. ; Figures in bracket Indicates Merit Score",,,,,,,,,,,,,,,,,,,
,Page 38 of 188,,,,,,,,,,,,,,,,,,
GOVERNMENT OF MAHARASHTRA,,,,,,,,,,,,,,,,,,,
"State Common Entrance Test Cell, Mumbai.",,,,,,,,,,,,,,,,,,,
,Cut Off List for Maharashtra & Minority Seats of CAP Round-I for Admission to the First Year Post Graduate Technical Course in Master of Computer Applications (MCA) 2025-26,,,,,,,,,,,,,,,,,,
,"3129 - Mumbai Institute of Management & Research, Mumbai",,,,,,,,,,,,,,,,,,
,0312924210 - Master of Computer Applications,,,,,,,,,,,,,,,,,,
,Status :, ,Un-Aided,,,,,,,,,,,,,,,,
,Home University Seats,,,,,,,,,,,,,,,,,,
Home University Seats Allotted to Home University Candidates,,,,,,,,,,,,,,,,,,,
,GOPENH, ,GSCH, ,GNTBH, ,GNTCH, ,GNTDH, ,GOBCH, ,GSEBCH, ,PWDOPENH,,,,
2724,14863,17657,11978,7012,9722,16266,2536,,,,,,,,,,,,
Stage-I, ,,,,,,,,,,,,,,,,,,
(90.9663786),(51.4093808),(41.4550394),(63.1574978),(77.8251197),(69.7143504),(46.3793819),(92.1797821),,,,,,,,,,,,
,Home University Seats Allotted to Other Than Home University Candidates,,,,,,,,,,,,,,,,,,
,GNTBH, ,GNTCH, ,GSEBCH,,,,,,,,,,,,,,
14343,7781,13895,,,,,,,,,,,,,,,,,
Stage-I, ,,,,,,,,,,,,,,,,,,
(53.942159),(76.9216256),(56.5488095),,,,,,,,,,,,,,,,,
,Other Than Home University Seats,,,,,,,,,,,,,,,,,,
Other Than Home University Seats Allotted to Other Than Home University Candidates,,,,,,,,,,,,,,,,,,,
,GOPENO, ,GSCO, ,GSTO, ,GNTAO, ,GNTBO, ,GNTCO, ,GOBCO, ,GSEBCO,,,,
3449,10562,5503,22504,10839,5554,5460,8968,,,,,,,,,,,,
Stage-I, ,,,,,,,,,,,,,,,,,,
(89.1966341),(67.3579428),(82.9644433),(16.9789978),(65.8578922),(82.9644433),(82.9644433),(73.5368477),,,,,,,,,,,,
,State Level Seats,,,,,,,,,,,,,,,,,,
,EWS, ,TFWS,,,,,,,,,,,,,,,,
9053,2029,,,,,,,,,,,,,,,,,,
Stage-I, ,,,,,,,,,,,,,,,,,,
(71.1549338),(93.405226),,,,,,,,,,,,,,,,,,
,Legends :, ,"Legends: G-General, L-Ladies, S-State Level Seats ,PWD - Persons with Disabilities,DEF - Defence,PWDR :PWD Common Reserved Seat",,,,,,,,,,,,,,,,
"DEFR :Defense Common Reserved Seat ,* Maharashtra State Seats - Cut Off Indicates State General Merit No. ; Figures in bracket Indicates Merit Score",,,,,,,,,,,,,,,,,,,
,Page 39 of 188,,,,,,,,,,,,,,,,,,
GOVERNMENT OF MAHARASHTRA,,,,,,,,,,,,,,,,,,,
"State Common Entrance Test Cell, Mumbai.",,,,,,,,,,,,,,,,,,,
,Cut Off List for Maharashtra & Minority Seats of CAP Round-I for Admission to the First Year Post Graduate Technical Course in Master of Computer Applications (MCA) 2025-26,,,,,,,,,,,,,,,,,,
,"3133 - Swayamsiddhi Mitra Sangh's College of Management & Research, Thane",,,,,,,,,,,,,,,,,,
,0313324110 - Master in Computer Application,,,,,,,,,,,,,,,,,,
,Status :, ,Un-Aided,,,,,,,,,,,,,,,,
,Home University Seats,,,,,,,,,,,,,,,,,,
Home University Seats Allotted to Home University Candidates,,,,,,,,,,,,,,,,,,,
,GOPENH, ,GSCH, ,GSTH, ,GOBCH, ,GSEBCH,,,,,,,,,,
3356,15576,10046,11694,18673,,,,,,,,,,,,,,,
Stage-I, ,,,,,,,,,,,,,,,,,,
(89.1966341),(49.3533426),(69.7143504),(63.1574978),(36.496736),,,,,,,,,,,,,,,
,Home University Seats Allotted to Other Than Home University Candidates,,,,,,,,,,,,,,,,,,
,GNTAH, ,GNTDH, ,GSEBCH,,,,,,,,,,,,,,
6131,11394,16559,,,,,,,,,,,,,,,,,
Stage-I, ,,,,,,,,,,,,,,,,,,
(80.5399495),(65.8578922),(44.5345198),,,,,,,,,,,,,,,,,
,Other Than Home University Seats,,,,,,,,,,,,,,,,,,
Other Than Home University Seats Allotted to Other Than Home University Candidates,,,,,,,,,,,,,,,,,,,
,GOPENO, ,GSCO, ,GNTCO, ,GOBCO, ,GSEBCO,,,,,,,,,,
5838,11599,20989,10744,16390,,,,,,,,,,,,,,,
Stage-I, ,,,,,,,,,,,,,,,,,,
(82.8308366),(63.1574978),(25.4779232),(67.3579428),(46.3793819),,,,,,,,,,,,,,,
,State Level Seats,,,,,,,,,,,,,,,,,,
,EWS, ,TFWS,,,,,,,,,,,,,,,,
19011,2399,,,,,,,,,,,,,,,,,,
Stage-I, ,,,,,,,,,,,,,,,,,,
(34.5198145),(92.3361383),,,,,,,,,,,,,,,,,,
,Legends :, ,"Legends: G-General, L-Ladies, S-State Level Seats ,PWD - Persons with Disabilities,DEF - Defence,PWDR :PWD Common Reserved Seat",,,,,,,,,,,,,,,,
"DEFR :Defense Common Reserved Seat ,* Maharashtra State Seats - Cut Off Indicates State General Merit No. ; Figures in bracket Indicates Merit Score",,,,,,,,,,,,,,,,,,,
,Page 40 of 188,,,,,,,,,,,,,,,,,,
GOVERNMENT OF MAHARASHTRA,,,,,,,,,,,,,,,,,,,
"State Common Entrance Test Cell, Mumbai.",,,,,,,,,,,,,,,,,,,
,Cut Off List for Maharashtra & Minority Seats of CAP Round-I for Admission to the First Year Post Graduate Technical Course in Master of Computer Applications (MCA) 2025-26,,,,,,,,,,,,,,,,,,
,"3162 - Bharti Vidyapeeth's Institute of Management & Information Technology, Navi Mumbai",,,,,,,,,,,,,,,,,,
,0316224110 - Master in Computer Application,,,,,,,,,,,,,,,,,,
,Status :, ,Un-Aided,,,,,,,,,,,,,,,,
,Home University Seats,,,,,,,,,,,,,,,,,,
Home University Seats Allotted to Home University Candidates,,,,,,,,,,,,,,,,,,,
,GOPENH, ,GSCH, ,GSTH, ,GNTAH, ,GNTBH, ,GNTCH, ,GNTDH, ,GOBCH, ,GSEBCH, ,PWDOPENH
938,3286,9001,1015,3515,3614,4994,1874,4162,13583,,,,,,,,,,
Stage-I, ,,,,,,,,,,,,,,,,,,
(96.828928),(89.1966341),(73.5368477),(96.392589),(89.1966341),(89.1331398),(85.2118788),(93.5511867),(87.2080299),(56.5488095),,,,,,,,,,
,Home University Seats Allotted to Other Than Home University Candidates,,,,,,,,,,,,,,,,,,
,GSTH,,,,,,,,,,,,,,,,,,
13567,,,,,,,,,,,,,,,,,,,
Stage-I, ,,,,,,,,,,,,,,,,,,
(56.5488095),,,,,,,,,,,,,,,,,,,
,Other Than Home University Seats,,,,,,,,,,,,,,,,,,
Other Than Home University Seats Allotted to Other Than Home University Candidates,,,,,,,,,,,,,,,,,,,
,GOPENO, ,GSCO, ,GSTO, ,GNTAO, ,GNTCO, ,GNTDO, ,GOBCO, ,GSEBCO,,,,
1194,1937,3935,2378,2326,3553,1769,1446,,,,,,,,,,,,
Stage-I, ,,,,,,,,,,,,,,,,,,
(96.1125146),(93.5511867),(87.3496474),(92.3361383),(92.3361383),(89.1331398),(94.4270578),(95.2942951),,,,,,,,,,,,
,State Level Seats,,,,,,,,,,,,,,,,,,
,EWS, ,TFWS,,,,,,,,,,,,,,,,
6219,500,,,,,,,,,,,,,,,,,,
Stage-I, ,,,,,,,,,,,,,,,,,,
(80.5399495),(98.0566771),,,,,,,,,,,,,,,,,,
,Legends :, ,"Legends: G-General, L-Ladies, S-State Level Seats ,PWD - Persons with Disabilities,DEF - Defence,PWDR :PWD Common Reserved Seat",,,,,,,,,,,,,,,,
"DEFR :Defense Common Reserved Seat ,* Maharashtra State Seats - Cut Off Indicates State General Merit No. ; Figures in bracket Indicates Merit Score",,,,,,,,,,,,,,,,,,,
,Page 41 of 188,,,,,,,,,,,,,,,,,,
GOVERNMENT OF MAHARASHTRA,,,,,,,,,,,,,,,,,,,
"State Common Entrance Test Cell, Mumbai.",,,,,,,,,,,,,,,,,,,
,Cut Off List for Maharashtra & Minority Seats of CAP Round-I for Admission to the First Year Post Graduate Technical Course in Master of Computer Applications (MCA) 2025-26,,,,,,,,,,,,,,,,,,
,"3167 - Mumbai Education Trust's Institute of Computer Science, Bandra (W), Mumbai",,,,,,,,,,,,,,,,,,
,0316724110 - Master in Computer Application,,,,,,,,,,,,,,,,,,
,Status :, ,Un-Aided,,,,,,,,,,,,,,,,
,Home University Seats,,,,,,,,,,,,,,,,,,
Home University Seats Allotted to Home University Candidates,,,,,,,,,,,,,,,,,,,
,GOPENH, ,GSCH, ,GNTBH, ,GNTCH, ,GOBCH, ,GSEBCH,,,,,,,,
400,1509,2177,900,631,1536,,,,,,,,,,,,,,
Stage-I, ,,,,,,,,,,,,,,,,,,
(98.3811932),(94.6454851),(93.405226),(96.828928),(97.6265047),(94.6454851),,,,,,,,,,,,,,
,Home University Seats Allotted to Other Than Home University Candidates,,,,,,,,,,,,,,,,,,
,GNTAH, ,GNTDH, ,PWDOPENH,,,,,,,,,,,,,,
839,1816,20649,,,,,,,,,,,,,,,,,
Stage-I, ,,,,,,,,,,,,,,,,,,
(97.0718086),(94.4270578),(27.2744425),,,,,,,,,,,,,,,,,
,Other Than Home University Seats,,,,,,,,,,,,,,,,,,
Other Than Home University Seats Allotted to Other Than Home University Candidates,,,,,,,,,,,,,,,,,,,
,GOPENO, ,GSCO, ,GSTO, ,GNTBO, ,GOBCO, ,GSEBCO,,,,,,,,
433,696,9283,928,693,446,,,,,,,,,,,,,,
Stage-I, ,,,,,,,,,,,,,,,,,,
(98.3811932),(97.390747),(71.1549338),(96.828928),(97.390747),(98.2089665),,,,,,,,,,,,,,
,State Level Seats,,,,,,,,,,,,,,,,,,
,EWS, ,TFWS,,,,,,,,,,,,,,,,
1088,256,,,,,,,,,,,,,,,,,,
Stage-I, ,,,,,,,,,,,,,,,,,,
(96.392589),(98.9283423),,,,,,,,,,,,,,,,,,
,Legends :, ,"Legends: G-General, L-Ladies, S-State Level Seats ,PWD - Persons with Disabilities,DEF - Defence,PWDR :PWD Common Reserved Seat",,,,,,,,,,,,,,,,
"DEFR :Defense Common Reserved Seat ,* Maharashtra State Seats - Cut Off Indicates State General Merit No. ; Figures in bracket Indicates Merit Score",,,,,,,,,,,,,,,,,,,
,Page 42 of 188,,,,,,,,,,,,,,,,,,
GOVERNMENT OF MAHARASHTRA,,,,,,,,,,,,,,,,,,,
"State Common Entrance Test Cell, Mumbai.",,,,,,,,,,,,,,,,,,,
,Cut Off List for Maharashtra & Minority Seats of CAP Round-I for Admission to the First Year Post Graduate Technical Course in Master of Computer Applications (MCA) 2025-26,,,,,,,,,,,,,,,,,,
,"3168 - Thakur Institute of Management Studies Career Development & Research, Kandivali (E), Mumbai",,,,,,,,,,,,,,,,,,
,0316824110 - Master in Computer Application,,,,,,,,,,,,,,,,,,
,Status :, ,Un-Aided-Autonomous-Linguistic Minority - Hindi,,,,,,,,,,,,,,,,
,Home University Seats,,,,,,,,,,,,,,,,,,
Home University Seats Allotted to Home University Candidates,,,,,,,,,,,,,,,,,,,
,GOPENH,,,,,,,,,,,,,,,,,,
1212,,,,,,,,,,,,,,,,,,,
Stage-I, ,,,,,,,,,,,,,,,,,,
(96.1125146),,,,,,,,,,,,,,,,,,,
,Other Than Home University Seats,,,,,,,,,,,,,,,,,,
Other Than Home University Seats Allotted to Other Than Home University Candidates,,,,,,,,,,,,,,,,,,,
,GOPENO,,,,,,,,,,,,,,,,,,
1607,,,,,,,,,,,,,,,,,,,
Stage-I, ,,,,,,,,,,,,,,,,,,
(94.6454851),,,,,,,,,,,,,,,,,,,
,State Level Seats,,,,,,,,,,,,,,,,,,
,TFWS,,,,,,,,,,,,,,,,,,
852,,,,,,,,,,,,,,,,,,,
Stage-I, ,,,,,,,,,,,,,,,,,,
(97.0718086),,,,,,,,,,,,,,,,,,,
,Minority Seats : Minority Seats Allotted to Minority Candidates,,,,,,,,,,,,,,,,,,
,MI,,,,,,,,,,,,,,,,,,
12692,,,,,,,,,,,,,,,,,,,
Stage-I, ,,,,,,,,,,,,,,,,,,
(61.2807064),,,,,,,,,,,,,,,,,,,
,Legends :, ,"Legends: G-General, L-Ladies, S-State Level Seats ,PWD - Persons with Disabilities,DEF - Defence,PWDR :PWD Common Reserved Seat",,,,,,,,,,,,,,,,
"DEFR :Defense Common Reserved Seat ,* Maharashtra State Seats - Cut Off Indicates State General Merit No. ; Figures in bracket Indicates Merit Score",,,,,,,,,,,,,,,,,,,
,Page 43 of 188,,,,,,,,,,,,,,,,,,
GOVERNMENT OF MAHARASHTRA,,,,,,,,,,,,,,,,,,,
"State Common Entrance Test Cell, Mumbai.",,,,,,,,,,,,,,,,,,,
,Cut Off List for Maharashtra & Minority Seats of CAP Round-I for Admission to the First Year Post Graduate Technical Course in Master of Computer Applications (MCA) 2025-26,,,,,,,,,,,,,,,,,,
,"3173 - Deccan Education Society's Navinchandra Mehta Institute of Technology & Development, Dadar, Mumbai",,,,,,,,,,,,,,,,,,
,0317324110 - Master in Computer Application,,,,,,,,,,,,,,,,,,
,Status :, ,Un-Aided,,,,,,,,,,,,,,,,
,Home University Seats,,,,,,,,,,,,,,,,,,
Home University Seats Allotted to Home University Candidates,,,,,,,,,,,,,,,,,,,
,GOPENH, ,GSCH, ,GNTBH, ,GNTCH, ,GOBCH, ,GSEBCH,,,,,,,,
1581,4126,8879,8482,6138,11959,,,,,,,,,,,,,,
Stage-I, ,,,,,,,,,,,,,,,,,,
(94.6454851),(87.3496474),(73.5368477),(74.782248),(80.5399495),(63.1574978),,,,,,,,,,,,,,
,Home University Seats Allotted to Other Than Home University Candidates,,,,,,,,,,,,,,,,,,
,GNTAH, ,GNTDH,,,,,,,,,,,,,,,,
20783,10353,,,,,,,,,,,,,,,,,,
Stage-I, ,,,,,,,,,,,,,,,,,,
(25.4779232),(67.3579428),,,,,,,,,,,,,,,,,,
,Other Than Home University Seats,,,,,,,,,,,,,,,,,,
Other Than Home University Seats Allotted to Other Than Home University Candidates,,,,,,,,,,,,,,,,,,,
,GOPENO, ,GSCO, ,GNTAO, ,GNTBO, ,GNTCO, ,GNTDO, ,GOBCO, ,GSEBCO,,,,
3176,5294,10344,9700,4957,4905,4342,9774,,,,,,,,,,,,
Stage-I, ,,,,,,,,,,,,,,,,,,
(90.7733494),(82.9644433),(67.3579428),(69.7143504),(85.2118788),(85.2118788),(87.2080299),(69.7143504),,,,,,,,,,,,
,State Level Seats,,,,,,,,,,,,,,,,,,
,EWS, ,TFWS,,,,,,,,,,,,,,,,
13830,1205,,,,,,,,,,,,,,,,,,
Stage-I, ,,,,,,,,,,,,,,,,,,
(56.5488095),(96.1125146),,,,,,,,,,,,,,,,,,
,Legends :, ,"Legends: G-General, L-Ladies, S-State Level Seats ,PWD - Persons with Disabilities,DEF - Defence,PWDR :PWD Common Reserved Seat",,,,,,,,,,,,,,,,
"DEFR :Defense Common Reserved Seat ,* Maharashtra State Seats - Cut Off Indicates State General Merit No. ; Figures in bracket Indicates Merit Score",,,,,,,,,,,,,,,,,,,
,Page 44 of 188,,,,,,,,,,,,,,,,,,
GOVERNMENT OF MAHARASHTRA,,,,,,,,,,,,,,,,,,,
"State Common Entrance Test Cell, Mumbai.",,,,,,,,,,,,,,,,,,,
,Cut Off List for Maharashtra & Minority Seats of CAP Round-I for Admission to the First Year Post Graduate Technical Course in Master of Computer Applications (MCA) 2025-26,,,,,,,,,,,,,,,,,,
,"3176 - Thakur College of Engineering and Technology, Kandivali, Mumbai",,,,,,,,,,,,,,,,,,
,0317624210 - Master of Computer Applications,,,,,,,,,,,,,,,,,,
,Status :, ,Un-Aided-Autonomous-Linguistic Minority - Hindi,,,,,,,,,,,,,,,,
,Home University Seats,,,,,,,,,,,,,,,,,,
Home University Seats Allotted to Home University Candidates,,,,,,,,,,,,,,,,,,,
,GOPENH,,,,,,,,,,,,,,,,,,
1148,,,,,,,,,,,,,,,,,,,
Stage-I, ,,,,,,,,,,,,,,,,,,
(96.1125146),,,,,,,,,,,,,,,,,,,
,Other Than Home University Seats,,,,,,,,,,,,,,,,,,
Other Than Home University Seats Allotted to Other Than Home University Candidates,,,,,,,,,,,,,,,,,,,
,GOPENO,,,,,,,,,,,,,,,,,,
2152,,,,,,,,,,,,,,,,,,,
Stage-I, ,,,,,,,,,,,,,,,,,,
(93.405226),,,,,,,,,,,,,,,,,,,
,State Level Seats,,,,,,,,,,,,,,,,,,
,TFWS,,,,,,,,,,,,,,,,,,
572,,,,,,,,,,,,,,,,,,,
Stage-I, ,,,,,,,,,,,,,,,,,,
(97.8055126),,,,,,,,,,,,,,,,,,,
,Minority Seats : Minority Seats Allotted to Minority Candidates,,,,,,,,,,,,,,,,,,
,MI,,,,,,,,,,,,,,,,,,
9115,,,,,,,,,,,,,,,,,,,
Stage-I, ,,,,,,,,,,,,,,,,,,
(71.1549338),,,,,,,,,,,,,,,,,,,
,Legends :, ,"Legends: G-General, L-Ladies, S-State Level Seats ,PWD - Persons with Disabilities,DEF - Defence,PWDR :PWD Common Reserved Seat",,,,,,,,,,,,,,,,
"DEFR :Defense Common Reserved Seat ,* Maharashtra State Seats - Cut Off Indicates State General Merit No. ; Figures in bracket Indicates Merit Score",,,,,,,,,,,,,,,,,,,
,Page 45 of 188,,,,,,,,,,,,,,,,,,
GOVERNMENT OF MAHARASHTRA,,,,,,,,,,,,,,,,,,,
"State Common Entrance Test Cell, Mumbai.",,,,,,,,,,,,,,,,,,,
,Cut Off List for Maharashtra & Minority Seats of CAP Round-I for Admission to the First Year Post Graduate Technical Course in Master of Computer Applications (MCA) 2025-26,,,,,,,,,,,,,,,,,,
,"3185 - Vivekanand Education Society's Institute of Technology, Chembur, Mumbai",,,,,,,,,,,,,,,,,,
,0318524210 - Master of Computer Applications,,,,,,,,,,,,,,,,,,
,Status :, ,Un-Aided-Autonomous-Linguistic Minority - Sindhi,,,,,,,,,,,,,,,,
,Home University Seats,,,,,,,,,,,,,,,,,,
Home University Seats Allotted to Home University Candidates,,,,,,,,,,,,,,,,,,,
,GOPENH,,,,,,,,,,,,,,,,,,
307,,,,,,,,,,,,,,,,,,,
Stage-I, ,,,,,,,,,,,,,,,,,,
(98.7632442),,,,,,,,,,,,,,,,,,,
,Other Than Home University Seats,,,,,,,,,,,,,,,,,,
Other Than Home University Seats Allotted to Other Than Home University Candidates,,,,,,,,,,,,,,,,,,,
,GOPENO,,,,,,,,,,,,,,,,,,
294,,,,,,,,,,,,,,,,,,,
Stage-I, ,,,,,,,,,,,,,,,,,,
(98.7632442),,,,,,,,,,,,,,,,,,,
,State Level Seats,,,,,,,,,,,,,,,,,,
,TFWS,,,,,,,,,,,,,,,,,,
153,,,,,,,,,,,,,,,,,,,
Stage-I, ,,,,,,,,,,,,,,,,,,
(99.3736085),,,,,,,,,,,,,,,,,,,
,Minority Seats : Minority Seats Allotted to Minority Candidates,,,,,,,,,,,,,,,,,,
,MI,,,,,,,,,,,,,,,,,,
22833,,,,,,,,,,,,,,,,,,,
Stage-I, ,,,,,,,,,,,,,,,,,,
(15.5994113),,,,,,,,,,,,,,,,,,,
,Legends :, ,"Legends: G-General, L-Ladies, S-State Level Seats ,PWD - Persons with Disabilities,DEF - Defence,PWDR :PWD Common Reserved Seat",,,,,,,,,,,,,,,,
"DEFR :Defense Common Reserved Seat ,* Maharashtra State Seats - Cut Off Indicates State General Merit No. ; Figures in bracket Indicates Merit Score",,,,,,,,,,,,,,,,,,,
,Page 46 of 188,,,,,,,,,,,,,,,,,,
GOVERNMENT OF MAHARASHTRA,,,,,,,,,,,,,,,,,,,
"State Common Entrance Test Cell, Mumbai.",,,,,,,,,,,,,,,,,,,
,Cut Off List for Maharashtra & Minority Seats of CAP Round-I for Admission to the First Year Post Graduate Technical Course in Master of Computer Applications (MCA) 2025-26,,,,,,,,,,,,,,,,,,
,"3200 - Hope Foundation and research center's Finolex Academy of Management and Technology, Ratnagiri",,,,,,,,,,,,,,,,,,
,0320024110 - Master in Computer Application,,,,,,,,,,,,,,,,,,
,Status :, ,Un-Aided,,,,,,,,,,,,,,,,
,Home University Seats,,,,,,,,,,,,,,,,,,
Home University Seats Allotted to Home University Candidates,,,,,,,,,,,,,,,,,,,
,GOPENH, ,GSCH, ,GOBCH,,,,,,,,,,,,,,
6592,19511,16405,,,,,,,,,,,,,,,,,
Stage-I, ,,,,,,,,,,,,,,,,,,
(79.9969812),(31.6629561),(46.3793819),,,,,,,,,,,,,,,,,
,Other Than Home University Seats,,,,,,,,,,,,,,,,,,
Other Than Home University Seats Allotted to Other Than Home University Candidates,,,,,,,,,,,,,,,,,,,
,GOPENO, ,GSCO, ,GSEBCO,,,,,,,,,,,,,,
14993,16552,19223,,,,,,,,,,,,,,,,,
Stage-I, ,,,,,,,,,,,,,,,,,,
(51.4093808),(44.5345198),(34.5198145),,,,,,,,,,,,,,,,,
,Other Than Home University Seats Allotted to Home University Candidates,,,,,,,,,,,,,,,,,,
,GOBCO,,,,,,,,,,,,,,,,,,
24926,,,,,,,,,,,,,,,,,,,
Stage-I, ,,,,,,,,,,,,,,,,,,
(4.067771),,,,,,,,,,,,,,,,,,,
,State Level Seats,,,,,,,,,,,,,,,,,,
,EWS, ,TFWS,,,,,,,,,,,,,,,,
8283,2608,,,,,,,,,,,,,,,,,,
Stage-I, ,,,,,,,,,,,,,,,,,,
(74.782248),(92.1797821),,,,,,,,,,,,,,,,,,
,Legends :, ,"Legends: G-General, L-Ladies, S-State Level Seats ,PWD - Persons with Disabilities,DEF - Defence,PWDR :PWD Common Reserved Seat",,,,,,,,,,,,,,,,
"DEFR :Defense Common Reserved Seat ,* Maharashtra State Seats - Cut Off Indicates State General Merit No. ; Figures in bracket Indicates Merit Score",,,,,,,,,,,,,,,,,,,
,Page 47 of 188,,,,,,,,,,,,,,,,,,
GOVERNMENT OF MAHARASHTRA,,,,,,,,,,,,,,,,,,,
"State Common Entrance Test Cell, Mumbai.",,,,,,,,,,,,,,,,,,,
,Cut Off List for Maharashtra & Minority Seats of CAP Round-I for Admission to the First Year Post Graduate Technical Course in Master of Computer Applications (MCA) 2025-26,,,,,,,,,,,,,,,,,,
,"3215 - Bhartiya Vidya Bhavan's Sardar Patel Institute of Technology , Andheri, Mumbai",,,,,,,,,,,,,,,,,,
,0321524110 - Master in Computer Application,,,,,,,,,,,,,,,,,,
,Status :, ,Un-Aided-Autonomous,,,,,,,,,,,,,,,,
,Home University Seats,,,,,,,,,,,,,,,,,,
Home University Seats Allotted to Home University Candidates,,,,,,,,,,,,,,,,,,,
,GOPENH, ,GSCH, ,GSTH, ,GNTAH, ,GNTBH, ,GNTCH, ,GOBCH, ,GSEBCH, ,PWDOPENH,,
78,843,3747,19821,1242,537,336,1200,2061,,,,,,,,,,,
Stage-I, ,,,,,,,,,,,,,,,,,,
(99.6830308),(97.0718086),(89.1331398),(31.6629561),(95.5548847),(98.0566771),(98.6717482),(96.1125146),(93.405226),,,,,,,,,,,
,Home University Seats Allotted to Other Than Home University Candidates,,,,,,,,,,,,,,,,,,
,GNTDH, ,PWDROBCH,,,,,,,,,,,,,,,,
943,13850,,,,,,,,,,,,,,,,,,
Stage-I, ,,,,,,,,,,,,,,,,,,
(96.828928),(56.5488095),,,,,,,,,,,,,,,,,,
,Other Than Home University Seats,,,,,,,,,,,,,,,,,,
Other Than Home University Seats Allotted to Other Than Home University Candidates,,,,,,,,,,,,,,,,,,,
,GOPENO, ,GSCO, ,GSTO, ,GNTBO, ,GNTDO, ,GOBCO, ,GSEBCO,,,,,,
103,564,638,108,921,144,223,,,,,,,,,,,,,
Stage-I, ,,,,,,,,,,,,,,,,,,
(99.5434135),(97.8055126),(97.6265047),(99.5434135),(96.828928),(99.3740809),(99.008333),,,,,,,,,,,,,
,State Level Seats,,,,,,,,,,,,,,,,,,
,EWS, ,TFWS,,,,,,,,,,,,,,,,
234,42,,,,,,,,,,,,,,,,,,
Stage-I, ,,,,,,,,,,,,,,,,,,
(99.008333),(99.7547262),,,,,,,,,,,,,,,,,,
,Legends :, ,"Legends: G-General, L-Ladies, S-State Level Seats ,PWD - Persons with Disabilities,DEF - Defence,PWDR :PWD Common Reserved Seat",,,,,,,,,,,,,,,,
"DEFR :Defense Common Reserved Seat ,* Maharashtra State Seats - Cut Off Indicates State General Merit No. ; Figures in bracket Indicates Merit Score",,,,,,,,,,,,,,,,,,,
,Page 48 of 188,,,,,,,,,,,,,,,,,,
GOVERNMENT OF MAHARASHTRA,,,,,,,,,,,,,,,,,,,
"State Common Entrance Test Cell, Mumbai.",,,,,,,,,,,,,,,,,,,
,Cut Off List for Maharashtra & Minority Seats of CAP Round-I for Admission to the First Year Post Graduate Technical Course in Master of Computer Applications (MCA) 2025-26,,,,,,,,,,,,,,,,,,
,"3216 - Gharda Foundation's Gharda Institute of Technology,Khed, Ratnagiri",,,,,,,,,,,,,,,,,,
,0321624210 - Master of Computer Applications,,,,,,,,,,,,,,,,,,
,Status :, ,Un-Aided,,,,,,,,,,,,,,,,
,Home University Seats,,,,,,,,,,,,,,,,,,
Home University Seats Allotted to Home University Candidates,,,,,,,,,,,,,,,,,,,
,GOPENH, ,GNTBH, ,GOBCH, ,GSEBCH,,,,,,,,,,,,
11046,16875,20103,13027,,,,,,,,,,,,,,,,
Stage-I, ,,,,,,,,,,,,,,,,,,
(65.8578922),(44.5345198),(29.9046039),(58.7911466),,,,,,,,,,,,,,,,
,Other Than Home University Seats,,,,,,,,,,,,,,,,,,
Other Than Home University Seats Allotted to Other Than Home University Candidates,,,,,,,,,,,,,,,,,,,
,GOPENO,,,,,,,,,,,,,,,,,,
21175,,,,,,,,,,,,,,,,,,,
Stage-I, ,,,,,,,,,,,,,,,,,,
(25.4779232),,,,,,,,,,,,,,,,,,,
,State Level Seats,,,,,,,,,,,,,,,,,,
,TFWS,,,,,,,,,,,,,,,,,,
23512,,,,,,,,,,,,,,,,,,,
Stage-I, ,,,,,,,,,,,,,,,,,,
(12.4750009),,,,,,,,,,,,,,,,,,,
,Legends :, ,"Legends: G-General, L-Ladies, S-State Level Seats ,PWD - Persons with Disabilities,DEF - Defence,PWDR :PWD Common Reserved Seat",,,,,,,,,,,,,,,,
"DEFR :Defense Common Reserved Seat ,* Maharashtra State Seats - Cut Off Indicates State General Merit No. ; Figures in bracket Indicates Merit Score",,,,,,,,,,,,,,,,,,,
,Page 49 of 188,,,,,,,,,,,,,,,,,,
GOVERNMENT OF MAHARASHTRA,,,,,,,,,,,,,,,,,,,
"State Common Entrance Test Cell, Mumbai.",,,,,,,,,,,,,,,,,,,
,Cut Off List for Maharashtra & Minority Seats of CAP Round-I for Admission to the First Year Post Graduate Technical Course in Master of Computer Applications (MCA) 2025-26,,,,,,,,,,,,,,,,,,
,"3218 - Aldel Education Trust's St. John College of Engineering & Management, Vevoor, Palghar",,,,,,,,,,,,,,,,,,
,0321824110 - Master in Computer Application,,,,,,,,,,,,,,,,,,
,Status :, ,Un-Aided-Autonomous-Religious Minority - Christian,,,,,,,,,,,,,,,,
,Home University Seats,,,,,,,,,,,,,,,,,,
Home University Seats Allotted to Home University Candidates,,,,,,,,,,,,,,,,,,,
,GOPENH,,,,,,,,,,,,,,,,,,
8930,,,,,,,,,,,,,,,,,,,
Stage-I, ,,,,,,,,,,,,,,,,,,
(73.5368477),,,,,,,,,,,,,,,,,,,
,Other Than Home University Seats,,,,,,,,,,,,,,,,,,
Other Than Home University Seats Allotted to Other Than Home University Candidates,,,,,,,,,,,,,,,,,,,
,GOPENO,,,,,,,,,,,,,,,,,,
17256,,,,,,,,,,,,,,,,,,,
Stage-I, ,,,,,,,,,,,,,,,,,,
(41.4550394),,,,,,,,,,,,,,,,,,,
,State Level Seats,,,,,,,,,,,,,,,,,,
,TFWS,,,,,,,,,,,,,,,,,,
5210,,,,,,,,,,,,,,,,,,,
Stage-I, ,,,,,,,,,,,,,,,,,,
(85.2118788),,,,,,,,,,,,,,,,,,,
,Minority Seats : Minority Seats Allotted to Minority Candidates,,,,,,,,,,,,,,,,,,
,MI,,,,,,,,,,,,,,,,,,
15686,,,,,,,,,,,,,,,,,,,
Stage-I, ,,,,,,,,,,,,,,,,,,
(49.3533426),,,,,,,,,,,,,,,,,,,
,Legends :, ,"Legends: G-General, L-Ladies, S-State Level Seats ,PWD - Persons with Disabilities,DEF - Defence,PWDR :PWD Common Reserved Seat",,,,,,,,,,,,,,,,
"DEFR :Defense Common Reserved Seat ,* Maharashtra State Seats - Cut Off Indicates State General Merit No. ; Figures in bracket Indicates Merit Score",,,,,,,,,,,,,,,,,,,
,Page 50 of 188,,,,,,,,,,,,,,,,,,
GOVERNMENT OF MAHARASHTRA,,,,,,,,,,,,,,,,,,,
"State Common Entrance Test Cell, Mumbai.",,,,,,,,,,,,,,,,,,,
,Cut Off List for Maharashtra & Minority Seats of CAP Round-I for Admission to the First Year Post Graduate Technical Course in Master of Computer Applications (MCA) 2025-26,,,,,,,,,,,,,,,,,,
,"3221 - Vishnu Waman Thakur Charitable Trust's VIVA Institute of Technology, Virar",,,,,,,,,,,,,,,,,,
,0322124110 - Master in Computer Application,,,,,,,,,,,,,,,,,,
,Status :, ,Un-Aided,,,,,,,,,,,,,,,,
,Home University Seats,,,,,,,,,,,,,,,,,,
Home University Seats Allotted to Home University Candidates,,,,,,,,,,,,,,,,,,,
,GOPENH, ,GSCH, ,GNTAH, ,GNTCH, ,GOBCH,,,,,,,,,,
4779,17498,16418,11214,12828,,,,,,,,,,,,,,,
Stage-I, ,,,,,,,,,,,,,,,,,,
(85.3851665),(41.4550394),(46.3793819),(65.8578922),(58.7911466),,,,,,,,,,,,,,,
,Other Than Home University Seats,,,,,,,,,,,,,,,,,,
Other Than Home University Seats Allotted to Other Than Home University Candidates,,,,,,,,,,,,,,,,,,,
,GOPENO, ,GOBCO,,,,,,,,,,,,,,,,
9408,17120,,,,,,,,,,,,,,,,,,
Stage-I, ,,,,,,,,,,,,,,,,,,
(71.1549338),(41.4550394),,,,,,,,,,,,,,,,,,
,Other Than Home University Seats Allotted to Home University Candidates,,,,,,,,,,,,,,,,,,
,GSCO, ,GNTCO,,,,,,,,,,,,,,,,
23648,24018,,,,,,,,,,,,,,,,,,
Stage-I, ,,,,,,,,,,,,,,,,,,
(12.4750009),(9.7430286),,,,,,,,,,,,,,,,,,
,State Level Seats,,,,,,,,,,,,,,,,,,
,EWS, ,TFWS,,,,,,,,,,,,,,,,
10393,3391,,,,,,,,,,,,,,,,,,
Stage-I, ,,,,,,,,,,,,,,,,,,
(67.3579428),(89.1966341),,,,,,,,,,,,,,,,,,
,Legends :, ,"Legends: G-General, L-Ladies, S-State Level Seats ,PWD - Persons with Disabilities,DEF - Defence,PWDR :PWD Common Reserved Seat",,,,,,,,,,,,,,,,
"DEFR :Defense Common Reserved Seat ,* Maharashtra State Seats - Cut Off Indicates State General Merit No. ; Figures in bracket Indicates Merit Score",,,,,,,,,,,,,,,,,,,
,Page 51 of 188,,,,,,,,,,,,,,,,,,
GOVERNMENT OF MAHARASHTRA,,,,,,,,,,,,,,,,,,,
"State Common Entrance Test Cell, Mumbai.",,,,,,,,,,,,,,,,,,,
,Cut Off List for Maharashtra & Minority Seats of CAP Round-I for Admission to the First Year Post Graduate Technical Course in Master of Computer Applications (MCA) 2025-26,,,,,,,,,,,,,,,,,,
,"3223 - Mahatma Education Society's Pillai HOC College of Engineering & Technology, Tal. Khalapur. Dist. Raigad",,,,,,,,,,,,,,,,,,
,0322324210 - Master of Computer Applications,,,,,,,,,,,,,,,,,,
,Status :, ,Un-Aided-Autonomous-Linguistic Minority - Malyalam,,,,,,,,,,,,,,,,
,Home University Seats,,,,,,,,,,,,,,,,,,
Home University Seats Allotted to Home University Candidates,,,,,,,,,,,,,,,,,,,
,GOPENH,,,,,,,,,,,,,,,,,,
5393,,,,,,,,,,,,,,,,,,,
Stage-I, ,,,,,,,,,,,,,,,,,,
(82.9644433),,,,,,,,,,,,,,,,,,,
,Other Than Home University Seats,,,,,,,,,,,,,,,,,,
Other Than Home University Seats Allotted to Other Than Home University Candidates,,,,,,,,,,,,,,,,,,,
,GOPENO,,,,,,,,,,,,,,,,,,
21614,,,,,,,,,,,,,,,,,,,
Stage-I, ,,,,,,,,,,,,,,,,,,
(23.1010151),,,,,,,,,,,,,,,,,,,
,Other Than Home University Seats Allotted to Home University Candidates,,,,,,,,,,,,,,,,,,
,GOPENO,,,,,,,,,,,,,,,,,,
5489,,,,,,,,,,,,,,,,,,,
Stage-I, ,,,,,,,,,,,,,,,,,,
(82.9644433),,,,,,,,,,,,,,,,,,,
,State Level Seats,,,,,,,,,,,,,,,,,,
,TFWS,,,,,,,,,,,,,,,,,,
4605,,,,,,,,,,,,,,,,,,,
Stage-I, ,,,,,,,,,,,,,,,,,,
(85.3851665),,,,,,,,,,,,,,,,,,,
,Legends :, ,"Legends: G-General, L-Ladies, S-State Level Seats ,PWD - Persons with Disabilities,DEF - Defence,PWDR :PWD Common Reserved Seat",,,,,,,,,,,,,,,,
"DEFR :Defense Common Reserved Seat ,* Maharashtra State Seats - Cut Off Indicates State General Merit No. ; Figures in bracket Indicates Merit Score",,,,,,,,,,,,,,,,,,,
,Page 52 of 188,,,,,,,,,,,,,,,,,,
GOVERNMENT OF MAHARASHTRA,,,,,,,,,,,,,,,,,,,
"State Common Entrance Test Cell, Mumbai.",,,,,,,,,,,,,,,,,,,
,Cut Off List for Maharashtra & Minority Seats of CAP Round-I for Admission to the First Year Post Graduate Technical Course in Master of Computer Applications (MCA) 2025-26,,,,,,,,,,,,,,,,,,
,"3223 - Mahatma Education Society's Pillai HOC College of Engineering & Technology, Tal. Khalapur. Dist. Raigad",,,,,,,,,,,,,,,,,,
,0322324210 - Master of Computer Applications,,,,,,,,,,,,,,,,,,
,Status :, ,Un-Aided-Autonomous-Linguistic Minority - Malyalam,,,,,,,,,,,,,,,,
,Minority Seats : Minority Seats Allotted to Minority Candidates,,,,,,,,,,,,,,,,,,
,MI,,,,,,,,,,,,,,,,,,
5000,,,,,,,,,,,,,,,,,,,
Stage-I, ,,,,,,,,,,,,,,,,,,
(85.2118788),,,,,,,,,,,,,,,,,,,
,Legends :, ,"Legends: G-General, L-Ladies, S-State Level Seats ,PWD - Persons with Disabilities,DEF - Defence,PWDR :PWD Common Reserved Seat",,,,,,,,,,,,,,,,
"DEFR :Defense Common Reserved Seat ,* Maharashtra State Seats - Cut Off Indicates State General Merit No. ; Figures in bracket Indicates Merit Score",,,,,,,,,,,,,,,,,,,
,Page 53 of 188,,,,,,,,,,,,,,,,,,
GOVERNMENT OF MAHARASHTRA,,,,,,,,,,,,,,,,,,,
"State Common Entrance Test Cell, Mumbai.",,,,,,,,,,,,,,,,,,,
,Cut Off List for Maharashtra & Minority Seats of CAP Round-I for Admission to the First Year Post Graduate Technical Course in Master of Computer Applications (MCA) 2025-26,,,,,,,,,,,,,,,,,,
,"3438 - Aditya Institute of Management Studies & Research, Borivali",,,,,,,,,,,,,,,,,,
,0343824110 - Master in Computer Application,,,,,,,,,,,,,,,,,,
,Status :, ,Un-Aided-Linguistic Minority - Hindi,,,,,,,,,,,,,,,,
,Home University Seats,,,,,,,,,,,,,,,,,,
Home University Seats Allotted to Home University Candidates,,,,,,,,,,,,,,,,,,,
,GOPENH,,,,,,,,,,,,,,,,,,
2225,,,,,,,,,,,,,,,,,,,
Stage-I, ,,,,,,,,,,,,,,,,,,
(92.3361383),,,,,,,,,,,,,,,,,,,
,Other Than Home University Seats,,,,,,,,,,,,,,,,,,
Other Than Home University Seats Allotted to Other Than Home University Candidates,,,,,,,,,,,,,,,,,,,
,GOPENO,,,,,,,,,,,,,,,,,,
3610,,,,,,,,,,,,,,,,,,,
Stage-I, ,,,,,,,,,,,,,,,,,,
(89.1331398),,,,,,,,,,,,,,,,,,,
,State Level Seats,,,,,,,,,,,,,,,,,,
,TFWS,,,,,,,,,,,,,,,,,,
1354,,,,,,,,,,,,,,,,,,,
Stage-I, ,,,,,,,,,,,,,,,,,,
(95.5548847),,,,,,,,,,,,,,,,,,,
,Minority Seats : Minority Seats Allotted to Minority Candidates,,,,,,,,,,,,,,,,,,
,MI,,,,,,,,,,,,,,,,,,
23864,,,,,,,,,,,,,,,,,,,
Stage-I, ,,,,,,,,,,,,,,,,,,
(10.5199653),,,,,,,,,,,,,,,,,,,
,Legends :, ,"Legends: G-General, L-Ladies, S-State Level Seats ,PWD - Persons with Disabilities,DEF - Defence,PWDR :PWD Common Reserved Seat",,,,,,,,,,,,,,,,
"DEFR :Defense Common Reserved Seat ,* Maharashtra State Seats - Cut Off Indicates State General Merit No. ; Figures in bracket Indicates Merit Score",,,,,,,,,,,,,,,,,,,
,Page 54 of 188,,,,,,,,,,,,,,,,,,
GOVERNMENT OF MAHARASHTRA,,,,,,,,,,,,,,,,,,,
"State Common Entrance Test Cell, Mumbai.",,,,,,,,,,,,,,,,,,,
,Cut Off List for Maharashtra & Minority Seats of CAP Round-I for Admission to the First Year Post Graduate Technical Course in Master of Computer Applications (MCA) 2025-26,,,,,,,,,,,,,,,,,,
,"3539 - St. Wilfred's College of Computer Sciences, Mira Road(E)",,,,,,,,,,,,,,,,,,
,0353924110 - Master in Computer Application,,,,,,,,,,,,,,,,,,
,Status :, ,Un-Aided,,,,,,,,,,,,,,,,
,Home University Seats,,,,,,,,,,,,,,,,,,
Home University Seats Allotted to Home University Candidates,,,,,,,,,,,,,,,,,,,
,GOPENH, ,GSCH, ,GNTDH, ,GOBCH,,,,,,,,,,,,
8123,16263,17035,21124,,,,,,,,,,,,,,,,
Stage-I, ,,,,,,,,,,,,,,,,,,
(74.782248),(46.3793819),(44.5345198),(25.4779232),,,,,,,,,,,,,,,,
,Other Than Home University Seats,,,,,,,,,,,,,,,,,,
Other Than Home University Seats Allotted to Other Than Home University Candidates,,,,,,,,,,,,,,,,,,,
,GOPENO, ,GSCO, ,GOBCO,,,,,,,,,,,,,,
12427,23973,23079,,,,,,,,,,,,,,,,,
Stage-I, ,,,,,,,,,,,,,,,,,,
(61.2807064),(9.7430286),(15.5994113),,,,,,,,,,,,,,,,,
,Legends :, ,"Legends: G-General, L-Ladies, S-State Level Seats ,PWD - Persons with Disabilities,DEF - Defence,PWDR :PWD Common Reserved Seat",,,,,,,,,,,,,,,,
"DEFR :Defense Common Reserved Seat ,* Maharashtra State Seats - Cut Off Indicates State General Merit No. ; Figures in bracket Indicates Merit Score",,,,,,,,,,,,,,,,,,,
,Page 55 of 188,,,,,,,,,,,,,,,,,,
GOVERNMENT OF MAHARASHTRA,,,,,,,,,,,,,,,,,,,
"State Common Entrance Test Cell, Mumbai.",,,,,,,,,,,,,,,,,,,
,Cut Off List for Maharashtra & Minority Seats of CAP Round-I for Admission to the First Year Post Graduate Technical Course in Master of Computer Applications (MCA) 2025-26,,,,,,,,,,,,,,,,,,
,3651 - KANDIVLI EDUCATION SOCIETY'S B K SHROFF COLLEGE OF ARTS AND M H SHROFF COLLEGE OF COMMERCE,,,,,,,,,,,,,,,,,,
,0365124110 - Master in Computer Application,,,,,,,,,,,,,,,,,,
,Status :, ,Un-Aided-Autonomous-Linguistic Minority - Gujarathi,,,,,,,,,,,,,,,,
,Home University Seats,,,,,,,,,,,,,,,,,,
Home University Seats Allotted to Home University Candidates,,,,,,,,,,,,,,,,,,,
,GOPENH,,,,,,,,,,,,,,,,,,
2887,,,,,,,,,,,,,,,,,,,
Stage-I, ,,,,,,,,,,,,,,,,,,
(90.9663786),,,,,,,,,,,,,,,,,,,
,Other Than Home University Seats,,,,,,,,,,,,,,,,,,
Other Than Home University Seats Allotted to Other Than Home University Candidates,,,,,,,,,,,,,,,,,,,
,GOPENO,,,,,,,,,,,,,,,,,,
8128,,,,,,,,,,,,,,,,,,,
Stage-I, ,,,,,,,,,,,,,,,,,,
(74.782248),,,,,,,,,,,,,,,,,,,
,State Level Seats,,,,,,,,,,,,,,,,,,
,TFWS,,,,,,,,,,,,,,,,,,
2388,,,,,,,,,,,,,,,,,,,
Stage-I, ,,,,,,,,,,,,,,,,,,
(92.3361383),,,,,,,,,,,,,,,,,,,
,Minority Seats : Minority Seats Allotted to Minority Candidates,,,,,,,,,,,,,,,,,,
,MI,,,,,,,,,,,,,,,,,,
25391,,,,,,,,,,,,,,,,,,,
Stage-I, ,,,,,,,,,,,,,,,,,,
(0.8710079),,,,,,,,,,,,,,,,,,,
,Legends :, ,"Legends: G-General, L-Ladies, S-State Level Seats ,PWD - Persons with Disabilities,DEF - Defence,PWDR :PWD Common Reserved Seat",,,,,,,,,,,,,,,,
"DEFR :Defense Common Reserved Seat ,* Maharashtra State Seats - Cut Off Indicates State General Merit No. ; Figures in bracket Indicates Merit Score",,,,,,,,,,,,,,,,,,,
,Page 56 of 188,,,,,,,,,,,,,,,,,,
GOVERNMENT OF MAHARASHTRA,,,,,,,,,,,,,,,,,,,
"State Common Entrance Test Cell, Mumbai.",,,,,,,,,,,,,,,,,,,
,Cut Off List for Maharashtra & Minority Seats of CAP Round-I for Admission to the First Year Post Graduate Technical Course in Master of Computer Applications (MCA) 2025-26,,,,,,,,,,,,,,,,,,
,"4003 - Inter Institutional Computer Center and Dept. of Computer Science & Electronics, RTM Nagpur University",,,,,,,,,,,,,,,,,,
,0400324110 - Master in Computer Application,,,,,,,,,,,,,,,,,,
,Status :, ,University Department,,,,,,,,,,,,,,,,
,Home University Seats,,,,,,,,,,,,,,,,,,
Home University Seats Allotted to Home University Candidates,,,,,,,,,,,,,,,,,,,
,GOPENH, ,GSCH, ,GSTH, ,GNTAH, ,GNTCH, ,GOBCH, ,GSEBCH,,,,,,
2587,3619,18216,15823,16284,3045,14058,,,,,,,,,,,,,
Stage-I, ,,,,,,,,,,,,,,,,,,
(92.1797821),(89.1331398),(39.3989669),(49.3533426),(46.3793819),(90.7733494),(53.942159),,,,,,,,,,,,,
,Home University Seats Allotted to Other Than Home University Candidates,,,,,,,,,,,,,,,,,,
,GSEBCH,,,,,,,,,,,,,,,,,,
13508,,,,,,,,,,,,,,,,,,,
Stage-I, ,,,,,,,,,,,,,,,,,,
(56.5488095),,,,,,,,,,,,,,,,,,,
,Other Than Home University Seats,,,,,,,,,,,,,,,,,,
Other Than Home University Seats Allotted to Other Than Home University Candidates,,,,,,,,,,,,,,,,,,,
,GOPENO, ,GSCO, ,GOBCO, ,GSEBCO,,,,,,,,,,,,
1314,2434,2295,5066,,,,,,,,,,,,,,,,
Stage-I, ,,,,,,,,,,,,,,,,,,
(95.5548847),(92.1797821),(92.3361383),(85.2118788),,,,,,,,,,,,,,,,
,State Level Seats,,,,,,,,,,,,,,,,,,
,EWS, ,TFWS,,,,,,,,,,,,,,,,
3197,142,,,,,,,,,,,,,,,,,,
Stage-I, ,,,,,,,,,,,,,,,,,,
(90.7733494),(99.3740809),,,,,,,,,,,,,,,,,,
,Legends :, ,"Legends: G-General, L-Ladies, S-State Level Seats ,PWD - Persons with Disabilities,DEF - Defence,PWDR :PWD Common Reserved Seat",,,,,,,,,,,,,,,,
"DEFR :Defense Common Reserved Seat ,* Maharashtra State Seats - Cut Off Indicates State General Merit No. ; Figures in bracket Indicates Merit Score",,,,,,,,,,,,,,,,,,,
,Page 57 of 188,,,,,,,,,,,,,,,,,,
GOVERNMENT OF MAHARASHTRA,,,,,,,,,,,,,,,,,,,
"State Common Entrance Test Cell, Mumbai.",,,,,,,,,,,,,,,,,,,
,Cut Off List for Maharashtra & Minority Seats of CAP Round-I for Admission to the First Year Post Graduate Technical Course in Master of Computer Applications (MCA) 2025-26,,,,,,,,,,,,,,,,,,
,"4124 - Amar Seva Mandal's Kamla Nehru Mahavidyalaya, Nagpur",,,,,,,,,,,,,,,,,,
,0412424110 - Master in Computer Application,,,,,,,,,,,,,,,,,,
,Status :, ,Un-Aided,,,,,,,,,,,,,,,,
,Home University Seats,,,,,,,,,,,,,,,,,,
Home University Seats Allotted to Home University Candidates,,,,,,,,,,,,,,,,,,,
,GOPENH, ,GSCH, ,GSTH, ,GNTBH, ,GNTCH, ,GOBCH, ,PWDOPENH,,,,,,
9469,15019,18244,9560,14816,10659,3753,,,,,,,,,,,,,
Stage-I, ,,,,,,,,,,,,,,,,,,
(71.1549338),(51.4093808),(36.496736),(71.1549338),(51.4093808),(67.3579428),(89.1331398),,,,,,,,,,,,,
,Other Than Home University Seats,,,,,,,,,,,,,,,,,,
Other Than Home University Seats Allotted to Other Than Home University Candidates,,,,,,,,,,,,,,,,,,,
,GOPENO, ,GSCO, ,GSTO, ,GNTAO, ,GOBCO,,,,,,,,,,
9868,19791,13618,14813,13261,,,,,,,,,,,,,,,
Stage-I, ,,,,,,,,,,,,,,,,,,
(69.7143504),(31.6629561),(56.5488095),(51.4093808),(58.7911466),,,,,,,,,,,,,,,
,State Level Seats,,,,,,,,,,,,,,,,,,
,EWS, ,TFWS,,,,,,,,,,,,,,,,
12926,7871,,,,,,,,,,,,,,,,,,
Stage-I, ,,,,,,,,,,,,,,,,,,
(58.7911466),(76.9216256),,,,,,,,,,,,,,,,,,
,Legends :, ,"Legends: G-General, L-Ladies, S-State Level Seats ,PWD - Persons with Disabilities,DEF - Defence,PWDR :PWD Common Reserved Seat",,,,,,,,,,,,,,,,
"DEFR :Defense Common Reserved Seat ,* Maharashtra State Seats - Cut Off Indicates State General Merit No. ; Figures in bracket Indicates Merit Score",,,,,,,,,,,,,,,,,,,
,Page 58 of 188,,,,,,,,,,,,,,,,,,
GOVERNMENT OF MAHARASHTRA,,,,,,,,,,,,,,,,,,,
"State Common Entrance Test Cell, Mumbai.",,,,,,,,,,,,,,,,,,,
,Cut Off List for Maharashtra & Minority Seats of CAP Round-I for Admission to the First Year Post Graduate Technical Course in Master of Computer Applications (MCA) 2025-26,,,,,,,,,,,,,,,,,,
,"4128 - Ranibai Agnihotri Institute of Computer Information Technology, Wardha",,,,,,,,,,,,,,,,,,
,0412824110 - Master in Computer Application,,,,,,,,,,,,,,,,,,
,Status :, ,Un-Aided,,,,,,,,,,,,,,,,
,Home University Seats,,,,,,,,,,,,,,,,,,
Home University Seats Allotted to Home University Candidates,,,,,,,,,,,,,,,,,,,
,GOPENH, ,GSCH, ,GSTH, ,GNTBH, ,GOBCH,,,,,,,,,,
13859,19918,20734,14998,17349,,,,,,,,,,,,,,,
Stage-I, ,,,,,,,,,,,,,,,,,,
(56.5488095),(29.9046039),(27.2744425),(51.4093808),(41.4550394),,,,,,,,,,,,,,,
,Home University Seats Allotted to Other Than Home University Candidates,,,,,,,,,,,,,,,,,,
,GNTCH,,,,,,,,,,,,,,,,,,
20506,,,,,,,,,,,,,,,,,,,
Stage-I, ,,,,,,,,,,,,,,,,,,
(27.2744425),,,,,,,,,,,,,,,,,,,
,Other Than Home University Seats,,,,,,,,,,,,,,,,,,
Other Than Home University Seats Allotted to Other Than Home University Candidates,,,,,,,,,,,,,,,,,,,
,GOPENO, ,GSCO, ,GOBCO,,,,,,,,,,,,,,
20106,23721,22579,,,,,,,,,,,,,,,,,
Stage-I, ,,,,,,,,,,,,,,,,,,
(29.9046039),(10.5199653),(16.9789978),,,,,,,,,,,,,,,,,
,Other Than Home University Seats Allotted to Home University Candidates,,,,,,,,,,,,,,,,,,
,GSCO, ,GNTBO,,,,,,,,,,,,,,,,
21229,24460,,,,,,,,,,,,,,,,,,
Stage-I, ,,,,,,,,,,,,,,,,,,
(25.4779232),(7.4072677),,,,,,,,,,,,,,,,,,
,State Level Seats,,,,,,,,,,,,,,,,,,
,EWS, ,TFWS,,,,,,,,,,,,,,,,
15881,16338,,,,,,,,,,,,,,,,,,
Stage-I, ,,,,,,,,,,,,,,,,,,
(46.3793819),(46.3793819),,,,,,,,,,,,,,,,,,
,Legends :, ,"Legends: G-General, L-Ladies, S-State Level Seats ,PWD - Persons with Disabilities,DEF - Defence,PWDR :PWD Common Reserved Seat",,,,,,,,,,,,,,,,
"DEFR :Defense Common Reserved Seat ,* Maharashtra State Seats - Cut Off Indicates State General Merit No. ; Figures in bracket Indicates Merit Score",,,,,,,,,,,,,,,,,,,
,Page 59 of 188,,,,,,,,,,,,,,,,,,
GOVERNMENT OF MAHARASHTRA,,,,,,,,,,,,,,,,,,,
"State Common Entrance Test Cell, Mumbai.",,,,,,,,,,,,,,,,,,,
,Cut Off List for Maharashtra & Minority Seats of CAP Round-I for Admission to the First Year Post Graduate Technical Course in Master of Computer Applications (MCA) 2025-26,,,,,,,,,,,,,,,,,,
,"4133 - Sanmarg Shikshan Sanstha's Smt. Radhikatai Pandav College of Engineering, Nagpur",,,,,,,,,,,,,,,,,,
,0413324110 - Master in Computer Application,,,,,,,,,,,,,,,,,,
,Status :, ,Un-Aided,,,,,,,,,,,,,,,,
,Home University Seats,,,,,,,,,,,,,,,,,,
Home University Seats Allotted to Home University Candidates,,,,,,,,,,,,,,,,,,,
,GOPENH, ,GSCH, ,GNTBH, ,GNTCH, ,GOBCH,,,,,,,,,,
13566,19771,19295,22858,16765,,,,,,,,,,,,,,,
Stage-I, ,,,,,,,,,,,,,,,,,,
(56.5488095),(31.6629561),(34.5198145),(15.5994113),(44.5345198),,,,,,,,,,,,,,,
,Home University Seats Allotted to Other Than Home University Candidates,,,,,,,,,,,,,,,,,,
,GNTAH,,,,,,,,,,,,,,,,,,
17794,,,,,,,,,,,,,,,,,,,
Stage-I, ,,,,,,,,,,,,,,,,,,
(39.3989669),,,,,,,,,,,,,,,,,,,
,Other Than Home University Seats,,,,,,,,,,,,,,,,,,
Other Than Home University Seats Allotted to Other Than Home University Candidates,,,,,,,,,,,,,,,,,,,
,GOPENO, ,GSCO, ,GNTAO, ,GNTCO, ,GOBCO,,,,,,,,,,
13298,22674,14870,14032,13780,,,,,,,,,,,,,,,
Stage-I, ,,,,,,,,,,,,,,,,,,
(58.7911466),(16.9789978),(51.4093808),(53.942159),(56.5488095),,,,,,,,,,,,,,,
,State Level Seats,,,,,,,,,,,,,,,,,,
,EWS, ,TFWS,,,,,,,,,,,,,,,,
25361,11223,,,,,,,,,,,,,,,,,,
Stage-I, ,,,,,,,,,,,,,,,,,,
(1.3498737),(65.8578922),,,,,,,,,,,,,,,,,,
,Legends :, ,"Legends: G-General, L-Ladies, S-State Level Seats ,PWD - Persons with Disabilities,DEF - Defence,PWDR :PWD Common Reserved Seat",,,,,,,,,,,,,,,,
"DEFR :Defense Common Reserved Seat ,* Maharashtra State Seats - Cut Off Indicates State General Merit No. ; Figures in bracket Indicates Merit Score",,,,,,,,,,,,,,,,,,,
,Page 60 of 188,,,,,,,,,,,,,,,,,,
GOVERNMENT OF MAHARASHTRA,,,,,,,,,,,,,,,,,,,
"State Common Entrance Test Cell, Mumbai.",,,,,,,,,,,,,,,,,,,
,Cut Off List for Maharashtra & Minority Seats of CAP Round-I for Admission to the First Year Post Graduate Technical Course in Master of Computer Applications (MCA) 2025-26,,,,,,,,,,,,,,,,,,
,"4137 - Sir Shantilal Badjate Charitable Trust's S. B. Jain Institute of technology, Management & Research, Nagpur",,,,,,,,,,,,,,,,,,
,0413724210 - Master of Computer Applications,,,,,,,,,,,,,,,,,,
,Status :, ,Un-Aided-Autonomous-Linguistic Minority - Hindi,,,,,,,,,,,,,,,,
,Home University Seats,,,,,,,,,,,,,,,,,,
Home University Seats Allotted to Home University Candidates,,,,,,,,,,,,,,,,,,,
,GOPENH,,,,,,,,,,,,,,,,,,
8198,,,,,,,,,,,,,,,,,,,
Stage-I, ,,,,,,,,,,,,,,,,,,
(74.782248),,,,,,,,,,,,,,,,,,,
,Other Than Home University Seats,,,,,,,,,,,,,,,,,,
Other Than Home University Seats Allotted to Other Than Home University Candidates,,,,,,,,,,,,,,,,,,,
,GOPENO,,,,,,,,,,,,,,,,,,
16723,,,,,,,,,,,,,,,,,,,
Stage-I, ,,,,,,,,,,,,,,,,,,
(44.5345198),,,,,,,,,,,,,,,,,,,
,State Level Seats,,,,,,,,,,,,,,,,,,
,TFWS,,,,,,,,,,,,,,,,,,
5097,,,,,,,,,,,,,,,,,,,
Stage-I, ,,,,,,,,,,,,,,,,,,
(85.2118788),,,,,,,,,,,,,,,,,,,
,Minority Seats : Minority Seats Allotted to Minority Candidates,,,,,,,,,,,,,,,,,,
,MI,,,,,,,,,,,,,,,,,,
23302,,,,,,,,,,,,,,,,,,,
Stage-I, ,,,,,,,,,,,,,,,,,,
(13.5402134),,,,,,,,,,,,,,,,,,,
,Legends :, ,"Legends: G-General, L-Ladies, S-State Level Seats ,PWD - Persons with Disabilities,DEF - Defence,PWDR :PWD Common Reserved Seat",,,,,,,,,,,,,,,,
"DEFR :Defense Common Reserved Seat ,* Maharashtra State Seats - Cut Off Indicates State General Merit No. ; Figures in bracket Indicates Merit Score",,,,,,,,,,,,,,,,,,,
,Page 61 of 188,,,,,,,,,,,,,,,,,,
GOVERNMENT OF MAHARASHTRA,,,,,,,,,,,,,,,,,,,
"State Common Entrance Test Cell, Mumbai.",,,,,,,,,,,,,,,,,,,
,Cut Off List for Maharashtra & Minority Seats of CAP Round-I for Admission to the First Year Post Graduate Technical Course in Master of Computer Applications (MCA) 2025-26,,,,,,,,,,,,,,,,,,
,"4138 - Jaidev Education Society, J D College of Engineering and Management, Nagpur",,,,,,,,,,,,,,,,,,
,0413824110 - Master in Computer Application,,,,,,,,,,,,,,,,,,
,Status :, ,Un-Aided-Autonomous-Linguistic Minority - Hindi,,,,,,,,,,,,,,,,
,Home University Seats,,,,,,,,,,,,,,,,,,
Home University Seats Allotted to Home University Candidates,,,,,,,,,,,,,,,,,,,
,GOPENH,,,,,,,,,,,,,,,,,,
14912,,,,,,,,,,,,,,,,,,,
Stage-I, ,,,,,,,,,,,,,,,,,,
(51.4093808),,,,,,,,,,,,,,,,,,,
,Other Than Home University Seats,,,,,,,,,,,,,,,,,,
Other Than Home University Seats Allotted to Other Than Home University Candidates,,,,,,,,,,,,,,,,,,,
,GOPENO,,,,,,,,,,,,,,,,,,
18925,,,,,,,,,,,,,,,,,,,
Stage-I, ,,,,,,,,,,,,,,,,,,
(34.5198145),,,,,,,,,,,,,,,,,,,
,State Level Seats,,,,,,,,,,,,,,,,,,
,TFWS,,,,,,,,,,,,,,,,,,
22798,,,,,,,,,,,,,,,,,,,
Stage-I, ,,,,,,,,,,,,,,,,,,
(16.9789978),,,,,,,,,,,,,,,,,,,
,Minority Seats : Minority Seats Allotted to Minority Candidates,,,,,,,,,,,,,,,,,,
,MI,,,,,,,,,,,,,,,,,,
17436,,,,,,,,,,,,,,,,,,,
Stage-I, ,,,,,,,,,,,,,,,,,,
(41.4550394),,,,,,,,,,,,,,,,,,,
,Legends :, ,"Legends: G-General, L-Ladies, S-State Level Seats ,PWD - Persons with Disabilities,DEF - Defence,PWDR :PWD Common Reserved Seat",,,,,,,,,,,,,,,,
"DEFR :Defense Common Reserved Seat ,* Maharashtra State Seats - Cut Off Indicates State General Merit No. ; Figures in bracket Indicates Merit Score",,,,,,,,,,,,,,,,,,,
,Page 62 of 188,,,,,,,,,,,,,,,,,,
GOVERNMENT OF MAHARASHTRA,,,,,,,,,,,,,,,,,,,
"State Common Entrance Test Cell, Mumbai.",,,,,,,,,,,,,,,,,,,
,Cut Off List for Maharashtra & Minority Seats of CAP Round-I for Admission to the First Year Post Graduate Technical Course in Master of Computer Applications (MCA) 2025-26,,,,,,,,,,,,,,,,,,
,"4142 - G H Raisoni College of Engineering & Management, Nagpur",,,,,,,,,,,,,,,,,,
,0414224110 - Master in Computer Application,,,,,,,,,,,,,,,,,,
,Status :, ,Un-Aided-Autonomous-Linguistic Minority - Hindi,,,,,,,,,,,,,,,,
,Home University Seats,,,,,,,,,,,,,,,,,,
Home University Seats Allotted to Home University Candidates,,,,,,,,,,,,,,,,,,,
,GOPENH,,,,,,,,,,,,,,,,,,
4630,,,,,,,,,,,,,,,,,,,
Stage-I, ,,,,,,,,,,,,,,,,,,
(85.3851665),,,,,,,,,,,,,,,,,,,
,Other Than Home University Seats,,,,,,,,,,,,,,,,,,
Other Than Home University Seats Allotted to Other Than Home University Candidates,,,,,,,,,,,,,,,,,,,
,GOPENO,,,,,,,,,,,,,,,,,,
6317,,,,,,,,,,,,,,,,,,,
Stage-I, ,,,,,,,,,,,,,,,,,,
(80.5399495),,,,,,,,,,,,,,,,,,,
,State Level Seats,,,,,,,,,,,,,,,,,,
,TFWS,,,,,,,,,,,,,,,,,,
1864,,,,,,,,,,,,,,,,,,,
Stage-I, ,,,,,,,,,,,,,,,,,,
(93.5511867),,,,,,,,,,,,,,,,,,,
,Minority Seats : Minority Seats Allotted to Minority Candidates,,,,,,,,,,,,,,,,,,
,MI,,,,,,,,,,,,,,,,,,
25484,,,,,,,,,,,,,,,,,,,
Stage-I, ,,,,,,,,,,,,,,,,,,
(0.0603296),,,,,,,,,,,,,,,,,,,
,Legends :, ,"Legends: G-General, L-Ladies, S-State Level Seats ,PWD - Persons with Disabilities,DEF - Defence,PWDR :PWD Common Reserved Seat",,,,,,,,,,,,,,,,
"DEFR :Defense Common Reserved Seat ,* Maharashtra State Seats - Cut Off Indicates State General Merit No. ; Figures in bracket Indicates Merit Score",,,,,,,,,,,,,,,,,,,
,Page 63 of 188,,,,,,,,,,,,,,,,,,
GOVERNMENT OF MAHARASHTRA,,,,,,,,,,,,,,,,,,,
"State Common Entrance Test Cell, Mumbai.",,,,,,,,,,,,,,,,,,,
,Cut Off List for Maharashtra & Minority Seats of CAP Round-I for Admission to the First Year Post Graduate Technical Course in Master of Computer Applications (MCA) 2025-26,,,,,,,,,,,,,,,,,,
,"4145 - Wainganga College of Engineering and Management, Dongargaon, Nagpur",,,,,,,,,,,,,,,,,,
,0414524110 - Master in Computer Application,,,,,,,,,,,,,,,,,,
,Status :, ,Un-Aided-Autonomous,,,,,,,,,,,,,,,,
,Home University Seats,,,,,,,,,,,,,,,,,,
Home University Seats Allotted to Home University Candidates,,,,,,,,,,,,,,,,,,,
,GOPENH, ,GSCH, ,GSTH, ,GNTBH, ,GOBCH,,,,,,,,,,
13413,22023,17104,21906,20059,,,,,,,,,,,,,,,
Stage-I, ,,,,,,,,,,,,,,,,,,
(56.5488095),(21.0059952),(41.4550394),(21.0059952),(29.9046039),,,,,,,,,,,,,,,
,Home University Seats Allotted to Other Than Home University Candidates,,,,,,,,,,,,,,,,,,
,GNTAH, ,GNTCH,,,,,,,,,,,,,,,,
19470,23586,,,,,,,,,,,,,,,,,,
Stage-I, ,,,,,,,,,,,,,,,,,,
(31.6629561),(12.4750009),,,,,,,,,,,,,,,,,,
,Other Than Home University Seats,,,,,,,,,,,,,,,,,,
Other Than Home University Seats Allotted to Other Than Home University Candidates,,,,,,,,,,,,,,,,,,,
,GOPENO, ,GSCO, ,GSTO, ,GNTAO, ,GNTBO, ,GNTCO, ,GOBCO,,,,,,
12004,18572,24053,15897,16008,13865,15663,,,,,,,,,,,,,
Stage-I, ,,,,,,,,,,,,,,,,,,
(63.1574978),(36.496736),(9.7430286),(46.3793819),(46.3793819),(56.5488095),(49.3533426),,,,,,,,,,,,,
,State Level Seats,,,,,,,,,,,,,,,,,,
,EWS, ,TFWS,,,,,,,,,,,,,,,,
25057,21752,,,,,,,,,,,,,,,,,,
Stage-I, ,,,,,,,,,,,,,,,,,,
(3.0466423),(21.0059952),,,,,,,,,,,,,,,,,,
,Legends :, ,"Legends: G-General, L-Ladies, S-State Level Seats ,PWD - Persons with Disabilities,DEF - Defence,PWDR :PWD Common Reserved Seat",,,,,,,,,,,,,,,,
"DEFR :Defense Common Reserved Seat ,* Maharashtra State Seats - Cut Off Indicates State General Merit No. ; Figures in bracket Indicates Merit Score",,,,,,,,,,,,,,,,,,,
,Page 64 of 188,,,,,,,,,,,,,,,,,,
GOVERNMENT OF MAHARASHTRA,,,,,,,,,,,,,,,,,,,
"State Common Entrance Test Cell, Mumbai.",,,,,,,,,,,,,,,,,,,
,Cut Off List for Maharashtra & Minority Seats of CAP Round-I for Admission to the First Year Post Graduate Technical Course in Master of Computer Applications (MCA) 2025-26,,,,,,,,,,,,,,,,,,
,"4147 - K.D.K. College of Engineering, Nagpur",,,,,,,,,,,,,,,,,,
,0414724110 - Master in Computer Application,,,,,,,,,,,,,,,,,,
,Status :, ,Un-Aided-Autonomous,,,,,,,,,,,,,,,,
,Home University Seats,,,,,,,,,,,,,,,,,,
Home University Seats Allotted to Home University Candidates,,,,,,,,,,,,,,,,,,,
,GOPENH, ,GSCH, ,GSTH, ,GNTBH, ,GOBCH, ,PWDOPENH,,,,,,,,
7209,11810,24042,12722,9368,23251,,,,,,,,,,,,,,
Stage-I, ,,,,,,,,,,,,,,,,,,
(77.8251197),(63.1574978),(9.7430286),(58.7911466),(71.1549338),(13.5402134),,,,,,,,,,,,,,
,Home University Seats Allotted to Other Than Home University Candidates,,,,,,,,,,,,,,,,,,
,GNTAH,,,,,,,,,,,,,,,,,,
25290,,,,,,,,,,,,,,,,,,,
Stage-I, ,,,,,,,,,,,,,,,,,,
(2.0301121),,,,,,,,,,,,,,,,,,,
,Other Than Home University Seats,,,,,,,,,,,,,,,,,,
Other Than Home University Seats Allotted to Other Than Home University Candidates,,,,,,,,,,,,,,,,,,,
,GOPENO, ,GSCO, ,GSTO, ,GNTAO, ,GOBCO,,,,,,,,,,
9793,18265,20991,14787,11893,,,,,,,,,,,,,,,
Stage-I, ,,,,,,,,,,,,,,,,,,
(69.7143504),(36.496736),(25.4779232),(51.4093808),(63.1574978),,,,,,,,,,,,,,,
,State Level Seats,,,,,,,,,,,,,,,,,,
,EWS, ,TFWS,,,,,,,,,,,,,,,,
24704,7557,,,,,,,,,,,,,,,,,,
Stage-I, ,,,,,,,,,,,,,,,,,,
(5.5960152),(76.9216256),,,,,,,,,,,,,,,,,,
,Legends :, ,"Legends: G-General, L-Ladies, S-State Level Seats ,PWD - Persons with Disabilities,DEF - Defence,PWDR :PWD Common Reserved Seat",,,,,,,,,,,,,,,,
"DEFR :Defense Common Reserved Seat ,* Maharashtra State Seats - Cut Off Indicates State General Merit No. ; Figures in bracket Indicates Merit Score",,,,,,,,,,,,,,,,,,,
,Page 65 of 188,,,,,,,,,,,,,,,,,,
GOVERNMENT OF MAHARASHTRA,,,,,,,,,,,,,,,,,,,
"State Common Entrance Test Cell, Mumbai.",,,,,,,,,,,,,,,,,,,
,Cut Off List for Maharashtra & Minority Seats of CAP Round-I for Admission to the First Year Post Graduate Technical Course in Master of Computer Applications (MCA) 2025-26,,,,,,,,,,,,,,,,,,
,"4151 - Tulsiramji Gaikwad Patil College of Engineering & Technology, Nagpur",,,,,,,,,,,,,,,,,,
,0415124110 - Master in Computer Application,,,,,,,,,,,,,,,,,,
,Status :, ,Un-Aided-Autonomous,,,,,,,,,,,,,,,,
,Home University Seats,,,,,,,,,,,,,,,,,,
Home University Seats Allotted to Home University Candidates,,,,,,,,,,,,,,,,,,,
,GOPENH, ,GSCH, ,GSTH, ,GNTAH, ,GNTBH, ,GOBCH,,,,,,,,
12256,20204,25230,15909,19847,17543,,,,,,,,,,,,,,
Stage-I, ,,,,,,,,,,,,,,,,,,
(61.2807064),(29.9046039),(2.0662871),(46.3793819),(29.9046039),(41.4550394),,,,,,,,,,,,,,
,Home University Seats Allotted to Other Than Home University Candidates,,,,,,,,,,,,,,,,,,
,GNTAH, ,GNTCH,,,,,,,,,,,,,,,,
25181,24657,,,,,,,,,,,,,,,,,,
Stage-I, ,,,,,,,,,,,,,,,,,,
(2.0662871),(5.5960152),,,,,,,,,,,,,,,,,,
,Other Than Home University Seats,,,,,,,,,,,,,,,,,,
Other Than Home University Seats Allotted to Other Than Home University Candidates,,,,,,,,,,,,,,,,,,,
,GOPENO, ,GSCO, ,GSTO, ,GNTAO, ,GNTBO, ,GNTCO, ,GOBCO, ,GSEBCO,,,,
12177,20709,22417,15874,16983,18352,15870,23704,,,,,,,,,,,,
Stage-I, ,,,,,,,,,,,,,,,,,,
(61.2807064),(27.2744425),(19.1539942),(46.3793819),(44.5345198),(36.496736),(46.3793819),(10.5199653),,,,,,,,,,,,
,State Level Seats,,,,,,,,,,,,,,,,,,
,EWS, ,TFWS,,,,,,,,,,,,,,,,
25378,15835,,,,,,,,,,,,,,,,,,
Stage-I, ,,,,,,,,,,,,,,,,,,
(0.8905324),(49.3533426),,,,,,,,,,,,,,,,,,
,Legends :, ,"Legends: G-General, L-Ladies, S-State Level Seats ,PWD - Persons with Disabilities,DEF - Defence,PWDR :PWD Common Reserved Seat",,,,,,,,,,,,,,,,
"DEFR :Defense Common Reserved Seat ,* Maharashtra State Seats - Cut Off Indicates State General Merit No. ; Figures in bracket Indicates Merit Score",,,,,,,,,,,,,,,,,,,
,Page 66 of 188,,,,,,,,,,,,,,,,,,
GOVERNMENT OF MAHARASHTRA,,,,,,,,,,,,,,,,,,,
"State Common Entrance Test Cell, Mumbai.",,,,,,,,,,,,,,,,,,,
,Cut Off List for Maharashtra & Minority Seats of CAP Round-I for Admission to the First Year Post Graduate Technical Course in Master of Computer Applications (MCA) 2025-26,,,,,,,,,,,,,,,,,,
,"4152 - Shri Shivaji Education Society Amravati's Science College (MCA), Nagpur",,,,,,,,,,,,,,,,,,
,0415224110 - Master in Computer Application,,,,,,,,,,,,,,,,,,
,Status :, ,Un-Aided,,,,,,,,,,,,,,,,
,Home University Seats,,,,,,,,,,,,,,,,,,
Home University Seats Allotted to Home University Candidates,,,,,,,,,,,,,,,,,,,
,GOPENH, ,GSCH, ,GSTH, ,GNTBH, ,GOBCH, ,PWDROBCH,,,,,,,,
4796,6311,16876,5578,5698,18161,,,,,,,,,,,,,,
Stage-I, ,,,,,,,,,,,,,,,,,,
(85.3851665),(80.5399495),(44.5345198),(82.9644433),(82.8308366),(39.3989669),,,,,,,,,,,,,,
,Other Than Home University Seats,,,,,,,,,,,,,,,,,,
Other Than Home University Seats Allotted to Other Than Home University Candidates,,,,,,,,,,,,,,,,,,,
,GOPENO, ,GSCO, ,GOBCO,,,,,,,,,,,,,,
3994,4732,5692,,,,,,,,,,,,,,,,,
Stage-I, ,,,,,,,,,,,,,,,,,,
(87.3496474),(85.3851665),(82.8308366),,,,,,,,,,,,,,,,,
,State Level Seats,,,,,,,,,,,,,,,,,,
,EWS, ,TFWS,,,,,,,,,,,,,,,,
14569,2679,,,,,,,,,,,,,,,,,,
Stage-I, ,,,,,,,,,,,,,,,,,,
(53.942159),(90.9663786),,,,,,,,,,,,,,,,,,
,Legends :, ,"Legends: G-General, L-Ladies, S-State Level Seats ,PWD - Persons with Disabilities,DEF - Defence,PWDR :PWD Common Reserved Seat",,,,,,,,,,,,,,,,
"DEFR :Defense Common Reserved Seat ,* Maharashtra State Seats - Cut Off Indicates State General Merit No. ; Figures in bracket Indicates Merit Score",,,,,,,,,,,,,,,,,,,
,Page 67 of 188,,,,,,,,,,,,,,,,,,
GOVERNMENT OF MAHARASHTRA,,,,,,,,,,,,,,,,,,,
"State Common Entrance Test Cell, Mumbai.",,,,,,,,,,,,,,,,,,,
,Cut Off List for Maharashtra & Minority Seats of CAP Round-I for Admission to the First Year Post Graduate Technical Course in Master of Computer Applications (MCA) 2025-26,,,,,,,,,,,,,,,,,,
,"4153 - Sarvodaya Shikshan Mandal's Sardar Patel Mahavidayalaya, Dept. of Computer Studies & Research, Chandrapur",,,,,,,,,,,,,,,,,,
,0415324110 - Master in Computer Application,,,,,,,,,,,,,,,,,,
,Status :, ,Un-Aided,,,,,,,,,,,,,,,,
,Home University Seats,,,,,,,,,,,,,,,,,,
Home University Seats Allotted to Home University Candidates,,,,,,,,,,,,,,,,,,,
,GOPENH, ,GSCH, ,GNTCH, ,GOBCH,,,,,,,,,,,,
11569,16681,25211,14990,,,,,,,,,,,,,,,,
Stage-I, ,,,,,,,,,,,,,,,,,,
(63.1574978),(44.5345198),(2.0662871),(51.4093808),,,,,,,,,,,,,,,,
,Other Than Home University Seats,,,,,,,,,,,,,,,,,,
Other Than Home University Seats Allotted to Other Than Home University Candidates,,,,,,,,,,,,,,,,,,,
,GOPENO, ,GSTO, ,GOBCO,,,,,,,,,,,,,,
17656,24218,23561,,,,,,,,,,,,,,,,,
Stage-I, ,,,,,,,,,,,,,,,,,,
(41.4550394),(7.9446476),(12.4750009),,,,,,,,,,,,,,,,,
,Other Than Home University Seats Allotted to Home University Candidates,,,,,,,,,,,,,,,,,,
,GSCO,,,,,,,,,,,,,,,,,,
16725,,,,,,,,,,,,,,,,,,,
Stage-I, ,,,,,,,,,,,,,,,,,,
(44.5345198),,,,,,,,,,,,,,,,,,,
,State Level Seats,,,,,,,,,,,,,,,,,,
,EWS,,,,,,,,,,,,,,,,,,
19175,,,,,,,,,,,,,,,,,,,
Stage-I, ,,,,,,,,,,,,,,,,,,
(34.5198145),,,,,,,,,,,,,,,,,,,
,Legends :, ,"Legends: G-General, L-Ladies, S-State Level Seats ,PWD - Persons with Disabilities,DEF - Defence,PWDR :PWD Common Reserved Seat",,,,,,,,,,,,,,,,
"DEFR :Defense Common Reserved Seat ,* Maharashtra State Seats - Cut Off Indicates State General Merit No. ; Figures in bracket Indicates Merit Score",,,,,,,,,,,,,,,,,,,
,Page 68 of 188,,,,,,,,,,,,,,,,,,
GOVERNMENT OF MAHARASHTRA,,,,,,,,,,,,,,,,,,,
"State Common Entrance Test Cell, Mumbai.",,,,,,,,,,,,,,,,,,,
,Cut Off List for Maharashtra & Minority Seats of CAP Round-I for Admission to the First Year Post Graduate Technical Course in Master of Computer Applications (MCA) 2025-26,,,,,,,,,,,,,,,,,,
,"4157 - V. M. Vasant Commerce, J.M. Thakar Arts & J.J. Patel Science College,Nagpur",,,,,,,,,,,,,,,,,,
,0415724110 - Master in Computer Application,,,,,,,,,,,,,,,,,,
,Status :, ,Un-Aided-Linguistic Minority - Gujarathi,,,,,,,,,,,,,,,,
,Home University Seats,,,,,,,,,,,,,,,,,,
Home University Seats Allotted to Home University Candidates,,,,,,,,,,,,,,,,,,,
,GOPENH,,,,,,,,,,,,,,,,,,
16544,,,,,,,,,,,,,,,,,,,
Stage-I, ,,,,,,,,,,,,,,,,,,
(44.5345198),,,,,,,,,,,,,,,,,,,
,Other Than Home University Seats,,,,,,,,,,,,,,,,,,
Other Than Home University Seats Allotted to Other Than Home University Candidates,,,,,,,,,,,,,,,,,,,
,GOPENO,,,,,,,,,,,,,,,,,,
23322,,,,,,,,,,,,,,,,,,,
Stage-I, ,,,,,,,,,,,,,,,,,,
(13.5402134),,,,,,,,,,,,,,,,,,,
,State Level Seats,,,,,,,,,,,,,,,,,,
,TFWS,,,,,,,,,,,,,,,,,,
24081,,,,,,,,,,,,,,,,,,,
Stage-I, ,,,,,,,,,,,,,,,,,,
(9.7430286),,,,,,,,,,,,,,,,,,,
,Legends :, ,"Legends: G-General, L-Ladies, S-State Level Seats ,PWD - Persons with Disabilities,DEF - Defence,PWDR :PWD Common Reserved Seat",,,,,,,,,,,,,,,,
"DEFR :Defense Common Reserved Seat ,* Maharashtra State Seats - Cut Off Indicates State General Merit No. ; Figures in bracket Indicates Merit Score",,,,,,,,,,,,,,,,,,,
,Page 69 of 188,,,,,,,,,,,,,,,,,,
GOVERNMENT OF MAHARASHTRA,,,,,,,,,,,,,,,,,,,
"State Common Entrance Test Cell, Mumbai.",,,,,,,,,,,,,,,,,,,
,Cut Off List for Maharashtra & Minority Seats of CAP Round-I for Admission to the First Year Post Graduate Technical Course in Master of Computer Applications (MCA) 2025-26,,,,,,,,,,,,,,,,,,
,"4188 - Krushi Jivan Vikas Pratishthan, Ballarpur Institute of Technology, Mouza Bamni",,,,,,,,,,,,,,,,,,
,0418824110 - Master in Computer Application,,,,,,,,,,,,,,,,,,
,Status :, ,Un-Aided,,,,,,,,,,,,,,,,
,Home University Seats,,,,,,,,,,,,,,,,,,
Home University Seats Allotted to Home University Candidates,,,,,,,,,,,,,,,,,,,
,GOPENH, ,GSCH, ,GOBCH,,,,,,,,,,,,,,
14988,24074,22694,,,,,,,,,,,,,,,,,
Stage-I, ,,,,,,,,,,,,,,,,,,
(51.4093808),(9.7430286),(16.9789978),,,,,,,,,,,,,,,,,
,Other Than Home University Seats,,,,,,,,,,,,,,,,,,
Other Than Home University Seats Allotted to Other Than Home University Candidates,,,,,,,,,,,,,,,,,,,
,GOPENO,,,,,,,,,,,,,,,,,,
20808,,,,,,,,,,,,,,,,,,,
Stage-I, ,,,,,,,,,,,,,,,,,,
(25.4779232),,,,,,,,,,,,,,,,,,,
,Other Than Home University Seats Allotted to Home University Candidates,,,,,,,,,,,,,,,,,,
,GOPENO, ,GOBCO,,,,,,,,,,,,,,,,
18043,24927,,,,,,,,,,,,,,,,,,
Stage-I, ,,,,,,,,,,,,,,,,,,
(39.3989669),(4.067771),,,,,,,,,,,,,,,,,,
,Legends :, ,"Legends: G-General, L-Ladies, S-State Level Seats ,PWD - Persons with Disabilities,DEF - Defence,PWDR :PWD Common Reserved Seat",,,,,,,,,,,,,,,,
"DEFR :Defense Common Reserved Seat ,* Maharashtra State Seats - Cut Off Indicates State General Merit No. ; Figures in bracket Indicates Merit Score",,,,,,,,,,,,,,,,,,,
,Page 70 of 188,,,,,,,,,,,,,,,,,,
GOVERNMENT OF MAHARASHTRA,,,,,,,,,,,,,,,,,,,
"State Common Entrance Test Cell, Mumbai.",,,,,,,,,,,,,,,,,,,
,Cut Off List for Maharashtra & Minority Seats of CAP Round-I for Admission to the First Year Post Graduate Technical Course in Master of Computer Applications (MCA) 2025-26,,,,,,,,,,,,,,,,,,
,"4613 - Suryodaya College of Engineering & Technology, Nagpur",,,,,,,,,,,,,,,,,,
,0461324110 - Master in Computer Application,,,,,,,,,,,,,,,,,,
,Status :, ,Un-Aided-Autonomous,,,,,,,,,,,,,,,,
,Home University Seats,,,,,,,,,,,,,,,,,,
Home University Seats Allotted to Home University Candidates,,,,,,,,,,,,,,,,,,,
,GOPENH, ,GSCH, ,GSTH, ,GNTAH, ,GNTBH, ,GNTCH, ,GOBCH,,,,,,
6256,9919,21387,17152,12975,14135,9905,,,,,,,,,,,,,
Stage-I, ,,,,,,,,,,,,,,,,,,
(80.5399495),(69.7143504),(23.1010151),(41.4550394),(58.7911466),(53.942159),(69.7143504),,,,,,,,,,,,,
,Other Than Home University Seats,,,,,,,,,,,,,,,,,,
Other Than Home University Seats Allotted to Other Than Home University Candidates,,,,,,,,,,,,,,,,,,,
,GOPENO, ,GSCO, ,GNTBO, ,GOBCO,,,,,,,,,,,,
19020,24929,23021,20287,,,,,,,,,,,,,,,,
Stage-I, ,,,,,,,,,,,,,,,,,,
(34.5198145),(4.067771),(15.5994113),(29.9046039),,,,,,,,,,,,,,,,
,Other Than Home University Seats Allotted to Home University Candidates,,,,,,,,,,,,,,,,,,
,GSTO,,,,,,,,,,,,,,,,,,
22411,,,,,,,,,,,,,,,,,,,
Stage-I, ,,,,,,,,,,,,,,,,,,
(19.1539942),,,,,,,,,,,,,,,,,,,
,State Level Seats,,,,,,,,,,,,,,,,,,
,EWS, ,TFWS,,,,,,,,,,,,,,,,
20015,7126,,,,,,,,,,,,,,,,,,
Stage-I, ,,,,,,,,,,,,,,,,,,
(29.9046039),(77.8251197),,,,,,,,,,,,,,,,,,
,Legends :, ,"Legends: G-General, L-Ladies, S-State Level Seats ,PWD - Persons with Disabilities,DEF - Defence,PWDR :PWD Common Reserved Seat",,,,,,,,,,,,,,,,
"DEFR :Defense Common Reserved Seat ,* Maharashtra State Seats - Cut Off Indicates State General Merit No. ; Figures in bracket Indicates Merit Score",,,,,,,,,,,,,,,,,,,
,Page 71 of 188,,,,,,,,,,,,,,,,,,
GOVERNMENT OF MAHARASHTRA,,,,,,,,,,,,,,,,,,,
"State Common Entrance Test Cell, Mumbai.",,,,,,,,,,,,,,,,,,,
,Cut Off List for Maharashtra & Minority Seats of CAP Round-I for Admission to the First Year Post Graduate Technical Course in Master of Computer Applications (MCA) 2025-26,,,,,,,,,,,,,,,,,,
,"4679 - Karanjekar College of Engineering & Management, Sakoli",,,,,,,,,,,,,,,,,,
,0467924110 - Master in Computer Application,,,,,,,,,,,,,,,,,,
,Status :, ,Un-Aided,,,,,,,,,,,,,,,,
,Home University Seats,,,,,,,,,,,,,,,,,,
Home University Seats Allotted to Home University Candidates,,,,,,,,,,,,,,,,,,,
,GOPENH, ,GSCH, ,GOBCH,,,,,,,,,,,,,,
13501,22061,20307,,,,,,,,,,,,,,,,,
Stage-I, ,,,,,,,,,,,,,,,,,,
(56.5488095),(21.0059952),(29.9046039),,,,,,,,,,,,,,,,,
,Other Than Home University Seats,,,,,,,,,,,,,,,,,,
Other Than Home University Seats Allotted to Other Than Home University Candidates,,,,,,,,,,,,,,,,,,,
,GOPENO,,,,,,,,,,,,,,,,,,
22792,,,,,,,,,,,,,,,,,,,
Stage-I, ,,,,,,,,,,,,,,,,,,
(16.9789978),,,,,,,,,,,,,,,,,,,
,Other Than Home University Seats Allotted to Home University Candidates,,,,,,,,,,,,,,,,,,
,GOBCO,,,,,,,,,,,,,,,,,,
21557,,,,,,,,,,,,,,,,,,,
Stage-I, ,,,,,,,,,,,,,,,,,,
(23.1010151),,,,,,,,,,,,,,,,,,,
,Legends :, ,"Legends: G-General, L-Ladies, S-State Level Seats ,PWD - Persons with Disabilities,DEF - Defence,PWDR :PWD Common Reserved Seat",,,,,,,,,,,,,,,,
"DEFR :Defense Common Reserved Seat ,* Maharashtra State Seats - Cut Off Indicates State General Merit No. ; Figures in bracket Indicates Merit Score",,,,,,,,,,,,,,,,,,,
,Page 72 of 188,,,,,,,,,,,,,,,,,,
GOVERNMENT OF MAHARASHTRA,,,,,,,,,,,,,,,,,,,
"State Common Entrance Test Cell, Mumbai.",,,,,,,,,,,,,,,,,,,
,Cut Off List for Maharashtra & Minority Seats of CAP Round-I for Admission to the First Year Post Graduate Technical Course in Master of Computer Applications (MCA) 2025-26,,,,,,,,,,,,,,,,,,
,"4701 - Dr.S.C. Gulhane Prerna College of Management and Technology, Nagpur",,,,,,,,,,,,,,,,,,
,0470124110 - Master in Computer Application,,,,,,,,,,,,,,,,,,
,Status :, ,Un-Aided,,,,,,,,,,,,,,,,
,Home University Seats,,,,,,,,,,,,,,,,,,
Home University Seats Allotted to Home University Candidates,,,,,,,,,,,,,,,,,,,
,GOPENH, ,GSCH, ,GSTH, ,GNTBH, ,GNTCH, ,GOBCH,,,,,,,,
14947,22952,22212,18081,19724,18098,,,,,,,,,,,,,,
Stage-I, ,,,,,,,,,,,,,,,,,,
(51.4093808),(15.5994113),(19.1539942),(39.3989669),(31.6629561),(39.3989669),,,,,,,,,,,,,,
,Home University Seats Allotted to Other Than Home University Candidates,,,,,,,,,,,,,,,,,,
,GNTAH,,,,,,,,,,,,,,,,,,
24683,,,,,,,,,,,,,,,,,,,
Stage-I, ,,,,,,,,,,,,,,,,,,
(5.5960152),,,,,,,,,,,,,,,,,,,
,Other Than Home University Seats,,,,,,,,,,,,,,,,,,
Other Than Home University Seats Allotted to Other Than Home University Candidates,,,,,,,,,,,,,,,,,,,
,GOPENO, ,GSCO, ,GOBCO,,,,,,,,,,,,,,
19919,24852,21389,,,,,,,,,,,,,,,,,
Stage-I, ,,,,,,,,,,,,,,,,,,
(29.9046039),(4.302251),(23.1010151),,,,,,,,,,,,,,,,,
,Other Than Home University Seats Allotted to Home University Candidates,,,,,,,,,,,,,,,,,,
,GNTBO,,,,,,,,,,,,,,,,,,
22066,,,,,,,,,,,,,,,,,,,
Stage-I, ,,,,,,,,,,,,,,,,,,
(21.0059952),,,,,,,,,,,,,,,,,,,
,State Level Seats,,,,,,,,,,,,,,,,,,
,EWS, ,TFWS,,,,,,,,,,,,,,,,
21337,20812,,,,,,,,,,,,,,,,,,
Stage-I, ,,,,,,,,,,,,,,,,,,
(23.1010151),(25.4779232),,,,,,,,,,,,,,,,,,
,Legends :, ,"Legends: G-General, L-Ladies, S-State Level Seats ,PWD - Persons with Disabilities,DEF - Defence,PWDR :PWD Common Reserved Seat",,,,,,,,,,,,,,,,
"DEFR :Defense Common Reserved Seat ,* Maharashtra State Seats - Cut Off Indicates State General Merit No. ; Figures in bracket Indicates Merit Score",,,,,,,,,,,,,,,,,,,
,Page 73 of 188,,,,,,,,,,,,,,,,,,
GOVERNMENT OF MAHARASHTRA,,,,,,,,,,,,,,,,,,,
"State Common Entrance Test Cell, Mumbai.",,,,,,,,,,,,,,,,,,,
,Cut Off List for Maharashtra & Minority Seats of CAP Round-I for Admission to the First Year Post Graduate Technical Course in Master of Computer Applications (MCA) 2025-26,,,,,,,,,,,,,,,,,,
,"5002 - Department of Computer Science, North Maharashtra University, Jalgaon",,,,,,,,,,,,,,,,,,
,0500224110 - Master in Computer Application,,,,,,,,,,,,,,,,,,
,Status :, ,University Department,,,,,,,,,,,,,,,,
,Home University Seats,,,,,,,,,,,,,,,,,,
Home University Seats Allotted to Home University Candidates,,,,,,,,,,,,,,,,,,,
,GOPENH, ,GSCH, ,GNTAH, ,GNTBH, ,GNTCH, ,GOBCH, ,GSEBCH,,,,,,
3624,15927,4558,6359,5867,5252,19665,,,,,,,,,,,,,
Stage-I, ,,,,,,,,,,,,,,,,,,
(89.1331398),(46.3793819),(85.3851665),(80.5399495),(82.8308366),(82.9644433),(31.6629561),,,,,,,,,,,,,
,Home University Seats Allotted to Other Than Home University Candidates,,,,,,,,,,,,,,,,,,
,GSEBCH,,,,,,,,,,,,,,,,,,
15560,,,,,,,,,,,,,,,,,,,
Stage-I, ,,,,,,,,,,,,,,,,,,
(49.3533426),,,,,,,,,,,,,,,,,,,
,Other Than Home University Seats,,,,,,,,,,,,,,,,,,
Other Than Home University Seats Allotted to Other Than Home University Candidates,,,,,,,,,,,,,,,,,,,
,GOPENO, ,GSCO, ,GOBCO, ,GSEBCO,,,,,,,,,,,,
2569,11696,8177,13848,,,,,,,,,,,,,,,,
Stage-I, ,,,,,,,,,,,,,,,,,,
(92.1797821),(63.1574978),(74.782248),(56.5488095),,,,,,,,,,,,,,,,
,State Level Seats,,,,,,,,,,,,,,,,,,
,EWS, ,TFWS,,,,,,,,,,,,,,,,
16432,1300,,,,,,,,,,,,,,,,,,
Stage-I, ,,,,,,,,,,,,,,,,,,
(44.5345198),(95.5548847),,,,,,,,,,,,,,,,,,
,Legends :, ,"Legends: G-General, L-Ladies, S-State Level Seats ,PWD - Persons with Disabilities,DEF - Defence,PWDR :PWD Common Reserved Seat",,,,,,,,,,,,,,,,
"DEFR :Defense Common Reserved Seat ,* Maharashtra State Seats - Cut Off Indicates State General Merit No. ; Figures in bracket Indicates Merit Score",,,,,,,,,,,,,,,,,,,
,Page 74 of 188,,,,,,,,,,,,,,,,,,
GOVERNMENT OF MAHARASHTRA,,,,,,,,,,,,,,,,,,,
"State Common Entrance Test Cell, Mumbai.",,,,,,,,,,,,,,,,,,,
,Cut Off List for Maharashtra & Minority Seats of CAP Round-I for Admission to the First Year Post Graduate Technical Course in Master of Computer Applications (MCA) 2025-26,,,,,,,,,,,,,,,,,,
,"5101 - Khandesh College Education Society's Institute of Management & Research, Jalgaon",,,,,,,,,,,,,,,,,,
,0510124110 - Master in Computer Application,,,,,,,,,,,,,,,,,,
,Status :, ,Un-Aided-Autonomous,,,,,,,,,,,,,,,,
,Home University Seats,,,,,,,,,,,,,,,,,,
Home University Seats Allotted to Home University Candidates,,,,,,,,,,,,,,,,,,,
,GOPENH, ,GSCH, ,GSTH, ,GNTAH, ,GNTBH, ,GNTCH, ,GNTDH, ,GOBCH, ,GSEBCH, ,PWDOPENH
14344,25446,14457,22911,19104,21514,25034,16049,18616,24242,,,,,,,,,,
Stage-I, ,,,,,,,,,,,,,,,,,,
(53.942159),(0.3660239),(53.942159),(15.5994113),(34.5198145),(23.1010151),(3.0466423),(46.3793819),(36.496736),(7.9446476),,,,,,,,,,
,Other Than Home University Seats,,,,,,,,,,,,,,,,,,
Other Than Home University Seats Allotted to Other Than Home University Candidates,,,,,,,,,,,,,,,,,,,
,GOPENO,,,,,,,,,,,,,,,,,,
23886,,,,,,,,,,,,,,,,,,,
Stage-I, ,,,,,,,,,,,,,,,,,,
(10.5199653),,,,,,,,,,,,,,,,,,,
,Other Than Home University Seats Allotted to Home University Candidates,,,,,,,,,,,,,,,,,,
,GNTBO, ,GOBCO,,,,,,,,,,,,,,,,
19106,16538,,,,,,,,,,,,,,,,,,
Stage-I, ,,,,,,,,,,,,,,,,,,
(34.5198145),(44.5345198),,,,,,,,,,,,,,,,,,
,State Level Seats,,,,,,,,,,,,,,,,,,
,EWS, ,TFWS,,,,,,,,,,,,,,,,
25300,8089,,,,,,,,,,,,,,,,,,
Stage-I, ,,,,,,,,,,,,,,,,,,
(1.3622127),(74.782248),,,,,,,,,,,,,,,,,,
,Legends :, ,"Legends: G-General, L-Ladies, S-State Level Seats ,PWD - Persons with Disabilities,DEF - Defence,PWDR :PWD Common Reserved Seat",,,,,,,,,,,,,,,,
"DEFR :Defense Common Reserved Seat ,* Maharashtra State Seats - Cut Off Indicates State General Merit No. ; Figures in bracket Indicates Merit Score",,,,,,,,,,,,,,,,,,,
,Page 75 of 188,,,,,,,,,,,,,,,,,,
GOVERNMENT OF MAHARASHTRA,,,,,,,,,,,,,,,,,,,
"State Common Entrance Test Cell, Mumbai.",,,,,,,,,,,,,,,,,,,
,Cut Off List for Maharashtra & Minority Seats of CAP Round-I for Admission to the First Year Post Graduate Technical Course in Master of Computer Applications (MCA) 2025-26,,,,,,,,,,,,,,,,,,
,"5102 - Godavari Institute of Management & Research, Jalgaon",,,,,,,,,,,,,,,,,,
,0510224110 - Master in Computer Application,,,,,,,,,,,,,,,,,,
,Status :, ,Un-Aided,,,,,,,,,,,,,,,,
,Home University Seats,,,,,,,,,,,,,,,,,,
Home University Seats Allotted to Home University Candidates,,,,,,,,,,,,,,,,,,,
,GOPENH, ,GSCH, ,GNTAH, ,GNTBH, ,GNTCH, ,GOBCH, ,GSEBCH,,,,,,
12006,25019,22284,18905,22118,15730,25104,,,,,,,,,,,,,
Stage-I, ,,,,,,,,,,,,,,,,,,
(63.1574978),(3.0466423),(19.1539942),(34.5198145),(19.1539942),(49.3533426),(2.8640429),,,,,,,,,,,,,
,Other Than Home University Seats,,,,,,,,,,,,,,,,,,
Other Than Home University Seats Allotted to Other Than Home University Candidates,,,,,,,,,,,,,,,,,,,
,GOPENO,,,,,,,,,,,,,,,,,,
22925,,,,,,,,,,,,,,,,,,,
Stage-I, ,,,,,,,,,,,,,,,,,,
(15.5994113),,,,,,,,,,,,,,,,,,,
,Other Than Home University Seats Allotted to Home University Candidates,,,,,,,,,,,,,,,,,,
,GOPENO, ,GNTBO, ,GOBCO,,,,,,,,,,,,,,
15318,19060,16421,,,,,,,,,,,,,,,,,
Stage-I, ,,,,,,,,,,,,,,,,,,
(49.3533426),(34.5198145),(46.3793819),,,,,,,,,,,,,,,,,
,State Level Seats,,,,,,,,,,,,,,,,,,
,EWS, ,TFWS,,,,,,,,,,,,,,,,
23923,12399,,,,,,,,,,,,,,,,,,
Stage-I, ,,,,,,,,,,,,,,,,,,
(9.7430286),(61.2807064),,,,,,,,,,,,,,,,,,
,Legends :, ,"Legends: G-General, L-Ladies, S-State Level Seats ,PWD - Persons with Disabilities,DEF - Defence,PWDR :PWD Common Reserved Seat",,,,,,,,,,,,,,,,
"DEFR :Defense Common Reserved Seat ,* Maharashtra State Seats - Cut Off Indicates State General Merit No. ; Figures in bracket Indicates Merit Score",,,,,,,,,,,,,,,,,,,
,Page 76 of 188,,,,,,,,,,,,,,,,,,
GOVERNMENT OF MAHARASHTRA,,,,,,,,,,,,,,,,,,,
"State Common Entrance Test Cell, Mumbai.",,,,,,,,,,,,,,,,,,,
,Cut Off List for Maharashtra & Minority Seats of CAP Round-I for Admission to the First Year Post Graduate Technical Course in Master of Computer Applications (MCA) 2025-26,,,,,,,,,,,,,,,,,,
,"5104 - Shramsadhana Bombay Trust, College of Engineering & Technology, Jalgaon",,,,,,,,,,,,,,,,,,
,0510424110 - Master in Computer Application,,,,,,,,,,,,,,,,,,
,Status :, ,Un-Aided,,,,,,,,,,,,,,,,
,Home University Seats,,,,,,,,,,,,,,,,,,
Home University Seats Allotted to Home University Candidates,,,,,,,,,,,,,,,,,,,
,GOPENH, ,GSCH, ,GSTH, ,GNTAH, ,GNTBH, ,GNTCH, ,GNTDH, ,GOBCH, ,GSEBCH, ,PWDOPENH
8756,24684,20203,14825,10416,17811,10993,10902,25012,20504,,,,,,,,,,
Stage-I, ,,,,,,,,,,,,,,,,,,
(73.5368477),(5.5960152),(29.9046039),(51.4093808),(67.3579428),(39.3989669),(65.8578922),(65.8578922),(3.0466423),(27.2744425),,,,,,,,,,
,Other Than Home University Seats,,,,,,,,,,,,,,,,,,
Other Than Home University Seats Allotted to Other Than Home University Candidates,,,,,,,,,,,,,,,,,,,
,GOPENO, ,GSCO, ,GOBCO,,,,,,,,,,,,,,
16493,23694,17178,,,,,,,,,,,,,,,,,
Stage-I, ,,,,,,,,,,,,,,,,,,
(44.5345198),(10.5199653),(41.4550394),,,,,,,,,,,,,,,,,
,Other Than Home University Seats Allotted to Home University Candidates,,,,,,,,,,,,,,,,,,
,GNTBO, ,GNTCO,,,,,,,,,,,,,,,,
18851,20378,,,,,,,,,,,,,,,,,,
Stage-I, ,,,,,,,,,,,,,,,,,,
(34.5198145),(27.2744425),,,,,,,,,,,,,,,,,,
,State Level Seats,,,,,,,,,,,,,,,,,,
,EWS, ,TFWS,,,,,,,,,,,,,,,,
21667,2835,,,,,,,,,,,,,,,,,,
Stage-I, ,,,,,,,,,,,,,,,,,,
(21.0059952),(90.9663786),,,,,,,,,,,,,,,,,,
,Legends :, ,"Legends: G-General, L-Ladies, S-State Level Seats ,PWD - Persons with Disabilities,DEF - Defence,PWDR :PWD Common Reserved Seat",,,,,,,,,,,,,,,,
"DEFR :Defense Common Reserved Seat ,* Maharashtra State Seats - Cut Off Indicates State General Merit No. ; Figures in bracket Indicates Merit Score",,,,,,,,,,,,,,,,,,,
,Page 77 of 188,,,,,,,,,,,,,,,,,,
GOVERNMENT OF MAHARASHTRA,,,,,,,,,,,,,,,,,,,
"State Common Entrance Test Cell, Mumbai.",,,,,,,,,,,,,,,,,,,
,Cut Off List for Maharashtra & Minority Seats of CAP Round-I for Admission to the First Year Post Graduate Technical Course in Master of Computer Applications (MCA) 2025-26,,,,,,,,,,,,,,,,,,
,"5109 - Sandip Foundation, Sandip Institute of Technology and Research Centre, Mahiravani, Nashik",,,,,,,,,,,,,,,,,,
,0510924110 - Master in Computer Application,,,,,,,,,,,,,,,,,,
,Status :, ,Un-Aided-Autonomous,,,,,,,,,,,,,,,,
,Home University Seats,,,,,,,,,,,,,,,,,,
Home University Seats Allotted to Home University Candidates,,,,,,,,,,,,,,,,,,,
,GOPENH, ,GSCH, ,GSTH, ,GNTAH, ,GNTCH, ,GNTDH, ,GOBCH, ,GSEBCH,,,,
8191,23009,22429,10722,9437,17403,11029,22881,,,,,,,,,,,,
Stage-I, ,,,,,,,,,,,,,,,,,,
(74.782248),(15.5994113),(19.1539942),(67.3579428),(71.1549338),(41.4550394),(65.8578922),(15.5994113),,,,,,,,,,,,
,Home University Seats Allotted to Other Than Home University Candidates,,,,,,,,,,,,,,,,,,
,GSCH, ,GNTBH, ,GSEBCH,,,,,,,,,,,,,,
21150,20030,10518,,,,,,,,,,,,,,,,,
Stage-I, ,,,,,,,,,,,,,,,,,,
(25.4779232),(29.9046039),(67.3579428),,,,,,,,,,,,,,,,,
,Other Than Home University Seats,,,,,,,,,,,,,,,,,,
Other Than Home University Seats Allotted to Other Than Home University Candidates,,,,,,,,,,,,,,,,,,,
,GOPENO, ,GSCO, ,GSTO, ,GNTCO, ,GOBCO, ,GSEBCO,,,,,,,,
5914,18422,23819,20017,7480,6182,,,,,,,,,,,,,,
Stage-I, ,,,,,,,,,,,,,,,,,,
(82.8308366),(36.496736),(10.5199653),(29.9046039),(76.9216256),(80.5399495),,,,,,,,,,,,,,
,State Level Seats,,,,,,,,,,,,,,,,,,
,EWS, ,TFWS,,,,,,,,,,,,,,,,
19138,4021,,,,,,,,,,,,,,,,,,
Stage-I, ,,,,,,,,,,,,,,,,,,
(34.5198145),(87.3496474),,,,,,,,,,,,,,,,,,
,Legends :, ,"Legends: G-General, L-Ladies, S-State Level Seats ,PWD - Persons with Disabilities,DEF - Defence,PWDR :PWD Common Reserved Seat",,,,,,,,,,,,,,,,
"DEFR :Defense Common Reserved Seat ,* Maharashtra State Seats - Cut Off Indicates State General Merit No. ; Figures in bracket Indicates Merit Score",,,,,,,,,,,,,,,,,,,
,Page 78 of 188,,,,,,,,,,,,,,,,,,
GOVERNMENT OF MAHARASHTRA,,,,,,,,,,,,,,,,,,,
"State Common Entrance Test Cell, Mumbai.",,,,,,,,,,,,,,,,,,,
,Cut Off List for Maharashtra & Minority Seats of CAP Round-I for Admission to the First Year Post Graduate Technical Course in Master of Computer Applications (MCA) 2025-26,,,,,,,,,,,,,,,,,,
,"5111 - B. P. Hivale Education Society's Institute of Management Studies Career Development Research, Ahmednagar",,,,,,,,,,,,,,,,,,
,0511124110 - Master in Computer Application,,,,,,,,,,,,,,,,,,
,Status :, ,Un-Aided-Religious Minority - Christian,,,,,,,,,,,,,,,,
,Home University Seats,,,,,,,,,,,,,,,,,,
Home University Seats Allotted to Home University Candidates,,,,,,,,,,,,,,,,,,,
,GOPENH,,,,,,,,,,,,,,,,,,
9028,,,,,,,,,,,,,,,,,,,
Stage-I, ,,,,,,,,,,,,,,,,,,
(73.5368477),,,,,,,,,,,,,,,,,,,
,Other Than Home University Seats,,,,,,,,,,,,,,,,,,
Other Than Home University Seats Allotted to Other Than Home University Candidates,,,,,,,,,,,,,,,,,,,
,GOPENO,,,,,,,,,,,,,,,,,,
20261,,,,,,,,,,,,,,,,,,,
Stage-I, ,,,,,,,,,,,,,,,,,,
(29.9046039),,,,,,,,,,,,,,,,,,,
,State Level Seats,,,,,,,,,,,,,,,,,,
,TFWS,,,,,,,,,,,,,,,,,,
2483,,,,,,,,,,,,,,,,,,,
Stage-I, ,,,,,,,,,,,,,,,,,,
(92.1797821),,,,,,,,,,,,,,,,,,,
,Minority Seats : Minority Seats Allotted to Minority Candidates,,,,,,,,,,,,,,,,,,
,MI,,,,,,,,,,,,,,,,,,
18517,,,,,,,,,,,,,,,,,,,
Stage-I, ,,,,,,,,,,,,,,,,,,
(36.496736),,,,,,,,,,,,,,,,,,,
,Legends :, ,"Legends: G-General, L-Ladies, S-State Level Seats ,PWD - Persons with Disabilities,DEF - Defence,PWDR :PWD Common Reserved Seat",,,,,,,,,,,,,,,,
"DEFR :Defense Common Reserved Seat ,* Maharashtra State Seats - Cut Off Indicates State General Merit No. ; Figures in bracket Indicates Merit Score",,,,,,,,,,,,,,,,,,,
,Page 79 of 188,,,,,,,,,,,,,,,,,,
GOVERNMENT OF MAHARASHTRA,,,,,,,,,,,,,,,,,,,
"State Common Entrance Test Cell, Mumbai.",,,,,,,,,,,,,,,,,,,
,Cut Off List for Maharashtra & Minority Seats of CAP Round-I for Admission to the First Year Post Graduate Technical Course in Master of Computer Applications (MCA) 2025-26,,,,,,,,,,,,,,,,,,
,"5112 - Padmashree Dr. Vithalrao Vikhe Patil Foundation's Institute of Business Management & Rural Development, Ahmednagar",,,,,,,,,,,,,,,,,,
,0511224110 - Master in Computer Application,,,,,,,,,,,,,,,,,,
,Status :, ,Un-Aided,,,,,,,,,,,,,,,,
,Home University Seats,,,,,,,,,,,,,,,,,,
Home University Seats Allotted to Home University Candidates,,,,,,,,,,,,,,,,,,,
,GOPENH, ,GSCH, ,GNTAH, ,GNTBH, ,GNTCH, ,GOBCH, ,GSEBCH, ,PWDOPENH,,,,
8133,17844,13525,14329,15436,11006,17918,23952,,,,,,,,,,,,
Stage-I, ,,,,,,,,,,,,,,,,,,
(74.782248),(39.3989669),(56.5488095),(53.942159),(49.3533426),(65.8578922),(39.3989669),(9.7430286),,,,,,,,,,,,
,Other Than Home University Seats,,,,,,,,,,,,,,,,,,
Other Than Home University Seats Allotted to Other Than Home University Candidates,,,,,,,,,,,,,,,,,,,
,GOPENO, ,GSCO, ,GNTBO, ,GNTDO, ,GOBCO, ,GSEBCO,,,,,,,,
11030,17057,23191,21760,13033,20570,,,,,,,,,,,,,,
Stage-I, ,,,,,,,,,,,,,,,,,,
(65.8578922),(41.4550394),(13.5402134),(21.0059952),(58.7911466),(27.2744425),,,,,,,,,,,,,,
,State Level Seats,,,,,,,,,,,,,,,,,,
,EWS, ,TFWS,,,,,,,,,,,,,,,,
20523,8601,,,,,,,,,,,,,,,,,,
Stage-I, ,,,,,,,,,,,,,,,,,,
(27.2744425),(73.5368477),,,,,,,,,,,,,,,,,,
,Legends :, ,"Legends: G-General, L-Ladies, S-State Level Seats ,PWD - Persons with Disabilities,DEF - Defence,PWDR :PWD Common Reserved Seat",,,,,,,,,,,,,,,,
"DEFR :Defense Common Reserved Seat ,* Maharashtra State Seats - Cut Off Indicates State General Merit No. ; Figures in bracket Indicates Merit Score",,,,,,,,,,,,,,,,,,,
,Page 80 of 188,,,,,,,,,,,,,,,,,,
GOVERNMENT OF MAHARASHTRA,,,,,,,,,,,,,,,,,,,
"State Common Entrance Test Cell, Mumbai.",,,,,,,,,,,,,,,,,,,
,Cut Off List for Maharashtra & Minority Seats of CAP Round-I for Admission to the First Year Post Graduate Technical Course in Master of Computer Applications (MCA) 2025-26,,,,,,,,,,,,,,,,,,
,"5113 - Nashik District Maratha Vidya Prasarak Samaj's Institute of Management Research & Technology, Nashik",,,,,,,,,,,,,,,,,,
,0511324110 - Master in Computer Application,,,,,,,,,,,,,,,,,,
,Status :, ,Un-Aided,,,,,,,,,,,,,,,,
,Home University Seats,,,,,,,,,,,,,,,,,,
Home University Seats Allotted to Home University Candidates,,,,,,,,,,,,,,,,,,,
,GOPENH, ,GSCH, ,GNTCH, ,GNTDH, ,GOBCH,,,,,,,,,,
13015,18675,21097,16026,14539,,,,,,,,,,,,,,,
Stage-I, ,,,,,,,,,,,,,,,,,,
(58.7911466),(36.496736),(25.4779232),(46.3793819),(53.942159),,,,,,,,,,,,,,,
,Home University Seats Allotted to Other Than Home University Candidates,,,,,,,,,,,,,,,,,,
,GNTBH,,,,,,,,,,,,,,,,,,
18315,,,,,,,,,,,,,,,,,,,
Stage-I, ,,,,,,,,,,,,,,,,,,
(36.496736),,,,,,,,,,,,,,,,,,,
,Other Than Home University Seats,,,,,,,,,,,,,,,,,,
Other Than Home University Seats Allotted to Other Than Home University Candidates,,,,,,,,,,,,,,,,,,,
,GOPENO, ,GSCO, ,GNTAO, ,GOBCO, ,GSEBCO,,,,,,,,,,
13491,22091,17868,15217,19306,,,,,,,,,,,,,,,
Stage-I, ,,,,,,,,,,,,,,,,,,
(56.5488095),(19.1539942),(39.3989669),(51.4093808),(34.5198145),,,,,,,,,,,,,,,
,State Level Seats,,,,,,,,,,,,,,,,,,
,EWS, ,TFWS,,,,,,,,,,,,,,,,
24482,9993,,,,,,,,,,,,,,,,,,
Stage-I, ,,,,,,,,,,,,,,,,,,
(7.4072677),(69.7143504),,,,,,,,,,,,,,,,,,
,Legends :, ,"Legends: G-General, L-Ladies, S-State Level Seats ,PWD - Persons with Disabilities,DEF - Defence,PWDR :PWD Common Reserved Seat",,,,,,,,,,,,,,,,
"DEFR :Defense Common Reserved Seat ,* Maharashtra State Seats - Cut Off Indicates State General Merit No. ; Figures in bracket Indicates Merit Score",,,,,,,,,,,,,,,,,,,
,Page 81 of 188,,,,,,,,,,,,,,,,,,
GOVERNMENT OF MAHARASHTRA,,,,,,,,,,,,,,,,,,,
"State Common Entrance Test Cell, Mumbai.",,,,,,,,,,,,,,,,,,,
,Cut Off List for Maharashtra & Minority Seats of CAP Round-I for Admission to the First Year Post Graduate Technical Course in Master of Computer Applications (MCA) 2025-26,,,,,,,,,,,,,,,,,,
,5117 - Pirens Institute Of Business Management And Administration (IBMA) Loni (BK),,,,,,,,,,,,,,,,,,
,0511724110 - Master in Computer Application,,,,,,,,,,,,,,,,,,
,Status :, ,Un-Aided,,,,,,,,,,,,,,,,
,Home University Seats,,,,,,,,,,,,,,,,,,
Home University Seats Allotted to Home University Candidates,,,,,,,,,,,,,,,,,,,
,GOPENH, ,GSCH, ,GSTH, ,GNTAH, ,GNTCH, ,GNTDH, ,GOBCH, ,GSEBCH, ,PWDOPENH,,
11632,24873,24170,22226,16998,18011,14748,23096,23908,,,,,,,,,,,
Stage-I, ,,,,,,,,,,,,,,,,,,
(63.1574978),(4.302251),(7.9446476),(19.1539942),(44.5345198),(39.3989669),(51.4093808),(15.5994113),(10.5199653),,,,,,,,,,,
,Other Than Home University Seats,,,,,,,,,,,,,,,,,,
Other Than Home University Seats Allotted to Other Than Home University Candidates,,,,,,,,,,,,,,,,,,,
,GOPENO, ,GOBCO,,,,,,,,,,,,,,,,
22427,25259,,,,,,,,,,,,,,,,,,
Stage-I, ,,,,,,,,,,,,,,,,,,
(19.1539942),(2.0301121),,,,,,,,,,,,,,,,,,
,Other Than Home University Seats Allotted to Home University Candidates,,,,,,,,,,,,,,,,,,
,GNTCO, ,GOBCO, ,GSEBCO,,,,,,,,,,,,,,
19660,15155,24035,,,,,,,,,,,,,,,,,
Stage-I, ,,,,,,,,,,,,,,,,,,
(31.6629561),(51.4093808),(9.7430286),,,,,,,,,,,,,,,,,
,State Level Seats,,,,,,,,,,,,,,,,,,
,EWS, ,TFWS,,,,,,,,,,,,,,,,
19557,5433,,,,,,,,,,,,,,,,,,
Stage-I, ,,,,,,,,,,,,,,,,,,
(31.6629561),(82.9644433),,,,,,,,,,,,,,,,,,
,Legends :, ,"Legends: G-General, L-Ladies, S-State Level Seats ,PWD - Persons with Disabilities,DEF - Defence,PWDR :PWD Common Reserved Seat",,,,,,,,,,,,,,,,
"DEFR :Defense Common Reserved Seat ,* Maharashtra State Seats - Cut Off Indicates State General Merit No. ; Figures in bracket Indicates Merit Score",,,,,,,,,,,,,,,,,,,
,Page 82 of 188,,,,,,,,,,,,,,,,,,
GOVERNMENT OF MAHARASHTRA,,,,,,,,,,,,,,,,,,,
"State Common Entrance Test Cell, Mumbai.",,,,,,,,,,,,,,,,,,,
,Cut Off List for Maharashtra & Minority Seats of CAP Round-I for Admission to the First Year Post Graduate Technical Course in Master of Computer Applications (MCA) 2025-26,,,,,,,,,,,,,,,,,,
,"5119 - C.H.M.E. Society's Dr. Moonje Institute for Management & Computer Studies, Nashik",,,,,,,,,,,,,,,,,,
,0511924110 - Master in Computer Application,,,,,,,,,,,,,,,,,,
,Status :, ,Un-Aided,,,,,,,,,,,,,,,,
,Home University Seats,,,,,,,,,,,,,,,,,,
Home University Seats Allotted to Home University Candidates,,,,,,,,,,,,,,,,,,,
,GOPENH, ,GSCH, ,GSTH, ,GNTBH, ,GNTCH, ,GOBCH, ,GSEBCH, ,PWDOPENH,,,,
9839,23007,16769,9893,19209,11543,21239,22566,,,,,,,,,,,,
Stage-I, ,,,,,,,,,,,,,,,,,,
(69.7143504),(15.5994113),(44.5345198),(69.7143504),(34.5198145),(63.1574978),(25.4779232),(16.9789978),,,,,,,,,,,,
,Home University Seats Allotted to Other Than Home University Candidates,,,,,,,,,,,,,,,,,,
,GNTAH,,,,,,,,,,,,,,,,,,
21425,,,,,,,,,,,,,,,,,,,
Stage-I, ,,,,,,,,,,,,,,,,,,
(23.1010151),,,,,,,,,,,,,,,,,,,
,Other Than Home University Seats,,,,,,,,,,,,,,,,,,
Other Than Home University Seats Allotted to Other Than Home University Candidates,,,,,,,,,,,,,,,,,,,
,GOPENO, ,GSCO, ,GSTO, ,GNTAO, ,GOBCO, ,GSEBCO,,,,,,,,
10982,20042,18627,21242,12193,14419,,,,,,,,,,,,,,
Stage-I, ,,,,,,,,,,,,,,,,,,
(65.8578922),(29.9046039),(36.496736),(25.4779232),(61.2807064),(53.942159),,,,,,,,,,,,,,
,Other Than Home University Seats Allotted to Home University Candidates,,,,,,,,,,,,,,,,,,
,GNTDO,,,,,,,,,,,,,,,,,,
15657,,,,,,,,,,,,,,,,,,,
Stage-I, ,,,,,,,,,,,,,,,,,,
(49.3533426),,,,,,,,,,,,,,,,,,,
,State Level Seats,,,,,,,,,,,,,,,,,,
,EWS, ,TFWS,,,,,,,,,,,,,,,,
20831,5286,,,,,,,,,,,,,,,,,,
Stage-I, ,,,,,,,,,,,,,,,,,,
(25.4779232),(82.9644433),,,,,,,,,,,,,,,,,,
,Legends :, ,"Legends: G-General, L-Ladies, S-State Level Seats ,PWD - Persons with Disabilities,DEF - Defence,PWDR :PWD Common Reserved Seat",,,,,,,,,,,,,,,,
"DEFR :Defense Common Reserved Seat ,* Maharashtra State Seats - Cut Off Indicates State General Merit No. ; Figures in bracket Indicates Merit Score",,,,,,,,,,,,,,,,,,,
,Page 83 of 188,,,,,,,,,,,,,,,,,,
GOVERNMENT OF MAHARASHTRA,,,,,,,,,,,,,,,,,,,
"State Common Entrance Test Cell, Mumbai.",,,,,,,,,,,,,,,,,,,
,Cut Off List for Maharashtra & Minority Seats of CAP Round-I for Admission to the First Year Post Graduate Technical Course in Master of Computer Applications (MCA) 2025-26,,,,,,,,,,,,,,,,,,
,"5120 - MET's Institute of Management, Adgaon, Nashik",,,,,,,,,,,,,,,,,,
,0512024110 - Master in Computer Application,,,,,,,,,,,,,,,,,,
,Status :, ,Un-Aided,,,,,,,,,,,,,,,,
,Home University Seats,,,,,,,,,,,,,,,,,,
Home University Seats Allotted to Home University Candidates,,,,,,,,,,,,,,,,,,,
,GOPENH, ,GSCH, ,GNTCH, ,GNTDH, ,GOBCH, ,GSEBCH,,,,,,,,
8285,22984,22876,11336,10346,14217,,,,,,,,,,,,,,
Stage-I, ,,,,,,,,,,,,,,,,,,
(74.782248),(15.5994113),(15.5994113),(65.8578922),(67.3579428),(53.942159),,,,,,,,,,,,,,
,Home University Seats Allotted to Other Than Home University Candidates,,,,,,,,,,,,,,,,,,
,GSTH, ,GSEBCH,,,,,,,,,,,,,,,,
24167,14325,,,,,,,,,,,,,,,,,,
Stage-I, ,,,,,,,,,,,,,,,,,,
(7.9446476),(53.942159),,,,,,,,,,,,,,,,,,
,Other Than Home University Seats,,,,,,,,,,,,,,,,,,
Other Than Home University Seats Allotted to Other Than Home University Candidates,,,,,,,,,,,,,,,,,,,
,GOPENO, ,GSCO, ,GSTO, ,GNTBO, ,GNTCO, ,GOBCO, ,GSEBCO,,,,,,
6866,8991,22991,8528,17854,7282,7109,,,,,,,,,,,,,
Stage-I, ,,,,,,,,,,,,,,,,,,
(79.9969812),(73.5368477),(15.5994113),(73.5368477),(39.3989669),(77.8251197),(77.8251197),,,,,,,,,,,,,
,State Level Seats,,,,,,,,,,,,,,,,,,
,EWS, ,TFWS,,,,,,,,,,,,,,,,
14996,4086,,,,,,,,,,,,,,,,,,
Stage-I, ,,,,,,,,,,,,,,,,,,
(51.4093808),(87.3496474),,,,,,,,,,,,,,,,,,
,Legends :, ,"Legends: G-General, L-Ladies, S-State Level Seats ,PWD - Persons with Disabilities,DEF - Defence,PWDR :PWD Common Reserved Seat",,,,,,,,,,,,,,,,
"DEFR :Defense Common Reserved Seat ,* Maharashtra State Seats - Cut Off Indicates State General Merit No. ; Figures in bracket Indicates Merit Score",,,,,,,,,,,,,,,,,,,
,Page 84 of 188,,,,,,,,,,,,,,,,,,
GOVERNMENT OF MAHARASHTRA,,,,,,,,,,,,,,,,,,,
"State Common Entrance Test Cell, Mumbai.",,,,,,,,,,,,,,,,,,,
,Cut Off List for Maharashtra & Minority Seats of CAP Round-I for Admission to the First Year Post Graduate Technical Course in Master of Computer Applications (MCA) 2025-26,,,,,,,,,,,,,,,,,,
,"5121 - K. K. Wagh Institute of Engineering Education and Research, Nashik",,,,,,,,,,,,,,,,,,
,0512124110 - Master in Computer Application,,,,,,,,,,,,,,,,,,
,Status :, ,Un-Aided-Autonomous,,,,,,,,,,,,,,,,
,Home University Seats,,,,,,,,,,,,,,,,,,
Home University Seats Allotted to Home University Candidates,,,,,,,,,,,,,,,,,,,
,GOPENH, ,GSCH, ,GSTH, ,GNTAH, ,GNTBH, ,GNTCH, ,GNTDH, ,GOBCH, ,GSEBCH,,
3784,7409,20225,5112,4517,21225,8332,5332,8286,,,,,,,,,,,
Stage-I, ,,,,,,,,,,,,,,,,,,
(89.1331398),(77.8251197),(29.9046039),(85.2118788),(85.3851665),(25.4779232),(74.782248),(82.9644433),(74.782248),,,,,,,,,,,
,Other Than Home University Seats,,,,,,,,,,,,,,,,,,
Other Than Home University Seats Allotted to Other Than Home University Candidates,,,,,,,,,,,,,,,,,,,
,GOPENO, ,GSCO, ,GSTO, ,GNTAO, ,GNTDO, ,GOBCO, ,GSEBCO,,,,,,
3066,5693,7183,3158,10076,3671,5805,,,,,,,,,,,,,
Stage-I, ,,,,,,,,,,,,,,,,,,
(90.7733494),(82.8308366),(77.8251197),(90.7733494),(69.7143504),(89.1331398),(82.8308366),,,,,,,,,,,,,
,State Level Seats,,,,,,,,,,,,,,,,,,
,EWS, ,TFWS,,,,,,,,,,,,,,,,
7263,1312,,,,,,,,,,,,,,,,,,
Stage-I, ,,,,,,,,,,,,,,,,,,
(77.8251197),(95.5548847),,,,,,,,,,,,,,,,,,
,Legends :, ,"Legends: G-General, L-Ladies, S-State Level Seats ,PWD - Persons with Disabilities,DEF - Defence,PWDR :PWD Common Reserved Seat",,,,,,,,,,,,,,,,
"DEFR :Defense Common Reserved Seat ,* Maharashtra State Seats - Cut Off Indicates State General Merit No. ; Figures in bracket Indicates Merit Score",,,,,,,,,,,,,,,,,,,
,Page 85 of 188,,,,,,,,,,,,,,,,,,
GOVERNMENT OF MAHARASHTRA,,,,,,,,,,,,,,,,,,,
"State Common Entrance Test Cell, Mumbai.",,,,,,,,,,,,,,,,,,,
,Cut Off List for Maharashtra & Minority Seats of CAP Round-I for Admission to the First Year Post Graduate Technical Course in Master of Computer Applications (MCA) 2025-26,,,,,,,,,,,,,,,,,,
,"5124 - Jagadamba Education Soc. Nashik's S.N.D. College of Engineering & Reserch, Babulgaon",,,,,,,,,,,,,,,,,,
,0512424210 - Master of Computer Applications,,,,,,,,,,,,,,,,,,
,Status :, ,Un-Aided,,,,,,,,,,,,,,,,
,Home University Seats,,,,,,,,,,,,,,,,,,
Home University Seats Allotted to Home University Candidates,,,,,,,,,,,,,,,,,,,
,GOPENH, ,GSCH, ,GOBCH,,,,,,,,,,,,,,
8888,12992,16791,,,,,,,,,,,,,,,,,
Stage-I, ,,,,,,,,,,,,,,,,,,
(73.5368477),(58.7911466),(44.5345198),,,,,,,,,,,,,,,,,
,Home University Seats Allotted to Other Than Home University Candidates,,,,,,,,,,,,,,,,,,
,GNTCH,,,,,,,,,,,,,,,,,,
18007,,,,,,,,,,,,,,,,,,,
Stage-I, ,,,,,,,,,,,,,,,,,,
(39.3989669),,,,,,,,,,,,,,,,,,,
,Other Than Home University Seats,,,,,,,,,,,,,,,,,,
Other Than Home University Seats Allotted to Other Than Home University Candidates,,,,,,,,,,,,,,,,,,,
,GOPENO, ,GNTCO, ,GOBCO,,,,,,,,,,,,,,
12867,13720,15377,,,,,,,,,,,,,,,,,
Stage-I, ,,,,,,,,,,,,,,,,,,
(58.7911466),(56.5488095),(49.3533426),,,,,,,,,,,,,,,,,
,State Level Seats,,,,,,,,,,,,,,,,,,
,EWS, ,TFWS,,,,,,,,,,,,,,,,
16477,5755,,,,,,,,,,,,,,,,,,
Stage-I, ,,,,,,,,,,,,,,,,,,
(44.5345198),(82.8308366),,,,,,,,,,,,,,,,,,
,Legends :, ,"Legends: G-General, L-Ladies, S-State Level Seats ,PWD - Persons with Disabilities,DEF - Defence,PWDR :PWD Common Reserved Seat",,,,,,,,,,,,,,,,
"DEFR :Defense Common Reserved Seat ,* Maharashtra State Seats - Cut Off Indicates State General Merit No. ; Figures in bracket Indicates Merit Score",,,,,,,,,,,,,,,,,,,
,Page 86 of 188,,,,,,,,,,,,,,,,,,
GOVERNMENT OF MAHARASHTRA,,,,,,,,,,,,,,,,,,,
"State Common Entrance Test Cell, Mumbai.",,,,,,,,,,,,,,,,,,,
,Cut Off List for Maharashtra & Minority Seats of CAP Round-I for Admission to the First Year Post Graduate Technical Course in Master of Computer Applications (MCA) 2025-26,,,,,,,,,,,,,,,,,,
,"5131 - C.H.M.E. Society's Dr. Moonje Institute of Management & Information Technology, Nashik",,,,,,,,,,,,,,,,,,
,0513124110 - Master in Computer Application,,,,,,,,,,,,,,,,,,
,Status :, ,Un-Aided,,,,,,,,,,,,,,,,
,Home University Seats,,,,,,,,,,,,,,,,,,
Home University Seats Allotted to Home University Candidates,,,,,,,,,,,,,,,,,,,
,GOPENH, ,GSTH, ,GNTBH, ,GNTCH, ,GOBCH, ,GSEBCH,,,,,,,,
12157,24840,24848,25309,14534,25046,,,,,,,,,,,,,,
Stage-I, ,,,,,,,,,,,,,,,,,,
(61.2807064),(4.302251),(4.302251),(1.3622127),(53.942159),(3.0466423),,,,,,,,,,,,,,
,Other Than Home University Seats,,,,,,,,,,,,,,,,,,
Other Than Home University Seats Allotted to Other Than Home University Candidates,,,,,,,,,,,,,,,,,,,
,GOPENO, ,GSCO, ,GSTO, ,GOBCO,,,,,,,,,,,,
14144,22206,20936,15429,,,,,,,,,,,,,,,,
Stage-I, ,,,,,,,,,,,,,,,,,,
(53.942159),(19.1539942),(25.4779232),(49.3533426),,,,,,,,,,,,,,,,
,State Level Seats,,,,,,,,,,,,,,,,,,
,TFWS,,,,,,,,,,,,,,,,,,
8865,,,,,,,,,,,,,,,,,,,
Stage-I, ,,,,,,,,,,,,,,,,,,
(73.5368477),,,,,,,,,,,,,,,,,,,
,Legends :, ,"Legends: G-General, L-Ladies, S-State Level Seats ,PWD - Persons with Disabilities,DEF - Defence,PWDR :PWD Common Reserved Seat",,,,,,,,,,,,,,,,
"DEFR :Defense Common Reserved Seat ,* Maharashtra State Seats - Cut Off Indicates State General Merit No. ; Figures in bracket Indicates Merit Score",,,,,,,,,,,,,,,,,,,
,Page 87 of 188,,,,,,,,,,,,,,,,,,
GOVERNMENT OF MAHARASHTRA,,,,,,,,,,,,,,,,,,,
"State Common Entrance Test Cell, Mumbai.",,,,,,,,,,,,,,,,,,,
,Cut Off List for Maharashtra & Minority Seats of CAP Round-I for Admission to the First Year Post Graduate Technical Course in Master of Computer Applications (MCA) 2025-26,,,,,,,,,,,,,,,,,,
,"5150 - R.C. Patel Educational Trust, Institute of Management Reasearch & Development, Shirpur",,,,,,,,,,,,,,,,,,
,0515024110 - Master in Computer Application,,,,,,,,,,,,,,,,,,
,Status :, ,Un-Aided-Linguistic Minority - Gujarathi,,,,,,,,,,,,,,,,
,Home University Seats,,,,,,,,,,,,,,,,,,
Home University Seats Allotted to Home University Candidates,,,,,,,,,,,,,,,,,,,
,GOPENH,,,,,,,,,,,,,,,,,,
7695,,,,,,,,,,,,,,,,,,,
Stage-I, ,,,,,,,,,,,,,,,,,,
(76.9216256),,,,,,,,,,,,,,,,,,,
,Other Than Home University Seats,,,,,,,,,,,,,,,,,,
Other Than Home University Seats Allotted to Other Than Home University Candidates,,,,,,,,,,,,,,,,,,,
,GOPENO,,,,,,,,,,,,,,,,,,
24981,,,,,,,,,,,,,,,,,,,
Stage-I, ,,,,,,,,,,,,,,,,,,
(4.067771),,,,,,,,,,,,,,,,,,,
,Other Than Home University Seats Allotted to Home University Candidates,,,,,,,,,,,,,,,,,,
,GOPENO,,,,,,,,,,,,,,,,,,
8094,,,,,,,,,,,,,,,,,,,
Stage-I, ,,,,,,,,,,,,,,,,,,
(74.782248),,,,,,,,,,,,,,,,,,,
,State Level Seats,,,,,,,,,,,,,,,,,,
,TFWS,,,,,,,,,,,,,,,,,,
2054,,,,,,,,,,,,,,,,,,,
Stage-I, ,,,,,,,,,,,,,,,,,,
(93.405226),,,,,,,,,,,,,,,,,,,
,Legends :, ,"Legends: G-General, L-Ladies, S-State Level Seats ,PWD - Persons with Disabilities,DEF - Defence,PWDR :PWD Common Reserved Seat",,,,,,,,,,,,,,,,
"DEFR :Defense Common Reserved Seat ,* Maharashtra State Seats - Cut Off Indicates State General Merit No. ; Figures in bracket Indicates Merit Score",,,,,,,,,,,,,,,,,,,
,Page 88 of 188,,,,,,,,,,,,,,,,,,
GOVERNMENT OF MAHARASHTRA,,,,,,,,,,,,,,,,,,,
"State Common Entrance Test Cell, Mumbai.",,,,,,,,,,,,,,,,,,,
,Cut Off List for Maharashtra & Minority Seats of CAP Round-I for Admission to the First Year Post Graduate Technical Course in Master of Computer Applications (MCA) 2025-26,,,,,,,,,,,,,,,,,,
,"5151 - MET Bhujbal Knowledge City MET League's Engineering College, Adgaon, Nashik.",,,,,,,,,,,,,,,,,,
,0515124110 - Master in Computer Application,,,,,,,,,,,,,,,,,,
,Status :, ,Un-Aided,,,,,,,,,,,,,,,,
,Home University Seats,,,,,,,,,,,,,,,,,,
Home University Seats Allotted to Home University Candidates,,,,,,,,,,,,,,,,,,,
,GOPENH, ,GSCH, ,GSTH, ,GNTAH, ,GNTBH, ,GNTCH, ,GNTDH, ,GOBCH, ,GSEBCH, ,PWDOPENH
4363,9594,17741,11059,12617,13699,10716,6429,23661,4184,,,,,,,,,,
Stage-I, ,,,,,,,,,,,,,,,,,,
(87.2080299),(71.1549338),(39.3989669),(65.8578922),(61.2807064),(56.5488095),(67.3579428),(80.5399495),(12.4750009),(87.2080299),,,,,,,,,,
,Home University Seats Allotted to Other Than Home University Candidates,,,,,,,,,,,,,,,,,,
,GSEBCH,,,,,,,,,,,,,,,,,,
14225,,,,,,,,,,,,,,,,,,,
Stage-I, ,,,,,,,,,,,,,,,,,,
(53.942159),,,,,,,,,,,,,,,,,,,
,Other Than Home University Seats,,,,,,,,,,,,,,,,,,
Other Than Home University Seats Allotted to Other Than Home University Candidates,,,,,,,,,,,,,,,,,,,
,GOPENO, ,GSCO, ,GSTO, ,GOBCO, ,GSEBCO,,,,,,,,,,
5806,8994,8582,7462,13939,,,,,,,,,,,,,,,
Stage-I, ,,,,,,,,,,,,,,,,,,
(82.8308366),(73.5368477),(73.5368477),(76.9216256),(56.5488095),,,,,,,,,,,,,,,
,State Level Seats,,,,,,,,,,,,,,,,,,
,EWS, ,TFWS,,,,,,,,,,,,,,,,
13555,1554,,,,,,,,,,,,,,,,,,
Stage-I, ,,,,,,,,,,,,,,,,,,
(56.5488095),(94.6454851),,,,,,,,,,,,,,,,,,
,Legends :, ,"Legends: G-General, L-Ladies, S-State Level Seats ,PWD - Persons with Disabilities,DEF - Defence,PWDR :PWD Common Reserved Seat",,,,,,,,,,,,,,,,
"DEFR :Defense Common Reserved Seat ,* Maharashtra State Seats - Cut Off Indicates State General Merit No. ; Figures in bracket Indicates Merit Score",,,,,,,,,,,,,,,,,,,
,Page 89 of 188,,,,,,,,,,,,,,,,,,
GOVERNMENT OF MAHARASHTRA,,,,,,,,,,,,,,,,,,,
"State Common Entrance Test Cell, Mumbai.",,,,,,,,,,,,,,,,,,,
,Cut Off List for Maharashtra & Minority Seats of CAP Round-I for Admission to the First Year Post Graduate Technical Course in Master of Computer Applications (MCA) 2025-26,,,,,,,,,,,,,,,,,,
,"5152 - G H Raisoni College of Engineering and Management, Jalgaon",,,,,,,,,,,,,,,,,,
,0515224110 - Master in Computer Application,,,,,,,,,,,,,,,,,,
,Status :, ,Un-Aided-Autonomous-Linguistic Minority - Hindi,,,,,,,,,,,,,,,,
,Home University Seats,,,,,,,,,,,,,,,,,,
Home University Seats Allotted to Home University Candidates,,,,,,,,,,,,,,,,,,,
,GOPENH,,,,,,,,,,,,,,,,,,
12305,,,,,,,,,,,,,,,,,,,
Stage-I, ,,,,,,,,,,,,,,,,,,
(61.2807064),,,,,,,,,,,,,,,,,,,
,Other Than Home University Seats,,,,,,,,,,,,,,,,,,
Other Than Home University Seats Allotted to Other Than Home University Candidates,,,,,,,,,,,,,,,,,,,
,GOPENO,,,,,,,,,,,,,,,,,,
22115,,,,,,,,,,,,,,,,,,,
Stage-I, ,,,,,,,,,,,,,,,,,,
(19.1539942),,,,,,,,,,,,,,,,,,,
,State Level Seats,,,,,,,,,,,,,,,,,,
,TFWS,,,,,,,,,,,,,,,,,,
4729,,,,,,,,,,,,,,,,,,,
Stage-I, ,,,,,,,,,,,,,,,,,,
(85.3851665),,,,,,,,,,,,,,,,,,,
,Minority Seats : Minority Seats Allotted to Minority Candidates,,,,,,,,,,,,,,,,,,
,MI,,,,,,,,,,,,,,,,,,
25357,,,,,,,,,,,,,,,,,,,
Stage-I, ,,,,,,,,,,,,,,,,,,
(1.3498737),,,,,,,,,,,,,,,,,,,
,Legends :, ,"Legends: G-General, L-Ladies, S-State Level Seats ,PWD - Persons with Disabilities,DEF - Defence,PWDR :PWD Common Reserved Seat",,,,,,,,,,,,,,,,
"DEFR :Defense Common Reserved Seat ,* Maharashtra State Seats - Cut Off Indicates State General Merit No. ; Figures in bracket Indicates Merit Score",,,,,,,,,,,,,,,,,,,
,Page 90 of 188,,,,,,,,,,,,,,,,,,
GOVERNMENT OF MAHARASHTRA,,,,,,,,,,,,,,,,,,,
"State Common Entrance Test Cell, Mumbai.",,,,,,,,,,,,,,,,,,,
,Cut Off List for Maharashtra & Minority Seats of CAP Round-I for Admission to the First Year Post Graduate Technical Course in Master of Computer Applications (MCA) 2025-26,,,,,,,,,,,,,,,,,,
,"5153 - West Khandesh Bhagini Seva Mandal's Dr. Suryakanta R. Ajmera M.C.A. College for Women, Dhule",,,,,,,,,,,,,,,,,,
,0515324150F - Master in Computer Application,,,,,,,,,,,,,,,,,,
,Status :, ,Un-Aided-Linguistic Minority - Hindi,,,,,,,,,,,,,,,,
,State Level Seats,,,,,,,,,,,,,,,,,,
,GOPENS, ,TFWS,,,,,,,,,,,,,,,,
13885,6346,,,,,,,,,,,,,,,,,,
Stage-I, ,,,,,,,,,,,,,,,,,,
(56.5488095),(80.5399495),,,,,,,,,,,,,,,,,,
,Legends :, ,"Legends: G-General, L-Ladies, S-State Level Seats ,PWD - Persons with Disabilities,DEF - Defence,PWDR :PWD Common Reserved Seat",,,,,,,,,,,,,,,,
"DEFR :Defense Common Reserved Seat ,* Maharashtra State Seats - Cut Off Indicates State General Merit No. ; Figures in bracket Indicates Merit Score",,,,,,,,,,,,,,,,,,,
,Page 91 of 188,,,,,,,,,,,,,,,,,,
GOVERNMENT OF MAHARASHTRA,,,,,,,,,,,,,,,,,,,
"State Common Entrance Test Cell, Mumbai.",,,,,,,,,,,,,,,,,,,
,Cut Off List for Maharashtra & Minority Seats of CAP Round-I for Admission to the First Year Post Graduate Technical Course in Master of Computer Applications (MCA) 2025-26,,,,,,,,,,,,,,,,,,
,"5170 - Hindi Seva Mandal's Shri Sant Gadgebaba College of Engineering & Technology, Bhusawal",,,,,,,,,,,,,,,,,,
,0517024110 - Master in Computer Application,,,,,,,,,,,,,,,,,,
,Status :, ,Un-Aided-Autonomous-Linguistic Minority - Hindi,,,,,,,,,,,,,,,,
,Home University Seats,,,,,,,,,,,,,,,,,,
Home University Seats Allotted to Home University Candidates,,,,,,,,,,,,,,,,,,,
,GOPENH,,,,,,,,,,,,,,,,,,
18120,,,,,,,,,,,,,,,,,,,
Stage-I, ,,,,,,,,,,,,,,,,,,
(39.3989669),,,,,,,,,,,,,,,,,,,
,Other Than Home University Seats,,,,,,,,,,,,,,,,,,
Other Than Home University Seats Allotted to Other Than Home University Candidates,,,,,,,,,,,,,,,,,,,
,GOPENO,,,,,,,,,,,,,,,,,,
25116,,,,,,,,,,,,,,,,,,,
Stage-I, ,,,,,,,,,,,,,,,,,,
(2.8640429),,,,,,,,,,,,,,,,,,,
,State Level Seats,,,,,,,,,,,,,,,,,,
,TFWS,,,,,,,,,,,,,,,,,,
8687,,,,,,,,,,,,,,,,,,,
Stage-I, ,,,,,,,,,,,,,,,,,,
(73.5368477),,,,,,,,,,,,,,,,,,,
,Minority Seats : Minority Seats Allotted to Minority Candidates,,,,,,,,,,,,,,,,,,
,MI,,,,,,,,,,,,,,,,,,
25478,,,,,,,,,,,,,,,,,,,
Stage-I, ,,,,,,,,,,,,,,,,,,
(0.1433908),,,,,,,,,,,,,,,,,,,
,Legends :, ,"Legends: G-General, L-Ladies, S-State Level Seats ,PWD - Persons with Disabilities,DEF - Defence,PWDR :PWD Common Reserved Seat",,,,,,,,,,,,,,,,
"DEFR :Defense Common Reserved Seat ,* Maharashtra State Seats - Cut Off Indicates State General Merit No. ; Figures in bracket Indicates Merit Score",,,,,,,,,,,,,,,,,,,
,Page 92 of 188,,,,,,,,,,,,,,,,,,
GOVERNMENT OF MAHARASHTRA,,,,,,,,,,,,,,,,,,,
"State Common Entrance Test Cell, Mumbai.",,,,,,,,,,,,,,,,,,,
,Cut Off List for Maharashtra & Minority Seats of CAP Round-I for Admission to the First Year Post Graduate Technical Course in Master of Computer Applications (MCA) 2025-26,,,,,,,,,,,,,,,,,,
,"5177 - Matoshri College of Engineering and Research Centre, Eklahare, Nashik",,,,,,,,,,,,,,,,,,
,0517724110 - Master in Computer Application,,,,,,,,,,,,,,,,,,
,Status :, ,Un-Aided-Autonomous,,,,,,,,,,,,,,,,
,Home University Seats,,,,,,,,,,,,,,,,,,
Home University Seats Allotted to Home University Candidates,,,,,,,,,,,,,,,,,,,
,GOPENH, ,GSCH, ,GNTBH, ,GOBCH, ,GSEBCH,,,,,,,,,,
13170,17848,14020,16300,22777,,,,,,,,,,,,,,,
Stage-I, ,,,,,,,,,,,,,,,,,,
(58.7911466),(39.3989669),(53.942159),(46.3793819),(16.9789978),,,,,,,,,,,,,,,
,Home University Seats Allotted to Other Than Home University Candidates,,,,,,,,,,,,,,,,,,
,GSCH, ,GNTAH,,,,,,,,,,,,,,,,
22775,20883,,,,,,,,,,,,,,,,,,
Stage-I, ,,,,,,,,,,,,,,,,,,
(16.9789978),(25.4779232),,,,,,,,,,,,,,,,,,
,Other Than Home University Seats,,,,,,,,,,,,,,,,,,
Other Than Home University Seats Allotted to Other Than Home University Candidates,,,,,,,,,,,,,,,,,,,
,GOPENO, ,GSCO, ,GSTO, ,GNTDO, ,GOBCO,,,,,,,,,,
13023,20898,16165,24129,14804,,,,,,,,,,,,,,,
Stage-I, ,,,,,,,,,,,,,,,,,,
(58.7911466),(25.4779232),(46.3793819),(9.7430286),(51.4093808),,,,,,,,,,,,,,,
,Other Than Home University Seats Allotted to Home University Candidates,,,,,,,,,,,,,,,,,,
,GNTBO,,,,,,,,,,,,,,,,,,
18465,,,,,,,,,,,,,,,,,,,
Stage-I, ,,,,,,,,,,,,,,,,,,
(36.496736),,,,,,,,,,,,,,,,,,,
,State Level Seats,,,,,,,,,,,,,,,,,,
,EWS, ,TFWS,,,,,,,,,,,,,,,,
24506,6766,,,,,,,,,,,,,,,,,,
Stage-I, ,,,,,,,,,,,,,,,,,,
(5.9311489),(79.9969812),,,,,,,,,,,,,,,,,,
,Legends :, ,"Legends: G-General, L-Ladies, S-State Level Seats ,PWD - Persons with Disabilities,DEF - Defence,PWDR :PWD Common Reserved Seat",,,,,,,,,,,,,,,,
"DEFR :Defense Common Reserved Seat ,* Maharashtra State Seats - Cut Off Indicates State General Merit No. ; Figures in bracket Indicates Merit Score",,,,,,,,,,,,,,,,,,,
,Page 93 of 188,,,,,,,,,,,,,,,,,,
GOVERNMENT OF MAHARASHTRA,,,,,,,,,,,,,,,,,,,
"State Common Entrance Test Cell, Mumbai.",,,,,,,,,,,,,,,,,,,
,Cut Off List for Maharashtra & Minority Seats of CAP Round-I for Admission to the First Year Post Graduate Technical Course in Master of Computer Applications (MCA) 2025-26,,,,,,,,,,,,,,,,,,
,"5181 - Gokhale Education Society's, R.H. Sapat College of Engineering, Management Studies and Research, Nashik",,,,,,,,,,,,,,,,,,
,0518124110 - Master in Computer Application,,,,,,,,,,,,,,,,,,
,Status :, ,Un-Aided,,,,,,,,,,,,,,,,
,Home University Seats,,,,,,,,,,,,,,,,,,
Home University Seats Allotted to Home University Candidates,,,,,,,,,,,,,,,,,,,
,GOPENH, ,GSCH, ,GSTH, ,GNTAH, ,GNTDH, ,GOBCH, ,GSEBCH,,,,,,
7659,19488,22035,18800,8628,8407,19042,,,,,,,,,,,,,
Stage-I, ,,,,,,,,,,,,,,,,,,
(76.9216256),(31.6629561),(21.0059952),(36.496736),(73.5368477),(74.782248),(34.5198145),,,,,,,,,,,,,
,Other Than Home University Seats,,,,,,,,,,,,,,,,,,
Other Than Home University Seats Allotted to Other Than Home University Candidates,,,,,,,,,,,,,,,,,,,
,GOPENO, ,GSCO, ,GSTO, ,GNTAO, ,GNTCO, ,GOBCO, ,GSEBCO,,,,,,
7562,9720,15970,17378,21689,8009,13611,,,,,,,,,,,,,
Stage-I, ,,,,,,,,,,,,,,,,,,
(76.9216256),(69.7143504),(46.3793819),(41.4550394),(21.0059952),(74.782248),(56.5488095),,,,,,,,,,,,,
,State Level Seats,,,,,,,,,,,,,,,,,,
,EWS, ,TFWS,,,,,,,,,,,,,,,,
18301,5044,,,,,,,,,,,,,,,,,,
Stage-I, ,,,,,,,,,,,,,,,,,,
(36.496736),(85.2118788),,,,,,,,,,,,,,,,,,
,Legends :, ,"Legends: G-General, L-Ladies, S-State Level Seats ,PWD - Persons with Disabilities,DEF - Defence,PWDR :PWD Common Reserved Seat",,,,,,,,,,,,,,,,
"DEFR :Defense Common Reserved Seat ,* Maharashtra State Seats - Cut Off Indicates State General Merit No. ; Figures in bracket Indicates Merit Score",,,,,,,,,,,,,,,,,,,
,Page 94 of 188,,,,,,,,,,,,,,,,,,
GOVERNMENT OF MAHARASHTRA,,,,,,,,,,,,,,,,,,,
"State Common Entrance Test Cell, Mumbai.",,,,,,,,,,,,,,,,,,,
,Cut Off List for Maharashtra & Minority Seats of CAP Round-I for Admission to the First Year Post Graduate Technical Course in Master of Computer Applications (MCA) 2025-26,,,,,,,,,,,,,,,,,,
,"5303 - Hon. Shri. Babanrao Pachpute Vichardhara Trust, Group of Institutions (Integrated Campus)-Parikrama, Kashti Shrigondha,",,,,,,,,,,,,,,,,,,
,0530324110 - Master in Computer Application,,,,,,,,,,,,,,,,,,
,Status :, ,Un-Aided,,,,,,,,,,,,,,,,
,Home University Seats,,,,,,,,,,,,,,,,,,
Home University Seats Allotted to Home University Candidates,,,,,,,,,,,,,,,,,,,
,GOPENH, ,GSCH, ,GNTAH, ,GNTBH, ,GNTCH, ,GNTDH, ,GOBCH, ,GSEBCH,,,,
8941,19041,13258,20047,14449,23177,12480,20386,,,,,,,,,,,,
Stage-I, ,,,,,,,,,,,,,,,,,,
(73.5368477),(34.5198145),(58.7911466),(29.9046039),(53.942159),(13.5402134),(61.2807064),(27.2744425),,,,,,,,,,,,
,Other Than Home University Seats,,,,,,,,,,,,,,,,,,
Other Than Home University Seats Allotted to Other Than Home University Candidates,,,,,,,,,,,,,,,,,,,
,GOPENO, ,GSCO, ,GOBCO,,,,,,,,,,,,,,
14919,21364,25147,,,,,,,,,,,,,,,,,
Stage-I, ,,,,,,,,,,,,,,,,,,
(51.4093808),(23.1010151),(2.8640429),,,,,,,,,,,,,,,,,
,Other Than Home University Seats Allotted to Home University Candidates,,,,,,,,,,,,,,,,,,
,GSCO, ,GNTAO, ,GNTCO, ,GSEBCO,,,,,,,,,,,,
21539,20869,15290,20566,,,,,,,,,,,,,,,,
Stage-I, ,,,,,,,,,,,,,,,,,,
(23.1010151),(25.4779232),(49.3533426),(27.2744425),,,,,,,,,,,,,,,,
,State Level Seats,,,,,,,,,,,,,,,,,,
,EWS, ,TFWS,,,,,,,,,,,,,,,,
20804,3312,,,,,,,,,,,,,,,,,,
Stage-I, ,,,,,,,,,,,,,,,,,,
(25.4779232),(89.1966341),,,,,,,,,,,,,,,,,,
,Legends :, ,"Legends: G-General, L-Ladies, S-State Level Seats ,PWD - Persons with Disabilities,DEF - Defence,PWDR :PWD Common Reserved Seat",,,,,,,,,,,,,,,,
"DEFR :Defense Common Reserved Seat ,* Maharashtra State Seats - Cut Off Indicates State General Merit No. ; Figures in bracket Indicates Merit Score",,,,,,,,,,,,,,,,,,,
,Page 95 of 188,,,,,,,,,,,,,,,,,,
GOVERNMENT OF MAHARASHTRA,,,,,,,,,,,,,,,,,,,
"State Common Entrance Test Cell, Mumbai.",,,,,,,,,,,,,,,,,,,
,Cut Off List for Maharashtra & Minority Seats of CAP Round-I for Admission to the First Year Post Graduate Technical Course in Master of Computer Applications (MCA) 2025-26,,,,,,,,,,,,,,,,,,
,"5331 - Sandip Foundation's, Sandip Institute of Engineering & Management, Nashik",,,,,,,,,,,,,,,,,,
,0533124110 - Master in Computer Application,,,,,,,,,,,,,,,,,,
,Status :, ,Un-Aided,,,,,,,,,,,,,,,,
,Home University Seats,,,,,,,,,,,,,,,,,,
Home University Seats Allotted to Home University Candidates,,,,,,,,,,,,,,,,,,,
,GOPENH, ,GNTCH, ,GNTDH, ,GOBCH,,,,,,,,,,,,
10999,14700,22893,12148,,,,,,,,,,,,,,,,
Stage-I, ,,,,,,,,,,,,,,,,,,
(65.8578922),(51.4093808),(15.5994113),(61.2807064),,,,,,,,,,,,,,,,
,Home University Seats Allotted to Other Than Home University Candidates,,,,,,,,,,,,,,,,,,
,GSCH, ,GNTAH,,,,,,,,,,,,,,,,
22393,25296,,,,,,,,,,,,,,,,,,
Stage-I, ,,,,,,,,,,,,,,,,,,
(19.1539942),(1.3622127),,,,,,,,,,,,,,,,,,
,Other Than Home University Seats,,,,,,,,,,,,,,,,,,
Other Than Home University Seats Allotted to Other Than Home University Candidates,,,,,,,,,,,,,,,,,,,
,GOPENO, ,GSCO, ,GNTBO, ,GOBCO, ,GSEBCO,,,,,,,,,,
10412,14830,18881,11641,20443,,,,,,,,,,,,,,,
Stage-I, ,,,,,,,,,,,,,,,,,,
(67.3579428),(51.4093808),(34.5198145),(63.1574978),(27.2744425),,,,,,,,,,,,,,,
,State Level Seats,,,,,,,,,,,,,,,,,,
,EWS, ,TFWS,,,,,,,,,,,,,,,,
22236,6459,,,,,,,,,,,,,,,,,,
Stage-I, ,,,,,,,,,,,,,,,,,,
(19.1539942),(80.5399495),,,,,,,,,,,,,,,,,,
,Legends :, ,"Legends: G-General, L-Ladies, S-State Level Seats ,PWD - Persons with Disabilities,DEF - Defence,PWDR :PWD Common Reserved Seat",,,,,,,,,,,,,,,,
"DEFR :Defense Common Reserved Seat ,* Maharashtra State Seats - Cut Off Indicates State General Merit No. ; Figures in bracket Indicates Merit Score",,,,,,,,,,,,,,,,,,,
,Page 96 of 188,,,,,,,,,,,,,,,,,,
GOVERNMENT OF MAHARASHTRA,,,,,,,,,,,,,,,,,,,
"State Common Entrance Test Cell, Mumbai.",,,,,,,,,,,,,,,,,,,
,Cut Off List for Maharashtra & Minority Seats of CAP Round-I for Admission to the First Year Post Graduate Technical Course in Master of Computer Applications (MCA) 2025-26,,,,,,,,,,,,,,,,,,
,"5380 - Adsul's Technical Campus, Chas Dist. Ahmednagar",,,,,,,,,,,,,,,,,,
,0538024110 - Master in Computer Application,,,,,,,,,,,,,,,,,,
,Status :, ,Un-Aided,,,,,,,,,,,,,,,,
,Home University Seats,,,,,,,,,,,,,,,,,,
Home University Seats Allotted to Home University Candidates,,,,,,,,,,,,,,,,,,,
,GOPENH, ,GSCH, ,GSTH, ,GNTAH, ,GNTBH, ,GNTCH, ,GNTDH, ,GOBCH, ,GSEBCH,,
7038,16684,11873,14699,16115,15743,7117,10258,18562,,,,,,,,,,,
Stage-I, ,,,,,,,,,,,,,,,,,,
(77.8251197),(44.5345198),(63.1574978),(51.4093808),(46.3793819),(49.3533426),(77.8251197),(67.3579428),(36.496736),,,,,,,,,,,
,Other Than Home University Seats,,,,,,,,,,,,,,,,,,
Other Than Home University Seats Allotted to Other Than Home University Candidates,,,,,,,,,,,,,,,,,,,
,GOPENO, ,GSCO, ,GOBCO, ,GSEBCO,,,,,,,,,,,,
20060,21423,24050,24809,,,,,,,,,,,,,,,,
Stage-I, ,,,,,,,,,,,,,,,,,,
(29.9046039),(23.1010151),(9.7430286),(4.302251),,,,,,,,,,,,,,,,
,Other Than Home University Seats Allotted to Home University Candidates,,,,,,,,,,,,,,,,,,
,GSCO, ,GNTAO, ,GNTCO, ,GNTDO, ,GOBCO, ,GSEBCO,,,,,,,,
20943,20815,16021,9321,11579,20213,,,,,,,,,,,,,,
Stage-I, ,,,,,,,,,,,,,,,,,,
(25.4779232),(25.4779232),(46.3793819),(71.1549338),(63.1574978),(29.9046039),,,,,,,,,,,,,,
,State Level Seats,,,,,,,,,,,,,,,,,,
,EWS, ,TFWS,,,,,,,,,,,,,,,,
24727,3429,,,,,,,,,,,,,,,,,,
Stage-I, ,,,,,,,,,,,,,,,,,,
(5.5960152),(89.1966341),,,,,,,,,,,,,,,,,,
,Legends :, ,"Legends: G-General, L-Ladies, S-State Level Seats ,PWD - Persons with Disabilities,DEF - Defence,PWDR :PWD Common Reserved Seat",,,,,,,,,,,,,,,,
"DEFR :Defense Common Reserved Seat ,* Maharashtra State Seats - Cut Off Indicates State General Merit No. ; Figures in bracket Indicates Merit Score",,,,,,,,,,,,,,,,,,,
,Page 97 of 188,,,,,,,,,,,,,,,,,,
GOVERNMENT OF MAHARASHTRA,,,,,,,,,,,,,,,,,,,
"State Common Entrance Test Cell, Mumbai.",,,,,,,,,,,,,,,,,,,
,Cut Off List for Maharashtra & Minority Seats of CAP Round-I for Admission to the First Year Post Graduate Technical Course in Master of Computer Applications (MCA) 2025-26,,,,,,,,,,,,,,,,,,
,"5381 - Shri. Jaykumar Rawal Institute of Technology, Dondaicha.",,,,,,,,,,,,,,,,,,
,0538124110 - Master in Computer Application,,,,,,,,,,,,,,,,,,
,Status :, ,Un-Aided,,,,,,,,,,,,,,,,
,Home University Seats,,,,,,,,,,,,,,,,,,
Home University Seats Allotted to Home University Candidates,,,,,,,,,,,,,,,,,,,
,GOPENH, ,GSCH, ,GSTH, ,GNTBH, ,GNTCH, ,GOBCH, ,GSEBCH,,,,,,
9678,20190,20029,10701,10242,12221,25033,,,,,,,,,,,,,
Stage-I, ,,,,,,,,,,,,,,,,,,
(69.7143504),(29.9046039),(29.9046039),(67.3579428),(67.3579428),(61.2807064),(3.0466423),,,,,,,,,,,,,
,Other Than Home University Seats,,,,,,,,,,,,,,,,,,
Other Than Home University Seats Allotted to Other Than Home University Candidates,,,,,,,,,,,,,,,,,,,
,GOPENO, ,GSEBCO,,,,,,,,,,,,,,,,
21260,23958,,,,,,,,,,,,,,,,,,
Stage-I, ,,,,,,,,,,,,,,,,,,
(23.1010151),(9.7430286),,,,,,,,,,,,,,,,,,
,Other Than Home University Seats Allotted to Home University Candidates,,,,,,,,,,,,,,,,,,
,GOBCO,,,,,,,,,,,,,,,,,,
13719,,,,,,,,,,,,,,,,,,,
Stage-I, ,,,,,,,,,,,,,,,,,,
(56.5488095),,,,,,,,,,,,,,,,,,,
,State Level Seats,,,,,,,,,,,,,,,,,,
,EWS, ,TFWS,,,,,,,,,,,,,,,,
19375,5714,,,,,,,,,,,,,,,,,,
Stage-I, ,,,,,,,,,,,,,,,,,,
(31.6629561),(82.8308366),,,,,,,,,,,,,,,,,,
,Legends :, ,"Legends: G-General, L-Ladies, S-State Level Seats ,PWD - Persons with Disabilities,DEF - Defence,PWDR :PWD Common Reserved Seat",,,,,,,,,,,,,,,,
"DEFR :Defense Common Reserved Seat ,* Maharashtra State Seats - Cut Off Indicates State General Merit No. ; Figures in bracket Indicates Merit Score",,,,,,,,,,,,,,,,,,,
,Page 98 of 188,,,,,,,,,,,,,,,,,,
GOVERNMENT OF MAHARASHTRA,,,,,,,,,,,,,,,,,,,
"State Common Entrance Test Cell, Mumbai.",,,,,,,,,,,,,,,,,,,
,Cut Off List for Maharashtra & Minority Seats of CAP Round-I for Admission to the First Year Post Graduate Technical Course in Master of Computer Applications (MCA) 2025-26,,,,,,,,,,,,,,,,,,
,"5385 - Akole Taluka Education Society,s Agasti Institute of Management, Computer Application & Research, Akole, Ahmednagar",,,,,,,,,,,,,,,,,,
,0538524110 - Master in Computer Application,,,,,,,,,,,,,,,,,,
,Status :, ,Un-Aided,,,,,,,,,,,,,,,,
,Home University Seats,,,,,,,,,,,,,,,,,,
Home University Seats Allotted to Home University Candidates,,,,,,,,,,,,,,,,,,,
,GOPENH, ,GSCH, ,GSTH, ,GNTCH, ,GNTDH, ,GOBCH, ,PWDOPENH,,,,,,
15984,24441,22768,25455,23257,19305,19114,,,,,,,,,,,,,
Stage-I, ,,,,,,,,,,,,,,,,,,
(46.3793819),(7.4072677),(16.9789978),(0.2564006),(13.5402134),(34.5198145),(34.5198145),,,,,,,,,,,,,
,Other Than Home University Seats,,,,,,,,,,,,,,,,,,
Other Than Home University Seats Allotted to Other Than Home University Candidates,,,,,,,,,,,,,,,,,,,
,GOPENO,,,,,,,,,,,,,,,,,,
24886,,,,,,,,,,,,,,,,,,,
Stage-I, ,,,,,,,,,,,,,,,,,,
(4.067771),,,,,,,,,,,,,,,,,,,
,Other Than Home University Seats Allotted to Home University Candidates,,,,,,,,,,,,,,,,,,
,GOPENO, ,GNTDO, ,GOBCO,,,,,,,,,,,,,,
15993,25426,20664,,,,,,,,,,,,,,,,,
Stage-I, ,,,,,,,,,,,,,,,,,,
(46.3793819),(0.5735633),(27.2744425),,,,,,,,,,,,,,,,,
,State Level Seats,,,,,,,,,,,,,,,,,,
,TFWS,,,,,,,,,,,,,,,,,,
13982,,,,,,,,,,,,,,,,,,,
Stage-I, ,,,,,,,,,,,,,,,,,,
(56.5488095),,,,,,,,,,,,,,,,,,,
,Legends :, ,"Legends: G-General, L-Ladies, S-State Level Seats ,PWD - Persons with Disabilities,DEF - Defence,PWDR :PWD Common Reserved Seat",,,,,,,,,,,,,,,,
"DEFR :Defense Common Reserved Seat ,* Maharashtra State Seats - Cut Off Indicates State General Merit No. ; Figures in bracket Indicates Merit Score",,,,,,,,,,,,,,,,,,,
,Page 99 of 188,,,,,,,,,,,,,,,,,,
GOVERNMENT OF MAHARASHTRA,,,,,,,,,,,,,,,,,,,
"State Common Entrance Test Cell, Mumbai.",,,,,,,,,,,,,,,,,,,
,Cut Off List for Maharashtra & Minority Seats of CAP Round-I for Admission to the First Year Post Graduate Technical Course in Master of Computer Applications (MCA) 2025-26,,,,,,,,,,,,,,,,,,
,"5386 - Dr. B.V. Hiray College of Management & Research Centre, Malegaon.",,,,,,,,,,,,,,,,,,
,0538624110 - Master in Computer Application,,,,,,,,,,,,,,,,,,
,Status :, ,Un-Aided,,,,,,,,,,,,,,,,
,Home University Seats,,,,,,,,,,,,,,,,,,
Home University Seats Allotted to Home University Candidates,,,,,,,,,,,,,,,,,,,
,GOPENH, ,GSCH, ,GNTDH, ,GOBCH, ,PWDOPENH,,,,,,,,,,
8057,22868,9264,10640,12976,,,,,,,,,,,,,,,
Stage-I, ,,,,,,,,,,,,,,,,,,
(74.782248),(15.5994113),(71.1549338),(67.3579428),(58.7911466),,,,,,,,,,,,,,,
,Home University Seats Allotted to Other Than Home University Candidates,,,,,,,,,,,,,,,,,,
,GNTAH,,,,,,,,,,,,,,,,,,
23521,,,,,,,,,,,,,,,,,,,
Stage-I, ,,,,,,,,,,,,,,,,,,
(12.4750009),,,,,,,,,,,,,,,,,,,
,Other Than Home University Seats,,,,,,,,,,,,,,,,,,
Other Than Home University Seats Allotted to Other Than Home University Candidates,,,,,,,,,,,,,,,,,,,
,GOPENO, ,GNTCO, ,GOBCO, ,GSEBCO,,,,,,,,,,,,
8989,22255,14981,16940,,,,,,,,,,,,,,,,
Stage-I, ,,,,,,,,,,,,,,,,,,
(73.5368477),(19.1539942),(51.4093808),(44.5345198),,,,,,,,,,,,,,,,
,State Level Seats,,,,,,,,,,,,,,,,,,
,EWS, ,TFWS,,,,,,,,,,,,,,,,
17842,3175,,,,,,,,,,,,,,,,,,
Stage-I, ,,,,,,,,,,,,,,,,,,
(39.3989669),(90.7733494),,,,,,,,,,,,,,,,,,
,Legends :, ,"Legends: G-General, L-Ladies, S-State Level Seats ,PWD - Persons with Disabilities,DEF - Defence,PWDR :PWD Common Reserved Seat",,,,,,,,,,,,,,,,
"DEFR :Defense Common Reserved Seat ,* Maharashtra State Seats - Cut Off Indicates State General Merit No. ; Figures in bracket Indicates Merit Score",,,,,,,,,,,,,,,,,,,
,Page 100 of 188,,,,,,,,,,,,,,,,,,
GOVERNMENT OF MAHARASHTRA,,,,,,,,,,,,,,,,,,,
"State Common Entrance Test Cell, Mumbai.",,,,,,,,,,,,,,,,,,,
,Cut Off List for Maharashtra & Minority Seats of CAP Round-I for Admission to the First Year Post Graduate Technical Course in Master of Computer Applications (MCA) 2025-26,,,,,,,,,,,,,,,,,,
,"5509 - Shri Swami Samarth Institute of Management and Technology, Malwadi-Bota",,,,,,,,,,,,,,,,,,
,0550924110 - Master in Computer Application,,,,,,,,,,,,,,,,,,
,Status :, ,Un-Aided,,,,,,,,,,,,,,,,
,Home University Seats,,,,,,,,,,,,,,,,,,
Home University Seats Allotted to Home University Candidates,,,,,,,,,,,,,,,,,,,
,GOPENH, ,GSCH, ,GNTAH, ,GNTCH, ,GNTDH, ,GOBCH, ,GSEBCH,,,,,,
14839,24946,23728,23401,19023,19390,21974,,,,,,,,,,,,,
Stage-I, ,,,,,,,,,,,,,,,,,,
(51.4093808),(4.067771),(10.5199653),(13.5402134),(34.5198145),(31.6629561),(21.0059952),,,,,,,,,,,,,
,Other Than Home University Seats,,,,,,,,,,,,,,,,,,
Other Than Home University Seats Allotted to Other Than Home University Candidates,,,,,,,,,,,,,,,,,,,
,GOPENO, ,GSCO, ,GOBCO, ,GSEBCO,,,,,,,,,,,,
15531,19543,23372,19858,,,,,,,,,,,,,,,,
Stage-I, ,,,,,,,,,,,,,,,,,,
(49.3533426),(31.6629561),(13.5402134),(29.9046039),,,,,,,,,,,,,,,,
,Other Than Home University Seats Allotted to Home University Candidates,,,,,,,,,,,,,,,,,,
,GNTCO, ,GNTDO,,,,,,,,,,,,,,,,
25280,20759,,,,,,,,,,,,,,,,,,
Stage-I, ,,,,,,,,,,,,,,,,,,
(2.0301121),(27.2744425),,,,,,,,,,,,,,,,,,
,State Level Seats,,,,,,,,,,,,,,,,,,
,EWS, ,TFWS,,,,,,,,,,,,,,,,
25419,16605,,,,,,,,,,,,,,,,,,
Stage-I, ,,,,,,,,,,,,,,,,,,
(0.5995249),(44.5345198),,,,,,,,,,,,,,,,,,
,Legends :, ,"Legends: G-General, L-Ladies, S-State Level Seats ,PWD - Persons with Disabilities,DEF - Defence,PWDR :PWD Common Reserved Seat",,,,,,,,,,,,,,,,
"DEFR :Defense Common Reserved Seat ,* Maharashtra State Seats - Cut Off Indicates State General Merit No. ; Figures in bracket Indicates Merit Score",,,,,,,,,,,,,,,,,,,
,Page 101 of 188,,,,,,,,,,,,,,,,,,
GOVERNMENT OF MAHARASHTRA,,,,,,,,,,,,,,,,,,,
"State Common Entrance Test Cell, Mumbai.",,,,,,,,,,,,,,,,,,,
,Cut Off List for Maharashtra & Minority Seats of CAP Round-I for Admission to the First Year Post Graduate Technical Course in Master of Computer Applications (MCA) 2025-26,,,,,,,,,,,,,,,,,,
,5550 - BHUSAWAL ARTS SCIENCE AND P O NAHATA COMMERCE COLLEGE BHUSAWAL,,,,,,,,,,,,,,,,,,
,0555024170U - Master in Computer Application,,,,,,,,,,,,,,,,,,
,Status :, ,Un-Aided,,,,,,,,,,,,,,,,
,Home University Seats,,,,,,,,,,,,,,,,,,
Home University Seats Allotted to Home University Candidates,,,,,,,,,,,,,,,,,,,
,GOPENH, ,GSCH, ,GNTBH, ,GOBCH,,,,,,,,,,,,
13071,24725,24605,18505,,,,,,,,,,,,,,,,
Stage-I, ,,,,,,,,,,,,,,,,,,
(58.7911466),(5.5960152),(5.9311489),(36.496736),,,,,,,,,,,,,,,,
,Other Than Home University Seats,,,,,,,,,,,,,,,,,,
Other Than Home University Seats Allotted to Other Than Home University Candidates,,,,,,,,,,,,,,,,,,,
,GOPENO,,,,,,,,,,,,,,,,,,
19950,,,,,,,,,,,,,,,,,,,
Stage-I, ,,,,,,,,,,,,,,,,,,
(29.9046039),,,,,,,,,,,,,,,,,,,
,Other Than Home University Seats Allotted to Home University Candidates,,,,,,,,,,,,,,,,,,
,GOPENO, ,GOBCO,,,,,,,,,,,,,,,,
19076,19647,,,,,,,,,,,,,,,,,,
Stage-I, ,,,,,,,,,,,,,,,,,,
(34.5198145),(31.6629561),,,,,,,,,,,,,,,,,,
,State Level Seats,,,,,,,,,,,,,,,,,,
,EWS, ,TFWS,,,,,,,,,,,,,,,,
22434,13789,,,,,,,,,,,,,,,,,,
Stage-I, ,,,,,,,,,,,,,,,,,,
(19.1539942),(56.5488095),,,,,,,,,,,,,,,,,,
,Legends :, ,"Legends: G-General, L-Ladies, S-State Level Seats ,PWD - Persons with Disabilities,DEF - Defence,PWDR :PWD Common Reserved Seat",,,,,,,,,,,,,,,,
"DEFR :Defense Common Reserved Seat ,* Maharashtra State Seats - Cut Off Indicates State General Merit No. ; Figures in bracket Indicates Merit Score",,,,,,,,,,,,,,,,,,,
,Page 102 of 188,,,,,,,,,,,,,,,,,,
GOVERNMENT OF MAHARASHTRA,,,,,,,,,,,,,,,,,,,
"State Common Entrance Test Cell, Mumbai.",,,,,,,,,,,,,,,,,,,
,Cut Off List for Maharashtra & Minority Seats of CAP Round-I for Admission to the First Year Post Graduate Technical Course in Master of Computer Applications (MCA) 2025-26,,,,,,,,,,,,,,,,,,
,5556 - DADASAHEB DR.SURESH G.PATIL COLLEGE CHOPDA,,,,,,,,,,,,,,,,,,
,0555624170U - Master in Computer Application,,,,,,,,,,,,,,,,,,
,Status :, ,Un-Aided,,,,,,,,,,,,,,,,
,Home University Seats,,,,,,,,,,,,,,,,,,
Home University Seats Allotted to Home University Candidates,,,,,,,,,,,,,,,,,,,
,GOPENH, ,GSCH, ,GNTAH, ,GNTBH, ,GNTCH, ,GOBCH,,,,,,,,
14305,19962,23805,22834,24197,15446,,,,,,,,,,,,,,
Stage-I, ,,,,,,,,,,,,,,,,,,
(53.942159),(29.9046039),(10.5199653),(15.5994113),(7.9446476),(49.3533426),,,,,,,,,,,,,,
,Other Than Home University Seats,,,,,,,,,,,,,,,,,,
Other Than Home University Seats Allotted to Other Than Home University Candidates,,,,,,,,,,,,,,,,,,,
,GOPENO,,,,,,,,,,,,,,,,,,
24731,,,,,,,,,,,,,,,,,,,
Stage-I, ,,,,,,,,,,,,,,,,,,
(5.5960152),,,,,,,,,,,,,,,,,,,
,Other Than Home University Seats Allotted to Home University Candidates,,,,,,,,,,,,,,,,,,
,GOPENO, ,GOBCO,,,,,,,,,,,,,,,,
18414,18879,,,,,,,,,,,,,,,,,,
Stage-I, ,,,,,,,,,,,,,,,,,,
(36.496736),(34.5198145),,,,,,,,,,,,,,,,,,
,State Level Seats,,,,,,,,,,,,,,,,,,
,EWS, ,TFWS,,,,,,,,,,,,,,,,
19959,13451,,,,,,,,,,,,,,,,,,
Stage-I, ,,,,,,,,,,,,,,,,,,
(29.9046039),(56.5488095),,,,,,,,,,,,,,,,,,
,Legends :, ,"Legends: G-General, L-Ladies, S-State Level Seats ,PWD - Persons with Disabilities,DEF - Defence,PWDR :PWD Common Reserved Seat",,,,,,,,,,,,,,,,
"DEFR :Defense Common Reserved Seat ,* Maharashtra State Seats - Cut Off Indicates State General Merit No. ; Figures in bracket Indicates Merit Score",,,,,,,,,,,,,,,,,,,
,Page 103 of 188,,,,,,,,,,,,,,,,,,
GOVERNMENT OF MAHARASHTRA,,,,,,,,,,,,,,,,,,,
"State Common Entrance Test Cell, Mumbai.",,,,,,,,,,,,,,,,,,,
,Cut Off List for Maharashtra & Minority Seats of CAP Round-I for Admission to the First Year Post Graduate Technical Course in Master of Computer Applications (MCA) 2025-26,,,,,,,,,,,,,,,,,,
,5569 - SHRI SHIVAJI VIDYA PRASARAK SANSTHA L.K.DR.P.R.GHOGREY SCIENCE COLLEGE DHULE,,,,,,,,,,,,,,,,,,
,0556924170U - Master in Computer Application,,,,,,,,,,,,,,,,,,
,Status :, ,Un-Aided,,,,,,,,,,,,,,,,
,Home University Seats,,,,,,,,,,,,,,,,,,
Home University Seats Allotted to Home University Candidates,,,,,,,,,,,,,,,,,,,
,GOPENH, ,GSCH, ,GSTH, ,GNTBH, ,GNTCH, ,GOBCH, ,PWDOPENH,,,,,,
16054,25268,21302,19503,23731,18404,23935,,,,,,,,,,,,,
Stage-I, ,,,,,,,,,,,,,,,,,,
(46.3793819),(2.0301121),(23.1010151),(31.6629561),(10.5199653),(36.496736),(9.7430286),,,,,,,,,,,,,
,Other Than Home University Seats,,,,,,,,,,,,,,,,,,
Other Than Home University Seats Allotted to Other Than Home University Candidates,,,,,,,,,,,,,,,,,,,
,GOPENO,,,,,,,,,,,,,,,,,,
20224,,,,,,,,,,,,,,,,,,,
Stage-I, ,,,,,,,,,,,,,,,,,,
(29.9046039),,,,,,,,,,,,,,,,,,,
,Other Than Home University Seats Allotted to Home University Candidates,,,,,,,,,,,,,,,,,,
,GOPENO, ,GOBCO,,,,,,,,,,,,,,,,
18005,18491,,,,,,,,,,,,,,,,,,
Stage-I, ,,,,,,,,,,,,,,,,,,
(39.3989669),(36.496736),,,,,,,,,,,,,,,,,,
,State Level Seats,,,,,,,,,,,,,,,,,,
,EWS, ,TFWS,,,,,,,,,,,,,,,,
24816,12460,,,,,,,,,,,,,,,,,,
Stage-I, ,,,,,,,,,,,,,,,,,,
(4.302251),(61.2807064),,,,,,,,,,,,,,,,,,
,Legends :, ,"Legends: G-General, L-Ladies, S-State Level Seats ,PWD - Persons with Disabilities,DEF - Defence,PWDR :PWD Common Reserved Seat",,,,,,,,,,,,,,,,
"DEFR :Defense Common Reserved Seat ,* Maharashtra State Seats - Cut Off Indicates State General Merit No. ; Figures in bracket Indicates Merit Score",,,,,,,,,,,,,,,,,,,
,Page 104 of 188,,,,,,,,,,,,,,,,,,
GOVERNMENT OF MAHARASHTRA,,,,,,,,,,,,,,,,,,,
"State Common Entrance Test Cell, Mumbai.",,,,,,,,,,,,,,,,,,,
,Cut Off List for Maharashtra & Minority Seats of CAP Round-I for Admission to the First Year Post Graduate Technical Course in Master of Computer Applications (MCA) 2025-26,,,,,,,,,,,,,,,,,,
,5597 - VAMANRAO ITHAPE COLLEGE OF ENGINEERING AND MANAGEMENT,,,,,,,,,,,,,,,,,,
,0559724110 - Master in Computer Application,,,,,,,,,,,,,,,,,,
,Status :, ,Un-Aided,,,,,,,,,,,,,,,,
,Home University Seats,,,,,,,,,,,,,,,,,,
Home University Seats Allotted to Home University Candidates,,,,,,,,,,,,,,,,,,,
,GOPENH, ,GSCH, ,GSTH, ,GNTCH, ,GNTDH, ,GOBCH,,,,,,,,
18227,25042,18472,23535,24373,22376,,,,,,,,,,,,,,
Stage-I, ,,,,,,,,,,,,,,,,,,
(39.3989669),(3.0466423),(36.496736),(12.4750009),(7.4072677),(19.1539942),,,,,,,,,,,,,,
,Other Than Home University Seats,,,,,,,,,,,,,,,,,,
Other Than Home University Seats Allotted to Other Than Home University Candidates,,,,,,,,,,,,,,,,,,,
,GOPENO,,,,,,,,,,,,,,,,,,
24788,,,,,,,,,,,,,,,,,,,
Stage-I, ,,,,,,,,,,,,,,,,,,
(4.302251),,,,,,,,,,,,,,,,,,,
,Other Than Home University Seats Allotted to Home University Candidates,,,,,,,,,,,,,,,,,,
,GOPENO, ,GNTDO, ,GOBCO,,,,,,,,,,,,,,
22438,24662,23742,,,,,,,,,,,,,,,,,
Stage-I, ,,,,,,,,,,,,,,,,,,
(19.1539942),(5.5960152),(10.5199653),,,,,,,,,,,,,,,,,
,State Level Seats,,,,,,,,,,,,,,,,,,
,TFWS,,,,,,,,,,,,,,,,,,
24801,,,,,,,,,,,,,,,,,,,
Stage-I, ,,,,,,,,,,,,,,,,,,
(4.302251),,,,,,,,,,,,,,,,,,,
,Legends :, ,"Legends: G-General, L-Ladies, S-State Level Seats ,PWD - Persons with Disabilities,DEF - Defence,PWDR :PWD Common Reserved Seat",,,,,,,,,,,,,,,,
"DEFR :Defense Common Reserved Seat ,* Maharashtra State Seats - Cut Off Indicates State General Merit No. ; Figures in bracket Indicates Merit Score",,,,,,,,,,,,,,,,,,,
,Page 105 of 188,,,,,,,,,,,,,,,,,,
GOVERNMENT OF MAHARASHTRA,,,,,,,,,,,,,,,,,,,
"State Common Entrance Test Cell, Mumbai.",,,,,,,,,,,,,,,,,,,
,Cut Off List for Maharashtra & Minority Seats of CAP Round-I for Admission to the First Year Post Graduate Technical Course in Master of Computer Applications (MCA) 2025-26,,,,,,,,,,,,,,,,,,
,5619 - COMMERCE MANAGEMENT AND COMPUTER SCIENCE COLLEGE,,,,,,,,,,,,,,,,,,
,0561924110 - Master in Computer Application,,,,,,,,,,,,,,,,,,
,Status :, ,Un-Aided,,,,,,,,,,,,,,,,
,Home University Seats,,,,,,,,,,,,,,,,,,
Home University Seats Allotted to Home University Candidates,,,,,,,,,,,,,,,,,,,
,GOPENH, ,GSTH, ,GNTAH, ,GNTCH, ,GOBCH,,,,,,,,,,
15463,15681,23276,16848,16762,,,,,,,,,,,,,,,
Stage-I, ,,,,,,,,,,,,,,,,,,
(49.3533426),(49.3533426),(13.5402134),(44.5345198),(44.5345198),,,,,,,,,,,,,,,
,Other Than Home University Seats,,,,,,,,,,,,,,,,,,
Other Than Home University Seats Allotted to Other Than Home University Candidates,,,,,,,,,,,,,,,,,,,
,GOPENO, ,GSCO, ,GOBCO,,,,,,,,,,,,,,
20508,22085,22168,,,,,,,,,,,,,,,,,
Stage-I, ,,,,,,,,,,,,,,,,,,
(27.2744425),(19.1539942),(19.1539942),,,,,,,,,,,,,,,,,
,State Level Seats,,,,,,,,,,,,,,,,,,
,TFWS,,,,,,,,,,,,,,,,,,
17989,,,,,,,,,,,,,,,,,,,
Stage-I, ,,,,,,,,,,,,,,,,,,
(39.3989669),,,,,,,,,,,,,,,,,,,
,Legends :, ,"Legends: G-General, L-Ladies, S-State Level Seats ,PWD - Persons with Disabilities,DEF - Defence,PWDR :PWD Common Reserved Seat",,,,,,,,,,,,,,,,
"DEFR :Defense Common Reserved Seat ,* Maharashtra State Seats - Cut Off Indicates State General Merit No. ; Figures in bracket Indicates Merit Score",,,,,,,,,,,,,,,,,,,
,Page 106 of 188,,,,,,,,,,,,,,,,,,
GOVERNMENT OF MAHARASHTRA,,,,,,,,,,,,,,,,,,,
"State Common Entrance Test Cell, Mumbai.",,,,,,,,,,,,,,,,,,,
,Cut Off List for Maharashtra & Minority Seats of CAP Round-I for Admission to the First Year Post Graduate Technical Course in Master of Computer Applications (MCA) 2025-26,,,,,,,,,,,,,,,,,,
,5665 - Vidya Niketan Institute of Management And Computer Applications,,,,,,,,,,,,,,,,,,
,0566524210 - Master of Computer Applications,,,,,,,,,,,,,,,,,,
,Status :, ,Un-Aided,,,,,,,,,,,,,,,,
,Home University Seats,,,,,,,,,,,,,,,,,,
Home University Seats Allotted to Home University Candidates,,,,,,,,,,,,,,,,,,,
,GOPENH, ,GNTDH, ,GOBCH,,,,,,,,,,,,,,
13879,24031,20311,,,,,,,,,,,,,,,,,
Stage-I, ,,,,,,,,,,,,,,,,,,
(56.5488095),(9.7430286),(29.9046039),,,,,,,,,,,,,,,,,
,Other Than Home University Seats,,,,,,,,,,,,,,,,,,
Other Than Home University Seats Allotted to Other Than Home University Candidates,,,,,,,,,,,,,,,,,,,
,GOPENO, ,GOBCO,,,,,,,,,,,,,,,,
17563,23287,,,,,,,,,,,,,,,,,,
Stage-I, ,,,,,,,,,,,,,,,,,,
(41.4550394),(13.5402134),,,,,,,,,,,,,,,,,,
,Other Than Home University Seats Allotted to Home University Candidates,,,,,,,,,,,,,,,,,,
,GOBCO,,,,,,,,,,,,,,,,,,
21570,,,,,,,,,,,,,,,,,,,
Stage-I, ,,,,,,,,,,,,,,,,,,
(23.1010151),,,,,,,,,,,,,,,,,,,
,State Level Seats,,,,,,,,,,,,,,,,,,
,EWS, ,TFWS,,,,,,,,,,,,,,,,
25056,8316,,,,,,,,,,,,,,,,,,
Stage-I, ,,,,,,,,,,,,,,,,,,
(3.0466423),(74.782248),,,,,,,,,,,,,,,,,,
,Legends :, ,"Legends: G-General, L-Ladies, S-State Level Seats ,PWD - Persons with Disabilities,DEF - Defence,PWDR :PWD Common Reserved Seat",,,,,,,,,,,,,,,,
"DEFR :Defense Common Reserved Seat ,* Maharashtra State Seats - Cut Off Indicates State General Merit No. ; Figures in bracket Indicates Merit Score",,,,,,,,,,,,,,,,,,,
,Page 107 of 188,,,,,,,,,,,,,,,,,,
GOVERNMENT OF MAHARASHTRA,,,,,,,,,,,,,,,,,,,
"State Common Entrance Test Cell, Mumbai.",,,,,,,,,,,,,,,,,,,
,Cut Off List for Maharashtra & Minority Seats of CAP Round-I for Admission to the First Year Post Graduate Technical Course in Master of Computer Applications (MCA) 2025-26,,,,,,,,,,,,,,,,,,
,"5674 - Khandesh Education Society's Institute of Management and Technology, Amalner",,,,,,,,,,,,,,,,,,
,0567424110 - Master in Computer Application,,,,,,,,,,,,,,,,,,
,Status :, ,Un-Aided,,,,,,,,,,,,,,,,
,Home University Seats,,,,,,,,,,,,,,,,,,
Home University Seats Allotted to Home University Candidates,,,,,,,,,,,,,,,,,,,
,GOPENH, ,GSCH, ,GNTBH, ,GOBCH,,,,,,,,,,,,
9756,21371,15046,16578,,,,,,,,,,,,,,,,
Stage-I, ,,,,,,,,,,,,,,,,,,
(69.7143504),(23.1010151),(51.4093808),(44.5345198),,,,,,,,,,,,,,,,
,Other Than Home University Seats,,,,,,,,,,,,,,,,,,
Other Than Home University Seats Allotted to Other Than Home University Candidates,,,,,,,,,,,,,,,,,,,
,GOPENO,,,,,,,,,,,,,,,,,,
24859,,,,,,,,,,,,,,,,,,,
Stage-I, ,,,,,,,,,,,,,,,,,,
(4.302251),,,,,,,,,,,,,,,,,,,
,Other Than Home University Seats Allotted to Home University Candidates,,,,,,,,,,,,,,,,,,
,GOPENO, ,GOBCO,,,,,,,,,,,,,,,,
12809,17852,,,,,,,,,,,,,,,,,,
Stage-I, ,,,,,,,,,,,,,,,,,,
(58.7911466),(39.3989669),,,,,,,,,,,,,,,,,,
,State Level Seats,,,,,,,,,,,,,,,,,,
,EWS, ,TFWS,,,,,,,,,,,,,,,,
23110,17134,,,,,,,,,,,,,,,,,,
Stage-I, ,,,,,,,,,,,,,,,,,,
(13.5402134),(41.4550394),,,,,,,,,,,,,,,,,,
,Legends :, ,"Legends: G-General, L-Ladies, S-State Level Seats ,PWD - Persons with Disabilities,DEF - Defence,PWDR :PWD Common Reserved Seat",,,,,,,,,,,,,,,,
"DEFR :Defense Common Reserved Seat ,* Maharashtra State Seats - Cut Off Indicates State General Merit No. ; Figures in bracket Indicates Merit Score",,,,,,,,,,,,,,,,,,,
,Page 108 of 188,,,,,,,,,,,,,,,,,,
GOVERNMENT OF MAHARASHTRA,,,,,,,,,,,,,,,,,,,
"State Common Entrance Test Cell, Mumbai.",,,,,,,,,,,,,,,,,,,
,Cut Off List for Maharashtra & Minority Seats of CAP Round-I for Admission to the First Year Post Graduate Technical Course in Master of Computer Applications (MCA) 2025-26,,,,,,,,,,,,,,,,,,
,"6005 - Government College of Engineering, Karad",,,,,,,,,,,,,,,,,,
,0600524110 - Master in Computer Application,,,,,,,,,,,,,,,,,,
,Status :, ,Government-Autonomous,,,,,,,,,,,,,,,,
,Home University Seats,,,,,,,,,,,,,,,,,,
Home University Seats Allotted to Home University Candidates,,,,,,,,,,,,,,,,,,,
,GOPENH, ,GSCH, ,GSTH, ,GNTAH, ,GNTCH, ,GOBCH, ,GSEBCH, ,PWDOPENH,,,,
831,3808,20509,2921,2953,1465,1393,4050,,,,,,,,,,,,
Stage-I, ,,,,,,,,,,,,,,,,,,
(97.0718086),(89.1331398),(27.2744425),(90.9663786),(90.9663786),(95.2942951),(95.2942951),(87.3496474),,,,,,,,,,,,
,Other Than Home University Seats,,,,,,,,,,,,,,,,,,
Other Than Home University Seats Allotted to Other Than Home University Candidates,,,,,,,,,,,,,,,,,,,
,GOPENO, ,GSCO, ,GOBCO, ,GSEBCO,,,,,,,,,,,,
794,948,1362,2019,,,,,,,,,,,,,,,,
Stage-I, ,,,,,,,,,,,,,,,,,,
(97.0718086),(96.828928),(95.2942951),(93.405226),,,,,,,,,,,,,,,,
,State Level Seats,,,,,,,,,,,,,,,,,,
,EWS, ,TFWS,,,,,,,,,,,,,,,,
1703,589,,,,,,,,,,,,,,,,,,
Stage-I, ,,,,,,,,,,,,,,,,,,
(94.4270578),(97.8055126),,,,,,,,,,,,,,,,,,
,Legends :, ,"Legends: G-General, L-Ladies, S-State Level Seats ,PWD - Persons with Disabilities,DEF - Defence,PWDR :PWD Common Reserved Seat",,,,,,,,,,,,,,,,
"DEFR :Defense Common Reserved Seat ,* Maharashtra State Seats - Cut Off Indicates State General Merit No. ; Figures in bracket Indicates Merit Score",,,,,,,,,,,,,,,,,,,
,Page 109 of 188,,,,,,,,,,,,,,,,,,
GOVERNMENT OF MAHARASHTRA,,,,,,,,,,,,,,,,,,,
"State Common Entrance Test Cell, Mumbai.",,,,,,,,,,,,,,,,,,,
,Cut Off List for Maharashtra & Minority Seats of CAP Round-I for Admission to the First Year Post Graduate Technical Course in Master of Computer Applications (MCA) 2025-26,,,,,,,,,,,,,,,,,,
,"6029 - Yashwantrao Chavan School of Rural Development, Kolhapur",,,,,,,,,,,,,,,,,,
,0602924110 - Master in Computer Application,,,,,,,,,,,,,,,,,,
,Status :, ,University Department,,,,,,,,,,,,,,,,
,Home University Seats,,,,,,,,,,,,,,,,,,
Home University Seats Allotted to Home University Candidates,,,,,,,,,,,,,,,,,,,
,GOPENH, ,GSCH, ,GNTBH, ,GNTCH, ,GNTDH, ,GOBCH, ,GSEBCH,,,,,,
6468,21594,19406,18489,9279,16147,8931,,,,,,,,,,,,,
Stage-I, ,,,,,,,,,,,,,,,,,,
(80.5399495),(23.1010151),(31.6629561),(36.496736),(71.1549338),(46.3793819),(73.5368477),,,,,,,,,,,,,
,Other Than Home University Seats,,,,,,,,,,,,,,,,,,
Other Than Home University Seats Allotted to Other Than Home University Candidates,,,,,,,,,,,,,,,,,,,
,GOPENO, ,GSCO, ,GOBCO, ,GSEBCO,,,,,,,,,,,,
4266,9248,7881,5716,,,,,,,,,,,,,,,,
Stage-I, ,,,,,,,,,,,,,,,,,,
(87.2080299),(71.1549338),(76.9216256),(82.8308366),,,,,,,,,,,,,,,,
,Other Than Home University Seats Allotted to Home University Candidates,,,,,,,,,,,,,,,,,,
,GNTCO,,,,,,,,,,,,,,,,,,
22589,,,,,,,,,,,,,,,,,,,
Stage-I, ,,,,,,,,,,,,,,,,,,
(16.9789978),,,,,,,,,,,,,,,,,,,
,State Level Seats,,,,,,,,,,,,,,,,,,
,EWS, ,TFWS,,,,,,,,,,,,,,,,
15498,3063,,,,,,,,,,,,,,,,,,
Stage-I, ,,,,,,,,,,,,,,,,,,
(49.3533426),(90.7733494),,,,,,,,,,,,,,,,,,
,Legends :, ,"Legends: G-General, L-Ladies, S-State Level Seats ,PWD - Persons with Disabilities,DEF - Defence,PWDR :PWD Common Reserved Seat",,,,,,,,,,,,,,,,
"DEFR :Defense Common Reserved Seat ,* Maharashtra State Seats - Cut Off Indicates State General Merit No. ; Figures in bracket Indicates Merit Score",,,,,,,,,,,,,,,,,,,
,Page 110 of 188,,,,,,,,,,,,,,,,,,
GOVERNMENT OF MAHARASHTRA,,,,,,,,,,,,,,,,,,,
"State Common Entrance Test Cell, Mumbai.",,,,,,,,,,,,,,,,,,,
,Cut Off List for Maharashtra & Minority Seats of CAP Round-I for Admission to the First Year Post Graduate Technical Course in Master of Computer Applications (MCA) 2025-26,,,,,,,,,,,,,,,,,,
,"6031 - Punyashlok Ahilyadevi Holkar Solapur University, Solapur",,,,,,,,,,,,,,,,,,
,0603124110 - Master in Computer Application,,,,,,,,,,,,,,,,,,
,Status :, ,University Managed,,,,,,,,,,,,,,,,
,Other Than Home University Seats,,,,,,,,,,,,,,,,,,
Other Than Home University Seats Allotted to Other Than Home University Candidates,,,,,,,,,,,,,,,,,,,
,GOPENO, ,GSCO, ,GNTBO, ,GNTCO, ,GOBCO,,,,,,,,,,
19251,25190,21995,22472,22077,,,,,,,,,,,,,,,
Stage-I, ,,,,,,,,,,,,,,,,,,
(34.5198145),(2.0662871),(21.0059952),(16.9789978),(21.0059952),,,,,,,,,,,,,,,
,Other Than Home University Seats Allotted to Home University Candidates,,,,,,,,,,,,,,,,,,
,GSCO, ,GNTAO, ,GNTCO, ,GOBCO, ,GSEBCO,,,,,,,,,,
8401,16096,3124,10161,17788,,,,,,,,,,,,,,,
Stage-I, ,,,,,,,,,,,,,,,,,,
(74.782248),(46.3793819),(90.7733494),(69.7143504),(39.3989669),,,,,,,,,,,,,,,
,State Level Seats,,,,,,,,,,,,,,,,,,
,EWS, ,TFWS,,,,,,,,,,,,,,,,
12141,4876,,,,,,,,,,,,,,,,,,
Stage-I, ,,,,,,,,,,,,,,,,,,
(61.2807064),(85.2118788),,,,,,,,,,,,,,,,,,
,Legends :, ,"Legends: G-General, L-Ladies, S-State Level Seats ,PWD - Persons with Disabilities,DEF - Defence,PWDR :PWD Common Reserved Seat",,,,,,,,,,,,,,,,
"DEFR :Defense Common Reserved Seat ,* Maharashtra State Seats - Cut Off Indicates State General Merit No. ; Figures in bracket Indicates Merit Score",,,,,,,,,,,,,,,,,,,
,Page 111 of 188,,,,,,,,,,,,,,,,,,
GOVERNMENT OF MAHARASHTRA,,,,,,,,,,,,,,,,,,,
"State Common Entrance Test Cell, Mumbai.",,,,,,,,,,,,,,,,,,,
,Cut Off List for Maharashtra & Minority Seats of CAP Round-I for Admission to the First Year Post Graduate Technical Course in Master of Computer Applications (MCA) 2025-26,,,,,,,,,,,,,,,,,,
,"6033 - Department of Computer Science, Savitribai Phule Pune University, Pune",,,,,,,,,,,,,,,,,,
,0603324110 - Master in Computer Application,,,,,,,,,,,,,,,,,,
,Status :, ,University Department,,,,,,,,,,,,,,,,
,Home University Seats,,,,,,,,,,,,,,,,,,
Home University Seats Allotted to Home University Candidates,,,,,,,,,,,,,,,,,,,
,GOPENH, ,GSCH, ,GSTH, ,GNTAH, ,GNTCH, ,GOBCH, ,GSEBCH, ,PWDOPENH, ,PWDROBCH,,
214,840,1207,2065,253,361,413,5989,15631,,,,,,,,,,,
Stage-I, ,,,,,,,,,,,,,,,,,,
(99.113241),(97.0718086),(96.1125146),(93.405226),(98.9283423),(98.5181554),(98.3811932),(82.8308366),(49.3533426),,,,,,,,,,,
,Other Than Home University Seats,,,,,,,,,,,,,,,,,,
Other Than Home University Seats Allotted to Other Than Home University Candidates,,,,,,,,,,,,,,,,,,,
,GOPENO, ,GSTO, ,GOBCO, ,GSEBCO,,,,,,,,,,,,
83,2901,197,165,,,,,,,,,,,,,,,,
Stage-I, ,,,,,,,,,,,,,,,,,,
(99.6830308),(90.9663786),(99.113241),(99.2830459),,,,,,,,,,,,,,,,
,State Level Seats,,,,,,,,,,,,,,,,,,
,EWS, ,TFWS,,,,,,,,,,,,,,,,
405,44,,,,,,,,,,,,,,,,,,
Stage-I, ,,,,,,,,,,,,,,,,,,
(98.3811932),(99.74737),,,,,,,,,,,,,,,,,,
,Legends :, ,"Legends: G-General, L-Ladies, S-State Level Seats ,PWD - Persons with Disabilities,DEF - Defence,PWDR :PWD Common Reserved Seat",,,,,,,,,,,,,,,,
"DEFR :Defense Common Reserved Seat ,* Maharashtra State Seats - Cut Off Indicates State General Merit No. ; Figures in bracket Indicates Merit Score",,,,,,,,,,,,,,,,,,,
,Page 112 of 188,,,,,,,,,,,,,,,,,,
GOVERNMENT OF MAHARASHTRA,,,,,,,,,,,,,,,,,,,
"State Common Entrance Test Cell, Mumbai.",,,,,,,,,,,,,,,,,,,
,Cut Off List for Maharashtra & Minority Seats of CAP Round-I for Admission to the First Year Post Graduate Technical Course in Master of Computer Applications (MCA) 2025-26,,,,,,,,,,,,,,,,,,
,"6120 - Shri. Khanderai Pratishthans Dnyansagar Institute of Management and Research, Balewadi, Pune",,,,,,,,,,,,,,,,,,
,0612024110 - Master in Computer Application,,,,,,,,,,,,,,,,,,
,Status :, ,Un-Aided,,,,,,,,,,,,,,,,
,Home University Seats,,,,,,,,,,,,,,,,,,
Home University Seats Allotted to Home University Candidates,,,,,,,,,,,,,,,,,,,
,GOPENH, ,GSCH, ,GSTH, ,GNTAH, ,GNTBH, ,GNTCH, ,GNTDH, ,GOBCH, ,GSEBCH,,
9918,24417,24076,19321,16967,16365,24033,14218,19668,,,,,,,,,,,
Stage-I, ,,,,,,,,,,,,,,,,,,
(69.7143504),(7.4072677),(9.7430286),(34.5198145),(44.5345198),(46.3793819),(9.7430286),(53.942159),(31.6629561),,,,,,,,,,,
,Home University Seats Allotted to Other Than Home University Candidates,,,,,,,,,,,,,,,,,,
,GNTAH, ,GNTDH, ,GSEBCH, ,PWDOPENH,,,,,,,,,,,,
21766,9907,10114,19515,,,,,,,,,,,,,,,,
Stage-I, ,,,,,,,,,,,,,,,,,,
(21.0059952),(69.7143504),(69.7143504),(31.6629561),,,,,,,,,,,,,,,,
,Other Than Home University Seats,,,,,,,,,,,,,,,,,,
Other Than Home University Seats Allotted to Other Than Home University Candidates,,,,,,,,,,,,,,,,,,,
,GOPENO, ,GSCO, ,GNTAO, ,GNTBO, ,GNTCO, ,GNTDO, ,GOBCO, ,GSEBCO,,,,
6205,10897,13342,16566,12230,8743,7665,8552,,,,,,,,,,,,
Stage-I, ,,,,,,,,,,,,,,,,,,
(80.5399495),(65.8578922),(58.7911466),(44.5345198),(61.2807064),(73.5368477),(76.9216256),(73.5368477),,,,,,,,,,,,
,State Level Seats,,,,,,,,,,,,,,,,,,
,EWS, ,TFWS,,,,,,,,,,,,,,,,
23382,7065,,,,,,,,,,,,,,,,,,
Stage-I, ,,,,,,,,,,,,,,,,,,
(13.5402134),(77.8251197),,,,,,,,,,,,,,,,,,
,Legends :, ,"Legends: G-General, L-Ladies, S-State Level Seats ,PWD - Persons with Disabilities,DEF - Defence,PWDR :PWD Common Reserved Seat",,,,,,,,,,,,,,,,
"DEFR :Defense Common Reserved Seat ,* Maharashtra State Seats - Cut Off Indicates State General Merit No. ; Figures in bracket Indicates Merit Score",,,,,,,,,,,,,,,,,,,
,Page 113 of 188,,,,,,,,,,,,,,,,,,
GOVERNMENT OF MAHARASHTRA,,,,,,,,,,,,,,,,,,,
"State Common Entrance Test Cell, Mumbai.",,,,,,,,,,,,,,,,,,,
,Cut Off List for Maharashtra & Minority Seats of CAP Round-I for Admission to the First Year Post Graduate Technical Course in Master of Computer Applications (MCA) 2025-26,,,,,,,,,,,,,,,,,,
,"6129 - Jayawant Shikshan Prasarak Mandal's Jayawant Institute of Management Studies, Tathawade Pune-411033",,,,,,,,,,,,,,,,,,
,0612924110 - Master in Computer Application,,,,,,,,,,,,,,,,,,
,Status :, ,Un-Aided,,,,,,,,,,,,,,,,
,Home University Seats,,,,,,,,,,,,,,,,,,
Home University Seats Allotted to Home University Candidates,,,,,,,,,,,,,,,,,,,
,GOPENH, ,GSCH, ,GSTH, ,GNTAH, ,GNTBH, ,GNTCH, ,GNTDH, ,GOBCH, ,GSEBCH,,
1935,7440,14423,16059,5337,2506,4776,2239,3180,,,,,,,,,,,
Stage-I, ,,,,,,,,,,,,,,,,,,
(93.5511867),(76.9216256),(53.942159),(46.3793819),(82.9644433),(92.1797821),(85.3851665),(92.3361383),(90.7733494),,,,,,,,,,,
,Other Than Home University Seats,,,,,,,,,,,,,,,,,,
Other Than Home University Seats Allotted to Other Than Home University Candidates,,,,,,,,,,,,,,,,,,,
,GOPENO, ,GSCO, ,GNTAO, ,GNTCO, ,GOBCO, ,GSEBCO,,,,,,,,
1252,1986,3251,1791,1273,1306,,,,,,,,,,,,,,
Stage-I, ,,,,,,,,,,,,,,,,,,
(95.5548847),(93.5511867),(89.1966341),(94.4270578),(95.5548847),(95.5548847),,,,,,,,,,,,,,
,State Level Seats,,,,,,,,,,,,,,,,,,
,EWS, ,TFWS,,,,,,,,,,,,,,,,
2905,772,,,,,,,,,,,,,,,,,,
Stage-I, ,,,,,,,,,,,,,,,,,,
(90.9663786),(97.390747),,,,,,,,,,,,,,,,,,
,Legends :, ,"Legends: G-General, L-Ladies, S-State Level Seats ,PWD - Persons with Disabilities,DEF - Defence,PWDR :PWD Common Reserved Seat",,,,,,,,,,,,,,,,
"DEFR :Defense Common Reserved Seat ,* Maharashtra State Seats - Cut Off Indicates State General Merit No. ; Figures in bracket Indicates Merit Score",,,,,,,,,,,,,,,,,,,
,Page 114 of 188,,,,,,,,,,,,,,,,,,
GOVERNMENT OF MAHARASHTRA,,,,,,,,,,,,,,,,,,,
"State Common Entrance Test Cell, Mumbai.",,,,,,,,,,,,,,,,,,,
,Cut Off List for Maharashtra & Minority Seats of CAP Round-I for Admission to the First Year Post Graduate Technical Course in Master of Computer Applications (MCA) 2025-26,,,,,,,,,,,,,,,,,,
,"6137 - Vidya Pratishthan Institute of Information Technology, Baramati, Pune",,,,,,,,,,,,,,,,,,
,0613724110 - Master in Computer Application,,,,,,,,,,,,,,,,,,
,Status :, ,Un-Aided,,,,,,,,,,,,,,,,
,Home University Seats,,,,,,,,,,,,,,,,,,
Home University Seats Allotted to Home University Candidates,,,,,,,,,,,,,,,,,,,
,GOPENH, ,GSCH, ,GNTAH, ,GNTCH, ,GOBCH, ,GSEBCH,,,,,,,,
4435,14500,6393,6557,6430,9246,,,,,,,,,,,,,,
Stage-I, ,,,,,,,,,,,,,,,,,,
(85.3851665),(53.942159),(80.5399495),(79.9969812),(80.5399495),(71.1549338),,,,,,,,,,,,,,
,Other Than Home University Seats,,,,,,,,,,,,,,,,,,
Other Than Home University Seats Allotted to Other Than Home University Candidates,,,,,,,,,,,,,,,,,,,
,GOPENO, ,GSCO, ,GNTBO, ,GOBCO, ,GSEBCO,,,,,,,,,,
2149,5084,5207,3537,2783,,,,,,,,,,,,,,,
Stage-I, ,,,,,,,,,,,,,,,,,,
(93.405226),(85.2118788),(85.2118788),(89.1966341),(90.9663786),,,,,,,,,,,,,,,
,State Level Seats,,,,,,,,,,,,,,,,,,
,EWS, ,TFWS,,,,,,,,,,,,,,,,
12534,2661,,,,,,,,,,,,,,,,,,
Stage-I, ,,,,,,,,,,,,,,,,,,
(61.2807064),(92.1797821),,,,,,,,,,,,,,,,,,
,Legends :, ,"Legends: G-General, L-Ladies, S-State Level Seats ,PWD - Persons with Disabilities,DEF - Defence,PWDR :PWD Common Reserved Seat",,,,,,,,,,,,,,,,
"DEFR :Defense Common Reserved Seat ,* Maharashtra State Seats - Cut Off Indicates State General Merit No. ; Figures in bracket Indicates Merit Score",,,,,,,,,,,,,,,,,,,
,Page 115 of 188,,,,,,,,,,,,,,,,,,
GOVERNMENT OF MAHARASHTRA,,,,,,,,,,,,,,,,,,,
"State Common Entrance Test Cell, Mumbai.",,,,,,,,,,,,,,,,,,,
,Cut Off List for Maharashtra & Minority Seats of CAP Round-I for Admission to the First Year Post Graduate Technical Course in Master of Computer Applications (MCA) 2025-26,,,,,,,,,,,,,,,,,,
,"6138 - Genba Sopanrao Moze Trust Parvatibai Genba Moze College of Engineering,Wagholi, Pune",,,,,,,,,,,,,,,,,,
,0613824110 - Master in Computer Application,,,,,,,,,,,,,,,,,,
,Status :, ,Un-Aided,,,,,,,,,,,,,,,,
,Home University Seats,,,,,,,,,,,,,,,,,,
Home University Seats Allotted to Home University Candidates,,,,,,,,,,,,,,,,,,,
,GOPENH, ,GSCH, ,GNTBH, ,GNTCH, ,GNTDH, ,GOBCH, ,GSEBCH,,,,,,
5380,14376,21192,17456,13808,8246,15549,,,,,,,,,,,,,
Stage-I, ,,,,,,,,,,,,,,,,,,
(82.9644433),(53.942159),(25.4779232),(41.4550394),(56.5488095),(74.782248),(49.3533426),,,,,,,,,,,,,
,Home University Seats Allotted to Other Than Home University Candidates,,,,,,,,,,,,,,,,,,
,GNTAH,,,,,,,,,,,,,,,,,,
8481,,,,,,,,,,,,,,,,,,,
Stage-I, ,,,,,,,,,,,,,,,,,,
(74.782248),,,,,,,,,,,,,,,,,,,
,Other Than Home University Seats,,,,,,,,,,,,,,,,,,
Other Than Home University Seats Allotted to Other Than Home University Candidates,,,,,,,,,,,,,,,,,,,
,GOPENO, ,GSCO, ,GNTCO, ,GOBCO, ,GSEBCO,,,,,,,,,,
5037,9415,7044,5856,6800,,,,,,,,,,,,,,,
Stage-I, ,,,,,,,,,,,,,,,,,,
(85.2118788),(71.1549338),(77.8251197),(82.8308366),(79.9969812),,,,,,,,,,,,,,,
,State Level Seats,,,,,,,,,,,,,,,,,,
,EWS, ,TFWS,,,,,,,,,,,,,,,,
21690,3444,,,,,,,,,,,,,,,,,,
Stage-I, ,,,,,,,,,,,,,,,,,,
(21.0059952),(89.1966341),,,,,,,,,,,,,,,,,,
,Legends :, ,"Legends: G-General, L-Ladies, S-State Level Seats ,PWD - Persons with Disabilities,DEF - Defence,PWDR :PWD Common Reserved Seat",,,,,,,,,,,,,,,,
"DEFR :Defense Common Reserved Seat ,* Maharashtra State Seats - Cut Off Indicates State General Merit No. ; Figures in bracket Indicates Merit Score",,,,,,,,,,,,,,,,,,,
,Page 116 of 188,,,,,,,,,,,,,,,,,,
GOVERNMENT OF MAHARASHTRA,,,,,,,,,,,,,,,,,,,
"State Common Entrance Test Cell, Mumbai.",,,,,,,,,,,,,,,,,,,
,Cut Off List for Maharashtra & Minority Seats of CAP Round-I for Admission to the First Year Post Graduate Technical Course in Master of Computer Applications (MCA) 2025-26,,,,,,,,,,,,,,,,,,
,"6139 - Progressive Education Society's Modern College of Engineering, Pune",,,,,,,,,,,,,,,,,,
,0613924110 - Master in Computer Application,,,,,,,,,,,,,,,,,,
,Status :, ,Un-Aided-Autonomous,,,,,,,,,,,,,,,,
,Home University Seats,,,,,,,,,,,,,,,,,,
Home University Seats Allotted to Home University Candidates,,,,,,,,,,,,,,,,,,,
,GOPENH, ,GSCH, ,GSTH, ,GNTAH, ,GNTBH, ,GNTCH, ,GNTDH, ,GOBCH, ,GSEBCH, ,PWDOPENH
1232,3629,12675,2106,3432,2391,1674,1821,2257,18484,,,,,,,,,,
Stage-I, ,,,,,,,,,,,,,,,,,,
(95.5548847),(89.1331398),(61.2807064),(93.405226),(89.1966341),(92.3361383),(94.4270578),(94.4270578),(92.3361383),(36.496736),,,,,,,,,,
,Other Than Home University Seats,,,,,,,,,,,,,,,,,,
Other Than Home University Seats Allotted to Other Than Home University Candidates,,,,,,,,,,,,,,,,,,,
,GOPENO, ,GSCO, ,GSTO, ,GNTAO, ,GNTCO, ,GNTDO, ,GOBCO, ,GSEBCO,,,,
730,953,8274,1190,1263,1382,1216,1048,,,,,,,,,,,,
Stage-I, ,,,,,,,,,,,,,,,,,,
(97.390747),(96.828928),(74.782248),(96.1125146),(95.5548847),(95.2942951),(96.1125146),(96.392589),,,,,,,,,,,,
,State Level Seats,,,,,,,,,,,,,,,,,,
,EWS, ,TFWS,,,,,,,,,,,,,,,,
2463,460,,,,,,,,,,,,,,,,,,
Stage-I, ,,,,,,,,,,,,,,,,,,
(92.1797821),(98.2089665),,,,,,,,,,,,,,,,,,
,Legends :, ,"Legends: G-General, L-Ladies, S-State Level Seats ,PWD - Persons with Disabilities,DEF - Defence,PWDR :PWD Common Reserved Seat",,,,,,,,,,,,,,,,
"DEFR :Defense Common Reserved Seat ,* Maharashtra State Seats - Cut Off Indicates State General Merit No. ; Figures in bracket Indicates Merit Score",,,,,,,,,,,,,,,,,,,
,Page 117 of 188,,,,,,,,,,,,,,,,,,
GOVERNMENT OF MAHARASHTRA,,,,,,,,,,,,,,,,,,,
"State Common Entrance Test Cell, Mumbai.",,,,,,,,,,,,,,,,,,,
,Cut Off List for Maharashtra & Minority Seats of CAP Round-I for Admission to the First Year Post Graduate Technical Course in Master of Computer Applications (MCA) 2025-26,,,,,,,,,,,,,,,,,,
,"6140 - Dnyan Kala Krida & Krishi Prathishtan's Maharashtra Institute of Management, Kalamb, Pune",,,,,,,,,,,,,,,,,,
,0614024110 - Master in Computer Application,,,,,,,,,,,,,,,,,,
,Status :, ,Un-Aided,,,,,,,,,,,,,,,,
,Home University Seats,,,,,,,,,,,,,,,,,,
Home University Seats Allotted to Home University Candidates,,,,,,,,,,,,,,,,,,,
,GOPENH, ,GSCH, ,GNTCH, ,GOBCH,,,,,,,,,,,,
13245,25412,18171,22609,,,,,,,,,,,,,,,,
Stage-I, ,,,,,,,,,,,,,,,,,,
(58.7911466),(0.5995249),(39.3989669),(16.9789978),,,,,,,,,,,,,,,,
,Home University Seats Allotted to Other Than Home University Candidates,,,,,,,,,,,,,,,,,,
,GSCH, ,GNTAH, ,GSEBCH,,,,,,,,,,,,,,
20113,21501,16912,,,,,,,,,,,,,,,,,
Stage-I, ,,,,,,,,,,,,,,,,,,
(29.9046039),(23.1010151),(44.5345198),,,,,,,,,,,,,,,,,
,Other Than Home University Seats,,,,,,,,,,,,,,,,,,
Other Than Home University Seats Allotted to Other Than Home University Candidates,,,,,,,,,,,,,,,,,,,
,GOPENO, ,GSCO, ,GOBCO, ,GSEBCO,,,,,,,,,,,,
10440,17183,10612,11245,,,,,,,,,,,,,,,,
Stage-I, ,,,,,,,,,,,,,,,,,,
(67.3579428),(41.4550394),(67.3579428),(65.8578922),,,,,,,,,,,,,,,,
,State Level Seats,,,,,,,,,,,,,,,,,,
,TFWS,,,,,,,,,,,,,,,,,,
7627,,,,,,,,,,,,,,,,,,,
Stage-I, ,,,,,,,,,,,,,,,,,,
(76.9216256),,,,,,,,,,,,,,,,,,,
,Legends :, ,"Legends: G-General, L-Ladies, S-State Level Seats ,PWD - Persons with Disabilities,DEF - Defence,PWDR :PWD Common Reserved Seat",,,,,,,,,,,,,,,,
"DEFR :Defense Common Reserved Seat ,* Maharashtra State Seats - Cut Off Indicates State General Merit No. ; Figures in bracket Indicates Merit Score",,,,,,,,,,,,,,,,,,,
,Page 118 of 188,,,,,,,,,,,,,,,,,,
GOVERNMENT OF MAHARASHTRA,,,,,,,,,,,,,,,,,,,
"State Common Entrance Test Cell, Mumbai.",,,,,,,,,,,,,,,,,,,
,Cut Off List for Maharashtra & Minority Seats of CAP Round-I for Admission to the First Year Post Graduate Technical Course in Master of Computer Applications (MCA) 2025-26,,,,,,,,,,,,,,,,,,
,"6141 - Jaywant Shikshan Prasarak Mandal's,Rajarshi Shahu College of Engineering, Tathawade, Pune",,,,,,,,,,,,,,,,,,
,0614124110 - Master in Computer Application,,,,,,,,,,,,,,,,,,
,Status :, ,Un-Aided-Autonomous,,,,,,,,,,,,,,,,
,Home University Seats,,,,,,,,,,,,,,,,,,
Home University Seats Allotted to Home University Candidates,,,,,,,,,,,,,,,,,,,
,GOPENH, ,GSCH, ,GSTH, ,GNTAH, ,GNTBH, ,GNTCH, ,GNTDH, ,GOBCH, ,GSEBCH, ,PWDOPENH
1307,4639,2450,6372,4148,1488,4542,1524,3115,13608,,,,,,,,,,
Stage-I, ,,,,,,,,,,,,,,,,,,
(95.5548847),(85.3851665),(92.1797821),(80.5399495),(87.2080299),(94.6454851),(85.3851665),(94.6454851),(90.7733494),(56.5488095),,,,,,,,,,
,Other Than Home University Seats,,,,,,,,,,,,,,,,,,
Other Than Home University Seats Allotted to Other Than Home University Candidates,,,,,,,,,,,,,,,,,,,
,GOPENO, ,GSCO, ,GSTO, ,GNTAO, ,GNTCO, ,GOBCO, ,GSEBCO,,,,,,
470,1246,2773,2902,617,727,719,,,,,,,,,,,,,
Stage-I, ,,,,,,,,,,,,,,,,,,
(98.2089665),(95.5548847),(90.9663786),(90.9663786),(97.6265047),(97.390747),(97.390747),,,,,,,,,,,,,
,State Level Seats,,,,,,,,,,,,,,,,,,
,EWS, ,TFWS,,,,,,,,,,,,,,,,
2247,331,,,,,,,,,,,,,,,,,,
Stage-I, ,,,,,,,,,,,,,,,,,,
(92.3361383),(98.6717482),,,,,,,,,,,,,,,,,,
,Legends :, ,"Legends: G-General, L-Ladies, S-State Level Seats ,PWD - Persons with Disabilities,DEF - Defence,PWDR :PWD Common Reserved Seat",,,,,,,,,,,,,,,,
"DEFR :Defense Common Reserved Seat ,* Maharashtra State Seats - Cut Off Indicates State General Merit No. ; Figures in bracket Indicates Merit Score",,,,,,,,,,,,,,,,,,,
,Page 119 of 188,,,,,,,,,,,,,,,,,,
GOVERNMENT OF MAHARASHTRA,,,,,,,,,,,,,,,,,,,
"State Common Entrance Test Cell, Mumbai.",,,,,,,,,,,,,,,,,,,
,Cut Off List for Maharashtra & Minority Seats of CAP Round-I for Admission to the First Year Post Graduate Technical Course in Master of Computer Applications (MCA) 2025-26,,,,,,,,,,,,,,,,,,
,"6144 - Genba Sopanrao Moze College of Engineering, Baner-Balewadi, Pune",,,,,,,,,,,,,,,,,,
,0614424110 - Master in Computer Application,,,,,,,,,,,,,,,,,,
,Status :, ,Un-Aided,,,,,,,,,,,,,,,,
,Home University Seats,,,,,,,,,,,,,,,,,,
Home University Seats Allotted to Home University Candidates,,,,,,,,,,,,,,,,,,,
,GOPENH, ,GSCH, ,GNTBH, ,GNTCH, ,GNTDH, ,GOBCH, ,GSEBCH,,,,,,
6087,12788,21796,12323,16307,10198,16800,,,,,,,,,,,,,
Stage-I, ,,,,,,,,,,,,,,,,,,
(82.8308366),(58.7911466),(21.0059952),(61.2807064),(46.3793819),(67.3579428),(44.5345198),,,,,,,,,,,,,
,Home University Seats Allotted to Other Than Home University Candidates,,,,,,,,,,,,,,,,,,
,GSEBCH,,,,,,,,,,,,,,,,,,
6549,,,,,,,,,,,,,,,,,,,
Stage-I, ,,,,,,,,,,,,,,,,,,
(79.9969812),,,,,,,,,,,,,,,,,,,
,Other Than Home University Seats,,,,,,,,,,,,,,,,,,
Other Than Home University Seats Allotted to Other Than Home University Candidates,,,,,,,,,,,,,,,,,,,
,GOPENO, ,GSCO, ,GNTBO, ,GOBCO, ,GSEBCO,,,,,,,,,,
2335,8675,13935,4472,6125,,,,,,,,,,,,,,,
Stage-I, ,,,,,,,,,,,,,,,,,,
(92.3361383),(73.5368477),(56.5488095),(85.3851665),(80.5399495),,,,,,,,,,,,,,,
,State Level Seats,,,,,,,,,,,,,,,,,,
,EWS, ,TFWS,,,,,,,,,,,,,,,,
17861,2169,,,,,,,,,,,,,,,,,,
Stage-I, ,,,,,,,,,,,,,,,,,,
(39.3989669),(93.405226),,,,,,,,,,,,,,,,,,
,Legends :, ,"Legends: G-General, L-Ladies, S-State Level Seats ,PWD - Persons with Disabilities,DEF - Defence,PWDR :PWD Common Reserved Seat",,,,,,,,,,,,,,,,
"DEFR :Defense Common Reserved Seat ,* Maharashtra State Seats - Cut Off Indicates State General Merit No. ; Figures in bracket Indicates Merit Score",,,,,,,,,,,,,,,,,,,
,Page 120 of 188,,,,,,,,,,,,,,,,,,
GOVERNMENT OF MAHARASHTRA,,,,,,,,,,,,,,,,,,,
"State Common Entrance Test Cell, Mumbai.",,,,,,,,,,,,,,,,,,,
,Cut Off List for Maharashtra & Minority Seats of CAP Round-I for Admission to the First Year Post Graduate Technical Course in Master of Computer Applications (MCA) 2025-26,,,,,,,,,,,,,,,,,,
,"6145 - JSPM'S Jaywantrao Sawant College of Engineering,Pune",,,,,,,,,,,,,,,,,,
,0614524110 - Master in Computer Application,,,,,,,,,,,,,,,,,,
,Status :, ,Un-Aided,,,,,,,,,,,,,,,,
,Home University Seats,,,,,,,,,,,,,,,,,,
Home University Seats Allotted to Home University Candidates,,,,,,,,,,,,,,,,,,,
,GOPENH, ,GSCH, ,GNTAH, ,GNTBH, ,GNTCH, ,GOBCH, ,GSEBCH,,,,,,
1849,5661,5022,6214,3269,2407,4782,,,,,,,,,,,,,
Stage-I, ,,,,,,,,,,,,,,,,,,
(93.5511867),(82.8308366),(85.2118788),(80.5399495),(89.1966341),(92.3361383),(85.3851665),,,,,,,,,,,,,
,Other Than Home University Seats,,,,,,,,,,,,,,,,,,
Other Than Home University Seats Allotted to Other Than Home University Candidates,,,,,,,,,,,,,,,,,,,
,GOPENO, ,GSCO, ,GSTO, ,GNTCO, ,GOBCO, ,GSEBCO,,,,,,,,
1539,2358,16554,2674,1695,1910,,,,,,,,,,,,,,
Stage-I, ,,,,,,,,,,,,,,,,,,
(94.6454851),(92.3361383),(44.5345198),(90.9663786),(94.4270578),(93.5511867),,,,,,,,,,,,,,
,State Level Seats,,,,,,,,,,,,,,,,,,
,EWS, ,TFWS,,,,,,,,,,,,,,,,
3831,940,,,,,,,,,,,,,,,,,,
Stage-I, ,,,,,,,,,,,,,,,,,,
(89.1331398),(96.828928),,,,,,,,,,,,,,,,,,
,Legends :, ,"Legends: G-General, L-Ladies, S-State Level Seats ,PWD - Persons with Disabilities,DEF - Defence,PWDR :PWD Common Reserved Seat",,,,,,,,,,,,,,,,
"DEFR :Defense Common Reserved Seat ,* Maharashtra State Seats - Cut Off Indicates State General Merit No. ; Figures in bracket Indicates Merit Score",,,,,,,,,,,,,,,,,,,
,Page 121 of 188,,,,,,,,,,,,,,,,,,
GOVERNMENT OF MAHARASHTRA,,,,,,,,,,,,,,,,,,,
"State Common Entrance Test Cell, Mumbai.",,,,,,,,,,,,,,,,,,,
,Cut Off List for Maharashtra & Minority Seats of CAP Round-I for Admission to the First Year Post Graduate Technical Course in Master of Computer Applications (MCA) 2025-26,,,,,,,,,,,,,,,,,,
,"6152 - Zeal Education Society's Zeal Institute of Business Administration, Computer Application and Research, Pune",,,,,,,,,,,,,,,,,,
,0615224110 - Master in Computer Application,,,,,,,,,,,,,,,,,,
,Status :, ,Un-Aided,,,,,,,,,,,,,,,,
,Home University Seats,,,,,,,,,,,,,,,,,,
Home University Seats Allotted to Home University Candidates,,,,,,,,,,,,,,,,,,,
,GOPENH, ,GSCH, ,GNTAH, ,GNTBH, ,GNTCH, ,GNTDH, ,GOBCH, ,GSEBCH,,,,
6545,17032,24351,15678,14810,14836,9205,14759,,,,,,,,,,,,
Stage-I, ,,,,,,,,,,,,,,,,,,
(79.9969812),(44.5345198),(7.4072677),(49.3533426),(51.4093808),(51.4093808),(71.1549338),(51.4093808),,,,,,,,,,,,
,Home University Seats Allotted to Other Than Home University Candidates,,,,,,,,,,,,,,,,,,
,GNTAH, ,PWDOPENH,,,,,,,,,,,,,,,,
17690,18121,,,,,,,,,,,,,,,,,,
Stage-I, ,,,,,,,,,,,,,,,,,,
(39.3989669),(39.3989669),,,,,,,,,,,,,,,,,,
,Other Than Home University Seats,,,,,,,,,,,,,,,,,,
Other Than Home University Seats Allotted to Other Than Home University Candidates,,,,,,,,,,,,,,,,,,,
,GOPENO, ,GSCO, ,GNTAO, ,GNTBO, ,GNTCO, ,GNTDO, ,GOBCO, ,GSEBCO,,,,
4170,8025,11504,6389,5820,5986,5434,5219,,,,,,,,,,,,
Stage-I, ,,,,,,,,,,,,,,,,,,
(87.2080299),(74.782248),(63.1574978),(80.5399495),(82.8308366),(82.8308366),(82.9644433),(82.9644433),,,,,,,,,,,,
,State Level Seats,,,,,,,,,,,,,,,,,,
,EWS, ,TFWS,,,,,,,,,,,,,,,,
18963,3004,,,,,,,,,,,,,,,,,,
Stage-I, ,,,,,,,,,,,,,,,,,,
(34.5198145),(90.7733494),,,,,,,,,,,,,,,,,,
,Legends :, ,"Legends: G-General, L-Ladies, S-State Level Seats ,PWD - Persons with Disabilities,DEF - Defence,PWDR :PWD Common Reserved Seat",,,,,,,,,,,,,,,,
"DEFR :Defense Common Reserved Seat ,* Maharashtra State Seats - Cut Off Indicates State General Merit No. ; Figures in bracket Indicates Merit Score",,,,,,,,,,,,,,,,,,,
,Page 122 of 188,,,,,,,,,,,,,,,,,,
GOVERNMENT OF MAHARASHTRA,,,,,,,,,,,,,,,,,,,
"State Common Entrance Test Cell, Mumbai.",,,,,,,,,,,,,,,,,,,
,Cut Off List for Maharashtra & Minority Seats of CAP Round-I for Admission to the First Year Post Graduate Technical Course in Master of Computer Applications (MCA) 2025-26,,,,,,,,,,,,,,,,,,
,"6154 - Institute of Industrial & Computer Management & Research, Nigdi, Pune",,,,,,,,,,,,,,,,,,
,0615424110 - Master in Computer Application,,,,,,,,,,,,,,,,,,
,Status :, ,Un-Aided-Linguistic Minority - Konkani,,,,,,,,,,,,,,,,
,Home University Seats,,,,,,,,,,,,,,,,,,
Home University Seats Allotted to Home University Candidates,,,,,,,,,,,,,,,,,,,
,GOPENH,,,,,,,,,,,,,,,,,,
3007,,,,,,,,,,,,,,,,,,,
Stage-I, ,,,,,,,,,,,,,,,,,,
(90.7733494),,,,,,,,,,,,,,,,,,,
,Other Than Home University Seats,,,,,,,,,,,,,,,,,,
Other Than Home University Seats Allotted to Other Than Home University Candidates,,,,,,,,,,,,,,,,,,,
,GOPENO,,,,,,,,,,,,,,,,,,
1845,,,,,,,,,,,,,,,,,,,
Stage-I, ,,,,,,,,,,,,,,,,,,
(93.5511867),,,,,,,,,,,,,,,,,,,
,State Level Seats,,,,,,,,,,,,,,,,,,
,TFWS,,,,,,,,,,,,,,,,,,
1078,,,,,,,,,,,,,,,,,,,
Stage-I, ,,,,,,,,,,,,,,,,,,
(96.392589),,,,,,,,,,,,,,,,,,,
,Legends :, ,"Legends: G-General, L-Ladies, S-State Level Seats ,PWD - Persons with Disabilities,DEF - Defence,PWDR :PWD Common Reserved Seat",,,,,,,,,,,,,,,,
"DEFR :Defense Common Reserved Seat ,* Maharashtra State Seats - Cut Off Indicates State General Merit No. ; Figures in bracket Indicates Merit Score",,,,,,,,,,,,,,,,,,,
,Page 123 of 188,,,,,,,,,,,,,,,,,,
GOVERNMENT OF MAHARASHTRA,,,,,,,,,,,,,,,,,,,
"State Common Entrance Test Cell, Mumbai.",,,,,,,,,,,,,,,,,,,
,Cut Off List for Maharashtra & Minority Seats of CAP Round-I for Admission to the First Year Post Graduate Technical Course in Master of Computer Applications (MCA) 2025-26,,,,,,,,,,,,,,,,,,
,"6155 - G.H.Raisoni College of Engineering & Management, Wagholi, Pune",,,,,,,,,,,,,,,,,,
,0615524110 - Master in Computer Application,,,,,,,,,,,,,,,,,,
,Status :, ,Un-Aided-Autonomous-Linguistic Minority - Hindi,,,,,,,,,,,,,,,,
,Home University Seats,,,,,,,,,,,,,,,,,,
Home University Seats Allotted to Home University Candidates,,,,,,,,,,,,,,,,,,,
,GOPENH,,,,,,,,,,,,,,,,,,
4468,,,,,,,,,,,,,,,,,,,
Stage-I, ,,,,,,,,,,,,,,,,,,
(85.3851665),,,,,,,,,,,,,,,,,,,
,Other Than Home University Seats,,,,,,,,,,,,,,,,,,
Other Than Home University Seats Allotted to Other Than Home University Candidates,,,,,,,,,,,,,,,,,,,
,GOPENO,,,,,,,,,,,,,,,,,,
2837,,,,,,,,,,,,,,,,,,,
Stage-I, ,,,,,,,,,,,,,,,,,,
(90.9663786),,,,,,,,,,,,,,,,,,,
,State Level Seats,,,,,,,,,,,,,,,,,,
,TFWS,,,,,,,,,,,,,,,,,,
2078,,,,,,,,,,,,,,,,,,,
Stage-I, ,,,,,,,,,,,,,,,,,,
(93.405226),,,,,,,,,,,,,,,,,,,
,Minority Seats : Minority Seats Allotted to Minority Candidates,,,,,,,,,,,,,,,,,,
,MI,,,,,,,,,,,,,,,,,,
25247,,,,,,,,,,,,,,,,,,,
Stage-I, ,,,,,,,,,,,,,,,,,,
(2.0301121),,,,,,,,,,,,,,,,,,,
,Legends :, ,"Legends: G-General, L-Ladies, S-State Level Seats ,PWD - Persons with Disabilities,DEF - Defence,PWDR :PWD Common Reserved Seat",,,,,,,,,,,,,,,,
"DEFR :Defense Common Reserved Seat ,* Maharashtra State Seats - Cut Off Indicates State General Merit No. ; Figures in bracket Indicates Merit Score",,,,,,,,,,,,,,,,,,,
,Page 124 of 188,,,,,,,,,,,,,,,,,,
GOVERNMENT OF MAHARASHTRA,,,,,,,,,,,,,,,,,,,
"State Common Entrance Test Cell, Mumbai.",,,,,,,,,,,,,,,,,,,
,Cut Off List for Maharashtra & Minority Seats of CAP Round-I for Admission to the First Year Post Graduate Technical Course in Master of Computer Applications (MCA) 2025-26,,,,,,,,,,,,,,,,,,
,"6158 - Rajmata Jijau Shikshan Prasarak Mandal's Institute of Computer and Management Research, Dudulgaon, Pune",,,,,,,,,,,,,,,,,,
,0615824110 - Master in Computer Application,,,,,,,,,,,,,,,,,,
,Status :, ,Un-Aided,,,,,,,,,,,,,,,,
,Home University Seats,,,,,,,,,,,,,,,,,,
Home University Seats Allotted to Home University Candidates,,,,,,,,,,,,,,,,,,,
,GOPENH, ,GSCH, ,GNTAH, ,GNTBH, ,GNTCH, ,GOBCH, ,GSEBCH,,,,,,
7951,19545,17994,16306,13698,13151,21189,,,,,,,,,,,,,
Stage-I, ,,,,,,,,,,,,,,,,,,
(74.782248),(31.6629561),(39.3989669),(46.3793819),(56.5488095),(58.7911466),(25.4779232),,,,,,,,,,,,,
,Home University Seats Allotted to Other Than Home University Candidates,,,,,,,,,,,,,,,,,,
,GSEBCH,,,,,,,,,,,,,,,,,,
10559,,,,,,,,,,,,,,,,,,,
Stage-I, ,,,,,,,,,,,,,,,,,,
(67.3579428),,,,,,,,,,,,,,,,,,,
,Other Than Home University Seats,,,,,,,,,,,,,,,,,,
Other Than Home University Seats Allotted to Other Than Home University Candidates,,,,,,,,,,,,,,,,,,,
,GOPENO, ,GSCO, ,GSTO, ,GNTAO, ,GOBCO, ,GSEBCO,,,,,,,,
5676,7516,5923,8289,7668,8173,,,,,,,,,,,,,,
Stage-I, ,,,,,,,,,,,,,,,,,,
(82.8308366),(76.9216256),(82.8308366),(74.782248),(76.9216256),(74.782248),,,,,,,,,,,,,,
,Other Than Home University Seats Allotted to Home University Candidates,,,,,,,,,,,,,,,,,,
,GNTDO,,,,,,,,,,,,,,,,,,
15785,,,,,,,,,,,,,,,,,,,
Stage-I, ,,,,,,,,,,,,,,,,,,
(49.3533426),,,,,,,,,,,,,,,,,,,
,State Level Seats,,,,,,,,,,,,,,,,,,
,EWS, ,TFWS,,,,,,,,,,,,,,,,
13058,1954,,,,,,,,,,,,,,,,,,
Stage-I, ,,,,,,,,,,,,,,,,,,
(58.7911466),(93.5511867),,,,,,,,,,,,,,,,,,
,Legends :, ,"Legends: G-General, L-Ladies, S-State Level Seats ,PWD - Persons with Disabilities,DEF - Defence,PWDR :PWD Common Reserved Seat",,,,,,,,,,,,,,,,
"DEFR :Defense Common Reserved Seat ,* Maharashtra State Seats - Cut Off Indicates State General Merit No. ; Figures in bracket Indicates Merit Score",,,,,,,,,,,,,,,,,,,
,Page 125 of 188,,,,,,,,,,,,,,,,,,
GOVERNMENT OF MAHARASHTRA,,,,,,,,,,,,,,,,,,,
"State Common Entrance Test Cell, Mumbai.",,,,,,,,,,,,,,,,,,,
,Cut Off List for Maharashtra & Minority Seats of CAP Round-I for Admission to the First Year Post Graduate Technical Course in Master of Computer Applications (MCA) 2025-26,,,,,,,,,,,,,,,,,,
,"6164 - Psd Shastri Educational Foundation's Asma Institute Of Management, Pune",,,,,,,,,,,,,,,,,,
,0616424110 - Master in Computer Application,,,,,,,,,,,,,,,,,,
,Status :, ,Un-Aided-Linguistic Minority - Hindi,,,,,,,,,,,,,,,,
,Home University Seats,,,,,,,,,,,,,,,,,,
Home University Seats Allotted to Home University Candidates,,,,,,,,,,,,,,,,,,,
,GOPENH,,,,,,,,,,,,,,,,,,
6106,,,,,,,,,,,,,,,,,,,
Stage-I, ,,,,,,,,,,,,,,,,,,
(80.5399495),,,,,,,,,,,,,,,,,,,
,Other Than Home University Seats,,,,,,,,,,,,,,,,,,
Other Than Home University Seats Allotted to Other Than Home University Candidates,,,,,,,,,,,,,,,,,,,
,GOPENO,,,,,,,,,,,,,,,,,,
3821,,,,,,,,,,,,,,,,,,,
Stage-I, ,,,,,,,,,,,,,,,,,,
(89.1331398),,,,,,,,,,,,,,,,,,,
,State Level Seats,,,,,,,,,,,,,,,,,,
,TFWS,,,,,,,,,,,,,,,,,,
3856,,,,,,,,,,,,,,,,,,,
Stage-I, ,,,,,,,,,,,,,,,,,,
(87.3496474),,,,,,,,,,,,,,,,,,,
,Legends :, ,"Legends: G-General, L-Ladies, S-State Level Seats ,PWD - Persons with Disabilities,DEF - Defence,PWDR :PWD Common Reserved Seat",,,,,,,,,,,,,,,,
"DEFR :Defense Common Reserved Seat ,* Maharashtra State Seats - Cut Off Indicates State General Merit No. ; Figures in bracket Indicates Merit Score",,,,,,,,,,,,,,,,,,,
,Page 126 of 188,,,,,,,,,,,,,,,,,,
GOVERNMENT OF MAHARASHTRA,,,,,,,,,,,,,,,,,,,
"State Common Entrance Test Cell, Mumbai.",,,,,,,,,,,,,,,,,,,
,Cut Off List for Maharashtra & Minority Seats of CAP Round-I for Admission to the First Year Post Graduate Technical Course in Master of Computer Applications (MCA) 2025-26,,,,,,,,,,,,,,,,,,
,"6167 - Kamla Education Society's Pratibha Institute of Business Management, Chinchwad, Pune",,,,,,,,,,,,,,,,,,
,0616724110 - Master in Computer Application,,,,,,,,,,,,,,,,,,
,Status :, ,Un-Aided,,,,,,,,,,,,,,,,
,Home University Seats,,,,,,,,,,,,,,,,,,
Home University Seats Allotted to Home University Candidates,,,,,,,,,,,,,,,,,,,
,GOPENH, ,GSCH, ,GSTH, ,GNTAH, ,GNTBH, ,GNTCH, ,GNTDH, ,GOBCH, ,GSEBCH,,
3218,9911,5451,11898,10801,8951,5025,5420,6709,,,,,,,,,,,
Stage-I, ,,,,,,,,,,,,,,,,,,
(90.7733494),(69.7143504),(82.9644433),(63.1574978),(65.8578922),(73.5368477),(85.2118788),(82.9644433),(79.9969812),,,,,,,,,,,
,Other Than Home University Seats,,,,,,,,,,,,,,,,,,
Other Than Home University Seats Allotted to Other Than Home University Candidates,,,,,,,,,,,,,,,,,,,
,GOPENO, ,GSCO, ,GNTAO, ,GNTCO, ,GOBCO, ,GSEBCO,,,,,,,,
3689,7805,7221,5238,5115,4423,,,,,,,,,,,,,,
Stage-I, ,,,,,,,,,,,,,,,,,,
(89.1331398),(76.9216256),(77.8251197),(82.9644433),(85.2118788),(87.2080299),,,,,,,,,,,,,,
,State Level Seats,,,,,,,,,,,,,,,,,,
,EWS, ,TFWS,,,,,,,,,,,,,,,,
12228,1588,,,,,,,,,,,,,,,,,,
Stage-I, ,,,,,,,,,,,,,,,,,,
(61.2807064),(94.6454851),,,,,,,,,,,,,,,,,,
,Legends :, ,"Legends: G-General, L-Ladies, S-State Level Seats ,PWD - Persons with Disabilities,DEF - Defence,PWDR :PWD Common Reserved Seat",,,,,,,,,,,,,,,,
"DEFR :Defense Common Reserved Seat ,* Maharashtra State Seats - Cut Off Indicates State General Merit No. ; Figures in bracket Indicates Merit Score",,,,,,,,,,,,,,,,,,,
,Page 127 of 188,,,,,,,,,,,,,,,,,,
GOVERNMENT OF MAHARASHTRA,,,,,,,,,,,,,,,,,,,
"State Common Entrance Test Cell, Mumbai.",,,,,,,,,,,,,,,,,,,
,Cut Off List for Maharashtra & Minority Seats of CAP Round-I for Admission to the First Year Post Graduate Technical Course in Master of Computer Applications (MCA) 2025-26,,,,,,,,,,,,,,,,,,
,"6168 - Shikshan Maharshi Dr. D.Y. Patil Centre for Management & Research, Chikhali , Pune",,,,,,,,,,,,,,,,,,
,0616824110 - Master in Computer Application,,,,,,,,,,,,,,,,,,
,Status :, ,Un-Aided,,,,,,,,,,,,,,,,
,Home University Seats,,,,,,,,,,,,,,,,,,
Home University Seats Allotted to Home University Candidates,,,,,,,,,,,,,,,,,,,
,GOPENH, ,GSCH, ,GNTAH, ,GNTCH, ,GOBCH, ,GSEBCH,,,,,,,,
6465,14702,13701,10683,9795,16465,,,,,,,,,,,,,,
Stage-I, ,,,,,,,,,,,,,,,,,,
(80.5399495),(51.4093808),(56.5488095),(67.3579428),(69.7143504),(44.5345198),,,,,,,,,,,,,,
,Home University Seats Allotted to Other Than Home University Candidates,,,,,,,,,,,,,,,,,,
,GNTAH, ,GNTBH, ,GNTDH,,,,,,,,,,,,,,
6756,12419,11533,,,,,,,,,,,,,,,,,
Stage-I, ,,,,,,,,,,,,,,,,,,
(79.9969812),(61.2807064),(63.1574978),,,,,,,,,,,,,,,,,
,Other Than Home University Seats,,,,,,,,,,,,,,,,,,
Other Than Home University Seats Allotted to Other Than Home University Candidates,,,,,,,,,,,,,,,,,,,
,GOPENO, ,GSCO, ,GSTO, ,GNTBO, ,GNTCO, ,GNTDO, ,GOBCO, ,GSEBCO,,,,
4934,7536,10530,9823,6923,6342,6661,6433,,,,,,,,,,,,
Stage-I, ,,,,,,,,,,,,,,,,,,
(85.2118788),(76.9216256),(67.3579428),(69.7143504),(79.9969812),(80.5399495),(79.9969812),(80.5399495),,,,,,,,,,,,
,State Level Seats,,,,,,,,,,,,,,,,,,
,EWS, ,TFWS,,,,,,,,,,,,,,,,
19738,2362,,,,,,,,,,,,,,,,,,
Stage-I, ,,,,,,,,,,,,,,,,,,
(31.6629561),(92.3361383),,,,,,,,,,,,,,,,,,
,Legends :, ,"Legends: G-General, L-Ladies, S-State Level Seats ,PWD - Persons with Disabilities,DEF - Defence,PWDR :PWD Common Reserved Seat",,,,,,,,,,,,,,,,
"DEFR :Defense Common Reserved Seat ,* Maharashtra State Seats - Cut Off Indicates State General Merit No. ; Figures in bracket Indicates Merit Score",,,,,,,,,,,,,,,,,,,
,Page 128 of 188,,,,,,,,,,,,,,,,,,
GOVERNMENT OF MAHARASHTRA,,,,,,,,,,,,,,,,,,,
"State Common Entrance Test Cell, Mumbai.",,,,,,,,,,,,,,,,,,,
,Cut Off List for Maharashtra & Minority Seats of CAP Round-I for Admission to the First Year Post Graduate Technical Course in Master of Computer Applications (MCA) 2025-26,,,,,,,,,,,,,,,,,,
,"6170 - Abhinav Education Society's Institute of Management and Research, Haveli, Pune",,,,,,,,,,,,,,,,,,
,0617024110 - Master in Computer Application,,,,,,,,,,,,,,,,,,
,Status :, ,Un-Aided,,,,,,,,,,,,,,,,
,Home University Seats,,,,,,,,,,,,,,,,,,
Home University Seats Allotted to Home University Candidates,,,,,,,,,,,,,,,,,,,
,GOPENH, ,GSCH, ,GNTBH, ,GNTCH, ,GNTDH, ,GOBCH, ,GSEBCH,,,,,,
6575,16955,23090,7481,14503,10140,12392,,,,,,,,,,,,,
Stage-I, ,,,,,,,,,,,,,,,,,,
(79.9969812),(44.5345198),(15.5994113),(76.9216256),(53.942159),(69.7143504),(61.2807064),,,,,,,,,,,,,
,Home University Seats Allotted to Other Than Home University Candidates,,,,,,,,,,,,,,,,,,
,GNTAH,,,,,,,,,,,,,,,,,,
16391,,,,,,,,,,,,,,,,,,,
Stage-I, ,,,,,,,,,,,,,,,,,,
(46.3793819),,,,,,,,,,,,,,,,,,,
,Other Than Home University Seats,,,,,,,,,,,,,,,,,,
Other Than Home University Seats Allotted to Other Than Home University Candidates,,,,,,,,,,,,,,,,,,,
,GOPENO, ,GSCO, ,GNTAO, ,GOBCO, ,GSEBCO,,,,,,,,,,
4703,10476,12923,6510,6085,,,,,,,,,,,,,,,
Stage-I, ,,,,,,,,,,,,,,,,,,
(85.3851665),(67.3579428),(58.7911466),(79.9969812),(82.8308366),,,,,,,,,,,,,,,
,State Level Seats,,,,,,,,,,,,,,,,,,
,EWS, ,TFWS,,,,,,,,,,,,,,,,
17480,2073,,,,,,,,,,,,,,,,,,
Stage-I, ,,,,,,,,,,,,,,,,,,
(41.4550394),(93.405226),,,,,,,,,,,,,,,,,,
,Legends :, ,"Legends: G-General, L-Ladies, S-State Level Seats ,PWD - Persons with Disabilities,DEF - Defence,PWDR :PWD Common Reserved Seat",,,,,,,,,,,,,,,,
"DEFR :Defense Common Reserved Seat ,* Maharashtra State Seats - Cut Off Indicates State General Merit No. ; Figures in bracket Indicates Merit Score",,,,,,,,,,,,,,,,,,,
,Page 129 of 188,,,,,,,,,,,,,,,,,,
GOVERNMENT OF MAHARASHTRA,,,,,,,,,,,,,,,,,,,
"State Common Entrance Test Cell, Mumbai.",,,,,,,,,,,,,,,,,,,
,Cut Off List for Maharashtra & Minority Seats of CAP Round-I for Admission to the First Year Post Graduate Technical Course in Master of Computer Applications (MCA) 2025-26,,,,,,,,,,,,,,,,,,
,"6175 - Pimpri Chinchwad Education Trust, Pimpri Chinchwad College of Engineering, Pune",,,,,,,,,,,,,,,,,,
,0617524110 - Master in Computer Application,,,,,,,,,,,,,,,,,,
,Status :, ,Un-Aided-Autonomous,,,,,,,,,,,,,,,,
,Home University Seats,,,,,,,,,,,,,,,,,,
Home University Seats Allotted to Home University Candidates,,,,,,,,,,,,,,,,,,,
,GOPENH, ,GSCH, ,GSTH, ,GNTAH, ,GNTCH, ,GOBCH, ,GSEBCH, ,PWDOPENH,,,,
160,682,1949,269,582,385,199,1193,,,,,,,,,,,,
Stage-I, ,,,,,,,,,,,,,,,,,,
(99.2830459),(97.6265047),(93.5511867),(98.9283423),(97.8055126),(98.5181554),(99.113241),(96.1125146),,,,,,,,,,,,
,Home University Seats Allotted to Other Than Home University Candidates,,,,,,,,,,,,,,,,,,
,PWDROBCH,,,,,,,,,,,,,,,,,,
24637,,,,,,,,,,,,,,,,,,,
Stage-I, ,,,,,,,,,,,,,,,,,,
(5.5960152),,,,,,,,,,,,,,,,,,,
,Other Than Home University Seats,,,,,,,,,,,,,,,,,,
Other Than Home University Seats Allotted to Other Than Home University Candidates,,,,,,,,,,,,,,,,,,,
,GOPENO, ,GSCO, ,GNTBO, ,GNTCO, ,GOBCO, ,GSEBCO,,,,,,,,
101,630,154,162,200,210,,,,,,,,,,,,,,
Stage-I, ,,,,,,,,,,,,,,,,,,
(99.5434135),(97.6265047),(99.3736085),(99.2830459),(99.113241),(99.113241),,,,,,,,,,,,,,
,State Level Seats,,,,,,,,,,,,,,,,,,
,EWS, ,TFWS,,,,,,,,,,,,,,,,
278,76,,,,,,,,,,,,,,,,,,
Stage-I, ,,,,,,,,,,,,,,,,,,
(98.9283423),(99.6830308),,,,,,,,,,,,,,,,,,
,Legends :, ,"Legends: G-General, L-Ladies, S-State Level Seats ,PWD - Persons with Disabilities,DEF - Defence,PWDR :PWD Common Reserved Seat",,,,,,,,,,,,,,,,
"DEFR :Defense Common Reserved Seat ,* Maharashtra State Seats - Cut Off Indicates State General Merit No. ; Figures in bracket Indicates Merit Score",,,,,,,,,,,,,,,,,,,
,Page 130 of 188,,,,,,,,,,,,,,,,,,
GOVERNMENT OF MAHARASHTRA,,,,,,,,,,,,,,,,,,,
"State Common Entrance Test Cell, Mumbai.",,,,,,,,,,,,,,,,,,,
,Cut Off List for Maharashtra & Minority Seats of CAP Round-I for Admission to the First Year Post Graduate Technical Course in Master of Computer Applications (MCA) 2025-26,,,,,,,,,,,,,,,,,,
,"6179 - Indira College of Engineering & Management, Pune",,,,,,,,,,,,,,,,,,
,0617924110 - Master in Computer Application,,,,,,,,,,,,,,,,,,
,Status :, ,Un-Aided-Autonomous,,,,,,,,,,,,,,,,
,Home University Seats,,,,,,,,,,,,,,,,,,
Home University Seats Allotted to Home University Candidates,,,,,,,,,,,,,,,,,,,
,GOPENH, ,GSCH, ,GSTH, ,GNTAH, ,GNTBH, ,GNTCH, ,GNTDH, ,GOBCH, ,GSEBCH, ,PWDOPENH
604,1219,7829,2439,2853,1166,3587,835,1177,16380,,,,,,,,,,
Stage-I, ,,,,,,,,,,,,,,,,,,
(97.8055126),(96.1125146),(76.9216256),(92.1797821),(90.9663786),(96.1125146),(89.1331398),(97.0718086),(96.1125146),(46.3793819),,,,,,,,,,
,Home University Seats Allotted to Other Than Home University Candidates,,,,,,,,,,,,,,,,,,
,PWDROBCH,,,,,,,,,,,,,,,,,,
17117,,,,,,,,,,,,,,,,,,,
Stage-I, ,,,,,,,,,,,,,,,,,,
(41.4550394),,,,,,,,,,,,,,,,,,,
,Other Than Home University Seats,,,,,,,,,,,,,,,,,,
Other Than Home University Seats Allotted to Other Than Home University Candidates,,,,,,,,,,,,,,,,,,,
,GOPENO, ,GSCO, ,GSTO, ,GNTDO, ,GOBCO, ,GSEBCO,,,,,,,,
308,890,2253,3027,383,370,,,,,,,,,,,,,,
Stage-I, ,,,,,,,,,,,,,,,,,,
(98.7632442),(96.828928),(92.3361383),(90.7733494),(98.5181554),(98.5181554),,,,,,,,,,,,,,
,State Level Seats,,,,,,,,,,,,,,,,,,
,EWS, ,TFWS,,,,,,,,,,,,,,,,
1805,225,,,,,,,,,,,,,,,,,,
Stage-I, ,,,,,,,,,,,,,,,,,,
(94.4270578),(99.008333),,,,,,,,,,,,,,,,,,
,Legends :, ,"Legends: G-General, L-Ladies, S-State Level Seats ,PWD - Persons with Disabilities,DEF - Defence,PWDR :PWD Common Reserved Seat",,,,,,,,,,,,,,,,
"DEFR :Defense Common Reserved Seat ,* Maharashtra State Seats - Cut Off Indicates State General Merit No. ; Figures in bracket Indicates Merit Score",,,,,,,,,,,,,,,,,,,
,Page 131 of 188,,,,,,,,,,,,,,,,,,
GOVERNMENT OF MAHARASHTRA,,,,,,,,,,,,,,,,,,,
"State Common Entrance Test Cell, Mumbai.",,,,,,,,,,,,,,,,,,,
,Cut Off List for Maharashtra & Minority Seats of CAP Round-I for Admission to the First Year Post Graduate Technical Course in Master of Computer Applications (MCA) 2025-26,,,,,,,,,,,,,,,,,,
,"6201 - Dr. D. Y. Patil School Of MCA, Lohegaon,Pune",,,,,,,,,,,,,,,,,,
,0620124110 - Master in Computer Application,,,,,,,,,,,,,,,,,,
,Status :, ,Un-Aided,,,,,,,,,,,,,,,,
,Home University Seats,,,,,,,,,,,,,,,,,,
Home University Seats Allotted to Home University Candidates,,,,,,,,,,,,,,,,,,,
,GOPENH, ,GSCH, ,GSTH, ,GNTAH, ,GNTBH, ,GNTCH, ,GNTDH, ,GOBCH, ,GSEBCH,,
3608,9559,11998,11851,10246,4118,9870,5374,8072,,,,,,,,,,,
Stage-I, ,,,,,,,,,,,,,,,,,,
(89.1331398),(71.1549338),(63.1574978),(63.1574978),(67.3579428),(87.3496474),(69.7143504),(82.9644433),(74.782248),,,,,,,,,,,
,Home University Seats Allotted to Other Than Home University Candidates,,,,,,,,,,,,,,,,,,
,PWDOPENH,,,,,,,,,,,,,,,,,,
4368,,,,,,,,,,,,,,,,,,,
Stage-I, ,,,,,,,,,,,,,,,,,,
(87.2080299),,,,,,,,,,,,,,,,,,,
,Other Than Home University Seats,,,,,,,,,,,,,,,,,,
Other Than Home University Seats Allotted to Other Than Home University Candidates,,,,,,,,,,,,,,,,,,,
,GOPENO, ,GSCO, ,GSTO, ,GNTAO, ,GNTBO, ,GNTCO, ,GOBCO, ,GSEBCO,,,,
2430,3505,23487,4389,4879,4221,3043,3089,,,,,,,,,,,,
Stage-I, ,,,,,,,,,,,,,,,,,,
(92.1797821),(89.1966341),(12.4750009),(87.2080299),(85.2118788),(87.2080299),(90.7733494),(90.7733494),,,,,,,,,,,,
,State Level Seats,,,,,,,,,,,,,,,,,,
,EWS, ,TFWS,,,,,,,,,,,,,,,,
7309,1775,,,,,,,,,,,,,,,,,,
Stage-I, ,,,,,,,,,,,,,,,,,,
(77.8251197),(94.4270578),,,,,,,,,,,,,,,,,,
,Legends :, ,"Legends: G-General, L-Ladies, S-State Level Seats ,PWD - Persons with Disabilities,DEF - Defence,PWDR :PWD Common Reserved Seat",,,,,,,,,,,,,,,,
"DEFR :Defense Common Reserved Seat ,* Maharashtra State Seats - Cut Off Indicates State General Merit No. ; Figures in bracket Indicates Merit Score",,,,,,,,,,,,,,,,,,,
,Page 132 of 188,,,,,,,,,,,,,,,,,,
GOVERNMENT OF MAHARASHTRA,,,,,,,,,,,,,,,,,,,
"State Common Entrance Test Cell, Mumbai.",,,,,,,,,,,,,,,,,,,
,Cut Off List for Maharashtra & Minority Seats of CAP Round-I for Admission to the First Year Post Graduate Technical Course in Master of Computer Applications (MCA) 2025-26,,,,,,,,,,,,,,,,,,
,"6206 - Pune District Education Association's College of Engineering, Manjari(Bk), Hadapsar, Pune",,,,,,,,,,,,,,,,,,
,0620624110 - Master in Computer Application,,,,,,,,,,,,,,,,,,
,Status :, ,Un-Aided,,,,,,,,,,,,,,,,
,Home University Seats,,,,,,,,,,,,,,,,,,
Home University Seats Allotted to Home University Candidates,,,,,,,,,,,,,,,,,,,
,GOPENH, ,GSCH, ,GSTH, ,GNTCH, ,GOBCH, ,GSEBCH,,,,,,,,
5212,10824,17048,18069,10601,10958,,,,,,,,,,,,,,
Stage-I, ,,,,,,,,,,,,,,,,,,
(85.2118788),(65.8578922),(44.5345198),(39.3989669),(67.3579428),(65.8578922),,,,,,,,,,,,,,
,Home University Seats Allotted to Other Than Home University Candidates,,,,,,,,,,,,,,,,,,
,GNTAH,,,,,,,,,,,,,,,,,,
18546,,,,,,,,,,,,,,,,,,,
Stage-I, ,,,,,,,,,,,,,,,,,,
(36.496736),,,,,,,,,,,,,,,,,,,
,Other Than Home University Seats,,,,,,,,,,,,,,,,,,
Other Than Home University Seats Allotted to Other Than Home University Candidates,,,,,,,,,,,,,,,,,,,
,GOPENO, ,GSCO, ,GNTBO, ,GOBCO, ,GSEBCO,,,,,,,,,,
4929,9872,5606,6427,5741,,,,,,,,,,,,,,,
Stage-I, ,,,,,,,,,,,,,,,,,,
(85.2118788),(69.7143504),(82.9644433),(80.5399495),(82.8308366),,,,,,,,,,,,,,,
,Other Than Home University Seats Allotted to Home University Candidates,,,,,,,,,,,,,,,,,,
,GSTO,,,,,,,,,,,,,,,,,,
20682,,,,,,,,,,,,,,,,,,,
Stage-I, ,,,,,,,,,,,,,,,,,,
(27.2744425),,,,,,,,,,,,,,,,,,,
,State Level Seats,,,,,,,,,,,,,,,,,,
,EWS, ,TFWS,,,,,,,,,,,,,,,,
17085,2132,,,,,,,,,,,,,,,,,,
Stage-I, ,,,,,,,,,,,,,,,,,,
(41.4550394),(93.405226),,,,,,,,,,,,,,,,,,
,Legends :, ,"Legends: G-General, L-Ladies, S-State Level Seats ,PWD - Persons with Disabilities,DEF - Defence,PWDR :PWD Common Reserved Seat",,,,,,,,,,,,,,,,
"DEFR :Defense Common Reserved Seat ,* Maharashtra State Seats - Cut Off Indicates State General Merit No. ; Figures in bracket Indicates Merit Score",,,,,,,,,,,,,,,,,,,
,Page 133 of 188,,,,,,,,,,,,,,,,,,
GOVERNMENT OF MAHARASHTRA,,,,,,,,,,,,,,,,,,,
"State Common Entrance Test Cell, Mumbai.",,,,,,,,,,,,,,,,,,,
,Cut Off List for Maharashtra & Minority Seats of CAP Round-I for Admission to the First Year Post Graduate Technical Course in Master of Computer Applications (MCA) 2025-26,,,,,,,,,,,,,,,,,,
,"6208 - Deccan Education Society's Chintamanrao Institute of Management Development & Research, Sangli",,,,,,,,,,,,,,,,,,
,0620824110 - Master in Computer Application,,,,,,,,,,,,,,,,,,
,Status :, ,Un-Aided,,,,,,,,,,,,,,,,
,Home University Seats,,,,,,,,,,,,,,,,,,
Home University Seats Allotted to Home University Candidates,,,,,,,,,,,,,,,,,,,
,GOPENH, ,GSCH, ,GNTAH, ,GNTBH, ,GNTCH, ,GOBCH, ,GSEBCH, ,PWDOPENH,,,,
9296,21185,20679,21577,15044,24955,13127,7503,,,,,,,,,,,,
Stage-I, ,,,,,,,,,,,,,,,,,,
(71.1549338),(25.4779232),(27.2744425),(23.1010151),(51.4093808),(4.067771),(58.7911466),(76.9216256),,,,,,,,,,,,
,Other Than Home University Seats,,,,,,,,,,,,,,,,,,
Other Than Home University Seats Allotted to Other Than Home University Candidates,,,,,,,,,,,,,,,,,,,
,GOPENO, ,GSCO,,,,,,,,,,,,,,,,
14855,25333,,,,,,,,,,,,,,,,,,
Stage-I, ,,,,,,,,,,,,,,,,,,
(51.4093808),(1.3622127),,,,,,,,,,,,,,,,,,
,Other Than Home University Seats Allotted to Home University Candidates,,,,,,,,,,,,,,,,,,
,GSCO, ,GNTBO, ,GSEBCO,,,,,,,,,,,,,,
21245,24870,15023,,,,,,,,,,,,,,,,,
Stage-I, ,,,,,,,,,,,,,,,,,,
(25.4779232),(4.302251),(51.4093808),,,,,,,,,,,,,,,,,
,State Level Seats,,,,,,,,,,,,,,,,,,
,EWS, ,TFWS,,,,,,,,,,,,,,,,
22080,9990,,,,,,,,,,,,,,,,,,
Stage-I, ,,,,,,,,,,,,,,,,,,
(21.0059952),(69.7143504),,,,,,,,,,,,,,,,,,
,Legends :, ,"Legends: G-General, L-Ladies, S-State Level Seats ,PWD - Persons with Disabilities,DEF - Defence,PWDR :PWD Common Reserved Seat",,,,,,,,,,,,,,,,
"DEFR :Defense Common Reserved Seat ,* Maharashtra State Seats - Cut Off Indicates State General Merit No. ; Figures in bracket Indicates Merit Score",,,,,,,,,,,,,,,,,,,
,Page 134 of 188,,,,,,,,,,,,,,,,,,
GOVERNMENT OF MAHARASHTRA,,,,,,,,,,,,,,,,,,,
"State Common Entrance Test Cell, Mumbai.",,,,,,,,,,,,,,,,,,,
,Cut Off List for Maharashtra & Minority Seats of CAP Round-I for Admission to the First Year Post Graduate Technical Course in Master of Computer Applications (MCA) 2025-26,,,,,,,,,,,,,,,,,,
,"6212 - KIT's Institute of Management Education & Research, Kolhapur",,,,,,,,,,,,,,,,,,
,0621224110 - Master in Computer Application,,,,,,,,,,,,,,,,,,
,Status :, ,Un-Aided-Autonomous,,,,,,,,,,,,,,,,
,Home University Seats,,,,,,,,,,,,,,,,,,
Home University Seats Allotted to Home University Candidates,,,,,,,,,,,,,,,,,,,
,GOPENH, ,GSCH, ,GNTBH, ,GNTCH, ,GOBCH, ,GSEBCH, ,PWDOPENH,,,,,,
2194,8900,14739,3273,4990,2774,19326,,,,,,,,,,,,,
Stage-I, ,,,,,,,,,,,,,,,,,,
(93.405226),(73.5368477),(51.4093808),(89.1966341),(85.2118788),(90.9663786),(34.5198145),,,,,,,,,,,,,
,Other Than Home University Seats,,,,,,,,,,,,,,,,,,
Other Than Home University Seats Allotted to Other Than Home University Candidates,,,,,,,,,,,,,,,,,,,
,GOPENO, ,GSCO, ,GNTAO, ,GNTCO, ,GOBCO, ,GSEBCO,,,,,,,,
6347,16389,22261,8296,10133,8557,,,,,,,,,,,,,,
Stage-I, ,,,,,,,,,,,,,,,,,,
(80.5399495),(46.3793819),(19.1539942),(74.782248),(69.7143504),(73.5368477),,,,,,,,,,,,,,
,State Level Seats,,,,,,,,,,,,,,,,,,
,EWS, ,TFWS,,,,,,,,,,,,,,,,
7513,1619,,,,,,,,,,,,,,,,,,
Stage-I, ,,,,,,,,,,,,,,,,,,
(76.9216256),(94.6454851),,,,,,,,,,,,,,,,,,
,Legends :, ,"Legends: G-General, L-Ladies, S-State Level Seats ,PWD - Persons with Disabilities,DEF - Defence,PWDR :PWD Common Reserved Seat",,,,,,,,,,,,,,,,
"DEFR :Defense Common Reserved Seat ,* Maharashtra State Seats - Cut Off Indicates State General Merit No. ; Figures in bracket Indicates Merit Score",,,,,,,,,,,,,,,,,,,
,Page 135 of 188,,,,,,,,,,,,,,,,,,
GOVERNMENT OF MAHARASHTRA,,,,,,,,,,,,,,,,,,,
"State Common Entrance Test Cell, Mumbai.",,,,,,,,,,,,,,,,,,,
,Cut Off List for Maharashtra & Minority Seats of CAP Round-I for Admission to the First Year Post Graduate Technical Course in Master of Computer Applications (MCA) 2025-26,,,,,,,,,,,,,,,,,,
,"6213 - Chh. Shahu Institute Of Business Edu And Res Vasantraodada Patil Institute Of Management Studies & Research, Sangli",,,,,,,,,,,,,,,,,,
,0621324110 - Master in Computer Application,,,,,,,,,,,,,,,,,,
,Status :, ,Un-Aided-Autonomous,,,,,,,,,,,,,,,,
,Home University Seats,,,,,,,,,,,,,,,,,,
Home University Seats Allotted to Home University Candidates,,,,,,,,,,,,,,,,,,,
,GOPENH, ,GSCH, ,GNTAH, ,GNTBH, ,GNTCH, ,GOBCH, ,GSEBCH,,,,,,
9466,23606,24382,18228,14486,20548,13708,,,,,,,,,,,,,
Stage-I, ,,,,,,,,,,,,,,,,,,
(71.1549338),(12.4750009),(7.4072677),(39.3989669),(53.942159),(27.2744425),(56.5488095),,,,,,,,,,,,,
,Other Than Home University Seats,,,,,,,,,,,,,,,,,,
Other Than Home University Seats Allotted to Other Than Home University Candidates,,,,,,,,,,,,,,,,,,,
,GOPENO,,,,,,,,,,,,,,,,,,
22364,,,,,,,,,,,,,,,,,,,
Stage-I, ,,,,,,,,,,,,,,,,,,
(19.1539942),,,,,,,,,,,,,,,,,,,
,Other Than Home University Seats Allotted to Home University Candidates,,,,,,,,,,,,,,,,,,
,GOPENO, ,GNTBO, ,GNTCO, ,GOBCO, ,GSEBCO,,,,,,,,,,
10315,19908,14495,23092,14360,,,,,,,,,,,,,,,
Stage-I, ,,,,,,,,,,,,,,,,,,
(67.3579428),(29.9046039),(53.942159),(15.5994113),(53.942159),,,,,,,,,,,,,,,
,State Level Seats,,,,,,,,,,,,,,,,,,
,EWS, ,TFWS,,,,,,,,,,,,,,,,
25195,5494,,,,,,,,,,,,,,,,,,
Stage-I, ,,,,,,,,,,,,,,,,,,
(2.0662871),(82.9644433),,,,,,,,,,,,,,,,,,
,Legends :, ,"Legends: G-General, L-Ladies, S-State Level Seats ,PWD - Persons with Disabilities,DEF - Defence,PWDR :PWD Common Reserved Seat",,,,,,,,,,,,,,,,
"DEFR :Defense Common Reserved Seat ,* Maharashtra State Seats - Cut Off Indicates State General Merit No. ; Figures in bracket Indicates Merit Score",,,,,,,,,,,,,,,,,,,
,Page 136 of 188,,,,,,,,,,,,,,,,,,
GOVERNMENT OF MAHARASHTRA,,,,,,,,,,,,,,,,,,,
"State Common Entrance Test Cell, Mumbai.",,,,,,,,,,,,,,,,,,,
,Cut Off List for Maharashtra & Minority Seats of CAP Round-I for Admission to the First Year Post Graduate Technical Course in Master of Computer Applications (MCA) 2025-26,,,,,,,,,,,,,,,,,,
,"6214 - K. E. Society's Rajarambapu Institute of Technology, Walwa, Sangli",,,,,,,,,,,,,,,,,,
,0621424110 - Master in Computer Application,,,,,,,,,,,,,,,,,,
,Status :, ,Un-Aided-Autonomous,,,,,,,,,,,,,,,,
,Home University Seats,,,,,,,,,,,,,,,,,,
Home University Seats Allotted to Home University Candidates,,,,,,,,,,,,,,,,,,,
,GOPENH, ,GSCH, ,GNTAH, ,GNTBH, ,GNTCH, ,GOBCH, ,GSEBCH, ,PWDOPENH,,,,
4150,18584,14494,7722,8397,11692,5421,22727,,,,,,,,,,,,
Stage-I, ,,,,,,,,,,,,,,,,,,
(87.2080299),(36.496736),(53.942159),(76.9216256),(74.782248),(63.1574978),(82.9644433),(16.9789978),,,,,,,,,,,,
,Other Than Home University Seats,,,,,,,,,,,,,,,,,,
Other Than Home University Seats Allotted to Other Than Home University Candidates,,,,,,,,,,,,,,,,,,,
,GOPENO,,,,,,,,,,,,,,,,,,
17588,,,,,,,,,,,,,,,,,,,
Stage-I, ,,,,,,,,,,,,,,,,,,
(41.4550394),,,,,,,,,,,,,,,,,,,
,Other Than Home University Seats Allotted to Home University Candidates,,,,,,,,,,,,,,,,,,
,GOPENO, ,GSCO, ,GNTBO, ,GNTCO, ,GOBCO, ,GSEBCO,,,,,,,,
4647,21287,13929,18117,13082,6350,,,,,,,,,,,,,,
Stage-I, ,,,,,,,,,,,,,,,,,,
(85.3851665),(23.1010151),(56.5488095),(39.3989669),(58.7911466),(80.5399495),,,,,,,,,,,,,,
,State Level Seats,,,,,,,,,,,,,,,,,,
,EWS, ,TFWS,,,,,,,,,,,,,,,,
15548,1521,,,,,,,,,,,,,,,,,,
Stage-I, ,,,,,,,,,,,,,,,,,,
(49.3533426),(94.6454851),,,,,,,,,,,,,,,,,,
,Legends :, ,"Legends: G-General, L-Ladies, S-State Level Seats ,PWD - Persons with Disabilities,DEF - Defence,PWDR :PWD Common Reserved Seat",,,,,,,,,,,,,,,,
"DEFR :Defense Common Reserved Seat ,* Maharashtra State Seats - Cut Off Indicates State General Merit No. ; Figures in bracket Indicates Merit Score",,,,,,,,,,,,,,,,,,,
,Page 137 of 188,,,,,,,,,,,,,,,,,,
GOVERNMENT OF MAHARASHTRA,,,,,,,,,,,,,,,,,,,
"State Common Entrance Test Cell, Mumbai.",,,,,,,,,,,,,,,,,,,
,Cut Off List for Maharashtra & Minority Seats of CAP Round-I for Admission to the First Year Post Graduate Technical Course in Master of Computer Applications (MCA) 2025-26,,,,,,,,,,,,,,,,,,
,"6219 - KSGBS's Bharat- Ratna Indira Gandhi College of Engineering, Kegaon, Solapur",,,,,,,,,,,,,,,,,,
,0621924110 - Master in Computer Application,,,,,,,,,,,,,,,,,,
,Status :, ,Un-Aided,,,,,,,,,,,,,,,,
,Home University Seats,,,,,,,,,,,,,,,,,,
Home University Seats Allotted to Home University Candidates,,,,,,,,,,,,,,,,,,,
,GOPENH, ,GSCH, ,GNTBH, ,GNTCH, ,GOBCH, ,GSEBCH,,,,,,,,
5076,22957,15395,15564,7060,22071,,,,,,,,,,,,,,
Stage-I, ,,,,,,,,,,,,,,,,,,
(85.2118788),(15.5994113),(49.3533426),(49.3533426),(77.8251197),(21.0059952),,,,,,,,,,,,,,
,Other Than Home University Seats,,,,,,,,,,,,,,,,,,
Other Than Home University Seats Allotted to Other Than Home University Candidates,,,,,,,,,,,,,,,,,,,
,GOPENO,,,,,,,,,,,,,,,,,,
19222,,,,,,,,,,,,,,,,,,,
Stage-I, ,,,,,,,,,,,,,,,,,,
(34.5198145),,,,,,,,,,,,,,,,,,,
,Other Than Home University Seats Allotted to Home University Candidates,,,,,,,,,,,,,,,,,,
,GNTBO, ,GOBCO,,,,,,,,,,,,,,,,
24913,9847,,,,,,,,,,,,,,,,,,
Stage-I, ,,,,,,,,,,,,,,,,,,
(4.067771),(69.7143504),,,,,,,,,,,,,,,,,,
,State Level Seats,,,,,,,,,,,,,,,,,,
,EWS, ,TFWS,,,,,,,,,,,,,,,,
12990,3374,,,,,,,,,,,,,,,,,,
Stage-I, ,,,,,,,,,,,,,,,,,,
(58.7911466),(89.1966341),,,,,,,,,,,,,,,,,,
,Legends :, ,"Legends: G-General, L-Ladies, S-State Level Seats ,PWD - Persons with Disabilities,DEF - Defence,PWDR :PWD Common Reserved Seat",,,,,,,,,,,,,,,,
"DEFR :Defense Common Reserved Seat ,* Maharashtra State Seats - Cut Off Indicates State General Merit No. ; Figures in bracket Indicates Merit Score",,,,,,,,,,,,,,,,,,,
,Page 138 of 188,,,,,,,,,,,,,,,,,,
GOVERNMENT OF MAHARASHTRA,,,,,,,,,,,,,,,,,,,
"State Common Entrance Test Cell, Mumbai.",,,,,,,,,,,,,,,,,,,
,Cut Off List for Maharashtra & Minority Seats of CAP Round-I for Admission to the First Year Post Graduate Technical Course in Master of Computer Applications (MCA) 2025-26,,,,,,,,,,,,,,,,,,
,"6220 - SVERI's College of Engineering, Pandharpur",,,,,,,,,,,,,,,,,,
,0622024110 - Master in Computer Application,,,,,,,,,,,,,,,,,,
,Status :, ,Un-Aided-Autonomous,,,,,,,,,,,,,,,,
,Home University Seats,,,,,,,,,,,,,,,,,,
Home University Seats Allotted to Home University Candidates,,,,,,,,,,,,,,,,,,,
,GOPENH, ,GSCH, ,GNTBH, ,GNTCH, ,GOBCH, ,GSEBCH,,,,,,,,
10786,25264,23412,11226,17846,17400,,,,,,,,,,,,,,
Stage-I, ,,,,,,,,,,,,,,,,,,
(65.8578922),(2.0301121),(13.5402134),(65.8578922),(39.3989669),(41.4550394),,,,,,,,,,,,,,
,Home University Seats Allotted to Other Than Home University Candidates,,,,,,,,,,,,,,,,,,
,GNTAH,,,,,,,,,,,,,,,,,,
24556,,,,,,,,,,,,,,,,,,,
Stage-I, ,,,,,,,,,,,,,,,,,,
(5.9311489),,,,,,,,,,,,,,,,,,,
,Other Than Home University Seats,,,,,,,,,,,,,,,,,,
Other Than Home University Seats Allotted to Other Than Home University Candidates,,,,,,,,,,,,,,,,,,,
,GOPENO, ,GSCO, ,GSEBCO,,,,,,,,,,,,,,
20589,24395,22587,,,,,,,,,,,,,,,,,
Stage-I, ,,,,,,,,,,,,,,,,,,
(27.2744425),(7.4072677),(16.9789978),,,,,,,,,,,,,,,,,
,Other Than Home University Seats Allotted to Home University Candidates,,,,,,,,,,,,,,,,,,
,GOBCO,,,,,,,,,,,,,,,,,,
23265,,,,,,,,,,,,,,,,,,,
Stage-I, ,,,,,,,,,,,,,,,,,,
(13.5402134),,,,,,,,,,,,,,,,,,,
,State Level Seats,,,,,,,,,,,,,,,,,,
,EWS, ,TFWS,,,,,,,,,,,,,,,,
22145,12651,,,,,,,,,,,,,,,,,,
Stage-I, ,,,,,,,,,,,,,,,,,,
(19.1539942),(61.2807064),,,,,,,,,,,,,,,,,,
,Legends :, ,"Legends: G-General, L-Ladies, S-State Level Seats ,PWD - Persons with Disabilities,DEF - Defence,PWDR :PWD Common Reserved Seat",,,,,,,,,,,,,,,,
"DEFR :Defense Common Reserved Seat ,* Maharashtra State Seats - Cut Off Indicates State General Merit No. ; Figures in bracket Indicates Merit Score",,,,,,,,,,,,,,,,,,,
,Page 139 of 188,,,,,,,,,,,,,,,,,,
GOVERNMENT OF MAHARASHTRA,,,,,,,,,,,,,,,,,,,
"State Common Entrance Test Cell, Mumbai.",,,,,,,,,,,,,,,,,,,
,Cut Off List for Maharashtra & Minority Seats of CAP Round-I for Admission to the First Year Post Graduate Technical Course in Master of Computer Applications (MCA) 2025-26,,,,,,,,,,,,,,,,,,
,"6222 - Dattajirao Kadam Technical Education Society's Textile & Engineering Institute, Ichalkaranji.",,,,,,,,,,,,,,,,,,
,0622224110 - Master in Computer Application,,,,,,,,,,,,,,,,,,
,Status :, ,Un-Aided-Autonomous,,,,,,,,,,,,,,,,
,Home University Seats,,,,,,,,,,,,,,,,,,
Home University Seats Allotted to Home University Candidates,,,,,,,,,,,,,,,,,,,
,GOPENH, ,GSCH, ,GNTAH, ,GNTBH, ,GNTCH, ,GOBCH, ,GSEBCH,,,,,,
6339,14017,11789,6493,10964,11875,8479,,,,,,,,,,,,,
Stage-I, ,,,,,,,,,,,,,,,,,,
(80.5399495),(53.942159),(63.1574978),(79.9969812),(65.8578922),(63.1574978),(74.782248),,,,,,,,,,,,,
,Other Than Home University Seats,,,,,,,,,,,,,,,,,,
Other Than Home University Seats Allotted to Other Than Home University Candidates,,,,,,,,,,,,,,,,,,,
,GOPENO,,,,,,,,,,,,,,,,,,
15210,,,,,,,,,,,,,,,,,,,
Stage-I, ,,,,,,,,,,,,,,,,,,
(51.4093808),,,,,,,,,,,,,,,,,,,
,Other Than Home University Seats Allotted to Home University Candidates,,,,,,,,,,,,,,,,,,
,GSCO, ,GOBCO, ,GSEBCO,,,,,,,,,,,,,,
19205,14176,9266,,,,,,,,,,,,,,,,,
Stage-I, ,,,,,,,,,,,,,,,,,,
(34.5198145),(53.942159),(71.1549338),,,,,,,,,,,,,,,,,
,State Level Seats,,,,,,,,,,,,,,,,,,
,EWS, ,TFWS,,,,,,,,,,,,,,,,
7382,1114,,,,,,,,,,,,,,,,,,
Stage-I, ,,,,,,,,,,,,,,,,,,
(77.8251197),(96.1125146),,,,,,,,,,,,,,,,,,
,Legends :, ,"Legends: G-General, L-Ladies, S-State Level Seats ,PWD - Persons with Disabilities,DEF - Defence,PWDR :PWD Common Reserved Seat",,,,,,,,,,,,,,,,
"DEFR :Defense Common Reserved Seat ,* Maharashtra State Seats - Cut Off Indicates State General Merit No. ; Figures in bracket Indicates Merit Score",,,,,,,,,,,,,,,,,,,
,Page 140 of 188,,,,,,,,,,,,,,,,,,
GOVERNMENT OF MAHARASHTRA,,,,,,,,,,,,,,,,,,,
"State Common Entrance Test Cell, Mumbai.",,,,,,,,,,,,,,,,,,,
,Cut Off List for Maharashtra & Minority Seats of CAP Round-I for Admission to the First Year Post Graduate Technical Course in Master of Computer Applications (MCA) 2025-26,,,,,,,,,,,,,,,,,,
,"6228 - Dr. D. Y. Patil Pratishthan's D.Y.Patil Institute of Master of Computer Applications and Management, Akurdi, Pune",,,,,,,,,,,,,,,,,,
,0622824110 - Master in Computer Application,,,,,,,,,,,,,,,,,,
,Status :, ,Un-Aided,,,,,,,,,,,,,,,,
,Home University Seats,,,,,,,,,,,,,,,,,,
Home University Seats Allotted to Home University Candidates,,,,,,,,,,,,,,,,,,,
,GOPENH, ,GSCH, ,GSTH, ,GNTAH, ,GNTBH, ,GNTCH, ,GNTDH, ,GOBCH, ,GSEBCH, ,PWDOPENH
1176,4620,10552,3730,2170,2089,3052,1693,3743,17953,,,,,,,,,,
Stage-I, ,,,,,,,,,,,,,,,,,,
(96.1125146),(85.3851665),(67.3579428),(89.1331398),(93.405226),(93.405226),(90.7733494),(94.4270578),(89.1331398),(39.3989669),,,,,,,,,,
,Home University Seats Allotted to Other Than Home University Candidates,,,,,,,,,,,,,,,,,,
,PWDOBCH,,,,,,,,,,,,,,,,,,
12013,,,,,,,,,,,,,,,,,,,
Stage-I, ,,,,,,,,,,,,,,,,,,
(63.1574978),,,,,,,,,,,,,,,,,,,
,Other Than Home University Seats,,,,,,,,,,,,,,,,,,
Other Than Home University Seats Allotted to Other Than Home University Candidates,,,,,,,,,,,,,,,,,,,
,GOPENO, ,GSCO, ,GSTO, ,GNTAO, ,GNTCO, ,GNTDO, ,GOBCO, ,GSEBCO,,,,
615,1638,8388,1870,1611,2728,1039,870,,,,,,,,,,,,
Stage-I, ,,,,,,,,,,,,,,,,,,
(97.6265047),(94.6454851),(74.782248),(93.5511867),(94.6454851),(90.9663786),(96.392589),(97.0718086),,,,,,,,,,,,
,State Level Seats,,,,,,,,,,,,,,,,,,
,EWS, ,TFWS,,,,,,,,,,,,,,,,
2268,478,,,,,,,,,,,,,,,,,,
Stage-I, ,,,,,,,,,,,,,,,,,,
(92.3361383),(98.2089665),,,,,,,,,,,,,,,,,,
,Legends :, ,"Legends: G-General, L-Ladies, S-State Level Seats ,PWD - Persons with Disabilities,DEF - Defence,PWDR :PWD Common Reserved Seat",,,,,,,,,,,,,,,,
"DEFR :Defense Common Reserved Seat ,* Maharashtra State Seats - Cut Off Indicates State General Merit No. ; Figures in bracket Indicates Merit Score",,,,,,,,,,,,,,,,,,,
,Page 141 of 188,,,,,,,,,,,,,,,,,,
GOVERNMENT OF MAHARASHTRA,,,,,,,,,,,,,,,,,,,
"State Common Entrance Test Cell, Mumbai.",,,,,,,,,,,,,,,,,,,
,Cut Off List for Maharashtra & Minority Seats of CAP Round-I for Admission to the First Year Post Graduate Technical Course in Master of Computer Applications (MCA) 2025-26,,,,,,,,,,,,,,,,,,
,"6231 - Sinhgad Technical Education Society's Sinhgad Institute of Management ,Vadgaon(Budruk),Pune",,,,,,,,,,,,,,,,,,
,0623124110 - Master in Computer Application,,,,,,,,,,,,,,,,,,
,Status :, ,Un-Aided,,,,,,,,,,,,,,,,
,Home University Seats,,,,,,,,,,,,,,,,,,
Home University Seats Allotted to Home University Candidates,,,,,,,,,,,,,,,,,,,
,GOPENH, ,GSCH, ,GSTH, ,GNTAH, ,GNTBH, ,GNTCH, ,GNTDH, ,GOBCH, ,GSEBCH,,
2982,9190,19329,11393,6612,5828,7451,3909,6448,,,,,,,,,,,
Stage-I, ,,,,,,,,,,,,,,,,,,
(90.7733494),(71.1549338),(34.5198145),(65.8578922),(79.9969812),(82.8308366),(76.9216256),(87.3496474),(80.5399495),,,,,,,,,,,
,Home University Seats Allotted to Other Than Home University Candidates,,,,,,,,,,,,,,,,,,
,PWDOPENH,,,,,,,,,,,,,,,,,,
11553,,,,,,,,,,,,,,,,,,,
Stage-I, ,,,,,,,,,,,,,,,,,,
(63.1574978),,,,,,,,,,,,,,,,,,,
,Other Than Home University Seats,,,,,,,,,,,,,,,,,,
Other Than Home University Seats Allotted to Other Than Home University Candidates,,,,,,,,,,,,,,,,,,,
,GOPENO, ,GSCO, ,GSTO, ,GNTAO, ,GNTBO, ,GNTCO, ,GNTDO, ,GOBCO, ,GSEBCO,,
1879,3292,16803,2311,2252,3518,2224,2209,2596,,,,,,,,,,,
Stage-I, ,,,,,,,,,,,,,,,,,,
(93.5511867),(89.1966341),(44.5345198),(92.3361383),(92.3361383),(89.1966341),(92.3361383),(93.405226),(92.1797821),,,,,,,,,,,
,State Level Seats,,,,,,,,,,,,,,,,,,
,EWS, ,TFWS,,,,,,,,,,,,,,,,
4829,1735,,,,,,,,,,,,,,,,,,
Stage-I, ,,,,,,,,,,,,,,,,,,
(85.2118788),(94.4270578),,,,,,,,,,,,,,,,,,
,Legends :, ,"Legends: G-General, L-Ladies, S-State Level Seats ,PWD - Persons with Disabilities,DEF - Defence,PWDR :PWD Common Reserved Seat",,,,,,,,,,,,,,,,
"DEFR :Defense Common Reserved Seat ,* Maharashtra State Seats - Cut Off Indicates State General Merit No. ; Figures in bracket Indicates Merit Score",,,,,,,,,,,,,,,,,,,
,Page 142 of 188,,,,,,,,,,,,,,,,,,
GOVERNMENT OF MAHARASHTRA,,,,,,,,,,,,,,,,,,,
"State Common Entrance Test Cell, Mumbai.",,,,,,,,,,,,,,,,,,,
,Cut Off List for Maharashtra & Minority Seats of CAP Round-I for Admission to the First Year Post Graduate Technical Course in Master of Computer Applications (MCA) 2025-26,,,,,,,,,,,,,,,,,,
,"6232 - Maharashtra Education Society's Institute of Management and Career Courses (IMCC), Pune",,,,,,,,,,,,,,,,,,
,0623224110 - Master in Computer Application,,,,,,,,,,,,,,,,,,
,Status :, ,Un-Aided-Autonomous,,,,,,,,,,,,,,,,
,Home University Seats,,,,,,,,,,,,,,,,,,
Home University Seats Allotted to Home University Candidates,,,,,,,,,,,,,,,,,,,
,GOPENH, ,GSCH, ,GSTH, ,GNTAH, ,GNTBH, ,GNTCH, ,GNTDH, ,GOBCH, ,GSEBCH, ,PWDOPENH
1233,5060,15184,6439,1644,1707,4600,1740,2710,16056,,,,,,,,,,
Stage-I, ,,,,,,,,,,,,,,,,,,
(95.5548847),(85.2118788),(51.4093808),(80.5399495),(94.6454851),(94.4270578),(85.3851665),(94.4270578),(90.9663786),(46.3793819),,,,,,,,,,
,Home University Seats Allotted to Other Than Home University Candidates,,,,,,,,,,,,,,,,,,
,GSTH, ,PWDOPENH,,,,,,,,,,,,,,,,
21238,15844,,,,,,,,,,,,,,,,,,
Stage-I, ,,,,,,,,,,,,,,,,,,
(25.4779232),(49.3533426),,,,,,,,,,,,,,,,,,
,Other Than Home University Seats,,,,,,,,,,,,,,,,,,
Other Than Home University Seats Allotted to Other Than Home University Candidates,,,,,,,,,,,,,,,,,,,
,GOPENO, ,GSCO, ,GSTO, ,GNTAO, ,GNTBO, ,GNTCO, ,GNTDO, ,GOBCO, ,GSEBCO,,
857,1449,8449,1032,1586,888,3345,1070,952,,,,,,,,,,,
Stage-I, ,,,,,,,,,,,,,,,,,,
(97.0718086),(95.2942951),(74.782248),(96.392589),(94.6454851),(96.828928),(89.1966341),(96.392589),(96.828928),,,,,,,,,,,
,State Level Seats,,,,,,,,,,,,,,,,,,
,EWS, ,TFWS,,,,,,,,,,,,,,,,
1976,438,,,,,,,,,,,,,,,,,,
Stage-I, ,,,,,,,,,,,,,,,,,,
(93.5511867),(98.2089665),,,,,,,,,,,,,,,,,,
,Legends :, ,"Legends: G-General, L-Ladies, S-State Level Seats ,PWD - Persons with Disabilities,DEF - Defence,PWDR :PWD Common Reserved Seat",,,,,,,,,,,,,,,,
"DEFR :Defense Common Reserved Seat ,* Maharashtra State Seats - Cut Off Indicates State General Merit No. ; Figures in bracket Indicates Merit Score",,,,,,,,,,,,,,,,,,,
,Page 143 of 188,,,,,,,,,,,,,,,,,,
GOVERNMENT OF MAHARASHTRA,,,,,,,,,,,,,,,,,,,
"State Common Entrance Test Cell, Mumbai.",,,,,,,,,,,,,,,,,,,
,Cut Off List for Maharashtra & Minority Seats of CAP Round-I for Admission to the First Year Post Graduate Technical Course in Master of Computer Applications (MCA) 2025-26,,,,,,,,,,,,,,,,,,
,"6236 - Sinhgad Technical Education Society's , Sinhgad Institute of Business Administration & Research, Kondhawa-Saswad Road, Pune",,,,,,,,,,,,,,,,,,
,0623624110 - Master in Computer Application,,,,,,,,,,,,,,,,,,
,Status :, ,Un-Aided,,,,,,,,,,,,,,,,
,Home University Seats,,,,,,,,,,,,,,,,,,
Home University Seats Allotted to Home University Candidates,,,,,,,,,,,,,,,,,,,
,GOPENH, ,GSCH, ,GNTAH, ,GNTBH, ,GNTCH, ,GNTDH, ,GOBCH, ,GSEBCH,,,,
5159,18458,21209,13202,11905,9097,7604,11968,,,,,,,,,,,,
Stage-I, ,,,,,,,,,,,,,,,,,,
(85.2118788),(36.496736),(25.4779232),(58.7911466),(63.1574978),(71.1549338),(76.9216256),(63.1574978),,,,,,,,,,,,
,Other Than Home University Seats,,,,,,,,,,,,,,,,,,
Other Than Home University Seats Allotted to Other Than Home University Candidates,,,,,,,,,,,,,,,,,,,
,GOPENO, ,GSCO, ,GNTBO, ,GNTCO, ,GNTDO, ,GOBCO, ,GSEBCO,,,,,,
3437,6707,9330,4055,4479,4525,4328,,,,,,,,,,,,,
Stage-I, ,,,,,,,,,,,,,,,,,,
(89.1966341),(79.9969812),(71.1549338),(87.3496474),(85.3851665),(85.3851665),(87.2080299),,,,,,,,,,,,,
,State Level Seats,,,,,,,,,,,,,,,,,,
,EWS, ,TFWS,,,,,,,,,,,,,,,,
13647,3024,,,,,,,,,,,,,,,,,,
Stage-I, ,,,,,,,,,,,,,,,,,,
(56.5488095),(90.7733494),,,,,,,,,,,,,,,,,,
,Legends :, ,"Legends: G-General, L-Ladies, S-State Level Seats ,PWD - Persons with Disabilities,DEF - Defence,PWDR :PWD Common Reserved Seat",,,,,,,,,,,,,,,,
"DEFR :Defense Common Reserved Seat ,* Maharashtra State Seats - Cut Off Indicates State General Merit No. ; Figures in bracket Indicates Merit Score",,,,,,,,,,,,,,,,,,,
,Page 144 of 188,,,,,,,,,,,,,,,,,,
GOVERNMENT OF MAHARASHTRA,,,,,,,,,,,,,,,,,,,
"State Common Entrance Test Cell, Mumbai.",,,,,,,,,,,,,,,,,,,
,Cut Off List for Maharashtra & Minority Seats of CAP Round-I for Admission to the First Year Post Graduate Technical Course in Master of Computer Applications (MCA) 2025-26,,,,,,,,,,,,,,,,,,
,"6239 - Sinhgad Technical Education Society, Sinhgad Institute of Management & Computer Application, Narhe (Ambegaon), Pune",,,,,,,,,,,,,,,,,,
,0623924110 - Master in Computer Application,,,,,,,,,,,,,,,,,,
,Status :, ,Un-Aided,,,,,,,,,,,,,,,,
,Home University Seats,,,,,,,,,,,,,,,,,,
Home University Seats Allotted to Home University Candidates,,,,,,,,,,,,,,,,,,,
,GOPENH, ,GSCH, ,GNTBH, ,GNTCH, ,GNTDH, ,GOBCH, ,GSEBCH,,,,,,
4915,12002,7778,9348,14104,6666,9680,,,,,,,,,,,,,
Stage-I, ,,,,,,,,,,,,,,,,,,
(85.2118788),(63.1574978),(76.9216256),(71.1549338),(53.942159),(79.9969812),(69.7143504),,,,,,,,,,,,,
,Home University Seats Allotted to Other Than Home University Candidates,,,,,,,,,,,,,,,,,,
,GNTAH,,,,,,,,,,,,,,,,,,
6547,,,,,,,,,,,,,,,,,,,
Stage-I, ,,,,,,,,,,,,,,,,,,
(79.9969812),,,,,,,,,,,,,,,,,,,
,Other Than Home University Seats,,,,,,,,,,,,,,,,,,
Other Than Home University Seats Allotted to Other Than Home University Candidates,,,,,,,,,,,,,,,,,,,
,GOPENO, ,GSCO, ,GNTAO, ,GNTBO, ,GNTCO, ,GOBCO, ,GSEBCO,,,,,,
3260,4656,6059,5478,3597,3746,3964,,,,,,,,,,,,,
Stage-I, ,,,,,,,,,,,,,,,,,,
(89.1966341),(85.3851665),(82.8308366),(82.9644433),(89.1331398),(89.1331398),(87.3496474),,,,,,,,,,,,,
,State Level Seats,,,,,,,,,,,,,,,,,,
,EWS, ,TFWS,,,,,,,,,,,,,,,,
10432,2429,,,,,,,,,,,,,,,,,,
Stage-I, ,,,,,,,,,,,,,,,,,,
(67.3579428),(92.1797821),,,,,,,,,,,,,,,,,,
,Legends :, ,"Legends: G-General, L-Ladies, S-State Level Seats ,PWD - Persons with Disabilities,DEF - Defence,PWDR :PWD Common Reserved Seat",,,,,,,,,,,,,,,,
"DEFR :Defense Common Reserved Seat ,* Maharashtra State Seats - Cut Off Indicates State General Merit No. ; Figures in bracket Indicates Merit Score",,,,,,,,,,,,,,,,,,,
,Page 145 of 188,,,,,,,,,,,,,,,,,,
GOVERNMENT OF MAHARASHTRA,,,,,,,,,,,,,,,,,,,
"State Common Entrance Test Cell, Mumbai.",,,,,,,,,,,,,,,,,,,
,Cut Off List for Maharashtra & Minority Seats of CAP Round-I for Admission to the First Year Post Graduate Technical Course in Master of Computer Applications (MCA) 2025-26,,,,,,,,,,,,,,,,,,
,"6240 - Siddhant Institute Of Computer Application, Sudambare",,,,,,,,,,,,,,,,,,
,0624024110 - Master in Computer Application,,,,,,,,,,,,,,,,,,
,Status :, ,Un-Aided-Linguistic Minority - Hindi,,,,,,,,,,,,,,,,
,Home University Seats,,,,,,,,,,,,,,,,,,
Home University Seats Allotted to Home University Candidates,,,,,,,,,,,,,,,,,,,
,GOPENH,,,,,,,,,,,,,,,,,,
12945,,,,,,,,,,,,,,,,,,,
Stage-I, ,,,,,,,,,,,,,,,,,,
(58.7911466),,,,,,,,,,,,,,,,,,,
,Other Than Home University Seats,,,,,,,,,,,,,,,,,,
Other Than Home University Seats Allotted to Other Than Home University Candidates,,,,,,,,,,,,,,,,,,,
,GOPENO,,,,,,,,,,,,,,,,,,
8204,,,,,,,,,,,,,,,,,,,
Stage-I, ,,,,,,,,,,,,,,,,,,
(74.782248),,,,,,,,,,,,,,,,,,,
,State Level Seats,,,,,,,,,,,,,,,,,,
,TFWS,,,,,,,,,,,,,,,,,,
5654,,,,,,,,,,,,,,,,,,,
Stage-I, ,,,,,,,,,,,,,,,,,,
(82.8308366),,,,,,,,,,,,,,,,,,,
,Legends :, ,"Legends: G-General, L-Ladies, S-State Level Seats ,PWD - Persons with Disabilities,DEF - Defence,PWDR :PWD Common Reserved Seat",,,,,,,,,,,,,,,,
"DEFR :Defense Common Reserved Seat ,* Maharashtra State Seats - Cut Off Indicates State General Merit No. ; Figures in bracket Indicates Merit Score",,,,,,,,,,,,,,,,,,,
,Page 146 of 188,,,,,,,,,,,,,,,,,,
GOVERNMENT OF MAHARASHTRA,,,,,,,,,,,,,,,,,,,
"State Common Entrance Test Cell, Mumbai.",,,,,,,,,,,,,,,,,,,
,Cut Off List for Maharashtra & Minority Seats of CAP Round-I for Admission to the First Year Post Graduate Technical Course in Master of Computer Applications (MCA) 2025-26,,,,,,,,,,,,,,,,,,
,"6248 - KFS - Krishna Institute of Computer Application & Management, Wathar",,,,,,,,,,,,,,,,,,
,0624824110 - Master in Computer Application,,,,,,,,,,,,,,,,,,
,Status :, ,Un-Aided,,,,,,,,,,,,,,,,
,Home University Seats,,,,,,,,,,,,,,,,,,
Home University Seats Allotted to Home University Candidates,,,,,,,,,,,,,,,,,,,
,GOPENH, ,GSCH, ,GNTAH, ,GNTBH, ,GNTCH, ,GNTDH, ,GOBCH, ,GSEBCH,,,,
11865,20741,24580,24475,24134,13860,24757,18057,,,,,,,,,,,,
Stage-I, ,,,,,,,,,,,,,,,,,,
(63.1574978),(27.2744425),(5.9311489),(7.4072677),(9.7430286),(56.5488095),(5.5960152),(39.3989669),,,,,,,,,,,,
,Other Than Home University Seats,,,,,,,,,,,,,,,,,,
Other Than Home University Seats Allotted to Other Than Home University Candidates,,,,,,,,,,,,,,,,,,,
,GOPENO,,,,,,,,,,,,,,,,,,
25133,,,,,,,,,,,,,,,,,,,
Stage-I, ,,,,,,,,,,,,,,,,,,
(2.8640429),,,,,,,,,,,,,,,,,,,
,Other Than Home University Seats Allotted to Home University Candidates,,,,,,,,,,,,,,,,,,
,GOPENO, ,GSEBCO,,,,,,,,,,,,,,,,
13309,19842,,,,,,,,,,,,,,,,,,
Stage-I, ,,,,,,,,,,,,,,,,,,
(58.7911466),(29.9046039),,,,,,,,,,,,,,,,,,
,State Level Seats,,,,,,,,,,,,,,,,,,
,TFWS,,,,,,,,,,,,,,,,,,
9040,,,,,,,,,,,,,,,,,,,
Stage-I, ,,,,,,,,,,,,,,,,,,
(73.5368477),,,,,,,,,,,,,,,,,,,
,Legends :, ,"Legends: G-General, L-Ladies, S-State Level Seats ,PWD - Persons with Disabilities,DEF - Defence,PWDR :PWD Common Reserved Seat",,,,,,,,,,,,,,,,
"DEFR :Defense Common Reserved Seat ,* Maharashtra State Seats - Cut Off Indicates State General Merit No. ; Figures in bracket Indicates Merit Score",,,,,,,,,,,,,,,,,,,
,Page 147 of 188,,,,,,,,,,,,,,,,,,
GOVERNMENT OF MAHARASHTRA,,,,,,,,,,,,,,,,,,,
"State Common Entrance Test Cell, Mumbai.",,,,,,,,,,,,,,,,,,,
,Cut Off List for Maharashtra & Minority Seats of CAP Round-I for Admission to the First Year Post Graduate Technical Course in Master of Computer Applications (MCA) 2025-26,,,,,,,,,,,,,,,,,,
,"6268 - Tatyasaheb Kore Institute of Engineering and Technology, Warananagar",,,,,,,,,,,,,,,,,,
,0626824110 - Master in Computer Application,,,,,,,,,,,,,,,,,,
,Status :, ,Un-Aided-Autonomous,,,,,,,,,,,,,,,,
,Home University Seats Allotted to Other Than Home University Candidates,,,,,,,,,,,,,,,,,,
,GOPENH, ,GSCH, ,GNTBH, ,GNTCH, ,GOBCH, ,GSEBCH,,,,,,,,
11249,25283,13937,23605,24980,14373,,,,,,,,,,,,,,
Stage-I, ,,,,,,,,,,,,,,,,,,
(65.8578922),(2.0301121),(56.5488095),(12.4750009),(4.067771),(53.942159),,,,,,,,,,,,,,
,Other Than Home University Seats,,,,,,,,,,,,,,,,,,
Other Than Home University Seats Allotted to Other Than Home University Candidates,,,,,,,,,,,,,,,,,,,
,GOPENO, ,GSCO, ,GNTAO, ,GNTBO, ,GNTCO, ,GOBCO, ,GSEBCO,,,,,,
8783,24866,24625,10023,22641,15343,10430,,,,,,,,,,,,,
Stage-I, ,,,,,,,,,,,,,,,,,,
(73.5368477),(4.302251),(5.9311489),(69.7143504),(16.9789978),(49.3533426),(67.3579428),,,,,,,,,,,,,
,State Level Seats,,,,,,,,,,,,,,,,,,
,EWS, ,TFWS,,,,,,,,,,,,,,,,
25225,9977,,,,,,,,,,,,,,,,,,
Stage-I, ,,,,,,,,,,,,,,,,,,
(2.0662871),(69.7143504),,,,,,,,,,,,,,,,,,
,Legends :, ,"Legends: G-General, L-Ladies, S-State Level Seats ,PWD - Persons with Disabilities,DEF - Defence,PWDR :PWD Common Reserved Seat",,,,,,,,,,,,,,,,
"DEFR :Defense Common Reserved Seat ,* Maharashtra State Seats - Cut Off Indicates State General Merit No. ; Figures in bracket Indicates Merit Score",,,,,,,,,,,,,,,,,,,
,Page 148 of 188,,,,,,,,,,,,,,,,,,
GOVERNMENT OF MAHARASHTRA,,,,,,,,,,,,,,,,,,,
"State Common Entrance Test Cell, Mumbai.",,,,,,,,,,,,,,,,,,,
,Cut Off List for Maharashtra & Minority Seats of CAP Round-I for Admission to the First Year Post Graduate Technical Course in Master of Computer Applications (MCA) 2025-26,,,,,,,,,,,,,,,,,,
,"6277 - Dr. J. J. Magdum Charitable Trust's Dr. J.J. Magdum College of Engineering, Jaysingpur",,,,,,,,,,,,,,,,,,
,0627724110 - Master in Computer Application,,,,,,,,,,,,,,,,,,
,Status :, ,Un-Aided-Autonomous,,,,,,,,,,,,,,,,
,Home University Seats,,,,,,,,,,,,,,,,,,
Home University Seats Allotted to Home University Candidates,,,,,,,,,,,,,,,,,,,
,GOPENH, ,GSCH, ,GNTAH, ,GNTBH, ,GNTCH, ,GOBCH, ,GSEBCH,,,,,,
10018,16676,20551,19178,15068,21231,10304,,,,,,,,,,,,,
Stage-I, ,,,,,,,,,,,,,,,,,,
(69.7143504),(44.5345198),(27.2744425),(34.5198145),(51.4093808),(25.4779232),(67.3579428),,,,,,,,,,,,,
,Other Than Home University Seats,,,,,,,,,,,,,,,,,,
Other Than Home University Seats Allotted to Other Than Home University Candidates,,,,,,,,,,,,,,,,,,,
,GOPENO,,,,,,,,,,,,,,,,,,
22599,,,,,,,,,,,,,,,,,,,
Stage-I, ,,,,,,,,,,,,,,,,,,
(16.9789978),,,,,,,,,,,,,,,,,,,
,Other Than Home University Seats Allotted to Home University Candidates,,,,,,,,,,,,,,,,,,
,GSCO, ,GOBCO, ,GSEBCO,,,,,,,,,,,,,,
21100,23571,10550,,,,,,,,,,,,,,,,,
Stage-I, ,,,,,,,,,,,,,,,,,,
(25.4779232),(12.4750009),(67.3579428),,,,,,,,,,,,,,,,,
,State Level Seats,,,,,,,,,,,,,,,,,,
,EWS, ,TFWS,,,,,,,,,,,,,,,,
23329,3606,,,,,,,,,,,,,,,,,,
Stage-I, ,,,,,,,,,,,,,,,,,,
(13.5402134),(89.1331398),,,,,,,,,,,,,,,,,,
,Legends :, ,"Legends: G-General, L-Ladies, S-State Level Seats ,PWD - Persons with Disabilities,DEF - Defence,PWDR :PWD Common Reserved Seat",,,,,,,,,,,,,,,,
"DEFR :Defense Common Reserved Seat ,* Maharashtra State Seats - Cut Off Indicates State General Merit No. ; Figures in bracket Indicates Merit Score",,,,,,,,,,,,,,,,,,,
,Page 149 of 188,,,,,,,,,,,,,,,,,,
GOVERNMENT OF MAHARASHTRA,,,,,,,,,,,,,,,,,,,
"State Common Entrance Test Cell, Mumbai.",,,,,,,,,,,,,,,,,,,
,Cut Off List for Maharashtra & Minority Seats of CAP Round-I for Admission to the First Year Post Graduate Technical Course in Master of Computer Applications (MCA) 2025-26,,,,,,,,,,,,,,,,,,
,"6310 - Nutan Maharashtra Vidya Prasarak Mandal, Nutan Maharashtra Institute of Engineering &Technology, Talegaon station, Pune",,,,,,,,,,,,,,,,,,
,0631024110 - Master in Computer Application,,,,,,,,,,,,,,,,,,
,Status :, ,Un-Aided-Autonomous,,,,,,,,,,,,,,,,
,Home University Seats,,,,,,,,,,,,,,,,,,
Home University Seats Allotted to Home University Candidates,,,,,,,,,,,,,,,,,,,
,GOPENH, ,GSCH, ,GNTAH, ,GNTBH, ,GNTCH, ,GNTDH, ,GOBCH, ,GSEBCH,,,,
5226,21867,8768,8456,13327,12128,10158,20271,,,,,,,,,,,,
Stage-I, ,,,,,,,,,,,,,,,,,,
(82.9644433),(21.0059952),(73.5368477),(74.782248),(58.7911466),(61.2807064),(69.7143504),(29.9046039),,,,,,,,,,,,
,Other Than Home University Seats,,,,,,,,,,,,,,,,,,
Other Than Home University Seats Allotted to Other Than Home University Candidates,,,,,,,,,,,,,,,,,,,
,GOPENO, ,GSCO, ,GNTAO, ,GNTCO, ,GOBCO, ,GSEBCO,,,,,,,,
7412,17910,10497,10940,10012,11819,,,,,,,,,,,,,,
Stage-I, ,,,,,,,,,,,,,,,,,,
(77.8251197),(39.3989669),(67.3579428),(65.8578922),(69.7143504),(63.1574978),,,,,,,,,,,,,,
,State Level Seats,,,,,,,,,,,,,,,,,,
,EWS, ,TFWS,,,,,,,,,,,,,,,,
23182,4755,,,,,,,,,,,,,,,,,,
Stage-I, ,,,,,,,,,,,,,,,,,,
(13.5402134),(85.3851665),,,,,,,,,,,,,,,,,,
,Legends :, ,"Legends: G-General, L-Ladies, S-State Level Seats ,PWD - Persons with Disabilities,DEF - Defence,PWDR :PWD Common Reserved Seat",,,,,,,,,,,,,,,,
"DEFR :Defense Common Reserved Seat ,* Maharashtra State Seats - Cut Off Indicates State General Merit No. ; Figures in bracket Indicates Merit Score",,,,,,,,,,,,,,,,,,,
,Page 150 of 188,,,,,,,,,,,,,,,,,,
GOVERNMENT OF MAHARASHTRA,,,,,,,,,,,,,,,,,,,
"State Common Entrance Test Cell, Mumbai.",,,,,,,,,,,,,,,,,,,
,Cut Off List for Maharashtra & Minority Seats of CAP Round-I for Admission to the First Year Post Graduate Technical Course in Master of Computer Applications (MCA) 2025-26,,,,,,,,,,,,,,,,,,
,"6319 - Shahajirao Patil Vikas Pratishthan, S.B.Patil College of Engineering, Vangali, Tal. Indapur",,,,,,,,,,,,,,,,,,
,0631924110 - Master in Computer Application,,,,,,,,,,,,,,,,,,
,Status :, ,Un-Aided,,,,,,,,,,,,,,,,
,Home University Seats,,,,,,,,,,,,,,,,,,
Home University Seats Allotted to Home University Candidates,,,,,,,,,,,,,,,,,,,
,GOPENH, ,GSCH, ,GNTCH, ,GOBCH, ,GSEBCH,,,,,,,,,,
12431,24180,17738,25015,23795,,,,,,,,,,,,,,,
Stage-I, ,,,,,,,,,,,,,,,,,,
(61.2807064),(7.9446476),(39.3989669),(3.0466423),(10.5199653),,,,,,,,,,,,,,,
,Home University Seats Allotted to Other Than Home University Candidates,,,,,,,,,,,,,,,,,,
,GOBCH, ,GSEBCH,,,,,,,,,,,,,,,,
13152,18154,,,,,,,,,,,,,,,,,,
Stage-I, ,,,,,,,,,,,,,,,,,,
(58.7911466),(39.3989669),,,,,,,,,,,,,,,,,,
,Other Than Home University Seats,,,,,,,,,,,,,,,,,,
Other Than Home University Seats Allotted to Other Than Home University Candidates,,,,,,,,,,,,,,,,,,,
,GOPENO, ,GSCO, ,GOBCO, ,GSEBCO,,,,,,,,,,,,
4985,24408,9758,17042,,,,,,,,,,,,,,,,
Stage-I, ,,,,,,,,,,,,,,,,,,
(85.2118788),(7.4072677),(69.7143504),(44.5345198),,,,,,,,,,,,,,,,
,State Level Seats,,,,,,,,,,,,,,,,,,
,EWS, ,TFWS,,,,,,,,,,,,,,,,
12599,9629,,,,,,,,,,,,,,,,,,
Stage-I, ,,,,,,,,,,,,,,,,,,
(61.2807064),(69.7143504),,,,,,,,,,,,,,,,,,
,Legends :, ,"Legends: G-General, L-Ladies, S-State Level Seats ,PWD - Persons with Disabilities,DEF - Defence,PWDR :PWD Common Reserved Seat",,,,,,,,,,,,,,,,
"DEFR :Defense Common Reserved Seat ,* Maharashtra State Seats - Cut Off Indicates State General Merit No. ; Figures in bracket Indicates Merit Score",,,,,,,,,,,,,,,,,,,
,Page 151 of 188,,,,,,,,,,,,,,,,,,
GOVERNMENT OF MAHARASHTRA,,,,,,,,,,,,,,,,,,,
"State Common Entrance Test Cell, Mumbai.",,,,,,,,,,,,,,,,,,,
,Cut Off List for Maharashtra & Minority Seats of CAP Round-I for Admission to the First Year Post Graduate Technical Course in Master of Computer Applications (MCA) 2025-26,,,,,,,,,,,,,,,,,,
,"6321 - Vidya Vikas Pratishthan Institute of Engineering and Technology, Solapur",,,,,,,,,,,,,,,,,,
,0632124110 - Master in Computer Application,,,,,,,,,,,,,,,,,,
,Status :, ,Un-Aided,,,,,,,,,,,,,,,,
,Home University Seats,,,,,,,,,,,,,,,,,,
Home University Seats Allotted to Home University Candidates,,,,,,,,,,,,,,,,,,,
,GOPENH, ,GSCH, ,GNTAH, ,GNTBH, ,GNTCH, ,GOBCH, ,GSEBCH,,,,,,
10081,13979,10110,10145,17973,20292,16942,,,,,,,,,,,,,
Stage-I, ,,,,,,,,,,,,,,,,,,
(69.7143504),(56.5488095),(69.7143504),(69.7143504),(39.3989669),(29.9046039),(44.5345198),,,,,,,,,,,,,
,Other Than Home University Seats,,,,,,,,,,,,,,,,,,
Other Than Home University Seats Allotted to Other Than Home University Candidates,,,,,,,,,,,,,,,,,,,
,GOPENO,,,,,,,,,,,,,,,,,,
20265,,,,,,,,,,,,,,,,,,,
Stage-I, ,,,,,,,,,,,,,,,,,,
(29.9046039),,,,,,,,,,,,,,,,,,,
,Other Than Home University Seats Allotted to Home University Candidates,,,,,,,,,,,,,,,,,,
,GOPENO, ,GOBCO,,,,,,,,,,,,,,,,
10754,21018,,,,,,,,,,,,,,,,,,
Stage-I, ,,,,,,,,,,,,,,,,,,
(67.3579428),(25.4779232),,,,,,,,,,,,,,,,,,
,State Level Seats,,,,,,,,,,,,,,,,,,
,EWS, ,TFWS,,,,,,,,,,,,,,,,
24781,18427,,,,,,,,,,,,,,,,,,
Stage-I, ,,,,,,,,,,,,,,,,,,
(4.302251),(36.496736),,,,,,,,,,,,,,,,,,
,Legends :, ,"Legends: G-General, L-Ladies, S-State Level Seats ,PWD - Persons with Disabilities,DEF - Defence,PWDR :PWD Common Reserved Seat",,,,,,,,,,,,,,,,
"DEFR :Defense Common Reserved Seat ,* Maharashtra State Seats - Cut Off Indicates State General Merit No. ; Figures in bracket Indicates Merit Score",,,,,,,,,,,,,,,,,,,
,Page 152 of 188,,,,,,,,,,,,,,,,,,
GOVERNMENT OF MAHARASHTRA,,,,,,,,,,,,,,,,,,,
"State Common Entrance Test Cell, Mumbai.",,,,,,,,,,,,,,,,,,,
,Cut Off List for Maharashtra & Minority Seats of CAP Round-I for Admission to the First Year Post Graduate Technical Course in Master of Computer Applications (MCA) 2025-26,,,,,,,,,,,,,,,,,,
,"6467 - Swami Vivekanand Institute Of Technology, Solapur",,,,,,,,,,,,,,,,,,
,0646724110 - Master in Computer Application,,,,,,,,,,,,,,,,,,
,Status :, ,Un-Aided,,,,,,,,,,,,,,,,
,Home University Seats,,,,,,,,,,,,,,,,,,
Home University Seats Allotted to Home University Candidates,,,,,,,,,,,,,,,,,,,
,GOPENH, ,GSCH, ,GNTCH, ,GOBCH,,,,,,,,,,,,
19742,25354,22256,24598,,,,,,,,,,,,,,,,
Stage-I, ,,,,,,,,,,,,,,,,,,
(31.6629561),(1.3498737),(19.1539942),(5.9311489),,,,,,,,,,,,,,,,
,Other Than Home University Seats,,,,,,,,,,,,,,,,,,
Other Than Home University Seats Allotted to Other Than Home University Candidates,,,,,,,,,,,,,,,,,,,
,GOPENO,,,,,,,,,,,,,,,,,,
23113,,,,,,,,,,,,,,,,,,,
Stage-I, ,,,,,,,,,,,,,,,,,,
(13.5402134),,,,,,,,,,,,,,,,,,,
,Other Than Home University Seats Allotted to Home University Candidates,,,,,,,,,,,,,,,,,,
,GOPENO,,,,,,,,,,,,,,,,,,
22635,,,,,,,,,,,,,,,,,,,
Stage-I, ,,,,,,,,,,,,,,,,,,
(16.9789978),,,,,,,,,,,,,,,,,,,
,State Level Seats,,,,,,,,,,,,,,,,,,
,EWS, ,TFWS,,,,,,,,,,,,,,,,
23752,6762,,,,,,,,,,,,,,,,,,
Stage-I, ,,,,,,,,,,,,,,,,,,
(10.5199653),(79.9969812),,,,,,,,,,,,,,,,,,
,Legends :, ,"Legends: G-General, L-Ladies, S-State Level Seats ,PWD - Persons with Disabilities,DEF - Defence,PWDR :PWD Common Reserved Seat",,,,,,,,,,,,,,,,
"DEFR :Defense Common Reserved Seat ,* Maharashtra State Seats - Cut Off Indicates State General Merit No. ; Figures in bracket Indicates Merit Score",,,,,,,,,,,,,,,,,,,
,Page 153 of 188,,,,,,,,,,,,,,,,,,
GOVERNMENT OF MAHARASHTRA,,,,,,,,,,,,,,,,,,,
"State Common Entrance Test Cell, Mumbai.",,,,,,,,,,,,,,,,,,,
,Cut Off List for Maharashtra & Minority Seats of CAP Round-I for Admission to the First Year Post Graduate Technical Course in Master of Computer Applications (MCA) 2025-26,,,,,,,,,,,,,,,,,,
,"6545 - Samarth Education Trust's Arvind Gavali College Of Engineering Panwalewadi, Varye,Satara.",,,,,,,,,,,,,,,,,,
,0654524110 - Master in Computer Application,,,,,,,,,,,,,,,,,,
,Status :, ,Un-Aided-Autonomous,,,,,,,,,,,,,,,,
,Home University Seats,,,,,,,,,,,,,,,,,,
Home University Seats Allotted to Home University Candidates,,,,,,,,,,,,,,,,,,,
,GOPENH, ,GNTAH, ,GOBCH, ,GSEBCH,,,,,,,,,,,,
12738,21944,24425,18270,,,,,,,,,,,,,,,,
Stage-I, ,,,,,,,,,,,,,,,,,,
(58.7911466),(21.0059952),(7.4072677),(36.496736),,,,,,,,,,,,,,,,
,Other Than Home University Seats,,,,,,,,,,,,,,,,,,
Other Than Home University Seats Allotted to Other Than Home University Candidates,,,,,,,,,,,,,,,,,,,
,GOPENO,,,,,,,,,,,,,,,,,,
1483,,,,,,,,,,,,,,,,,,,
Stage-I, ,,,,,,,,,,,,,,,,,,
(95.2942951),,,,,,,,,,,,,,,,,,,
,Other Than Home University Seats Allotted to Home University Candidates,,,,,,,,,,,,,,,,,,
,GOPENO,,,,,,,,,,,,,,,,,,
18135,,,,,,,,,,,,,,,,,,,
Stage-I, ,,,,,,,,,,,,,,,,,,
(39.3989669),,,,,,,,,,,,,,,,,,,
,State Level Seats,,,,,,,,,,,,,,,,,,
,TFWS,,,,,,,,,,,,,,,,,,
15149,,,,,,,,,,,,,,,,,,,
Stage-I, ,,,,,,,,,,,,,,,,,,
(51.4093808),,,,,,,,,,,,,,,,,,,
,Legends :, ,"Legends: G-General, L-Ladies, S-State Level Seats ,PWD - Persons with Disabilities,DEF - Defence,PWDR :PWD Common Reserved Seat",,,,,,,,,,,,,,,,
"DEFR :Defense Common Reserved Seat ,* Maharashtra State Seats - Cut Off Indicates State General Merit No. ; Figures in bracket Indicates Merit Score",,,,,,,,,,,,,,,,,,,
,Page 154 of 188,,,,,,,,,,,,,,,,,,
GOVERNMENT OF MAHARASHTRA,,,,,,,,,,,,,,,,,,,
"State Common Entrance Test Cell, Mumbai.",,,,,,,,,,,,,,,,,,,
,Cut Off List for Maharashtra & Minority Seats of CAP Round-I for Admission to the First Year Post Graduate Technical Course in Master of Computer Applications (MCA) 2025-26,,,,,,,,,,,,,,,,,,
,"6547 - Suryadatta Educational Foundation, Suryadatta Institute of Management and Mass Communication, Pune",,,,,,,,,,,,,,,,,,
,0654724110 - Master in Computer Application,,,,,,,,,,,,,,,,,,
,Status :, ,Un-Aided-Religious Minority - Jain,,,,,,,,,,,,,,,,
,Home University Seats,,,,,,,,,,,,,,,,,,
Home University Seats Allotted to Home University Candidates,,,,,,,,,,,,,,,,,,,
,GOPENH,,,,,,,,,,,,,,,,,,
6761,,,,,,,,,,,,,,,,,,,
Stage-I, ,,,,,,,,,,,,,,,,,,
(79.9969812),,,,,,,,,,,,,,,,,,,
,Other Than Home University Seats,,,,,,,,,,,,,,,,,,
Other Than Home University Seats Allotted to Other Than Home University Candidates,,,,,,,,,,,,,,,,,,,
,GOPENO,,,,,,,,,,,,,,,,,,
5518,,,,,,,,,,,,,,,,,,,
Stage-I, ,,,,,,,,,,,,,,,,,,
(82.9644433),,,,,,,,,,,,,,,,,,,
,State Level Seats,,,,,,,,,,,,,,,,,,
,TFWS,,,,,,,,,,,,,,,,,,
1706,,,,,,,,,,,,,,,,,,,
Stage-I, ,,,,,,,,,,,,,,,,,,
(94.4270578),,,,,,,,,,,,,,,,,,,
,Minority Seats : Minority Seats Allotted to Minority Candidates,,,,,,,,,,,,,,,,,,
,MI,,,,,,,,,,,,,,,,,,
21988,,,,,,,,,,,,,,,,,,,
Stage-I, ,,,,,,,,,,,,,,,,,,
(21.0059952),,,,,,,,,,,,,,,,,,,
,Legends :, ,"Legends: G-General, L-Ladies, S-State Level Seats ,PWD - Persons with Disabilities,DEF - Defence,PWDR :PWD Common Reserved Seat",,,,,,,,,,,,,,,,
"DEFR :Defense Common Reserved Seat ,* Maharashtra State Seats - Cut Off Indicates State General Merit No. ; Figures in bracket Indicates Merit Score",,,,,,,,,,,,,,,,,,,
,Page 155 of 188,,,,,,,,,,,,,,,,,,
GOVERNMENT OF MAHARASHTRA,,,,,,,,,,,,,,,,,,,
"State Common Entrance Test Cell, Mumbai.",,,,,,,,,,,,,,,,,,,
,Cut Off List for Maharashtra & Minority Seats of CAP Round-I for Admission to the First Year Post Graduate Technical Course in Master of Computer Applications (MCA) 2025-26,,,,,,,,,,,,,,,,,,
,"6548 - Suryadatta Educational Foundation, Suryadatta Institute of Business Management and Technology, Pune",,,,,,,,,,,,,,,,,,
,0654824110 - Master in Computer Application,,,,,,,,,,,,,,,,,,
,Status :, ,Un-Aided-Religious Minority - Jain,,,,,,,,,,,,,,,,
,Home University Seats,,,,,,,,,,,,,,,,,,
Home University Seats Allotted to Home University Candidates,,,,,,,,,,,,,,,,,,,
,GOPENH,,,,,,,,,,,,,,,,,,
6458,,,,,,,,,,,,,,,,,,,
Stage-I, ,,,,,,,,,,,,,,,,,,
(80.5399495),,,,,,,,,,,,,,,,,,,
,Other Than Home University Seats,,,,,,,,,,,,,,,,,,
Other Than Home University Seats Allotted to Other Than Home University Candidates,,,,,,,,,,,,,,,,,,,
,GOPENO,,,,,,,,,,,,,,,,,,
5353,,,,,,,,,,,,,,,,,,,
Stage-I, ,,,,,,,,,,,,,,,,,,
(82.9644433),,,,,,,,,,,,,,,,,,,
,State Level Seats,,,,,,,,,,,,,,,,,,
,TFWS,,,,,,,,,,,,,,,,,,
2404,,,,,,,,,,,,,,,,,,,
Stage-I, ,,,,,,,,,,,,,,,,,,
(92.3361383),,,,,,,,,,,,,,,,,,,
,Minority Seats : Minority Seats Allotted to Minority Candidates,,,,,,,,,,,,,,,,,,
,MI,,,,,,,,,,,,,,,,,,
16259,,,,,,,,,,,,,,,,,,,
Stage-I, ,,,,,,,,,,,,,,,,,,
(46.3793819),,,,,,,,,,,,,,,,,,,
,Legends :, ,"Legends: G-General, L-Ladies, S-State Level Seats ,PWD - Persons with Disabilities,DEF - Defence,PWDR :PWD Common Reserved Seat",,,,,,,,,,,,,,,,
"DEFR :Defense Common Reserved Seat ,* Maharashtra State Seats - Cut Off Indicates State General Merit No. ; Figures in bracket Indicates Merit Score",,,,,,,,,,,,,,,,,,,
,Page 156 of 188,,,,,,,,,,,,,,,,,,
GOVERNMENT OF MAHARASHTRA,,,,,,,,,,,,,,,,,,,
"State Common Entrance Test Cell, Mumbai.",,,,,,,,,,,,,,,,,,,
,Cut Off List for Maharashtra & Minority Seats of CAP Round-I for Admission to the First Year Post Graduate Technical Course in Master of Computer Applications (MCA) 2025-26,,,,,,,,,,,,,,,,,,
,"6614 - Sadhu Vaswani Institute Of Management Studies For Girls, Koregaon, Pune",,,,,,,,,,,,,,,,,,
,0661424150F - Master in Computer Application,,,,,,,,,,,,,,,,,,
,Status :, ,Un-Aided-Linguistic Minority - Sindhi,,,,,,,,,,,,,,,,
,Home University Seats,,,,,,,,,,,,,,,,,,
Home University Seats Allotted to Home University Candidates,,,,,,,,,,,,,,,,,,,
,GOPENH,,,,,,,,,,,,,,,,,,
9091,,,,,,,,,,,,,,,,,,,
Stage-I, ,,,,,,,,,,,,,,,,,,
(71.1549338),,,,,,,,,,,,,,,,,,,
,Other Than Home University Seats,,,,,,,,,,,,,,,,,,
Other Than Home University Seats Allotted to Other Than Home University Candidates,,,,,,,,,,,,,,,,,,,
,GOPENO,,,,,,,,,,,,,,,,,,
10042,,,,,,,,,,,,,,,,,,,
Stage-I, ,,,,,,,,,,,,,,,,,,
(69.7143504),,,,,,,,,,,,,,,,,,,
,State Level Seats,,,,,,,,,,,,,,,,,,
,TFWS,,,,,,,,,,,,,,,,,,
8767,,,,,,,,,,,,,,,,,,,
Stage-I, ,,,,,,,,,,,,,,,,,,
(73.5368477),,,,,,,,,,,,,,,,,,,
,Minority Seats : Minority Seats Allotted to Minority Candidates,,,,,,,,,,,,,,,,,,
,MI,,,,,,,,,,,,,,,,,,
6598,,,,,,,,,,,,,,,,,,,
Stage-I, ,,,,,,,,,,,,,,,,,,
(79.9969812),,,,,,,,,,,,,,,,,,,
,Legends :, ,"Legends: G-General, L-Ladies, S-State Level Seats ,PWD - Persons with Disabilities,DEF - Defence,PWDR :PWD Common Reserved Seat",,,,,,,,,,,,,,,,
"DEFR :Defense Common Reserved Seat ,* Maharashtra State Seats - Cut Off Indicates State General Merit No. ; Figures in bracket Indicates Merit Score",,,,,,,,,,,,,,,,,,,
,Page 157 of 188,,,,,,,,,,,,,,,,,,
GOVERNMENT OF MAHARASHTRA,,,,,,,,,,,,,,,,,,,
"State Common Entrance Test Cell, Mumbai.",,,,,,,,,,,,,,,,,,,
,Cut Off List for Maharashtra & Minority Seats of CAP Round-I for Admission to the First Year Post Graduate Technical Course in Master of Computer Applications (MCA) 2025-26,,,,,,,,,,,,,,,,,,
,"6628 - Dattakala Group Of Institutions, Swami - Chincholi Tal. Daund Dist. Pune",,,,,,,,,,,,,,,,,,
,0662824110 - Master in Computer Application,,,,,,,,,,,,,,,,,,
,Status :, ,Un-Aided,,,,,,,,,,,,,,,,
,Home University Seats,,,,,,,,,,,,,,,,,,
Home University Seats Allotted to Home University Candidates,,,,,,,,,,,,,,,,,,,
,GOPENH, ,GSCH, ,GNTCH, ,GOBCH, ,GSEBCH,,,,,,,,,,
15053,24409,19611,25102,24642,,,,,,,,,,,,,,,
Stage-I, ,,,,,,,,,,,,,,,,,,
(51.4093808),(7.4072677),(31.6629561),(2.8640429),(5.5960152),,,,,,,,,,,,,,,
,Home University Seats Allotted to Other Than Home University Candidates,,,,,,,,,,,,,,,,,,
,GSCH, ,GOBCH, ,GSEBCH,,,,,,,,,,,,,,
24208,17998,20153,,,,,,,,,,,,,,,,,
Stage-I, ,,,,,,,,,,,,,,,,,,
(7.9446476),(39.3989669),(29.9046039),,,,,,,,,,,,,,,,,
,Other Than Home University Seats,,,,,,,,,,,,,,,,,,
Other Than Home University Seats Allotted to Other Than Home University Candidates,,,,,,,,,,,,,,,,,,,
,GOPENO, ,GSCO, ,GNTAO, ,GNTCO, ,GOBCO, ,GSEBCO,,,,,,,,
12455,19632,23155,14884,17292,14685,,,,,,,,,,,,,,
Stage-I, ,,,,,,,,,,,,,,,,,,
(61.2807064),(31.6629561),(13.5402134),(51.4093808),(41.4550394),(51.4093808),,,,,,,,,,,,,,
,State Level Seats,,,,,,,,,,,,,,,,,,
,TFWS,,,,,,,,,,,,,,,,,,
9800,,,,,,,,,,,,,,,,,,,
Stage-I, ,,,,,,,,,,,,,,,,,,
(69.7143504),,,,,,,,,,,,,,,,,,,
,Legends :, ,"Legends: G-General, L-Ladies, S-State Level Seats ,PWD - Persons with Disabilities,DEF - Defence,PWDR :PWD Common Reserved Seat",,,,,,,,,,,,,,,,
"DEFR :Defense Common Reserved Seat ,* Maharashtra State Seats - Cut Off Indicates State General Merit No. ; Figures in bracket Indicates Merit Score",,,,,,,,,,,,,,,,,,,
,Page 158 of 188,,,,,,,,,,,,,,,,,,
GOVERNMENT OF MAHARASHTRA,,,,,,,,,,,,,,,,,,,
"State Common Entrance Test Cell, Mumbai.",,,,,,,,,,,,,,,,,,,
,Cut Off List for Maharashtra & Minority Seats of CAP Round-I for Admission to the First Year Post Graduate Technical Course in Master of Computer Applications (MCA) 2025-26,,,,,,,,,,,,,,,,,,
,6632 - Navsahyadri Education Society's Group of Institutions,,,,,,,,,,,,,,,,,,
,0663224110 - Master in Computer Application,,,,,,,,,,,,,,,,,,
,Status :, ,Un-Aided,,,,,,,,,,,,,,,,
,Home University Seats,,,,,,,,,,,,,,,,,,
Home University Seats Allotted to Home University Candidates,,,,,,,,,,,,,,,,,,,
,GOPENH, ,GSCH, ,GNTAH, ,GNTCH, ,GOBCH, ,GSEBCH, ,PWDOPENH,,,,,,
12435,24083,24928,19813,23270,24264,17600,,,,,,,,,,,,,
Stage-I, ,,,,,,,,,,,,,,,,,,
(61.2807064),(9.7430286),(4.067771),(31.6629561),(13.5402134),(7.9446476),(41.4550394),,,,,,,,,,,,,
,Home University Seats Allotted to Other Than Home University Candidates,,,,,,,,,,,,,,,,,,
,GSCH, ,GNTAH, ,GNTBH, ,GSEBCH, ,PWDOPENH,,,,,,,,,,
19772,23396,16899,15177,23344,,,,,,,,,,,,,,,
Stage-I, ,,,,,,,,,,,,,,,,,,
(31.6629561),(13.5402134),(44.5345198),(51.4093808),(13.5402134),,,,,,,,,,,,,,,
,Other Than Home University Seats,,,,,,,,,,,,,,,,,,
Other Than Home University Seats Allotted to Other Than Home University Candidates,,,,,,,,,,,,,,,,,,,
,GOPENO, ,GSCO, ,GNTAO, ,GNTBO, ,GNTCO, ,GOBCO, ,GSEBCO,,,,,,
8445,18385,21203,10773,15478,12457,14361,,,,,,,,,,,,,
Stage-I, ,,,,,,,,,,,,,,,,,,
(74.782248),(36.496736),(25.4779232),(67.3579428),(49.3533426),(61.2807064),(53.942159),,,,,,,,,,,,,
,State Level Seats,,,,,,,,,,,,,,,,,,
,EWS, ,TFWS,,,,,,,,,,,,,,,,
23239,6423,,,,,,,,,,,,,,,,,,
Stage-I, ,,,,,,,,,,,,,,,,,,
(13.5402134),(80.5399495),,,,,,,,,,,,,,,,,,
,Legends :, ,"Legends: G-General, L-Ladies, S-State Level Seats ,PWD - Persons with Disabilities,DEF - Defence,PWDR :PWD Common Reserved Seat",,,,,,,,,,,,,,,,
"DEFR :Defense Common Reserved Seat ,* Maharashtra State Seats - Cut Off Indicates State General Merit No. ; Figures in bracket Indicates Merit Score",,,,,,,,,,,,,,,,,,,
,Page 159 of 188,,,,,,,,,,,,,,,,,,
GOVERNMENT OF MAHARASHTRA,,,,,,,,,,,,,,,,,,,
"State Common Entrance Test Cell, Mumbai.",,,,,,,,,,,,,,,,,,,
,Cut Off List for Maharashtra & Minority Seats of CAP Round-I for Admission to the First Year Post Graduate Technical Course in Master of Computer Applications (MCA) 2025-26,,,,,,,,,,,,,,,,,,
,"6634 - KJEI's Trinity Academy of Engineering, Yewalewadi, Pune",,,,,,,,,,,,,,,,,,
,0663424110 - Master in Computer Application,,,,,,,,,,,,,,,,,,
,Status :, ,Un-Aided,,,,,,,,,,,,,,,,
,Home University Seats,,,,,,,,,,,,,,,,,,
Home University Seats Allotted to Home University Candidates,,,,,,,,,,,,,,,,,,,
,GOPENH, ,GSCH, ,GNTAH, ,GNTBH, ,GNTCH, ,GNTDH, ,GOBCH, ,GSEBCH,,,,
9079,22502,19335,20573,12146,22447,12471,20811,,,,,,,,,,,,
Stage-I, ,,,,,,,,,,,,,,,,,,
(71.1549338),(16.9789978),(34.5198145),(27.2744425),(61.2807064),(19.1539942),(61.2807064),(25.4779232),,,,,,,,,,,,
,Home University Seats Allotted to Other Than Home University Candidates,,,,,,,,,,,,,,,,,,
,GNTBH,,,,,,,,,,,,,,,,,,
9862,,,,,,,,,,,,,,,,,,,
Stage-I, ,,,,,,,,,,,,,,,,,,
(69.7143504),,,,,,,,,,,,,,,,,,,
,Other Than Home University Seats,,,,,,,,,,,,,,,,,,
Other Than Home University Seats Allotted to Other Than Home University Candidates,,,,,,,,,,,,,,,,,,,
,GOPENO, ,GSCO, ,GNTAO, ,GNTBO, ,GNTCO, ,GNTDO, ,GOBCO, ,GSEBCO,,,,
6754,11885,7410,9775,8265,15656,7783,8799,,,,,,,,,,,,
Stage-I, ,,,,,,,,,,,,,,,,,,
(79.9969812),(63.1574978),(77.8251197),(69.7143504),(74.782248),(49.3533426),(76.9216256),(73.5368477),,,,,,,,,,,,
,State Level Seats,,,,,,,,,,,,,,,,,,
,EWS, ,TFWS,,,,,,,,,,,,,,,,
20176,4224,,,,,,,,,,,,,,,,,,
Stage-I, ,,,,,,,,,,,,,,,,,,
(29.9046039),(87.2080299),,,,,,,,,,,,,,,,,,
,Legends :, ,"Legends: G-General, L-Ladies, S-State Level Seats ,PWD - Persons with Disabilities,DEF - Defence,PWDR :PWD Common Reserved Seat",,,,,,,,,,,,,,,,
"DEFR :Defense Common Reserved Seat ,* Maharashtra State Seats - Cut Off Indicates State General Merit No. ; Figures in bracket Indicates Merit Score",,,,,,,,,,,,,,,,,,,
,Page 160 of 188,,,,,,,,,,,,,,,,,,
GOVERNMENT OF MAHARASHTRA,,,,,,,,,,,,,,,,,,,
"State Common Entrance Test Cell, Mumbai.",,,,,,,,,,,,,,,,,,,
,Cut Off List for Maharashtra & Minority Seats of CAP Round-I for Admission to the First Year Post Graduate Technical Course in Master of Computer Applications (MCA) 2025-26,,,,,,,,,,,,,,,,,,
,6635 - Samarth College of Engineering and Management,,,,,,,,,,,,,,,,,,
,0663524110 - Master in Computer Application,,,,,,,,,,,,,,,,,,
,Status :, ,Un-Aided,,,,,,,,,,,,,,,,
,Home University Seats,,,,,,,,,,,,,,,,,,
Home University Seats Allotted to Home University Candidates,,,,,,,,,,,,,,,,,,,
,GOPENH, ,GSCH, ,GSTH, ,GNTAH, ,GNTBH, ,GNTCH, ,GOBCH,,,,,,
10689,23089,16926,21017,16907,15800,14392,,,,,,,,,,,,,
Stage-I, ,,,,,,,,,,,,,,,,,,
(67.3579428),(15.5994113),(44.5345198),(25.4779232),(44.5345198),(49.3533426),(53.942159),,,,,,,,,,,,,
,Home University Seats Allotted to Other Than Home University Candidates,,,,,,,,,,,,,,,,,,
,GSCH, ,GSEBCH,,,,,,,,,,,,,,,,
23474,21618,,,,,,,,,,,,,,,,,,
Stage-I, ,,,,,,,,,,,,,,,,,,
(12.4750009),(23.1010151),,,,,,,,,,,,,,,,,,
,Other Than Home University Seats,,,,,,,,,,,,,,,,,,
Other Than Home University Seats Allotted to Other Than Home University Candidates,,,,,,,,,,,,,,,,,,,
,GOPENO, ,GSCO, ,GOBCO, ,GSEBCO,,,,,,,,,,,,
13126,18970,16015,20422,,,,,,,,,,,,,,,,
Stage-I, ,,,,,,,,,,,,,,,,,,
(58.7911466),(34.5198145),(46.3793819),(27.2744425),,,,,,,,,,,,,,,,
,State Level Seats,,,,,,,,,,,,,,,,,,
,TFWS,,,,,,,,,,,,,,,,,,
12279,,,,,,,,,,,,,,,,,,,
Stage-I, ,,,,,,,,,,,,,,,,,,
(61.2807064),,,,,,,,,,,,,,,,,,,
,Legends :, ,"Legends: G-General, L-Ladies, S-State Level Seats ,PWD - Persons with Disabilities,DEF - Defence,PWDR :PWD Common Reserved Seat",,,,,,,,,,,,,,,,
"DEFR :Defense Common Reserved Seat ,* Maharashtra State Seats - Cut Off Indicates State General Merit No. ; Figures in bracket Indicates Merit Score",,,,,,,,,,,,,,,,,,,
,Page 161 of 188,,,,,,,,,,,,,,,,,,
GOVERNMENT OF MAHARASHTRA,,,,,,,,,,,,,,,,,,,
"State Common Entrance Test Cell, Mumbai.",,,,,,,,,,,,,,,,,,,
,Cut Off List for Maharashtra & Minority Seats of CAP Round-I for Admission to the First Year Post Graduate Technical Course in Master of Computer Applications (MCA) 2025-26,,,,,,,,,,,,,,,,,,
,"6755 - JSPM Narhe Technical Campus, Pune.",,,,,,,,,,,,,,,,,,
,0675524110 - Master in Computer Application,,,,,,,,,,,,,,,,,,
,Status :, ,Un-Aided,,,,,,,,,,,,,,,,
,Home University Seats,,,,,,,,,,,,,,,,,,
Home University Seats Allotted to Home University Candidates,,,,,,,,,,,,,,,,,,,
,GOPENH, ,GSCH, ,GSTH, ,GNTAH, ,GNTBH, ,GNTCH, ,GNTDH, ,GOBCH, ,GSEBCH,,
3254,6144,12190,15620,4666,4360,8866,4081,6431,,,,,,,,,,,
Stage-I, ,,,,,,,,,,,,,,,,,,
(89.1966341),(80.5399495),(61.2807064),(49.3533426),(85.3851665),(87.2080299),(73.5368477),(87.3496474),(80.5399495),,,,,,,,,,,
,Other Than Home University Seats,,,,,,,,,,,,,,,,,,
Other Than Home University Seats Allotted to Other Than Home University Candidates,,,,,,,,,,,,,,,,,,,
,GOPENO, ,GSCO, ,GNTBO, ,GOBCO, ,GSEBCO,,,,,,,,,,
1780,2488,5051,2231,2885,,,,,,,,,,,,,,,
Stage-I, ,,,,,,,,,,,,,,,,,,
(94.4270578),(92.1797821),(85.2118788),(92.3361383),(90.9663786),,,,,,,,,,,,,,,
,State Level Seats,,,,,,,,,,,,,,,,,,
,EWS, ,TFWS,,,,,,,,,,,,,,,,
5285,1811,,,,,,,,,,,,,,,,,,
Stage-I, ,,,,,,,,,,,,,,,,,,
(82.9644433),(94.4270578),,,,,,,,,,,,,,,,,,
,Legends :, ,"Legends: G-General, L-Ladies, S-State Level Seats ,PWD - Persons with Disabilities,DEF - Defence,PWDR :PWD Common Reserved Seat",,,,,,,,,,,,,,,,
"DEFR :Defense Common Reserved Seat ,* Maharashtra State Seats - Cut Off Indicates State General Merit No. ; Figures in bracket Indicates Merit Score",,,,,,,,,,,,,,,,,,,
,Page 162 of 188,,,,,,,,,,,,,,,,,,
GOVERNMENT OF MAHARASHTRA,,,,,,,,,,,,,,,,,,,
"State Common Entrance Test Cell, Mumbai.",,,,,,,,,,,,,,,,,,,
,Cut Off List for Maharashtra & Minority Seats of CAP Round-I for Admission to the First Year Post Graduate Technical Course in Master of Computer Applications (MCA) 2025-26,,,,,,,,,,,,,,,,,,
,"6757 - Yashoda Technical Campus, Wadhe, Satara.",,,,,,,,,,,,,,,,,,
,0675724110 - Master in Computer Application,,,,,,,,,,,,,,,,,,
,Status :, ,Un-Aided,,,,,,,,,,,,,,,,
,Home University Seats,,,,,,,,,,,,,,,,,,
Home University Seats Allotted to Home University Candidates,,,,,,,,,,,,,,,,,,,
,GOPENH, ,GSCH, ,GNTBH, ,GNTCH, ,GOBCH, ,GSEBCH,,,,,,,,
10065,24730,24200,13158,18770,18103,,,,,,,,,,,,,,
Stage-I, ,,,,,,,,,,,,,,,,,,
(69.7143504),(5.5960152),(7.9446476),(58.7911466),(36.496736),(39.3989669),,,,,,,,,,,,,,
,Other Than Home University Seats,,,,,,,,,,,,,,,,,,
Other Than Home University Seats Allotted to Other Than Home University Candidates,,,,,,,,,,,,,,,,,,,
,GOPENO,,,,,,,,,,,,,,,,,,
25252,,,,,,,,,,,,,,,,,,,
Stage-I, ,,,,,,,,,,,,,,,,,,
(2.0301121),,,,,,,,,,,,,,,,,,,
,Other Than Home University Seats Allotted to Home University Candidates,,,,,,,,,,,,,,,,,,
,GOPENO, ,GOBCO, ,GSEBCO,,,,,,,,,,,,,,
10609,25262,19570,,,,,,,,,,,,,,,,,
Stage-I, ,,,,,,,,,,,,,,,,,,
(67.3579428),(2.0301121),(31.6629561),,,,,,,,,,,,,,,,,
,State Level Seats,,,,,,,,,,,,,,,,,,
,TFWS,,,,,,,,,,,,,,,,,,
15705,,,,,,,,,,,,,,,,,,,
Stage-I, ,,,,,,,,,,,,,,,,,,
(49.3533426),,,,,,,,,,,,,,,,,,,
,Legends :, ,"Legends: G-General, L-Ladies, S-State Level Seats ,PWD - Persons with Disabilities,DEF - Defence,PWDR :PWD Common Reserved Seat",,,,,,,,,,,,,,,,
"DEFR :Defense Common Reserved Seat ,* Maharashtra State Seats - Cut Off Indicates State General Merit No. ; Figures in bracket Indicates Merit Score",,,,,,,,,,,,,,,,,,,
,Page 163 of 188,,,,,,,,,,,,,,,,,,
GOVERNMENT OF MAHARASHTRA,,,,,,,,,,,,,,,,,,,
"State Common Entrance Test Cell, Mumbai.",,,,,,,,,,,,,,,,,,,
,Cut Off List for Maharashtra & Minority Seats of CAP Round-I for Admission to the First Year Post Graduate Technical Course in Master of Computer Applications (MCA) 2025-26,,,,,,,,,,,,,,,,,,
,"6775 - Yashaswi Education Society's International Institute of Management Science, Chinchwad, Pune",,,,,,,,,,,,,,,,,,
,0677524110 - Master in Computer Application,,,,,,,,,,,,,,,,,,
,Status :, ,Un-Aided,,,,,,,,,,,,,,,,
,Home University Seats,,,,,,,,,,,,,,,,,,
Home University Seats Allotted to Home University Candidates,,,,,,,,,,,,,,,,,,,
,GOPENH, ,GSCH, ,GNTAH, ,GNTBH, ,GNTCH, ,GNTDH, ,GOBCH, ,GSEBCH,,,,
7431,23374,13681,13748,12288,17291,12328,20563,,,,,,,,,,,,
Stage-I, ,,,,,,,,,,,,,,,,,,
(76.9216256),(13.5402134),(56.5488095),(56.5488095),(61.2807064),(41.4550394),(61.2807064),(27.2744425),,,,,,,,,,,,
,Home University Seats Allotted to Other Than Home University Candidates,,,,,,,,,,,,,,,,,,
,GNTAH,,,,,,,,,,,,,,,,,,
11285,,,,,,,,,,,,,,,,,,,
Stage-I, ,,,,,,,,,,,,,,,,,,
(65.8578922),,,,,,,,,,,,,,,,,,,
,Other Than Home University Seats,,,,,,,,,,,,,,,,,,
Other Than Home University Seats Allotted to Other Than Home University Candidates,,,,,,,,,,,,,,,,,,,
,GOPENO, ,GSCO, ,GSTO, ,GNTAO, ,GNTBO, ,GNTCO, ,GOBCO, ,GSEBCO,,,,
6730,9880,19625,9288,13209,7213,7554,7401,,,,,,,,,,,,
Stage-I, ,,,,,,,,,,,,,,,,,,
(79.9969812),(69.7143504),(31.6629561),(71.1549338),(58.7911466),(77.8251197),(76.9216256),(77.8251197),,,,,,,,,,,,
,Other Than Home University Seats Allotted to Home University Candidates,,,,,,,,,,,,,,,,,,
,GNTDO,,,,,,,,,,,,,,,,,,
24579,,,,,,,,,,,,,,,,,,,
Stage-I, ,,,,,,,,,,,,,,,,,,
(5.9311489),,,,,,,,,,,,,,,,,,,
,State Level Seats,,,,,,,,,,,,,,,,,,
,EWS, ,TFWS,,,,,,,,,,,,,,,,
22570,3047,,,,,,,,,,,,,,,,,,
Stage-I, ,,,,,,,,,,,,,,,,,,
(16.9789978),(90.7733494),,,,,,,,,,,,,,,,,,
,Legends :, ,"Legends: G-General, L-Ladies, S-State Level Seats ,PWD - Persons with Disabilities,DEF - Defence,PWDR :PWD Common Reserved Seat",,,,,,,,,,,,,,,,
"DEFR :Defense Common Reserved Seat ,* Maharashtra State Seats - Cut Off Indicates State General Merit No. ; Figures in bracket Indicates Merit Score",,,,,,,,,,,,,,,,,,,
,Page 164 of 188,,,,,,,,,,,,,,,,,,
GOVERNMENT OF MAHARASHTRA,,,,,,,,,,,,,,,,,,,
"State Common Entrance Test Cell, Mumbai.",,,,,,,,,,,,,,,,,,,
,Cut Off List for Maharashtra & Minority Seats of CAP Round-I for Admission to the First Year Post Graduate Technical Course in Master of Computer Applications (MCA) 2025-26,,,,,,,,,,,,,,,,,,
,"6794 - Anantrao Pawar College of Engineering & Research, Pune",,,,,,,,,,,,,,,,,,
,0679424110 - Master in Computer Application,,,,,,,,,,,,,,,,,,
,Status :, ,Un-Aided,,,,,,,,,,,,,,,,
,Home University Seats,,,,,,,,,,,,,,,,,,
Home University Seats Allotted to Home University Candidates,,,,,,,,,,,,,,,,,,,
,GOPENH, ,GSCH, ,GNTBH, ,GNTCH, ,GNTDH, ,GOBCH, ,GSEBCH,,,,,,
8490,20716,9651,19271,20318,12412,21992,,,,,,,,,,,,,
Stage-I, ,,,,,,,,,,,,,,,,,,
(73.5368477),(27.2744425),(69.7143504),(34.5198145),(29.9046039),(61.2807064),(21.0059952),,,,,,,,,,,,,
,Home University Seats Allotted to Other Than Home University Candidates,,,,,,,,,,,,,,,,,,
,GNTAH, ,GSEBCH,,,,,,,,,,,,,,,,
19833,11156,,,,,,,,,,,,,,,,,,
Stage-I, ,,,,,,,,,,,,,,,,,,
(31.6629561),(65.8578922),,,,,,,,,,,,,,,,,,
,Other Than Home University Seats,,,,,,,,,,,,,,,,,,
Other Than Home University Seats Allotted to Other Than Home University Candidates,,,,,,,,,,,,,,,,,,,
,GOPENO, ,GSCO, ,GNTAO, ,GNTBO, ,GNTCO, ,GOBCO, ,GSEBCO,,,,,,
5793,11900,13916,10327,10846,8188,9645,,,,,,,,,,,,,
Stage-I, ,,,,,,,,,,,,,,,,,,
(82.8308366),(63.1574978),(56.5488095),(67.3579428),(65.8578922),(74.782248),(69.7143504),,,,,,,,,,,,,
,State Level Seats,,,,,,,,,,,,,,,,,,
,EWS, ,TFWS,,,,,,,,,,,,,,,,
20736,3298,,,,,,,,,,,,,,,,,,
Stage-I, ,,,,,,,,,,,,,,,,,,
(27.2744425),(89.1966341),,,,,,,,,,,,,,,,,,
,Legends :, ,"Legends: G-General, L-Ladies, S-State Level Seats ,PWD - Persons with Disabilities,DEF - Defence,PWDR :PWD Common Reserved Seat",,,,,,,,,,,,,,,,
"DEFR :Defense Common Reserved Seat ,* Maharashtra State Seats - Cut Off Indicates State General Merit No. ; Figures in bracket Indicates Merit Score",,,,,,,,,,,,,,,,,,,
,Page 165 of 188,,,,,,,,,,,,,,,,,,
GOVERNMENT OF MAHARASHTRA,,,,,,,,,,,,,,,,,,,
"State Common Entrance Test Cell, Mumbai.",,,,,,,,,,,,,,,,,,,
,Cut Off List for Maharashtra & Minority Seats of CAP Round-I for Admission to the First Year Post Graduate Technical Course in Master of Computer Applications (MCA) 2025-26,,,,,,,,,,,,,,,,,,
,"6803 - Sant Gajanan Maharaj College of Engineering, Gadhinglaj",,,,,,,,,,,,,,,,,,
,0680324110 - Master in Computer Application,,,,,,,,,,,,,,,,,,
,Status :, ,Un-Aided,,,,,,,,,,,,,,,,
,Home University Seats,,,,,,,,,,,,,,,,,,
Home University Seats Allotted to Home University Candidates,,,,,,,,,,,,,,,,,,,
,GOPENH, ,GSCH, ,GNTAH, ,GOBCH, ,GSEBCH,,,,,,,,,,
7794,20610,21393,22676,14334,,,,,,,,,,,,,,,
Stage-I, ,,,,,,,,,,,,,,,,,,
(76.9216256),(27.2744425),(23.1010151),(16.9789978),(53.942159),,,,,,,,,,,,,,,
,Other Than Home University Seats,,,,,,,,,,,,,,,,,,
Other Than Home University Seats Allotted to Other Than Home University Candidates,,,,,,,,,,,,,,,,,,,
,GOPENO,,,,,,,,,,,,,,,,,,
25271,,,,,,,,,,,,,,,,,,,
Stage-I, ,,,,,,,,,,,,,,,,,,
(2.0301121),,,,,,,,,,,,,,,,,,,
,Other Than Home University Seats Allotted to Home University Candidates,,,,,,,,,,,,,,,,,,
,GOPENO, ,GSCO, ,GSEBCO,,,,,,,,,,,,,,
8880,22684,14991,,,,,,,,,,,,,,,,,
Stage-I, ,,,,,,,,,,,,,,,,,,
(73.5368477),(16.9789978),(51.4093808),,,,,,,,,,,,,,,,,
,State Level Seats,,,,,,,,,,,,,,,,,,
,EWS, ,TFWS,,,,,,,,,,,,,,,,
23205,10648,,,,,,,,,,,,,,,,,,
Stage-I, ,,,,,,,,,,,,,,,,,,
(13.5402134),(67.3579428),,,,,,,,,,,,,,,,,,
,Legends :, ,"Legends: G-General, L-Ladies, S-State Level Seats ,PWD - Persons with Disabilities,DEF - Defence,PWDR :PWD Common Reserved Seat",,,,,,,,,,,,,,,,
"DEFR :Defense Common Reserved Seat ,* Maharashtra State Seats - Cut Off Indicates State General Merit No. ; Figures in bracket Indicates Merit Score",,,,,,,,,,,,,,,,,,,
,Page 166 of 188,,,,,,,,,,,,,,,,,,
GOVERNMENT OF MAHARASHTRA,,,,,,,,,,,,,,,,,,,
"State Common Entrance Test Cell, Mumbai.",,,,,,,,,,,,,,,,,,,
,Cut Off List for Maharashtra & Minority Seats of CAP Round-I for Admission to the First Year Post Graduate Technical Course in Master of Computer Applications (MCA) 2025-26,,,,,,,,,,,,,,,,,,
,"6812 - Progressive Education Society's Modern Institute of Business Studies, Nigdi, Pune",,,,,,,,,,,,,,,,,,
,0681224110 - Master in Computer Application,,,,,,,,,,,,,,,,,,
,Status :, ,Un-Aided-Autonomous,,,,,,,,,,,,,,,,
,Home University Seats,,,,,,,,,,,,,,,,,,
Home University Seats Allotted to Home University Candidates,,,,,,,,,,,,,,,,,,,
,GOPENH, ,GSCH, ,GSTH, ,GNTAH, ,GNTBH, ,GNTCH, ,GNTDH, ,GOBCH, ,GSEBCH,,
2632,8652,10895,5906,7362,3667,7076,3453,6002,,,,,,,,,,,
Stage-I, ,,,,,,,,,,,,,,,,,,
(92.1797821),(73.5368477),(65.8578922),(82.8308366),(77.8251197),(89.1331398),(77.8251197),(89.1966341),(82.8308366),,,,,,,,,,,
,Other Than Home University Seats,,,,,,,,,,,,,,,,,,
Other Than Home University Seats Allotted to Other Than Home University Candidates,,,,,,,,,,,,,,,,,,,
,GOPENO, ,GSCO, ,GNTCO, ,GOBCO, ,GSEBCO,,,,,,,,,,
1464,2646,3163,1854,2012,,,,,,,,,,,,,,,
Stage-I, ,,,,,,,,,,,,,,,,,,
(95.2942951),(92.1797821),(90.7733494),(93.5511867),(93.405226),,,,,,,,,,,,,,,
,State Level Seats,,,,,,,,,,,,,,,,,,
,EWS, ,TFWS,,,,,,,,,,,,,,,,
4532,1126,,,,,,,,,,,,,,,,,,
Stage-I, ,,,,,,,,,,,,,,,,,,
(85.3851665),(96.1125146),,,,,,,,,,,,,,,,,,
,Legends :, ,"Legends: G-General, L-Ladies, S-State Level Seats ,PWD - Persons with Disabilities,DEF - Defence,PWDR :PWD Common Reserved Seat",,,,,,,,,,,,,,,,
"DEFR :Defense Common Reserved Seat ,* Maharashtra State Seats - Cut Off Indicates State General Merit No. ; Figures in bracket Indicates Merit Score",,,,,,,,,,,,,,,,,,,
,Page 167 of 188,,,,,,,,,,,,,,,,,,
GOVERNMENT OF MAHARASHTRA,,,,,,,,,,,,,,,,,,,
"State Common Entrance Test Cell, Mumbai.",,,,,,,,,,,,,,,,,,,
,Cut Off List for Maharashtra & Minority Seats of CAP Round-I for Admission to the First Year Post Graduate Technical Course in Master of Computer Applications (MCA) 2025-26,,,,,,,,,,,,,,,,,,
,"6836 - Dr.D.Y.Patil Institute Of Management & Entrepreneur Development,Talegaon",,,,,,,,,,,,,,,,,,
,0683624110 - Master in Computer Application,,,,,,,,,,,,,,,,,,
,Status :, ,Un-Aided,,,,,,,,,,,,,,,,
,Home University Seats,,,,,,,,,,,,,,,,,,
Home University Seats Allotted to Home University Candidates,,,,,,,,,,,,,,,,,,,
,GOPENH, ,GSCH, ,GSTH, ,GNTBH, ,GNTCH, ,GNTDH, ,GOBCH, ,GSEBCH,,,,
7217,18782,18529,19920,14448,21397,10374,14845,,,,,,,,,,,,
Stage-I, ,,,,,,,,,,,,,,,,,,
(77.8251197),(36.496736),(36.496736),(29.9046039),(53.942159),(23.1010151),(67.3579428),(51.4093808),,,,,,,,,,,,
,Home University Seats Allotted to Other Than Home University Candidates,,,,,,,,,,,,,,,,,,
,GNTAH,,,,,,,,,,,,,,,,,,
12208,,,,,,,,,,,,,,,,,,,
Stage-I, ,,,,,,,,,,,,,,,,,,
(61.2807064),,,,,,,,,,,,,,,,,,,
,Other Than Home University Seats,,,,,,,,,,,,,,,,,,
Other Than Home University Seats Allotted to Other Than Home University Candidates,,,,,,,,,,,,,,,,,,,
,GOPENO, ,GSCO, ,GSTO, ,GNTAO, ,GNTCO, ,GNTDO, ,GOBCO, ,GSEBCO,,,,
4765,6934,12885,8926,4859,6124,5860,6070,,,,,,,,,,,,
Stage-I, ,,,,,,,,,,,,,,,,,,
(85.3851665),(79.9969812),(58.7911466),(73.5368477),(85.2118788),(80.5399495),(82.8308366),(82.8308366),,,,,,,,,,,,
,State Level Seats,,,,,,,,,,,,,,,,,,
,EWS, ,TFWS,,,,,,,,,,,,,,,,
22522,2438,,,,,,,,,,,,,,,,,,
Stage-I, ,,,,,,,,,,,,,,,,,,
(16.9789978),(92.1797821),,,,,,,,,,,,,,,,,,
,Legends :, ,"Legends: G-General, L-Ladies, S-State Level Seats ,PWD - Persons with Disabilities,DEF - Defence,PWDR :PWD Common Reserved Seat",,,,,,,,,,,,,,,,
"DEFR :Defense Common Reserved Seat ,* Maharashtra State Seats - Cut Off Indicates State General Merit No. ; Figures in bracket Indicates Merit Score",,,,,,,,,,,,,,,,,,,
,Page 168 of 188,,,,,,,,,,,,,,,,,,
GOVERNMENT OF MAHARASHTRA,,,,,,,,,,,,,,,,,,,
"State Common Entrance Test Cell, Mumbai.",,,,,,,,,,,,,,,,,,,
,Cut Off List for Maharashtra & Minority Seats of CAP Round-I for Admission to the First Year Post Graduate Technical Course in Master of Computer Applications (MCA) 2025-26,,,,,,,,,,,,,,,,,,
,"6899 - Chhatrapati Shahu Institute of Business Education & Research, Kolhapur",,,,,,,,,,,,,,,,,,
,0689924110 - Master in Computer Application,,,,,,,,,,,,,,,,,,
,Status :, ,Un-Aided-Autonomous,,,,,,,,,,,,,,,,
,Home University Seats,,,,,,,,,,,,,,,,,,
Home University Seats Allotted to Home University Candidates,,,,,,,,,,,,,,,,,,,
,GOPENH, ,GSCH, ,GNTAH, ,GNTBH, ,GNTCH, ,GOBCH, ,GSEBCH, ,PWDOPENH,,,,
5532,14938,13576,14963,13154,11072,7588,7509,,,,,,,,,,,,
Stage-I, ,,,,,,,,,,,,,,,,,,
(82.9644433),(51.4093808),(56.5488095),(51.4093808),(58.7911466),(65.8578922),(76.9216256),(76.9216256),,,,,,,,,,,,
,Other Than Home University Seats,,,,,,,,,,,,,,,,,,
Other Than Home University Seats Allotted to Other Than Home University Candidates,,,,,,,,,,,,,,,,,,,
,GOPENO, ,GSCO, ,GNTCO, ,GOBCO, ,GSEBCO,,,,,,,,,,
14263,15776,16235,23193,22215,,,,,,,,,,,,,,,
Stage-I, ,,,,,,,,,,,,,,,,,,
(53.942159),(49.3533426),(46.3793819),(13.5402134),(19.1539942),,,,,,,,,,,,,,,
,Other Than Home University Seats Allotted to Home University Candidates,,,,,,,,,,,,,,,,,,
,GSCO, ,GNTBO, ,GSEBCO,,,,,,,,,,,,,,
17298,16236,7605,,,,,,,,,,,,,,,,,
Stage-I, ,,,,,,,,,,,,,,,,,,
(41.4550394),(46.3793819),(76.9216256),,,,,,,,,,,,,,,,,
,State Level Seats,,,,,,,,,,,,,,,,,,
,EWS, ,TFWS,,,,,,,,,,,,,,,,
20493,3300,,,,,,,,,,,,,,,,,,
Stage-I, ,,,,,,,,,,,,,,,,,,
(27.2744425),(89.1966341),,,,,,,,,,,,,,,,,,
,Legends :, ,"Legends: G-General, L-Ladies, S-State Level Seats ,PWD - Persons with Disabilities,DEF - Defence,PWDR :PWD Common Reserved Seat",,,,,,,,,,,,,,,,
"DEFR :Defense Common Reserved Seat ,* Maharashtra State Seats - Cut Off Indicates State General Merit No. ; Figures in bracket Indicates Merit Score",,,,,,,,,,,,,,,,,,,
,Page 169 of 188,,,,,,,,,,,,,,,,,,
GOVERNMENT OF MAHARASHTRA,,,,,,,,,,,,,,,,,,,
"State Common Entrance Test Cell, Mumbai.",,,,,,,,,,,,,,,,,,,
,Cut Off List for Maharashtra & Minority Seats of CAP Round-I for Admission to the First Year Post Graduate Technical Course in Master of Computer Applications (MCA) 2025-26,,,,,,,,,,,,,,,,,,
,"6971 - K.B. Joshi Institute of Information Technology, Pune",,,,,,,,,,,,,,,,,,
,0697124150F - Master in Computer Application,,,,,,,,,,,,,,,,,,
,Status :, ,Un-Aided,,,,,,,,,,,,,,,,
,State Level Seats,,,,,,,,,,,,,,,,,,
,GOPENS, ,GSCS, ,GNTAS, ,GNTBS, ,GNTCS, ,GNTDS, ,GOBCS, ,GSEBCS, ,EWS, ,TFWS
4768,17565,15391,12949,10290,12778,8779,7471,13663,2966,,,,,,,,,,
Stage-I, ,,,,,,,,,,,,,,,,,,
(85.3851665),(41.4550394),(49.3533426),(58.7911466),(67.3579428),(58.7911466),(73.5368477),(76.9216256),(56.5488095),(90.9663786),,,,,,,,,,
,Legends :, ,"Legends: G-General, L-Ladies, S-State Level Seats ,PWD - Persons with Disabilities,DEF - Defence,PWDR :PWD Common Reserved Seat",,,,,,,,,,,,,,,,
"DEFR :Defense Common Reserved Seat ,* Maharashtra State Seats - Cut Off Indicates State General Merit No. ; Figures in bracket Indicates Merit Score",,,,,,,,,,,,,,,,,,,
,Page 170 of 188,,,,,,,,,,,,,,,,,,
GOVERNMENT OF MAHARASHTRA,,,,,,,,,,,,,,,,,,,
"State Common Entrance Test Cell, Mumbai.",,,,,,,,,,,,,,,,,,,
,Cut Off List for Maharashtra & Minority Seats of CAP Round-I for Admission to the First Year Post Graduate Technical Course in Master of Computer Applications (MCA) 2025-26,,,,,,,,,,,,,,,,,,
,"6973 - ASMS Institute of Business Management and Research MCA, Pune",,,,,,,,,,,,,,,,,,
,0697324110 - Master in Computer Application,,,,,,,,,,,,,,,,,,
,Status :, ,Un-Aided,,,,,,,,,,,,,,,,
,Home University Seats,,,,,,,,,,,,,,,,,,
Home University Seats Allotted to Home University Candidates,,,,,,,,,,,,,,,,,,,
,GOPENH, ,GSCH, ,GNTAH, ,GNTBH, ,GNTCH, ,GNTDH, ,GOBCH, ,GSEBCH,,,,
6967,19309,20001,11545,11050,12608,9610,21902,,,,,,,,,,,,
Stage-I, ,,,,,,,,,,,,,,,,,,
(77.8251197),(34.5198145),(29.9046039),(63.1574978),(65.8578922),(61.2807064),(71.1549338),(21.0059952),,,,,,,,,,,,
,Other Than Home University Seats,,,,,,,,,,,,,,,,,,
Other Than Home University Seats Allotted to Other Than Home University Candidates,,,,,,,,,,,,,,,,,,,
,GOPENO, ,GSCO, ,GNTAO, ,GNTBO, ,GNTCO, ,GNTDO, ,GOBCO, ,GSEBCO,,,,
4322,9138,7031,4966,4361,14640,5223,5990,,,,,,,,,,,,
Stage-I, ,,,,,,,,,,,,,,,,,,
(87.2080299),(71.1549338),(77.8251197),(85.2118788),(87.2080299),(51.4093808),(82.9644433),(82.8308366),,,,,,,,,,,,
,State Level Seats,,,,,,,,,,,,,,,,,,
,EWS, ,TFWS,,,,,,,,,,,,,,,,
23031,3205,,,,,,,,,,,,,,,,,,
Stage-I, ,,,,,,,,,,,,,,,,,,
(15.5994113),(90.7733494),,,,,,,,,,,,,,,,,,
,Legends :, ,"Legends: G-General, L-Ladies, S-State Level Seats ,PWD - Persons with Disabilities,DEF - Defence,PWDR :PWD Common Reserved Seat",,,,,,,,,,,,,,,,
"DEFR :Defense Common Reserved Seat ,* Maharashtra State Seats - Cut Off Indicates State General Merit No. ; Figures in bracket Indicates Merit Score",,,,,,,,,,,,,,,,,,,
,Page 171 of 188,,,,,,,,,,,,,,,,,,
GOVERNMENT OF MAHARASHTRA,,,,,,,,,,,,,,,,,,,
"State Common Entrance Test Cell, Mumbai.",,,,,,,,,,,,,,,,,,,
,Cut Off List for Maharashtra & Minority Seats of CAP Round-I for Admission to the First Year Post Graduate Technical Course in Master of Computer Applications (MCA) 2025-26,,,,,,,,,,,,,,,,,,
,6990 - Jaihind Institute of Management and Research,,,,,,,,,,,,,,,,,,
,0699024110 - Master in Computer Application,,,,,,,,,,,,,,,,,,
,Status :, ,Un-Aided,,,,,,,,,,,,,,,,
,Home University Seats,,,,,,,,,,,,,,,,,,
Home University Seats Allotted to Home University Candidates,,,,,,,,,,,,,,,,,,,
,GOPENH, ,GSCH, ,GSTH, ,GNTBH, ,GNTCH, ,GOBCH, ,GSEBCH,,,,,,
9959,21715,12639,18804,23336,16871,23660,,,,,,,,,,,,,
Stage-I, ,,,,,,,,,,,,,,,,,,
(69.7143504),(21.0059952),(61.2807064),(36.496736),(13.5402134),(44.5345198),(12.4750009),,,,,,,,,,,,,
,Home University Seats Allotted to Other Than Home University Candidates,,,,,,,,,,,,,,,,,,
,GSCH,,,,,,,,,,,,,,,,,,
22525,,,,,,,,,,,,,,,,,,,
Stage-I, ,,,,,,,,,,,,,,,,,,
(16.9789978),,,,,,,,,,,,,,,,,,,
,Other Than Home University Seats,,,,,,,,,,,,,,,,,,
Other Than Home University Seats Allotted to Other Than Home University Candidates,,,,,,,,,,,,,,,,,,,
,GOPENO, ,GSCO, ,GNTBO, ,GNTCO, ,GOBCO, ,GSEBCO,,,,,,,,
12237,22294,21816,16863,16499,19860,,,,,,,,,,,,,,
Stage-I, ,,,,,,,,,,,,,,,,,,
(61.2807064),(19.1539942),(21.0059952),(44.5345198),(44.5345198),(29.9046039),,,,,,,,,,,,,,
,State Level Seats,,,,,,,,,,,,,,,,,,
,EWS, ,TFWS,,,,,,,,,,,,,,,,
16330,7990,,,,,,,,,,,,,,,,,,
Stage-I, ,,,,,,,,,,,,,,,,,,
(46.3793819),(74.782248),,,,,,,,,,,,,,,,,,
,Legends :, ,"Legends: G-General, L-Ladies, S-State Level Seats ,PWD - Persons with Disabilities,DEF - Defence,PWDR :PWD Common Reserved Seat",,,,,,,,,,,,,,,,
"DEFR :Defense Common Reserved Seat ,* Maharashtra State Seats - Cut Off Indicates State General Merit No. ; Figures in bracket Indicates Merit Score",,,,,,,,,,,,,,,,,,,
,Page 172 of 188,,,,,,,,,,,,,,,,,,
GOVERNMENT OF MAHARASHTRA,,,,,,,,,,,,,,,,,,,
"State Common Entrance Test Cell, Mumbai.",,,,,,,,,,,,,,,,,,,
,Cut Off List for Maharashtra & Minority Seats of CAP Round-I for Admission to the First Year Post Graduate Technical Course in Master of Computer Applications (MCA) 2025-26,,,,,,,,,,,,,,,,,,
,"6991 - Dr. D.Y. Patil Technical Campus, Varale, Talegaon, Pune",,,,,,,,,,,,,,,,,,
,0699124110 - Master in Computer Application,,,,,,,,,,,,,,,,,,
,Status :, ,Un-Aided,,,,,,,,,,,,,,,,
,Home University Seats,,,,,,,,,,,,,,,,,,
Home University Seats Allotted to Home University Candidates,,,,,,,,,,,,,,,,,,,
,GOPENH, ,GSCH, ,GSTH, ,GNTAH, ,GNTBH, ,GNTCH, ,GNTDH, ,GOBCH, ,GSEBCH,,
7890,25322,14579,12557,18624,11337,22711,12079,19469,,,,,,,,,,,
Stage-I, ,,,,,,,,,,,,,,,,,,
(76.9216256),(1.3622127),(53.942159),(61.2807064),(36.496736),(65.8578922),(16.9789978),(61.2807064),(31.6629561),,,,,,,,,,,
,Home University Seats Allotted to Other Than Home University Candidates,,,,,,,,,,,,,,,,,,
,GSCH, ,GNTAH,,,,,,,,,,,,,,,,
9455,7094,,,,,,,,,,,,,,,,,,
Stage-I, ,,,,,,,,,,,,,,,,,,
(71.1549338),(77.8251197),,,,,,,,,,,,,,,,,,
,Other Than Home University Seats,,,,,,,,,,,,,,,,,,
Other Than Home University Seats Allotted to Other Than Home University Candidates,,,,,,,,,,,,,,,,,,,
,GOPENO, ,GSCO, ,GNTAO, ,GNTBO, ,GNTCO, ,GNTDO, ,GOBCO, ,GSEBCO,,,,
4287,7867,4493,8029,5757,9192,6177,6394,,,,,,,,,,,,
Stage-I, ,,,,,,,,,,,,,,,,,,
(87.2080299),(76.9216256),(85.3851665),(74.782248),(82.8308366),(71.1549338),(80.5399495),(80.5399495),,,,,,,,,,,,
,State Level Seats,,,,,,,,,,,,,,,,,,
,EWS, ,TFWS,,,,,,,,,,,,,,,,
22253,1989,,,,,,,,,,,,,,,,,,
Stage-I, ,,,,,,,,,,,,,,,,,,
(19.1539942),(93.5511867),,,,,,,,,,,,,,,,,,
,Legends :, ,"Legends: G-General, L-Ladies, S-State Level Seats ,PWD - Persons with Disabilities,DEF - Defence,PWDR :PWD Common Reserved Seat",,,,,,,,,,,,,,,,
"DEFR :Defense Common Reserved Seat ,* Maharashtra State Seats - Cut Off Indicates State General Merit No. ; Figures in bracket Indicates Merit Score",,,,,,,,,,,,,,,,,,,
,Page 173 of 188,,,,,,,,,,,,,,,,,,
GOVERNMENT OF MAHARASHTRA,,,,,,,,,,,,,,,,,,,
"State Common Entrance Test Cell, Mumbai.",,,,,,,,,,,,,,,,,,,
,Cut Off List for Maharashtra & Minority Seats of CAP Round-I for Admission to the First Year Post Graduate Technical Course in Master of Computer Applications (MCA) 2025-26,,,,,,,,,,,,,,,,,,
,"6992 - Pune Cambridge Institute of Management and Computer Application, Ambegaon Pathar, Pune",,,,,,,,,,,,,,,,,,
,0699224110 - Master in Computer Application,,,,,,,,,,,,,,,,,,
,Status :, ,Un-Aided,,,,,,,,,,,,,,,,
,Home University Seats,,,,,,,,,,,,,,,,,,
Home University Seats Allotted to Home University Candidates,,,,,,,,,,,,,,,,,,,
,GOPENH, ,GSCH, ,GNTAH, ,GNTCH, ,GNTDH, ,GOBCH, ,GSEBCH,,,,,,
7349,24261,14415,20022,9179,13641,16114,,,,,,,,,,,,,
Stage-I, ,,,,,,,,,,,,,,,,,,
(77.8251197),(7.9446476),(53.942159),(29.9046039),(71.1549338),(56.5488095),(46.3793819),,,,,,,,,,,,,
,Home University Seats Allotted to Other Than Home University Candidates,,,,,,,,,,,,,,,,,,
,GSCH, ,GNTAH, ,GNTBH, ,PWDOPENH,,,,,,,,,,,,
11348,13238,16065,3628,,,,,,,,,,,,,,,,
Stage-I, ,,,,,,,,,,,,,,,,,,
(65.8578922),(58.7911466),(46.3793819),(89.1331398),,,,,,,,,,,,,,,,
,Other Than Home University Seats,,,,,,,,,,,,,,,,,,
Other Than Home University Seats Allotted to Other Than Home University Candidates,,,,,,,,,,,,,,,,,,,
,GOPENO, ,GSCO, ,GSTO, ,GNTAO, ,GNTBO, ,GNTCO, ,GOBCO, ,GSEBCO,,,,
2541,9440,22706,10137,15468,2645,6290,7070,,,,,,,,,,,,
Stage-I, ,,,,,,,,,,,,,,,,,,
(92.1797821),(71.1549338),(16.9789978),(69.7143504),(49.3533426),(92.1797821),(80.5399495),(77.8251197),,,,,,,,,,,,
,State Level Seats,,,,,,,,,,,,,,,,,,
,EWS, ,TFWS,,,,,,,,,,,,,,,,
20914,1968,,,,,,,,,,,,,,,,,,
Stage-I, ,,,,,,,,,,,,,,,,,,
(25.4779232),(93.5511867),,,,,,,,,,,,,,,,,,
,Legends :, ,"Legends: G-General, L-Ladies, S-State Level Seats ,PWD - Persons with Disabilities,DEF - Defence,PWDR :PWD Common Reserved Seat",,,,,,,,,,,,,,,,
"DEFR :Defense Common Reserved Seat ,* Maharashtra State Seats - Cut Off Indicates State General Merit No. ; Figures in bracket Indicates Merit Score",,,,,,,,,,,,,,,,,,,
,Page 174 of 188,,,,,,,,,,,,,,,,,,
GOVERNMENT OF MAHARASHTRA,,,,,,,,,,,,,,,,,,,
"State Common Entrance Test Cell, Mumbai.",,,,,,,,,,,,,,,,,,,
,Cut Off List for Maharashtra & Minority Seats of CAP Round-I for Admission to the First Year Post Graduate Technical Course in Master of Computer Applications (MCA) 2025-26,,,,,,,,,,,,,,,,,,
,16122 - Pharate Patil Management Institutes,,,,,,,,,,,,,,,,,,
,1612224110 - Master in Computer Application,,,,,,,,,,,,,,,,,,
,Status :, ,Un-Aided,,,,,,,,,,,,,,,,
,Home University Seats,,,,,,,,,,,,,,,,,,
Home University Seats Allotted to Home University Candidates,,,,,,,,,,,,,,,,,,,
,GOPENH, ,GSCH, ,GNTAH, ,GNTCH, ,GNTDH, ,GOBCH, ,GSEBCH, ,PWDOPENH,,,,
15045,23764,20205,25039,25243,22882,21611,19333,,,,,,,,,,,,
Stage-I, ,,,,,,,,,,,,,,,,,,
(51.4093808),(10.5199653),(29.9046039),(3.0466423),(2.0301121),(15.5994113),(23.1010151),(34.5198145),,,,,,,,,,,,
,Home University Seats Allotted to Other Than Home University Candidates,,,,,,,,,,,,,,,,,,
,GNTBH,,,,,,,,,,,,,,,,,,
20136,,,,,,,,,,,,,,,,,,,
Stage-I, ,,,,,,,,,,,,,,,,,,
(29.9046039),,,,,,,,,,,,,,,,,,,
,Other Than Home University Seats,,,,,,,,,,,,,,,,,,
Other Than Home University Seats Allotted to Other Than Home University Candidates,,,,,,,,,,,,,,,,,,,
,GOPENO, ,GNTCO, ,GOBCO, ,GSEBCO,,,,,,,,,,,,
14554,21564,19274,25423,,,,,,,,,,,,,,,,
Stage-I, ,,,,,,,,,,,,,,,,,,
(53.942159),(23.1010151),(34.5198145),(0.5735633),,,,,,,,,,,,,,,,
,State Level Seats,,,,,,,,,,,,,,,,,,
,TFWS,,,,,,,,,,,,,,,,,,
16892,,,,,,,,,,,,,,,,,,,
Stage-I, ,,,,,,,,,,,,,,,,,,
(44.5345198),,,,,,,,,,,,,,,,,,,
,Legends :, ,"Legends: G-General, L-Ladies, S-State Level Seats ,PWD - Persons with Disabilities,DEF - Defence,PWDR :PWD Common Reserved Seat",,,,,,,,,,,,,,,,
"DEFR :Defense Common Reserved Seat ,* Maharashtra State Seats - Cut Off Indicates State General Merit No. ; Figures in bracket Indicates Merit Score",,,,,,,,,,,,,,,,,,,
,Page 175 of 188,,,,,,,,,,,,,,,,,,
GOVERNMENT OF MAHARASHTRA,,,,,,,,,,,,,,,,,,,
"State Common Entrance Test Cell, Mumbai.",,,,,,,,,,,,,,,,,,,
,Cut Off List for Maharashtra & Minority Seats of CAP Round-I for Admission to the First Year Post Graduate Technical Course in Master of Computer Applications (MCA) 2025-26,,,,,,,,,,,,,,,,,,
,"16125 - Vivekanand College, Kolhapur",,,,,,,,,,,,,,,,,,
,1612524210 - Master of Computer Applications,,,,,,,,,,,,,,,,,,
,Status :, ,Un-Aided,,,,,,,,,,,,,,,,
,Home University Seats,,,,,,,,,,,,,,,,,,
Home University Seats Allotted to Home University Candidates,,,,,,,,,,,,,,,,,,,
,GOPENH, ,GSCH, ,GNTBH, ,GNTCH, ,GOBCH, ,GSEBCH,,,,,,,,
7669,21632,12339,24233,14606,9057,,,,,,,,,,,,,,
Stage-I, ,,,,,,,,,,,,,,,,,,
(76.9216256),(23.1010151),(61.2807064),(7.9446476),(51.4093808),(71.1549338),,,,,,,,,,,,,,
,Other Than Home University Seats,,,,,,,,,,,,,,,,,,
Other Than Home University Seats Allotted to Other Than Home University Candidates,,,,,,,,,,,,,,,,,,,
,GOPENO,,,,,,,,,,,,,,,,,,
19601,,,,,,,,,,,,,,,,,,,
Stage-I, ,,,,,,,,,,,,,,,,,,
(31.6629561),,,,,,,,,,,,,,,,,,,
,Other Than Home University Seats Allotted to Home University Candidates,,,,,,,,,,,,,,,,,,
,GSCO, ,GOBCO, ,GSEBCO,,,,,,,,,,,,,,
22419,17206,9857,,,,,,,,,,,,,,,,,
Stage-I, ,,,,,,,,,,,,,,,,,,
(19.1539942),(41.4550394),(69.7143504),,,,,,,,,,,,,,,,,
,State Level Seats,,,,,,,,,,,,,,,,,,
,EWS, ,TFWS,,,,,,,,,,,,,,,,
23514,7247,,,,,,,,,,,,,,,,,,
Stage-I, ,,,,,,,,,,,,,,,,,,
(12.4750009),(77.8251197),,,,,,,,,,,,,,,,,,
,Legends :, ,"Legends: G-General, L-Ladies, S-State Level Seats ,PWD - Persons with Disabilities,DEF - Defence,PWDR :PWD Common Reserved Seat",,,,,,,,,,,,,,,,
"DEFR :Defense Common Reserved Seat ,* Maharashtra State Seats - Cut Off Indicates State General Merit No. ; Figures in bracket Indicates Merit Score",,,,,,,,,,,,,,,,,,,
,Page 176 of 188,,,,,,,,,,,,,,,,,,
GOVERNMENT OF MAHARASHTRA,,,,,,,,,,,,,,,,,,,
"State Common Entrance Test Cell, Mumbai.",,,,,,,,,,,,,,,,,,,
,Cut Off List for Maharashtra & Minority Seats of CAP Round-I for Admission to the First Year Post Graduate Technical Course in Master of Computer Applications (MCA) 2025-26,,,,,,,,,,,,,,,,,,
,16130 - KARMAVEER HIRE ARTS SCIENCE COMMERCE AND EDUCATION COLLEGE,,,,,,,,,,,,,,,,,,
,1613024270U - Master of Computer Applications,,,,,,,,,,,,,,,,,,
,Status :, ,Un-Aided,,,,,,,,,,,,,,,,
,Home University Seats,,,,,,,,,,,,,,,,,,
Home University Seats Allotted to Home University Candidates,,,,,,,,,,,,,,,,,,,
,GOPENH, ,GSCH, ,GNTBH, ,GNTCH, ,GOBCH, ,GSEBCH, ,PWDOPENH,,,,,,
7312,17423,9844,24820,20274,12607,15016,,,,,,,,,,,,,
Stage-I, ,,,,,,,,,,,,,,,,,,
(77.8251197),(41.4550394),(69.7143504),(4.302251),(29.9046039),(61.2807064),(51.4093808),,,,,,,,,,,,,
,Other Than Home University Seats,,,,,,,,,,,,,,,,,,
Other Than Home University Seats Allotted to Other Than Home University Candidates,,,,,,,,,,,,,,,,,,,
,GOPENO,,,,,,,,,,,,,,,,,,
24555,,,,,,,,,,,,,,,,,,,
Stage-I, ,,,,,,,,,,,,,,,,,,
(5.9311489),,,,,,,,,,,,,,,,,,,
,Other Than Home University Seats Allotted to Home University Candidates,,,,,,,,,,,,,,,,,,
,GSCO, ,GNTBO, ,GSEBCO,,,,,,,,,,,,,,
23767,18725,13130,,,,,,,,,,,,,,,,,
Stage-I, ,,,,,,,,,,,,,,,,,,
(10.5199653),(36.496736),(58.7911466),,,,,,,,,,,,,,,,,
,State Level Seats,,,,,,,,,,,,,,,,,,
,TFWS,,,,,,,,,,,,,,,,,,
5999,,,,,,,,,,,,,,,,,,,
Stage-I, ,,,,,,,,,,,,,,,,,,
(82.8308366),,,,,,,,,,,,,,,,,,,
,Legends :, ,"Legends: G-General, L-Ladies, S-State Level Seats ,PWD - Persons with Disabilities,DEF - Defence,PWDR :PWD Common Reserved Seat",,,,,,,,,,,,,,,,
"DEFR :Defense Common Reserved Seat ,* Maharashtra State Seats - Cut Off Indicates State General Merit No. ; Figures in bracket Indicates Merit Score",,,,,,,,,,,,,,,,,,,
,Page 177 of 188,,,,,,,,,,,,,,,,,,
GOVERNMENT OF MAHARASHTRA,,,,,,,,,,,,,,,,,,,
"State Common Entrance Test Cell, Mumbai.",,,,,,,,,,,,,,,,,,,
,Cut Off List for Maharashtra & Minority Seats of CAP Round-I for Admission to the First Year Post Graduate Technical Course in Master of Computer Applications (MCA) 2025-26,,,,,,,,,,,,,,,,,,
,16145 - KARMAVEER BHAURAO PATIL MAHAVIDYALAYA PANDHARPUR AUTONOMOUS,,,,,,,,,,,,,,,,,,
,1614524270U - Master of Computer Applications,,,,,,,,,,,,,,,,,,
,Status :, ,Un-Aided-Autonomous,,,,,,,,,,,,,,,,
,Home University Seats,,,,,,,,,,,,,,,,,,
Home University Seats Allotted to Home University Candidates,,,,,,,,,,,,,,,,,,,
,GOPENH, ,GSCH, ,GNTCH, ,GOBCH, ,GSEBCH,,,,,,,,,,
16086,22968,17471,25136,20861,,,,,,,,,,,,,,,
Stage-I, ,,,,,,,,,,,,,,,,,,
(46.3793819),(15.5994113),(41.4550394),(2.8640429),(25.4779232),,,,,,,,,,,,,,,
,Other Than Home University Seats,,,,,,,,,,,,,,,,,,
Other Than Home University Seats Allotted to Other Than Home University Candidates,,,,,,,,,,,,,,,,,,,
,GOPENO,,,,,,,,,,,,,,,,,,
15847,,,,,,,,,,,,,,,,,,,
Stage-I, ,,,,,,,,,,,,,,,,,,
(49.3533426),,,,,,,,,,,,,,,,,,,
,Other Than Home University Seats Allotted to Home University Candidates,,,,,,,,,,,,,,,,,,
,GNTCO,,,,,,,,,,,,,,,,,,
22956,,,,,,,,,,,,,,,,,,,
Stage-I, ,,,,,,,,,,,,,,,,,,
(15.5994113),,,,,,,,,,,,,,,,,,,
,State Level Seats,,,,,,,,,,,,,,,,,,
,TFWS,,,,,,,,,,,,,,,,,,
25025,,,,,,,,,,,,,,,,,,,
Stage-I, ,,,,,,,,,,,,,,,,,,
(3.0466423),,,,,,,,,,,,,,,,,,,
,Legends :, ,"Legends: G-General, L-Ladies, S-State Level Seats ,PWD - Persons with Disabilities,DEF - Defence,PWDR :PWD Common Reserved Seat",,,,,,,,,,,,,,,,
"DEFR :Defense Common Reserved Seat ,* Maharashtra State Seats - Cut Off Indicates State General Merit No. ; Figures in bracket Indicates Merit Score",,,,,,,,,,,,,,,,,,,
,Page 178 of 188,,,,,,,,,,,,,,,,,,
GOVERNMENT OF MAHARASHTRA,,,,,,,,,,,,,,,,,,,
"State Common Entrance Test Cell, Mumbai.",,,,,,,,,,,,,,,,,,,
,Cut Off List for Maharashtra & Minority Seats of CAP Round-I for Admission to the First Year Post Graduate Technical Course in Master of Computer Applications (MCA) 2025-26,,,,,,,,,,,,,,,,,,
,16153 - MUDHOJI COLLEGE PHALTAN,,,,,,,,,,,,,,,,,,
,1615324170U - Master in Computer Application,,,,,,,,,,,,,,,,,,
,Status :, ,Un-Aided,,,,,,,,,,,,,,,,
,Home University Seats,,,,,,,,,,,,,,,,,,
Home University Seats Allotted to Home University Candidates,,,,,,,,,,,,,,,,,,,
,GOPENH, ,GOBCH,,,,,,,,,,,,,,,,
15735,24606,,,,,,,,,,,,,,,,,,
Stage-I, ,,,,,,,,,,,,,,,,,,
(49.3533426),(5.9311489),,,,,,,,,,,,,,,,,,
,Other Than Home University Seats,,,,,,,,,,,,,,,,,,
Other Than Home University Seats Allotted to Other Than Home University Candidates,,,,,,,,,,,,,,,,,,,
,GOPENO,,,,,,,,,,,,,,,,,,
6408,,,,,,,,,,,,,,,,,,,
Stage-I, ,,,,,,,,,,,,,,,,,,
(80.5399495),,,,,,,,,,,,,,,,,,,
,Other Than Home University Seats Allotted to Home University Candidates,,,,,,,,,,,,,,,,,,
,GOPENO,,,,,,,,,,,,,,,,,,
20993,,,,,,,,,,,,,,,,,,,
Stage-I, ,,,,,,,,,,,,,,,,,,
(25.4779232),,,,,,,,,,,,,,,,,,,
,State Level Seats,,,,,,,,,,,,,,,,,,
,TFWS,,,,,,,,,,,,,,,,,,
17472,,,,,,,,,,,,,,,,,,,
Stage-I, ,,,,,,,,,,,,,,,,,,
(41.4550394),,,,,,,,,,,,,,,,,,,
,Legends :, ,"Legends: G-General, L-Ladies, S-State Level Seats ,PWD - Persons with Disabilities,DEF - Defence,PWDR :PWD Common Reserved Seat",,,,,,,,,,,,,,,,
"DEFR :Defense Common Reserved Seat ,* Maharashtra State Seats - Cut Off Indicates State General Merit No. ; Figures in bracket Indicates Merit Score",,,,,,,,,,,,,,,,,,,
,Page 179 of 188,,,,,,,,,,,,,,,,,,
GOVERNMENT OF MAHARASHTRA,,,,,,,,,,,,,,,,,,,
"State Common Entrance Test Cell, Mumbai.",,,,,,,,,,,,,,,,,,,
,Cut Off List for Maharashtra & Minority Seats of CAP Round-I for Admission to the First Year Post Graduate Technical Course in Master of Computer Applications (MCA) 2025-26,,,,,,,,,,,,,,,,,,
,"16200 - YASHWANTRAO CHAVAN MAHAVIDYALAYA, ISLAMPUR",,,,,,,,,,,,,,,,,,
,1620024110 - Master in Computer Application,,,,,,,,,,,,,,,,,,
,Status :, ,Un-Aided,,,,,,,,,,,,,,,,
,Home University Seats,,,,,,,,,,,,,,,,,,
Home University Seats Allotted to Home University Candidates,,,,,,,,,,,,,,,,,,,
,GOPENH, ,GSCH, ,GOBCH, ,GSEBCH,,,,,,,,,,,,
14272,23314,24823,23656,,,,,,,,,,,,,,,,
Stage-I, ,,,,,,,,,,,,,,,,,,
(53.942159),(13.5402134),(4.302251),(12.4750009),,,,,,,,,,,,,,,,
,Other Than Home University Seats,,,,,,,,,,,,,,,,,,
Other Than Home University Seats Allotted to Other Than Home University Candidates,,,,,,,,,,,,,,,,,,,
,GOPENO,,,,,,,,,,,,,,,,,,
20981,,,,,,,,,,,,,,,,,,,
Stage-I, ,,,,,,,,,,,,,,,,,,
(25.4779232),,,,,,,,,,,,,,,,,,,
,Other Than Home University Seats Allotted to Home University Candidates,,,,,,,,,,,,,,,,,,
,GOPENO,,,,,,,,,,,,,,,,,,
14604,,,,,,,,,,,,,,,,,,,
Stage-I, ,,,,,,,,,,,,,,,,,,
(51.4093808),,,,,,,,,,,,,,,,,,,
,State Level Seats,,,,,,,,,,,,,,,,,,
,TFWS,,,,,,,,,,,,,,,,,,
13672,,,,,,,,,,,,,,,,,,,
Stage-I, ,,,,,,,,,,,,,,,,,,
(56.5488095),,,,,,,,,,,,,,,,,,,
,Legends :, ,"Legends: G-General, L-Ladies, S-State Level Seats ,PWD - Persons with Disabilities,DEF - Defence,PWDR :PWD Common Reserved Seat",,,,,,,,,,,,,,,,
"DEFR :Defense Common Reserved Seat ,* Maharashtra State Seats - Cut Off Indicates State General Merit No. ; Figures in bracket Indicates Merit Score",,,,,,,,,,,,,,,,,,,
,Page 180 of 188,,,,,,,,,,,,,,,,,,
GOVERNMENT OF MAHARASHTRA,,,,,,,,,,,,,,,,,,,
"State Common Entrance Test Cell, Mumbai.",,,,,,,,,,,,,,,,,,,
,Cut Off List for Maharashtra & Minority Seats of CAP Round-I for Admission to the First Year Post Graduate Technical Course in Master of Computer Applications (MCA) 2025-26,,,,,,,,,,,,,,,,,,
,16207 - SADGURU GADGE MAHARAJ COLLEGE KARAD,,,,,,,,,,,,,,,,,,
,1620724170U - Master in Computer Application,,,,,,,,,,,,,,,,,,
,Status :, ,Un-Aided-Autonomous,,,,,,,,,,,,,,,,
,Home University Seats,,,,,,,,,,,,,,,,,,
Home University Seats Allotted to Home University Candidates,,,,,,,,,,,,,,,,,,,
,GOPENH, ,GSCH, ,GNTBH, ,GNTCH, ,GNTDH, ,GOBCH, ,GSEBCH,,,,,,
4946,24920,25162,11083,6646,21131,13726,,,,,,,,,,,,,
Stage-I, ,,,,,,,,,,,,,,,,,,
(85.2118788),(4.067771),(2.8640429),(65.8578922),(79.9969812),(25.4779232),(56.5488095),,,,,,,,,,,,,
,Other Than Home University Seats,,,,,,,,,,,,,,,,,,
Other Than Home University Seats Allotted to Other Than Home University Candidates,,,,,,,,,,,,,,,,,,,
,GOPENO,,,,,,,,,,,,,,,,,,
18545,,,,,,,,,,,,,,,,,,,
Stage-I, ,,,,,,,,,,,,,,,,,,
(36.496736),,,,,,,,,,,,,,,,,,,
,Other Than Home University Seats Allotted to Home University Candidates,,,,,,,,,,,,,,,,,,
,GOPENO, ,GSCO, ,GSEBCO,,,,,,,,,,,,,,
7848,25140,13904,,,,,,,,,,,,,,,,,
Stage-I, ,,,,,,,,,,,,,,,,,,
(76.9216256),(2.8640429),(56.5488095),,,,,,,,,,,,,,,,,
,State Level Seats,,,,,,,,,,,,,,,,,,
,TFWS,,,,,,,,,,,,,,,,,,
9200,,,,,,,,,,,,,,,,,,,
Stage-I, ,,,,,,,,,,,,,,,,,,
(71.1549338),,,,,,,,,,,,,,,,,,,
,Legends :, ,"Legends: G-General, L-Ladies, S-State Level Seats ,PWD - Persons with Disabilities,DEF - Defence,PWDR :PWD Common Reserved Seat",,,,,,,,,,,,,,,,
"DEFR :Defense Common Reserved Seat ,* Maharashtra State Seats - Cut Off Indicates State General Merit No. ; Figures in bracket Indicates Merit Score",,,,,,,,,,,,,,,,,,,
,Page 181 of 188,,,,,,,,,,,,,,,,,,
GOVERNMENT OF MAHARASHTRA,,,,,,,,,,,,,,,,,,,
"State Common Entrance Test Cell, Mumbai.",,,,,,,,,,,,,,,,,,,
,Cut Off List for Maharashtra & Minority Seats of CAP Round-I for Admission to the First Year Post Graduate Technical Course in Master of Computer Applications (MCA) 2025-26,,,,,,,,,,,,,,,,,,
,16216 - SANGOLA MAHAVIDYALAYA SANGOLA,,,,,,,,,,,,,,,,,,
,1621624110 - Master in Computer Application,,,,,,,,,,,,,,,,,,
,Status :, ,Un-Aided,,,,,,,,,,,,,,,,
,Home University Seats,,,,,,,,,,,,,,,,,,
Home University Seats Allotted to Home University Candidates,,,,,,,,,,,,,,,,,,,
,GOPENH, ,GSCH, ,GNTAH, ,GNTCH, ,GOBCH, ,GSEBCH,,,,,,,,
7216,21193,12857,17301,25291,13878,,,,,,,,,,,,,,
Stage-I, ,,,,,,,,,,,,,,,,,,
(77.8251197),(25.4779232),(58.7911466),(41.4550394),(2.0301121),(56.5488095),,,,,,,,,,,,,,
,Other Than Home University Seats,,,,,,,,,,,,,,,,,,
Other Than Home University Seats Allotted to Other Than Home University Candidates,,,,,,,,,,,,,,,,,,,
,GOPENO, ,GSEBCO,,,,,,,,,,,,,,,,
16352,20233,,,,,,,,,,,,,,,,,,
Stage-I, ,,,,,,,,,,,,,,,,,,
(46.3793819),(29.9046039),,,,,,,,,,,,,,,,,,
,Other Than Home University Seats Allotted to Home University Candidates,,,,,,,,,,,,,,,,,,
,GNTCO,,,,,,,,,,,,,,,,,,
18031,,,,,,,,,,,,,,,,,,,
Stage-I, ,,,,,,,,,,,,,,,,,,
(39.3989669),,,,,,,,,,,,,,,,,,,
,State Level Seats,,,,,,,,,,,,,,,,,,
,EWS, ,TFWS,,,,,,,,,,,,,,,,
21099,5204,,,,,,,,,,,,,,,,,,
Stage-I, ,,,,,,,,,,,,,,,,,,
(25.4779232),(85.2118788),,,,,,,,,,,,,,,,,,
,Legends :, ,"Legends: G-General, L-Ladies, S-State Level Seats ,PWD - Persons with Disabilities,DEF - Defence,PWDR :PWD Common Reserved Seat",,,,,,,,,,,,,,,,
"DEFR :Defense Common Reserved Seat ,* Maharashtra State Seats - Cut Off Indicates State General Merit No. ; Figures in bracket Indicates Merit Score",,,,,,,,,,,,,,,,,,,
,Page 182 of 188,,,,,,,,,,,,,,,,,,
GOVERNMENT OF MAHARASHTRA,,,,,,,,,,,,,,,,,,,
"State Common Entrance Test Cell, Mumbai.",,,,,,,,,,,,,,,,,,,
,Cut Off List for Maharashtra & Minority Seats of CAP Round-I for Admission to the First Year Post Graduate Technical Course in Master of Computer Applications (MCA) 2025-26,,,,,,,,,,,,,,,,,,
,16259 - FRIENDS UNION FOR ENERGISING LIVES FUEL COLLEGE,,,,,,,,,,,,,,,,,,
,1625924110 - Master in Computer Application,,,,,,,,,,,,,,,,,,
,Status :, ,Un-Aided,,,,,,,,,,,,,,,,
,Home University Seats,,,,,,,,,,,,,,,,,,
Home University Seats Allotted to Home University Candidates,,,,,,,,,,,,,,,,,,,
,GOPENH, ,GOBCH,,,,,,,,,,,,,,,,
15224,23583,,,,,,,,,,,,,,,,,,
Stage-I, ,,,,,,,,,,,,,,,,,,
(49.3533426),(12.4750009),,,,,,,,,,,,,,,,,,
,Home University Seats Allotted to Other Than Home University Candidates,,,,,,,,,,,,,,,,,,
,GSCH, ,GNTBH, ,GNTCH, ,GOBCH, ,GSEBCH,,,,,,,,,,
23655,18151,22271,14642,18429,,,,,,,,,,,,,,,
Stage-I, ,,,,,,,,,,,,,,,,,,
(12.4750009),(39.3989669),(19.1539942),(51.4093808),(36.496736),,,,,,,,,,,,,,,
,Other Than Home University Seats,,,,,,,,,,,,,,,,,,
Other Than Home University Seats Allotted to Other Than Home University Candidates,,,,,,,,,,,,,,,,,,,
,GOPENO, ,GSCO, ,GNTAO, ,GNTCO, ,GOBCO, ,GSEBCO,,,,,,,,
9841,13638,12970,14788,13461,10008,,,,,,,,,,,,,,
Stage-I, ,,,,,,,,,,,,,,,,,,
(69.7143504),(56.5488095),(58.7911466),(51.4093808),(56.5488095),(69.7143504),,,,,,,,,,,,,,
,State Level Seats,,,,,,,,,,,,,,,,,,
,EWS, ,TFWS,,,,,,,,,,,,,,,,
2420,11961,,,,,,,,,,,,,,,,,,
Stage-I, ,,,,,,,,,,,,,,,,,,
(92.3361383),(63.1574978),,,,,,,,,,,,,,,,,,
,Legends :, ,"Legends: G-General, L-Ladies, S-State Level Seats ,PWD - Persons with Disabilities,DEF - Defence,PWDR :PWD Common Reserved Seat",,,,,,,,,,,,,,,,
"DEFR :Defense Common Reserved Seat ,* Maharashtra State Seats - Cut Off Indicates State General Merit No. ; Figures in bracket Indicates Merit Score",,,,,,,,,,,,,,,,,,,
,Page 183 of 188,,,,,,,,,,,,,,,,,,
GOVERNMENT OF MAHARASHTRA,,,,,,,,,,,,,,,,,,,
"State Common Entrance Test Cell, Mumbai.",,,,,,,,,,,,,,,,,,,
,Cut Off List for Maharashtra & Minority Seats of CAP Round-I for Admission to the First Year Post Graduate Technical Course in Master of Computer Applications (MCA) 2025-26,,,,,,,,,,,,,,,,,,
,16331 - SarSam College of Management & Technology,,,,,,,,,,,,,,,,,,
,1633124110 - Master in Computer Application,,,,,,,,,,,,,,,,,,
,Status :, ,Un-Aided,,,,,,,,,,,,,,,,
,Home University Seats,,,,,,,,,,,,,,,,,,
Home University Seats Allotted to Home University Candidates,,,,,,,,,,,,,,,,,,,
,GOPENH, ,GOBCH, ,GSEBCH,,,,,,,,,,,,,,
21048,24299,23426,,,,,,,,,,,,,,,,,
Stage-I, ,,,,,,,,,,,,,,,,,,
(25.4779232),(7.9446476),(12.4750009),,,,,,,,,,,,,,,,,
,Home University Seats Allotted to Other Than Home University Candidates,,,,,,,,,,,,,,,,,,
,GNTBH, ,GNTCH, ,GOBCH,,,,,,,,,,,,,,
24892,22546,25142,,,,,,,,,,,,,,,,,
Stage-I, ,,,,,,,,,,,,,,,,,,
(4.067771),(16.9789978),(2.8640429),,,,,,,,,,,,,,,,,
,Other Than Home University Seats,,,,,,,,,,,,,,,,,,
Other Than Home University Seats Allotted to Other Than Home University Candidates,,,,,,,,,,,,,,,,,,,
,GOPENO, ,GOBCO,,,,,,,,,,,,,,,,
18683,21922,,,,,,,,,,,,,,,,,,
Stage-I, ,,,,,,,,,,,,,,,,,,
(36.496736),(21.0059952),,,,,,,,,,,,,,,,,,
,State Level Seats,,,,,,,,,,,,,,,,,,
,TFWS,,,,,,,,,,,,,,,,,,
18829,,,,,,,,,,,,,,,,,,,
Stage-I, ,,,,,,,,,,,,,,,,,,
(34.5198145),,,,,,,,,,,,,,,,,,,
,Legends :, ,"Legends: G-General, L-Ladies, S-State Level Seats ,PWD - Persons with Disabilities,DEF - Defence,PWDR :PWD Common Reserved Seat",,,,,,,,,,,,,,,,
"DEFR :Defense Common Reserved Seat ,* Maharashtra State Seats - Cut Off Indicates State General Merit No. ; Figures in bracket Indicates Merit Score",,,,,,,,,,,,,,,,,,,
,Page 184 of 188,,,,,,,,,,,,,,,,,,
GOVERNMENT OF MAHARASHTRA,,,,,,,,,,,,,,,,,,,
"State Common Entrance Test Cell, Mumbai.",,,,,,,,,,,,,,,,,,,
,Cut Off List for Maharashtra & Minority Seats of CAP Round-I for Admission to the First Year Post Graduate Technical Course in Master of Computer Applications (MCA) 2025-26,,,,,,,,,,,,,,,,,,
,"16353 - Shivsamarth Institute of Management, Talmawale",,,,,,,,,,,,,,,,,,
,1635324110 - Master in Computer Application,,,,,,,,,,,,,,,,,,
,Status :, ,Un-Aided,,,,,,,,,,,,,,,,
,Home University Seats,,,,,,,,,,,,,,,,,,
Home University Seats Allotted to Home University Candidates,,,,,,,,,,,,,,,,,,,
,GOPENH, ,GSCH, ,GNTAH, ,GOBCH, ,GSEBCH,,,,,,,,,,
13547,22442,18777,24063,23998,,,,,,,,,,,,,,,
Stage-I, ,,,,,,,,,,,,,,,,,,
(56.5488095),(19.1539942),(36.496736),(9.7430286),(9.7430286),,,,,,,,,,,,,,,
,Other Than Home University Seats,,,,,,,,,,,,,,,,,,
Other Than Home University Seats Allotted to Other Than Home University Candidates,,,,,,,,,,,,,,,,,,,
,GOPENO,,,,,,,,,,,,,,,,,,
24604,,,,,,,,,,,,,,,,,,,
Stage-I, ,,,,,,,,,,,,,,,,,,
(5.9311489),,,,,,,,,,,,,,,,,,,
,State Level Seats,,,,,,,,,,,,,,,,,,
,TFWS,,,,,,,,,,,,,,,,,,
20683,,,,,,,,,,,,,,,,,,,
Stage-I, ,,,,,,,,,,,,,,,,,,
(27.2744425),,,,,,,,,,,,,,,,,,,
,Legends :, ,"Legends: G-General, L-Ladies, S-State Level Seats ,PWD - Persons with Disabilities,DEF - Defence,PWDR :PWD Common Reserved Seat",,,,,,,,,,,,,,,,
"DEFR :Defense Common Reserved Seat ,* Maharashtra State Seats - Cut Off Indicates State General Merit No. ; Figures in bracket Indicates Merit Score",,,,,,,,,,,,,,,,,,,
,Page 185 of 188,,,,,,,,,,,,,,,,,,
GOVERNMENT OF MAHARASHTRA,,,,,,,,,,,,,,,,,,,
"State Common Entrance Test Cell, Mumbai.",,,,,,,,,,,,,,,,,,,
,Cut Off List for Maharashtra & Minority Seats of CAP Round-I for Admission to the First Year Post Graduate Technical Course in Master of Computer Applications (MCA) 2025-26,,,,,,,,,,,,,,,,,,
,16355 - Audyogik Shikshan Mandal's Nextgen Technical Campus,,,,,,,,,,,,,,,,,,
,1635524210 - Master of Computer Applications,,,,,,,,,,,,,,,,,,
,Status :, ,Un-Aided,,,,,,,,,,,,,,,,
,Home University Seats,,,,,,,,,,,,,,,,,,
Home University Seats Allotted to Home University Candidates,,,,,,,,,,,,,,,,,,,
,GOPENH, ,GOBCH,,,,,,,,,,,,,,,,
24189,25418,,,,,,,,,,,,,,,,,,
Stage-I, ,,,,,,,,,,,,,,,,,,
(7.9446476),(0.5995249),,,,,,,,,,,,,,,,,,
,Home University Seats Allotted to Other Than Home University Candidates,,,,,,,,,,,,,,,,,,
,GNTCH, ,GOBCH,,,,,,,,,,,,,,,,
21969,25178,,,,,,,,,,,,,,,,,,
Stage-I, ,,,,,,,,,,,,,,,,,,
(21.0059952),(2.0662871),,,,,,,,,,,,,,,,,,
,Other Than Home University Seats,,,,,,,,,,,,,,,,,,
Other Than Home University Seats Allotted to Other Than Home University Candidates,,,,,,,,,,,,,,,,,,,
,GOPENO, ,GSCO, ,GNTBO, ,GNTCO, ,GOBCO, ,GSEBCO,,,,,,,,
11275,17033,11521,14566,18242,25010,,,,,,,,,,,,,,
Stage-I, ,,,,,,,,,,,,,,,,,,
(65.8578922),(44.5345198),(63.1574978),(53.942159),(36.496736),(3.0466423),,,,,,,,,,,,,,
,State Level Seats,,,,,,,,,,,,,,,,,,
,EWS, ,TFWS,,,,,,,,,,,,,,,,
7939,18490,,,,,,,,,,,,,,,,,,
Stage-I, ,,,,,,,,,,,,,,,,,,
(74.782248),(36.496736),,,,,,,,,,,,,,,,,,
,Legends :, ,"Legends: G-General, L-Ladies, S-State Level Seats ,PWD - Persons with Disabilities,DEF - Defence,PWDR :PWD Common Reserved Seat",,,,,,,,,,,,,,,,
"DEFR :Defense Common Reserved Seat ,* Maharashtra State Seats - Cut Off Indicates State General Merit No. ; Figures in bracket Indicates Merit Score",,,,,,,,,,,,,,,,,,,
,Page 186 of 188,,,,,,,,,,,,,,,,,,
GOVERNMENT OF MAHARASHTRA,,,,,,,,,,,,,,,,,,,
"State Common Entrance Test Cell, Mumbai.",,,,,,,,,,,,,,,,,,,
,Cut Off List for Maharashtra & Minority Seats of CAP Round-I for Admission to the First Year Post Graduate Technical Course in Master of Computer Applications (MCA) 2025-26,,,,,,,,,,,,,,,,,,
,16356 - Dr. Sudhakar Rao Jadhavar Institute of Management & Technology,,,,,,,,,,,,,,,,,,
,1635624110 - Master in Computer Application,,,,,,,,,,,,,,,,,,
,Status :, ,Un-Aided,,,,,,,,,,,,,,,,
,Home University Seats,,,,,,,,,,,,,,,,,,
Home University Seats Allotted to Home University Candidates,,,,,,,,,,,,,,,,,,,
,GOPENH, ,GSCH, ,GNTBH, ,GNTCH, ,GNTDH, ,GOBCH, ,GSEBCH,,,,,,
9199,24984,16328,22757,18622,18586,22603,,,,,,,,,,,,,
Stage-I, ,,,,,,,,,,,,,,,,,,
(71.1549338),(4.067771),(46.3793819),(16.9789978),(36.496736),(36.496736),(16.9789978),,,,,,,,,,,,,
,Home University Seats Allotted to Other Than Home University Candidates,,,,,,,,,,,,,,,,,,
,GSCH, ,GNTAH, ,GSEBCH,,,,,,,,,,,,,,
22638,24924,13114,,,,,,,,,,,,,,,,,
Stage-I, ,,,,,,,,,,,,,,,,,,
(16.9789978),(4.067771),(58.7911466),,,,,,,,,,,,,,,,,
,Other Than Home University Seats,,,,,,,,,,,,,,,,,,
Other Than Home University Seats Allotted to Other Than Home University Candidates,,,,,,,,,,,,,,,,,,,
,GOPENO, ,GSCO, ,GNTAO, ,GNTBO, ,GNTCO, ,GNTDO, ,GOBCO, ,GSEBCO,,,,
7724,19583,12089,19681,11422,23076,11075,13008,,,,,,,,,,,,
Stage-I, ,,,,,,,,,,,,,,,,,,
(76.9216256),(31.6629561),(61.2807064),(31.6629561),(63.1574978),(15.5994113),(65.8578922),(58.7911466),,,,,,,,,,,,
,State Level Seats,,,,,,,,,,,,,,,,,,
,EWS, ,TFWS,,,,,,,,,,,,,,,,
24145,6950,,,,,,,,,,,,,,,,,,
Stage-I, ,,,,,,,,,,,,,,,,,,
(7.9446476),(79.9969812),,,,,,,,,,,,,,,,,,
,Legends :, ,"Legends: G-General, L-Ladies, S-State Level Seats ,PWD - Persons with Disabilities,DEF - Defence,PWDR :PWD Common Reserved Seat",,,,,,,,,,,,,,,,
"DEFR :Defense Common Reserved Seat ,* Maharashtra State Seats - Cut Off Indicates State General Merit No. ; Figures in bracket Indicates Merit Score",,,,,,,,,,,,,,,,,,,
,Page 187 of 188,,,,,,,,,,,,,,,,,,
GOVERNMENT OF MAHARASHTRA,,,,,,,,,,,,,,,,,,,
"State Common Entrance Test Cell, Mumbai.",,,,,,,,,,,,,,,,,,,
,Cut Off List for Maharashtra & Minority Seats of CAP Round-I for Admission to the First Year Post Graduate Technical Course in Master of Computer Applications (MCA) 2025-26,,,,,,,,,,,,,,,,,,
,16358 - Zeal Institute of Technology,,,,,,,,,,,,,,,,,,
,1635824110 - Master in Computer Application,,,,,,,,,,,,,,,,,,
,Status :, ,Un-Aided,,,,,,,,,,,,,,,,
,Home University Seats,,,,,,,,,,,,,,,,,,
Home University Seats Allotted to Home University Candidates,,,,,,,,,,,,,,,,,,,
,GOPENH, ,GSCH, ,GOBCH, ,GSEBCH,,,,,,,,,,,,
13877,24128,20764,25366,,,,,,,,,,,,,,,,
Stage-I, ,,,,,,,,,,,,,,,,,,
(56.5488095),(9.7430286),(27.2744425),(0.8905324),,,,,,,,,,,,,,,,
,Other Than Home University Seats,,,,,,,,,,,,,,,,,,
Other Than Home University Seats Allotted to Other Than Home University Candidates,,,,,,,,,,,,,,,,,,,
,GOPENO,,,,,,,,,,,,,,,,,,
25123,,,,,,,,,,,,,,,,,,,
Stage-I, ,,,,,,,,,,,,,,,,,,
(2.8640429),,,,,,,,,,,,,,,,,,,
,State Level Seats,,,,,,,,,,,,,,,,,,
,EWS, ,TFWS,,,,,,,,,,,,,,,,
8420,21905,,,,,,,,,,,,,,,,,,
Stage-I, ,,,,,,,,,,,,,,,,,,
(74.782248),(21.0059952),,,,,,,,,,,,,,,,,,
,Legends :, ,"Legends: G-General, L-Ladies, S-State Level Seats ,PWD - Persons with Disabilities,DEF - Defence,PWDR :PWD Common Reserved Seat",,,,,,,,,,,,,,,,
"DEFR :Defense Common Reserved Seat ,* Maharashtra State Seats - Cut Off Indicates State General Merit No. ; Figures in bracket Indicates Merit Score",,,,,,,,,,,,,,,,,,,
,Page 188 of 188,,,,,,,,,,,,,,,,,,