GOVERNMENT OF MAHARASHTRA,,,,,,,,,,,,,,,,,
,"Directorate of Technical Education, Maharashtra State, Mumbai.",,,,,,,,,,,,,,,,
,Cut Off List for Maharashtra & Minority Seats of CAP Round-IV for Admission to the First Year Post Graduate Technical Course in Master of Computer Applications (MCA) for the Academic Year 2025-26,,,,,,,,,,,,,,,,
,"1005 - Sant Gadge Baba Amravati University,Amravati",,,,,,,,,,,,,,,,
,0100524110 - Master in Computer Application,,,,,,,,,,,,,,,,
,Status :, ,University Department,,,,,,,,,,,,,,
,Home University Seats,,,,,,,,,,,,,,,,
Home University Seats Allotted to Home University Candidates,,,,,,,,,,,,,,,,,
,GOPENH, ,GSCH, ,GNTBH, ,GNTDH, ,GOBCH, ,GSEBCH,,,,,,
8120,19682,18929,9204,,,,,,,,,,,,,,
Stage-I, ,,,,,,,,,,,,,,,,
(74.782248),(31.6629561),(34.5198145),(71.1549338),,,,,,,,,,,,,,
9350,9326,,,,,,,,,,,,,,,,
,Stage-IV, ,,,,,,,,,,,,,,,
(71.1549338),(71.1549338),,,,,,,,,,,,,,,,
,Other Than Home University Seats,,,,,,,,,,,,,,,,
Other Than Home University Seats Allotted to Other Than Home University Candidates,,,,,,,,,,,,,,,,,
,GOPENO, ,GSTO, ,GOBCO, ,GSEBCO,,,,,,,,,,
19873,22077,,,,,,,,,,,,,,,,
Stage-I, ,,,,,,,,,,,,,,,,
(29.9046039),(21.0059952),,,,,,,,,,,,,,,,
23061,24614,,,,,,,,,,,,,,,,
,Stage-IV, ,,,,,,,,,,,,,,,
(15.5994113),(5.9311489),,,,,,,,,,,,,,,,
,Other Than Home University Seats Allotted to Home University Candidates,,,,,,,,,,,,,,,,
,GSCO,,,,,,,,,,,,,,,,
24257,,,,,,,,,,,,,,,,,
Stage-I, ,,,,,,,,,,,,,,,,
(7.9446476),,,,,,,,,,,,,,,,,
,Legends :, ,"Legends: G-General, L-Ladies, S-State Level Seats ,PWD - Persons with Disabilities,DEF - Defence,PWDR :PWD Common Reserved Seat",,,,,,,,,,,,,,
"DEFR :Defense Common Reserved Seat ,* Maharashtra State Seats - Cut Off Indicates State General Merit No. ; Figures in bracket Indicates Merit Score",,,,,,,,,,,,,,,,,
,Page 1 of 186,,,,,,,,,,,,,,,,
GOVERNMENT OF MAHARASHTRA,,,,,,,,,,,,,,,,,
,"Directorate of Technical Education, Maharashtra State, Mumbai.",,,,,,,,,,,,,,,,
,Cut Off List for Maharashtra & Minority Seats of CAP Round-IV for Admission to the First Year Post Graduate Technical Course in Master of Computer Applications (MCA) for the Academic Year 2025-26,,,,,,,,,,,,,,,,
,"1102 - Vidya Bharati Mahavidyalaya Department of Research and PG Studies in Science & Management, Amravati",,,,,,,,,,,,,,,,
,0110224110 - Master in Computer Application,,,,,,,,,,,,,,,,
,Status :, ,Un-Aided-Linguistic Minority - Hindi,,,,,,,,,,,,,,
,Home University Seats,,,,,,,,,,,,,,,,
Home University Seats Allotted to Home University Candidates,,,,,,,,,,,,,,,,,
,GOPENH,,,,,,,,,,,,,,,,
7837,,,,,,,,,,,,,,,,,
Stage-I, ,,,,,,,,,,,,,,,,
(76.9216256),,,,,,,,,,,,,,,,,
,Other Than Home University Seats,,,,,,,,,,,,,,,,
Other Than Home University Seats Allotted to Other Than Home University Candidates,,,,,,,,,,,,,,,,,
,GOPENO,,,,,,,,,,,,,,,,
23181,,,,,,,,,,,,,,,,,
Stage-I, ,,,,,,,,,,,,,,,,
(13.5402134),,,,,,,,,,,,,,,,,
,Other Than Home University Seats Allotted to Home University Candidates,,,,,,,,,,,,,,,,
,GOPENO,,,,,,,,,,,,,,,,
11811,,,,,,,,,,,,,,,,,
Stage-I, ,,,,,,,,,,,,,,,,
(63.1574978),,,,,,,,,,,,,,,,,
,Minority Seats : Minority Seats Allotted to Non Minority Candidates,,,,,,,,,,,,,,,,
,MI-MH,,,,,,,,,,,,,,,,
10819,,,,,,,,,,,,,,,,,
Stage-MI-MH, ,,,,,,,,,,,,,,,,
(65.8578922),,,,,,,,,,,,,,,,,
,Legends :, ,"Legends: G-General, L-Ladies, S-State Level Seats ,PWD - Persons with Disabilities,DEF - Defence,PWDR :PWD Common Reserved Seat",,,,,,,,,,,,,,
"DEFR :Defense Common Reserved Seat ,* Maharashtra State Seats - Cut Off Indicates State General Merit No. ; Figures in bracket Indicates Merit Score",,,,,,,,,,,,,,,,,
,Page 2 of 186,,,,,,,,,,,,,,,,
GOVERNMENT OF MAHARASHTRA,,,,,,,,,,,,,,,,,
,"Directorate of Technical Education, Maharashtra State, Mumbai.",,,,,,,,,,,,,,,,
,Cut Off List for Maharashtra & Minority Seats of CAP Round-IV for Admission to the First Year Post Graduate Technical Course in Master of Computer Applications (MCA) for the Academic Year 2025-26,,,,,,,,,,,,,,,,
,"1105 - Prof. Ram Meghe Institute of Technology & Research, Amravati",,,,,,,,,,,,,,,,
,0110524110 - Master in Computer Application,,,,,,,,,,,,,,,,
,Status :, ,Un-Aided-Autonomous,,,,,,,,,,,,,,
,Home University Seats,,,,,,,,,,,,,,,,
Home University Seats Allotted to Home University Candidates,,,,,,,,,,,,,,,,,
,GNTCH,,,,,,,,,,,,,,,,
25231,,,,,,,,,,,,,,,,,
Stage-I, ,,,,,,,,,,,,,,,,
(2.0662871),,,,,,,,,,,,,,,,,
,Other Than Home University Seats,,,,,,,,,,,,,,,,
Other Than Home University Seats Allotted to Other Than Home University Candidates,,,,,,,,,,,,,,,,,
,GSCO, ,GOBCO,,,,,,,,,,,,,,
21223,21358,,,,,,,,,,,,,,,,
Stage-I, ,,,,,,,,,,,,,,,,
(25.4779232),(23.1010151),,,,,,,,,,,,,,,,
,Other Than Home University Seats Allotted to Home University Candidates,,,,,,,,,,,,,,,,
,GSTO, ,GNTAO, ,GOBCO, ,GSEBCO,,,,,,,,,,
9359,10337,9576,,,,,,,,,,,,,,,
Stage-IV, ,,,,,,,,,,,,,,,,
(71.1549338),(67.3579428),(71.1549338),,,,,,,,,,,,,,,
7834,,,,,,,,,,,,,,,,,
,Stage-I, ,,,,,,,,,,,,,,,
(76.9216256),,,,,,,,,,,,,,,,,
,Legends :, ,"Legends: G-General, L-Ladies, S-State Level Seats ,PWD - Persons with Disabilities,DEF - Defence,PWDR :PWD Common Reserved Seat",,,,,,,,,,,,,,
"DEFR :Defense Common Reserved Seat ,* Maharashtra State Seats - Cut Off Indicates State General Merit No. ; Figures in bracket Indicates Merit Score",,,,,,,,,,,,,,,,,
,Page 3 of 186,,,,,,,,,,,,,,,,
GOVERNMENT OF MAHARASHTRA,,,,,,,,,,,,,,,,,
,"Directorate of Technical Education, Maharashtra State, Mumbai.",,,,,,,,,,,,,,,,
,Cut Off List for Maharashtra & Minority Seats of CAP Round-IV for Admission to the First Year Post Graduate Technical Course in Master of Computer Applications (MCA) for the Academic Year 2025-26,,,,,,,,,,,,,,,,
,"1107 - P. R. Pote Patil College of Engineering & Management, Amravati",,,,,,,,,,,,,,,,
,0110724110 - Master in Computer Application,,,,,,,,,,,,,,,,
,Status :, ,Un-Aided-Autonomous,,,,,,,,,,,,,,
,Home University Seats,,,,,,,,,,,,,,,,
Home University Seats Allotted to Home University Candidates,,,,,,,,,,,,,,,,,
,GNTDH,,,,,,,,,,,,,,,,
5077,,,,,,,,,,,,,,,,,
Stage-IV, ,,,,,,,,,,,,,,,,
(85.2118788),,,,,,,,,,,,,,,,,
,Other Than Home University Seats Allotted to Home University Candidates,,,,,,,,,,,,,,,,
,GOPENO,,,,,,,,,,,,,,,,
6712,,,,,,,,,,,,,,,,,
Stage-I, ,,,,,,,,,,,,,,,,
(79.9969812),,,,,,,,,,,,,,,,,
,Legends :, ,"Legends: G-General, L-Ladies, S-State Level Seats ,PWD - Persons with Disabilities,DEF - Defence,PWDR :PWD Common Reserved Seat",,,,,,,,,,,,,,
"DEFR :Defense Common Reserved Seat ,* Maharashtra State Seats - Cut Off Indicates State General Merit No. ; Figures in bracket Indicates Merit Score",,,,,,,,,,,,,,,,,
,Page 4 of 186,,,,,,,,,,,,,,,,
GOVERNMENT OF MAHARASHTRA,,,,,,,,,,,,,,,,,
,"Directorate of Technical Education, Maharashtra State, Mumbai.",,,,,,,,,,,,,,,,
,Cut Off List for Maharashtra & Minority Seats of CAP Round-IV for Admission to the First Year Post Graduate Technical Course in Master of Computer Applications (MCA) for the Academic Year 2025-26,,,,,,,,,,,,,,,,
,"1111 - P.G. Department of Computer Science & Technology, D.C.P.E., H.V.P. Mandal, Amravati",,,,,,,,,,,,,,,,
,0111124110 - Master in Computer Application,,,,,,,,,,,,,,,,
,Status :, ,Un-Aided-Autonomous,,,,,,,,,,,,,,
,Home University Seats,,,,,,,,,,,,,,,,
Home University Seats Allotted to Home University Candidates,,,,,,,,,,,,,,,,,
,GOPENH, ,GSCH, ,GSTH, ,GNTCH, ,GOBCH, ,GSEBCH,,,,,,
12822,17825,20850,13616,,,,,,,,,,,,,,
Stage-I, ,,,,,,,,,,,,,,,,
(58.7911466),(39.3989669),(25.4779232),(56.5488095),,,,,,,,,,,,,,
14057,15276,,,,,,,,,,,,,,,,
,Stage-IV, ,,,,,,,,,,,,,,,
(53.942159),(49.3533426),,,,,,,,,,,,,,,,
,Other Than Home University Seats Allotted to Home University Candidates,,,,,,,,,,,,,,,,
,GOPENO, ,GSTO,,,,,,,,,,,,,,
14125,,,,,,,,,,,,,,,,,
Stage-I, ,,,,,,,,,,,,,,,,
(53.942159),,,,,,,,,,,,,,,,,
15461,,,,,,,,,,,,,,,,,
,Stage-IV, ,,,,,,,,,,,,,,,
(49.3533426),,,,,,,,,,,,,,,,,
,State Level Seats,,,,,,,,,,,,,,,,
,EWS,,,,,,,,,,,,,,,,
20581,,,,,,,,,,,,,,,,,
Stage-I, ,,,,,,,,,,,,,,,,
(27.2744425),,,,,,,,,,,,,,,,,
,Legends :, ,"Legends: G-General, L-Ladies, S-State Level Seats ,PWD - Persons with Disabilities,DEF - Defence,PWDR :PWD Common Reserved Seat",,,,,,,,,,,,,,
"DEFR :Defense Common Reserved Seat ,* Maharashtra State Seats - Cut Off Indicates State General Merit No. ; Figures in bracket Indicates Merit Score",,,,,,,,,,,,,,,,,
,Page 5 of 186,,,,,,,,,,,,,,,,
GOVERNMENT OF MAHARASHTRA,,,,,,,,,,,,,,,,,
,"Directorate of Technical Education, Maharashtra State, Mumbai.",,,,,,,,,,,,,,,,
,Cut Off List for Maharashtra & Minority Seats of CAP Round-IV for Admission to the First Year Post Graduate Technical Course in Master of Computer Applications (MCA) for the Academic Year 2025-26,,,,,,,,,,,,,,,,
,"1113 - Sadhana Shikshan Mandal, Saraswati College, Shegaon",,,,,,,,,,,,,,,,
,0111324110 - Master in Computer Application,,,,,,,,,,,,,,,,
,Status :, ,Un-Aided,,,,,,,,,,,,,,
,Home University Seats,,,,,,,,,,,,,,,,
Home University Seats Allotted to Home University Candidates,,,,,,,,,,,,,,,,,
,GOPENH, ,GSCH, ,GSTH, ,GNTAH, ,GNTCH, ,GOBCH, ,GSEBCH, ,PWDOPENH,,
15201,20562,18217,17117,,,,,,,,,,,,,,
Stage-I, ,,,,,,,,,,,,,,,,
(51.4093808),(27.2744425),(39.3989669),(41.4550394),,,,,,,,,,,,,,
22798,20287,22597,21688,,,,,,,,,,,,,,
,Stage-IV, ,,,,,,,,,,,,,,,
(16.9789978),(29.9046039),(16.9789978),(21.0059952),,,,,,,,,,,,,,
,Home University Seats Allotted to Other Than Home University Candidates,,,,,,,,,,,,,,,,
,GNTBH,,,,,,,,,,,,,,,,
23334,,,,,,,,,,,,,,,,,
Stage-I, ,,,,,,,,,,,,,,,,
(13.5402134),,,,,,,,,,,,,,,,,
,Other Than Home University Seats,,,,,,,,,,,,,,,,
Other Than Home University Seats Allotted to Other Than Home University Candidates,,,,,,,,,,,,,,,,,
,GOPENO, ,GOBCO, ,GSEBCO,,,,,,,,,,,,
22375,22470,,,,,,,,,,,,,,,,
Stage-I, ,,,,,,,,,,,,,,,,
(19.1539942),(16.9789978),,,,,,,,,,,,,,,,
22800,,,,,,,,,,,,,,,,,
,Stage-IV, ,,,,,,,,,,,,,,,
(16.9789978),,,,,,,,,,,,,,,,,
,Legends :, ,"Legends: G-General, L-Ladies, S-State Level Seats ,PWD - Persons with Disabilities,DEF - Defence,PWDR :PWD Common Reserved Seat",,,,,,,,,,,,,,
"DEFR :Defense Common Reserved Seat ,* Maharashtra State Seats - Cut Off Indicates State General Merit No. ; Figures in bracket Indicates Merit Score",,,,,,,,,,,,,,,,,
,Page 6 of 186,,,,,,,,,,,,,,,,
GOVERNMENT OF MAHARASHTRA,,,,,,,,,,,,,,,,,
,"Directorate of Technical Education, Maharashtra State, Mumbai.",,,,,,,,,,,,,,,,
,Cut Off List for Maharashtra & Minority Seats of CAP Round-IV for Admission to the First Year Post Graduate Technical Course in Master of Computer Applications (MCA) for the Academic Year 2025-26,,,,,,,,,,,,,,,,
,1314 - SMT RADHADEVI GOENKA COLLEGE FOR WOMEN,,,,,,,,,,,,,,,,
,0131424170U - Master in Computer Application,,,,,,,,,,,,,,,,
,Status :, ,Un-Aided-Linguistic Minority - Marwadi,,,,,,,,,,,,,,
,Home University Seats,,,,,,,,,,,,,,,,
Home University Seats Allotted to Home University Candidates,,,,,,,,,,,,,,,,,
,GOPENH,,,,,,,,,,,,,,,,
24778,,,,,,,,,,,,,,,,,
Stage-I, ,,,,,,,,,,,,,,,,
(4.302251),,,,,,,,,,,,,,,,,
,Other Than Home University Seats,,,,,,,,,,,,,,,,
Other Than Home University Seats Allotted to Other Than Home University Candidates,,,,,,,,,,,,,,,,,
,GOPENO,,,,,,,,,,,,,,,,
24636,,,,,,,,,,,,,,,,,
Stage-I, ,,,,,,,,,,,,,,,,
(5.5960152),,,,,,,,,,,,,,,,,
,Other Than Home University Seats Allotted to Home University Candidates,,,,,,,,,,,,,,,,
,GOPENO,,,,,,,,,,,,,,,,
24810,,,,,,,,,,,,,,,,,
Stage-I, ,,,,,,,,,,,,,,,,
(4.302251),,,,,,,,,,,,,,,,,
,State Level Seats,,,,,,,,,,,,,,,,
,TFWS,,,,,,,,,,,,,,,,
4875,,,,,,,,,,,,,,,,,
Stage-I, ,,,,,,,,,,,,,,,,
(85.2118788),,,,,,,,,,,,,,,,,
,Legends :, ,"Legends: G-General, L-Ladies, S-State Level Seats ,PWD - Persons with Disabilities,DEF - Defence,PWDR :PWD Common Reserved Seat",,,,,,,,,,,,,,
"DEFR :Defense Common Reserved Seat ,* Maharashtra State Seats - Cut Off Indicates State General Merit No. ; Figures in bracket Indicates Merit Score",,,,,,,,,,,,,,,,,
,Page 7 of 186,,,,,,,,,,,,,,,,
GOVERNMENT OF MAHARASHTRA,,,,,,,,,,,,,,,,,
,"Directorate of Technical Education, Maharashtra State, Mumbai.",,,,,,,,,,,,,,,,
,Cut Off List for Maharashtra & Minority Seats of CAP Round-IV for Admission to the First Year Post Graduate Technical Course in Master of Computer Applications (MCA) for the Academic Year 2025-26,,,,,,,,,,,,,,,,
,"2001 - Dr. B. A. M.University Dept. Of Management Science, Aurangabad",,,,,,,,,,,,,,,,
,0200124110 - Master in Computer Application,,,,,,,,,,,,,,,,
,Status :, ,University Department,,,,,,,,,,,,,,
,Home University Seats,,,,,,,,,,,,,,,,
Home University Seats Allotted to Home University Candidates,,,,,,,,,,,,,,,,,
,GOPENH, ,GSCH, ,GSTH, ,GOBCH, ,PWDOPENH,,,,,,,,
14141,15234,18379,,,,,,,,,,,,,,,
Stage-I, ,,,,,,,,,,,,,,,,
(53.942159),(49.3533426),(36.496736),,,,,,,,,,,,,,,
18105,,,,,,,,,,,,,,,,,
,Stage-IV, ,,,,,,,,,,,,,,,
(39.3989669),,,,,,,,,,,,,,,,,
14861,,,,,,,,,,,,,,,,,
,I-Non PWD / DEF, ,,,,,,,,,,,,,,,
(51.4093808),,,,,,,,,,,,,,,,,
,Other Than Home University Seats,,,,,,,,,,,,,,,,
Other Than Home University Seats Allotted to Other Than Home University Candidates,,,,,,,,,,,,,,,,,
,GOPENO, ,GSTO, ,GOBCO,,,,,,,,,,,,
4677,19845,,,,,,,,,,,,,,,,
Stage-I, ,,,,,,,,,,,,,,,,
(85.3851665),(29.9046039),,,,,,,,,,,,,,,,
5066,,,,,,,,,,,,,,,,,
,Stage-IV, ,,,,,,,,,,,,,,,
(85.2118788),,,,,,,,,,,,,,,,,
,Legends :, ,"Legends: G-General, L-Ladies, S-State Level Seats ,PWD - Persons with Disabilities,DEF - Defence,PWDR :PWD Common Reserved Seat",,,,,,,,,,,,,,
"DEFR :Defense Common Reserved Seat ,* Maharashtra State Seats - Cut Off Indicates State General Merit No. ; Figures in bracket Indicates Merit Score",,,,,,,,,,,,,,,,,
,Page 8 of 186,,,,,,,,,,,,,,,,
GOVERNMENT OF MAHARASHTRA,,,,,,,,,,,,,,,,,
,"Directorate of Technical Education, Maharashtra State, Mumbai.",,,,,,,,,,,,,,,,
,Cut Off List for Maharashtra & Minority Seats of CAP Round-IV for Admission to the First Year Post Graduate Technical Course in Master of Computer Applications (MCA) for the Academic Year 2025-26,,,,,,,,,,,,,,,,
,"2005 - Dr. Babasaheb Ambedkar Marathwada Vidyapeeth,(Aurangabad) Sub Section - Osmanabad",,,,,,,,,,,,,,,,
,0200524110 - Master in Computer Application,,,,,,,,,,,,,,,,
,Status :, ,University Department,,,,,,,,,,,,,,
,Home University Seats,,,,,,,,,,,,,,,,
Home University Seats Allotted to Home University Candidates,,,,,,,,,,,,,,,,,
,GOPENH, ,GSTH,,,,,,,,,,,,,,
15130,,,,,,,,,,,,,,,,,
Stage-I, ,,,,,,,,,,,,,,,,
(51.4093808),,,,,,,,,,,,,,,,,
15497,,,,,,,,,,,,,,,,,
,Stage-IV, ,,,,,,,,,,,,,,,
(49.3533426),,,,,,,,,,,,,,,,,
,Home University Seats Allotted to Other Than Home University Candidates,,,,,,,,,,,,,,,,
,GOBCH,,,,,,,,,,,,,,,,
22219,,,,,,,,,,,,,,,,,
Stage-I, ,,,,,,,,,,,,,,,,
(19.1539942),,,,,,,,,,,,,,,,,
,Other Than Home University Seats,,,,,,,,,,,,,,,,
Other Than Home University Seats Allotted to Other Than Home University Candidates,,,,,,,,,,,,,,,,,
,GOPENO, ,GNTAO,,,,,,,,,,,,,,
13437,,,,,,,,,,,,,,,,,
Stage-I, ,,,,,,,,,,,,,,,,
(56.5488095),,,,,,,,,,,,,,,,,
14519,,,,,,,,,,,,,,,,,
,Stage-IV, ,,,,,,,,,,,,,,,
(53.942159),,,,,,,,,,,,,,,,,
,Legends :, ,"Legends: G-General, L-Ladies, S-State Level Seats ,PWD - Persons with Disabilities,DEF - Defence,PWDR :PWD Common Reserved Seat",,,,,,,,,,,,,,
"DEFR :Defense Common Reserved Seat ,* Maharashtra State Seats - Cut Off Indicates State General Merit No. ; Figures in bracket Indicates Merit Score",,,,,,,,,,,,,,,,,
,Page 9 of 186,,,,,,,,,,,,,,,,
GOVERNMENT OF MAHARASHTRA,,,,,,,,,,,,,,,,,
,"Directorate of Technical Education, Maharashtra State, Mumbai.",,,,,,,,,,,,,,,,
,Cut Off List for Maharashtra & Minority Seats of CAP Round-IV for Admission to the First Year Post Graduate Technical Course in Master of Computer Applications (MCA) for the Academic Year 2025-26,,,,,,,,,,,,,,,,
,"2007 - Swami Ramanand Teerth Marathwada Vidyapeeth, Nanded",,,,,,,,,,,,,,,,
,0200724110 - Master in Computer Application,,,,,,,,,,,,,,,,
,Status :, ,University Department,,,,,,,,,,,,,,
,Home University Seats,,,,,,,,,,,,,,,,
Home University Seats Allotted to Home University Candidates,,,,,,,,,,,,,,,,,
,GOPENH, ,GSCH, ,GSTH, ,GNTAH, ,GOBCH,,,,,,,,
9623,18761,12125,,,,,,,,,,,,,,,
Stage-I, ,,,,,,,,,,,,,,,,
(69.7143504),(36.496736),(61.2807064),,,,,,,,,,,,,,,
14170,12578,,,,,,,,,,,,,,,,
,Stage-IV, ,,,,,,,,,,,,,,,
(53.942159),(61.2807064),,,,,,,,,,,,,,,,
,Other Than Home University Seats,,,,,,,,,,,,,,,,
Other Than Home University Seats Allotted to Other Than Home University Candidates,,,,,,,,,,,,,,,,,
,GOPENO,,,,,,,,,,,,,,,,
24443,,,,,,,,,,,,,,,,,
Stage-I, ,,,,,,,,,,,,,,,,
(7.4072677),,,,,,,,,,,,,,,,,
,Other Than Home University Seats Allotted to Home University Candidates,,,,,,,,,,,,,,,,
,GOBCO,,,,,,,,,,,,,,,,
23961,,,,,,,,,,,,,,,,,
Stage-I, ,,,,,,,,,,,,,,,,
(9.7430286),,,,,,,,,,,,,,,,,
,State Level Seats,,,,,,,,,,,,,,,,
,EWS,,,,,,,,,,,,,,,,
22017,,,,,,,,,,,,,,,,,
Stage-I, ,,,,,,,,,,,,,,,,
(21.0059952),,,,,,,,,,,,,,,,,
,Legends :, ,"Legends: G-General, L-Ladies, S-State Level Seats ,PWD - Persons with Disabilities,DEF - Defence,PWDR :PWD Common Reserved Seat",,,,,,,,,,,,,,
"DEFR :Defense Common Reserved Seat ,* Maharashtra State Seats - Cut Off Indicates State General Merit No. ; Figures in bracket Indicates Merit Score",,,,,,,,,,,,,,,,,
,Page 10 of 186,,,,,,,,,,,,,,,,
GOVERNMENT OF MAHARASHTRA,,,,,,,,,,,,,,,,,
,"Directorate of Technical Education, Maharashtra State, Mumbai.",,,,,,,,,,,,,,,,
,Cut Off List for Maharashtra & Minority Seats of CAP Round-IV for Admission to the First Year Post Graduate Technical Course in Master of Computer Applications (MCA) for the Academic Year 2025-26,,,,,,,,,,,,,,,,
,"2008 - Government College of Engineering, Chhatrapati Sambhajinagar",,,,,,,,,,,,,,,,
,0200824110 - Master in Computer Application,,,,,,,,,,,,,,,,
,Status :, ,Government-Autonomous,,,,,,,,,,,,,,
,Home University Seats,,,,,,,,,,,,,,,,
Home University Seats Allotted to Home University Candidates,,,,,,,,,,,,,,,,,
,GSCH,,,,,,,,,,,,,,,,
7999,,,,,,,,,,,,,,,,,
Stage-I, ,,,,,,,,,,,,,,,,
(74.782248),,,,,,,,,,,,,,,,,
,Other Than Home University Seats,,,,,,,,,,,,,,,,
Other Than Home University Seats Allotted to Other Than Home University Candidates,,,,,,,,,,,,,,,,,
,GOPENO, ,GSEBCO,,,,,,,,,,,,,,
2124,7137,,,,,,,,,,,,,,,,
Stage-I, ,,,,,,,,,,,,,,,,
(93.405226),(77.8251197),,,,,,,,,,,,,,,,
,State Level Seats,,,,,,,,,,,,,,,,
,EWS,,,,,,,,,,,,,,,,
17842,,,,,,,,,,,,,,,,,
Stage-I, ,,,,,,,,,,,,,,,,
(39.3989669),,,,,,,,,,,,,,,,,
,Legends :, ,"Legends: G-General, L-Ladies, S-State Level Seats ,PWD - Persons with Disabilities,DEF - Defence,PWDR :PWD Common Reserved Seat",,,,,,,,,,,,,,
"DEFR :Defense Common Reserved Seat ,* Maharashtra State Seats - Cut Off Indicates State General Merit No. ; Figures in bracket Indicates Merit Score",,,,,,,,,,,,,,,,,
,Page 11 of 186,,,,,,,,,,,,,,,,
GOVERNMENT OF MAHARASHTRA,,,,,,,,,,,,,,,,,
,"Directorate of Technical Education, Maharashtra State, Mumbai.",,,,,,,,,,,,,,,,
,Cut Off List for Maharashtra & Minority Seats of CAP Round-IV for Admission to the First Year Post Graduate Technical Course in Master of Computer Applications (MCA) for the Academic Year 2025-26,,,,,,,,,,,,,,,,
,"2102 - Rajarshi Shahu Institute of Management, Aurangabad",,,,,,,,,,,,,,,,
,0210224110 - Master in Computer Application,,,,,,,,,,,,,,,,
,Status :, ,Un-Aided,,,,,,,,,,,,,,
,Home University Seats,,,,,,,,,,,,,,,,
Home University Seats Allotted to Home University Candidates,,,,,,,,,,,,,,,,,
,GOPENH,,,,,,,,,,,,,,,,
13098,,,,,,,,,,,,,,,,,
Stage-I, ,,,,,,,,,,,,,,,,
(58.7911466),,,,,,,,,,,,,,,,,
,Home University Seats Allotted to Other Than Home University Candidates,,,,,,,,,,,,,,,,
,GNTBH,,,,,,,,,,,,,,,,
23151,,,,,,,,,,,,,,,,,
Stage-I, ,,,,,,,,,,,,,,,,
(13.5402134),,,,,,,,,,,,,,,,,
,Other Than Home University Seats,,,,,,,,,,,,,,,,
Other Than Home University Seats Allotted to Other Than Home University Candidates,,,,,,,,,,,,,,,,,
,GOPENO, ,GSCO, ,GSTO, ,GOBCO,,,,,,,,,,
18668,22820,21410,,,,,,,,,,,,,,,
Stage-I, ,,,,,,,,,,,,,,,,
(36.496736),(15.5994113),(23.1010151),,,,,,,,,,,,,,,
20272,,,,,,,,,,,,,,,,,
,Stage-IV, ,,,,,,,,,,,,,,,
(29.9046039),,,,,,,,,,,,,,,,,
,Legends :, ,"Legends: G-General, L-Ladies, S-State Level Seats ,PWD - Persons with Disabilities,DEF - Defence,PWDR :PWD Common Reserved Seat",,,,,,,,,,,,,,
"DEFR :Defense Common Reserved Seat ,* Maharashtra State Seats - Cut Off Indicates State General Merit No. ; Figures in bracket Indicates Merit Score",,,,,,,,,,,,,,,,,
,Page 12 of 186,,,,,,,,,,,,,,,,
GOVERNMENT OF MAHARASHTRA,,,,,,,,,,,,,,,,,
,"Directorate of Technical Education, Maharashtra State, Mumbai.",,,,,,,,,,,,,,,,
,Cut Off List for Maharashtra & Minority Seats of CAP Round-IV for Admission to the First Year Post Graduate Technical Course in Master of Computer Applications (MCA) for the Academic Year 2025-26,,,,,,,,,,,,,,,,
,"2113 - G. S. Mandal's Maharashtra Institute of Technology, Aurangabad",,,,,,,,,,,,,,,,
,0211324110 - Master in Computer Application,,,,,,,,,,,,,,,,
,Status :, ,Un-Aided-Autonomous,,,,,,,,,,,,,,
,Home University Seats,,,,,,,,,,,,,,,,
Home University Seats Allotted to Home University Candidates,,,,,,,,,,,,,,,,,
,GOPENH, ,GSTH, ,GOBCH, ,PWDOPENH,,,,,,,,,,
17674,23744,,,,,,,,,,,,,,,,
Stage-I, ,,,,,,,,,,,,,,,,
(39.3989669),(10.5199653),,,,,,,,,,,,,,,,
20343,,,,,,,,,,,,,,,,,
,Stage-IV, ,,,,,,,,,,,,,,,
(27.2744425),,,,,,,,,,,,,,,,,
18360,,,,,,,,,,,,,,,,,
,I-Non PWD / DEF, ,,,,,,,,,,,,,,,
(36.496736),,,,,,,,,,,,,,,,,
,Home University Seats Allotted to Other Than Home University Candidates,,,,,,,,,,,,,,,,
,GSCH, ,GOBCH,,,,,,,,,,,,,,
24408,22192,,,,,,,,,,,,,,,,
Stage-I, ,,,,,,,,,,,,,,,,
(7.4072677),(19.1539942),,,,,,,,,,,,,,,,
,Other Than Home University Seats,,,,,,,,,,,,,,,,
Other Than Home University Seats Allotted to Other Than Home University Candidates,,,,,,,,,,,,,,,,,
,GOPENO, ,GSTO, ,GOBCO, ,GSEBCO,,,,,,,,,,
20152,21021,,,,,,,,,,,,,,,,
Stage-I, ,,,,,,,,,,,,,,,,
(29.9046039),(25.4779232),,,,,,,,,,,,,,,,
21033,22134,,,,,,,,,,,,,,,,
,Stage-IV, ,,,,,,,,,,,,,,,
(25.4779232),(19.1539942),,,,,,,,,,,,,,,,
,State Level Seats,,,,,,,,,,,,,,,,
,EWS, ,TFWS,,,,,,,,,,,,,,
21359,16057,,,,,,,,,,,,,,,,
Stage-I, ,,,,,,,,,,,,,,,,
(23.1010151),(46.3793819),,,,,,,,,,,,,,,,
,Legends :, ,"Legends: G-General, L-Ladies, S-State Level Seats ,PWD - Persons with Disabilities,DEF - Defence,PWDR :PWD Common Reserved Seat",,,,,,,,,,,,,,
"DEFR :Defense Common Reserved Seat ,* Maharashtra State Seats - Cut Off Indicates State General Merit No. ; Figures in bracket Indicates Merit Score",,,,,,,,,,,,,,,,,
,Page 13 of 186,,,,,,,,,,,,,,,,
GOVERNMENT OF MAHARASHTRA,,,,,,,,,,,,,,,,,
,"Directorate of Technical Education, Maharashtra State, Mumbai.",,,,,,,,,,,,,,,,
,Cut Off List for Maharashtra & Minority Seats of CAP Round-IV for Admission to the First Year Post Graduate Technical Course in Master of Computer Applications (MCA) for the Academic Year 2025-26,,,,,,,,,,,,,,,,
,"2115 - Sahyog Sevabhavi Santha's Indira Institute of Management Science, Nanded",,,,,,,,,,,,,,,,
,0211524110 - Master in Computer Application,,,,,,,,,,,,,,,,
,Status :, ,Un-Aided,,,,,,,,,,,,,,
,Home University Seats,,,,,,,,,,,,,,,,
Home University Seats Allotted to Home University Candidates,,,,,,,,,,,,,,,,,
,GOPENH, ,GOBCH,,,,,,,,,,,,,,
10230,18300,,,,,,,,,,,,,,,,
Stage-I, ,,,,,,,,,,,,,,,,
(67.3579428),(36.496736),,,,,,,,,,,,,,,,
,Other Than Home University Seats,,,,,,,,,,,,,,,,
Other Than Home University Seats Allotted to Other Than Home University Candidates,,,,,,,,,,,,,,,,,
,GOPENO,,,,,,,,,,,,,,,,
24491,,,,,,,,,,,,,,,,,
Stage-I, ,,,,,,,,,,,,,,,,
(5.9311489),,,,,,,,,,,,,,,,,
,Other Than Home University Seats Allotted to Home University Candidates,,,,,,,,,,,,,,,,
,GSCO, ,GNTAO, ,GOBCO, ,GSEBCO,,,,,,,,,,
18957,22504,24085,21712,,,,,,,,,,,,,,
Stage-I, ,,,,,,,,,,,,,,,,
(34.5198145),(16.9789978),(9.7430286),(21.0059952),,,,,,,,,,,,,,
,Legends :, ,"Legends: G-General, L-Ladies, S-State Level Seats ,PWD - Persons with Disabilities,DEF - Defence,PWDR :PWD Common Reserved Seat",,,,,,,,,,,,,,
"DEFR :Defense Common Reserved Seat ,* Maharashtra State Seats - Cut Off Indicates State General Merit No. ; Figures in bracket Indicates Merit Score",,,,,,,,,,,,,,,,,
,Page 14 of 186,,,,,,,,,,,,,,,,
GOVERNMENT OF MAHARASHTRA,,,,,,,,,,,,,,,,,
,"Directorate of Technical Education, Maharashtra State, Mumbai.",,,,,,,,,,,,,,,,
,Cut Off List for Maharashtra & Minority Seats of CAP Round-IV for Admission to the First Year Post Graduate Technical Course in Master of Computer Applications (MCA) for the Academic Year 2025-26,,,,,,,,,,,,,,,,
,"2119 - Shree Sharda Bhavan Education Society's Institute of Technology & Management, Nanded",,,,,,,,,,,,,,,,
,0211924110 - Master in Computer Application,,,,,,,,,,,,,,,,
,Status :, ,Un-Aided,,,,,,,,,,,,,,
,Other Than Home University Seats Allotted to Home University Candidates,,,,,,,,,,,,,,,,
,GNTBO,,,,,,,,,,,,,,,,
17081,,,,,,,,,,,,,,,,,
Stage-I, ,,,,,,,,,,,,,,,,
(41.4550394),,,,,,,,,,,,,,,,,
,Legends :, ,"Legends: G-General, L-Ladies, S-State Level Seats ,PWD - Persons with Disabilities,DEF - Defence,PWDR :PWD Common Reserved Seat",,,,,,,,,,,,,,
"DEFR :Defense Common Reserved Seat ,* Maharashtra State Seats - Cut Off Indicates State General Merit No. ; Figures in bracket Indicates Merit Score",,,,,,,,,,,,,,,,,
,Page 15 of 186,,,,,,,,,,,,,,,,
GOVERNMENT OF MAHARASHTRA,,,,,,,,,,,,,,,,,
,"Directorate of Technical Education, Maharashtra State, Mumbai.",,,,,,,,,,,,,,,,
,Cut Off List for Maharashtra & Minority Seats of CAP Round-IV for Admission to the First Year Post Graduate Technical Course in Master of Computer Applications (MCA) for the Academic Year 2025-26,,,,,,,,,,,,,,,,
,"2120 - Dnyanopasak Shikshan Mandal's Institute of Information Technology & Management, Parbhani.",,,,,,,,,,,,,,,,
,0212024110 - Master in Computer Application,,,,,,,,,,,,,,,,
,Status :, ,Un-Aided,,,,,,,,,,,,,,
,Home University Seats,,,,,,,,,,,,,,,,
Home University Seats Allotted to Home University Candidates,,,,,,,,,,,,,,,,,
,GNTBH,,,,,,,,,,,,,,,,
3327,,,,,,,,,,,,,,,,,
Stage-IV, ,,,,,,,,,,,,,,,,
(89.1966341),,,,,,,,,,,,,,,,,
,Other Than Home University Seats,,,,,,,,,,,,,,,,
Other Than Home University Seats Allotted to Other Than Home University Candidates,,,,,,,,,,,,,,,,,
,GSEBCO,,,,,,,,,,,,,,,,
10818,,,,,,,,,,,,,,,,,
Stage-I, ,,,,,,,,,,,,,,,,
(65.8578922),,,,,,,,,,,,,,,,,
,Legends :, ,"Legends: G-General, L-Ladies, S-State Level Seats ,PWD - Persons with Disabilities,DEF - Defence,PWDR :PWD Common Reserved Seat",,,,,,,,,,,,,,
"DEFR :Defense Common Reserved Seat ,* Maharashtra State Seats - Cut Off Indicates State General Merit No. ; Figures in bracket Indicates Merit Score",,,,,,,,,,,,,,,,,
,Page 16 of 186,,,,,,,,,,,,,,,,
GOVERNMENT OF MAHARASHTRA,,,,,,,,,,,,,,,,,
,"Directorate of Technical Education, Maharashtra State, Mumbai.",,,,,,,,,,,,,,,,
,Cut Off List for Maharashtra & Minority Seats of CAP Round-IV for Admission to the First Year Post Graduate Technical Course in Master of Computer Applications (MCA) for the Academic Year 2025-26,,,,,,,,,,,,,,,,
,"2124 - Maratha Education Society's Institute of Management studies & Information Technology, Aurangabad",,,,,,,,,,,,,,,,
,0212424110 - Master in Computer Application,,,,,,,,,,,,,,,,
,Status :, ,Un-Aided,,,,,,,,,,,,,,
,Home University Seats,,,,,,,,,,,,,,,,
Home University Seats Allotted to Home University Candidates,,,,,,,,,,,,,,,,,
,GOBCH,,,,,,,,,,,,,,,,
9877,,,,,,,,,,,,,,,,,
Stage-I, ,,,,,,,,,,,,,,,,
(69.7143504),,,,,,,,,,,,,,,,,
,Other Than Home University Seats,,,,,,,,,,,,,,,,
Other Than Home University Seats Allotted to Other Than Home University Candidates,,,,,,,,,,,,,,,,,
,GOPENO, ,GOBCO,,,,,,,,,,,,,,
24188,24286,,,,,,,,,,,,,,,,
Stage-I, ,,,,,,,,,,,,,,,,
(7.9446476),(7.9446476),,,,,,,,,,,,,,,,
,Legends :, ,"Legends: G-General, L-Ladies, S-State Level Seats ,PWD - Persons with Disabilities,DEF - Defence,PWDR :PWD Common Reserved Seat",,,,,,,,,,,,,,
"DEFR :Defense Common Reserved Seat ,* Maharashtra State Seats - Cut Off Indicates State General Merit No. ; Figures in bracket Indicates Merit Score",,,,,,,,,,,,,,,,,
,Page 17 of 186,,,,,,,,,,,,,,,,
GOVERNMENT OF MAHARASHTRA,,,,,,,,,,,,,,,,,
,"Directorate of Technical Education, Maharashtra State, Mumbai.",,,,,,,,,,,,,,,,
,Cut Off List for Maharashtra & Minority Seats of CAP Round-IV for Admission to the First Year Post Graduate Technical Course in Master of Computer Applications (MCA) for the Academic Year 2025-26,,,,,,,,,,,,,,,,
,"2129 - M.S. Bidve Engineering College, Latur",,,,,,,,,,,,,,,,
,0212924110 - Master in Computer Application,,,,,,,,,,,,,,,,
,Status :, ,Un-Aided,,,,,,,,,,,,,,
,Home University Seats,,,,,,,,,,,,,,,,
Home University Seats Allotted to Home University Candidates,,,,,,,,,,,,,,,,,
,GSCH,,,,,,,,,,,,,,,,
23598,,,,,,,,,,,,,,,,,
Stage-I, ,,,,,,,,,,,,,,,,
(12.4750009),,,,,,,,,,,,,,,,,
,Legends :, ,"Legends: G-General, L-Ladies, S-State Level Seats ,PWD - Persons with Disabilities,DEF - Defence,PWDR :PWD Common Reserved Seat",,,,,,,,,,,,,,
"DEFR :Defense Common Reserved Seat ,* Maharashtra State Seats - Cut Off Indicates State General Merit No. ; Figures in bracket Indicates Merit Score",,,,,,,,,,,,,,,,,
,Page 18 of 186,,,,,,,,,,,,,,,,
GOVERNMENT OF MAHARASHTRA,,,,,,,,,,,,,,,,,
,"Directorate of Technical Education, Maharashtra State, Mumbai.",,,,,,,,,,,,,,,,
,Cut Off List for Maharashtra & Minority Seats of CAP Round-IV for Admission to the First Year Post Graduate Technical Course in Master of Computer Applications (MCA) for the Academic Year 2025-26,,,,,,,,,,,,,,,,
,"2259 - Shri Sai Institute of Management & Research, Aurangabad",,,,,,,,,,,,,,,,
,0225924110 - Master in Computer Application,,,,,,,,,,,,,,,,
,Status :, ,Un-Aided,,,,,,,,,,,,,,
,Home University Seats,,,,,,,,,,,,,,,,
Home University Seats Allotted to Home University Candidates,,,,,,,,,,,,,,,,,
,GSCH, ,GOBCH,,,,,,,,,,,,,,
19102,,,,,,,,,,,,,,,,,
Stage-IV, ,,,,,,,,,,,,,,,,
(34.5198145),,,,,,,,,,,,,,,,,
17139,,,,,,,,,,,,,,,,,
,Stage-I, ,,,,,,,,,,,,,,,
(41.4550394),,,,,,,,,,,,,,,,,
,Other Than Home University Seats,,,,,,,,,,,,,,,,
Other Than Home University Seats Allotted to Other Than Home University Candidates,,,,,,,,,,,,,,,,,
,GOPENO, ,GSCO, ,GSEBCO,,,,,,,,,,,,
19650,,,,,,,,,,,,,,,,,
Stage-I, ,,,,,,,,,,,,,,,,
(31.6629561),,,,,,,,,,,,,,,,,
20650,20455,,,,,,,,,,,,,,,,
,Stage-IV, ,,,,,,,,,,,,,,,
(27.2744425),(27.2744425),,,,,,,,,,,,,,,,
,State Level Seats,,,,,,,,,,,,,,,,
,TFWS,,,,,,,,,,,,,,,,
24080,,,,,,,,,,,,,,,,,
Stage-I, ,,,,,,,,,,,,,,,,
(9.7430286),,,,,,,,,,,,,,,,,
,Legends :, ,"Legends: G-General, L-Ladies, S-State Level Seats ,PWD - Persons with Disabilities,DEF - Defence,PWDR :PWD Common Reserved Seat",,,,,,,,,,,,,,
"DEFR :Defense Common Reserved Seat ,* Maharashtra State Seats - Cut Off Indicates State General Merit No. ; Figures in bracket Indicates Merit Score",,,,,,,,,,,,,,,,,
,Page 19 of 186,,,,,,,,,,,,,,,,
GOVERNMENT OF MAHARASHTRA,,,,,,,,,,,,,,,,,
,"Directorate of Technical Education, Maharashtra State, Mumbai.",,,,,,,,,,,,,,,,
,Cut Off List for Maharashtra & Minority Seats of CAP Round-IV for Admission to the First Year Post Graduate Technical Course in Master of Computer Applications (MCA) for the Academic Year 2025-26,,,,,,,,,,,,,,,,
,2508 - GRAMIN TECHNICAL AND MANAGEMENT CAMPUS NANDED.,,,,,,,,,,,,,,,,
,0250824110 - Master in Computer Application,,,,,,,,,,,,,,,,
,Status :, ,Un-Aided,,,,,,,,,,,,,,
,Home University Seats,,,,,,,,,,,,,,,,
Home University Seats Allotted to Home University Candidates,,,,,,,,,,,,,,,,,
,GOPENH, ,GSCH, ,GOBCH, ,GSEBCH,,,,,,,,,,
19581,23185,,,,,,,,,,,,,,,,
Stage-I, ,,,,,,,,,,,,,,,,
(31.6629561),(13.5402134),,,,,,,,,,,,,,,,
19864,19872,,,,,,,,,,,,,,,,
,Stage-IV, ,,,,,,,,,,,,,,,
(29.9046039),(29.9046039),,,,,,,,,,,,,,,,
,Other Than Home University Seats,,,,,,,,,,,,,,,,
Other Than Home University Seats Allotted to Other Than Home University Candidates,,,,,,,,,,,,,,,,,
,GOPENO,,,,,,,,,,,,,,,,
25099,,,,,,,,,,,,,,,,,
Stage-I, ,,,,,,,,,,,,,,,,
(2.8640429),,,,,,,,,,,,,,,,,
,Other Than Home University Seats Allotted to Home University Candidates,,,,,,,,,,,,,,,,
,GOPENO, ,GSTO, ,GOBCO,,,,,,,,,,,,
20333,,,,,,,,,,,,,,,,,
Stage-I, ,,,,,,,,,,,,,,,,
(27.2744425),,,,,,,,,,,,,,,,,
20777,21369,,,,,,,,,,,,,,,,
,Stage-IV, ,,,,,,,,,,,,,,,
(25.4779232),(23.1010151),,,,,,,,,,,,,,,,
,State Level Seats,,,,,,,,,,,,,,,,
,TFWS,,,,,,,,,,,,,,,,
24688,,,,,,,,,,,,,,,,,
Stage-I, ,,,,,,,,,,,,,,,,
(5.5960152),,,,,,,,,,,,,,,,,
,Legends :, ,"Legends: G-General, L-Ladies, S-State Level Seats ,PWD - Persons with Disabilities,DEF - Defence,PWDR :PWD Common Reserved Seat",,,,,,,,,,,,,,
"DEFR :Defense Common Reserved Seat ,* Maharashtra State Seats - Cut Off Indicates State General Merit No. ; Figures in bracket Indicates Merit Score",,,,,,,,,,,,,,,,,
,Page 20 of 186,,,,,,,,,,,,,,,,
GOVERNMENT OF MAHARASHTRA,,,,,,,,,,,,,,,,,
,"Directorate of Technical Education, Maharashtra State, Mumbai.",,,,,,,,,,,,,,,,
,Cut Off List for Maharashtra & Minority Seats of CAP Round-IV for Admission to the First Year Post Graduate Technical Course in Master of Computer Applications (MCA) for the Academic Year 2025-26,,,,,,,,,,,,,,,,
,"2519 - Shri V. D. Deshmukh College of MCA, Kolpa Dist. Latur",,,,,,,,,,,,,,,,
,0251924110 - Master in Computer Application,,,,,,,,,,,,,,,,
,Status :, ,Un-Aided,,,,,,,,,,,,,,
,Home University Seats,,,,,,,,,,,,,,,,
Home University Seats Allotted to Home University Candidates,,,,,,,,,,,,,,,,,
,GOPENH, ,GNTAH, ,GOBCH, ,PWDOPENH,,,,,,,,,,
10159,13145,,,,,,,,,,,,,,,,
Stage-I, ,,,,,,,,,,,,,,,,
(69.7143504),(58.7911466),,,,,,,,,,,,,,,,
13894,,,,,,,,,,,,,,,,,
,Stage-IV, ,,,,,,,,,,,,,,,
(56.5488095),,,,,,,,,,,,,,,,,
10960,,,,,,,,,,,,,,,,,
,I-Non PWD / DEF, ,,,,,,,,,,,,,,,
(65.8578922),,,,,,,,,,,,,,,,,
,Other Than Home University Seats,,,,,,,,,,,,,,,,
Other Than Home University Seats Allotted to Other Than Home University Candidates,,,,,,,,,,,,,,,,,
,GOPENO,,,,,,,,,,,,,,,,
19468,,,,,,,,,,,,,,,,,
Stage-I, ,,,,,,,,,,,,,,,,
(31.6629561),,,,,,,,,,,,,,,,,
,Other Than Home University Seats Allotted to Home University Candidates,,,,,,,,,,,,,,,,
,GOPENO, ,GSEBCO,,,,,,,,,,,,,,
12806,13611,,,,,,,,,,,,,,,,
Stage-I, ,,,,,,,,,,,,,,,,
(58.7911466),(56.5488095),,,,,,,,,,,,,,,,
,State Level Seats,,,,,,,,,,,,,,,,
,TFWS,,,,,,,,,,,,,,,,
8114,,,,,,,,,,,,,,,,,
Stage-I, ,,,,,,,,,,,,,,,,
(74.782248),,,,,,,,,,,,,,,,,
,Legends :, ,"Legends: G-General, L-Ladies, S-State Level Seats ,PWD - Persons with Disabilities,DEF - Defence,PWDR :PWD Common Reserved Seat",,,,,,,,,,,,,,
"DEFR :Defense Common Reserved Seat ,* Maharashtra State Seats - Cut Off Indicates State General Merit No. ; Figures in bracket Indicates Merit Score",,,,,,,,,,,,,,,,,
,Page 21 of 186,,,,,,,,,,,,,,,,
GOVERNMENT OF MAHARASHTRA,,,,,,,,,,,,,,,,,
,"Directorate of Technical Education, Maharashtra State, Mumbai.",,,,,,,,,,,,,,,,
,Cut Off List for Maharashtra & Minority Seats of CAP Round-IV for Admission to the First Year Post Graduate Technical Course in Master of Computer Applications (MCA) for the Academic Year 2025-26,,,,,,,,,,,,,,,,
,"2569 - Suraj Institute of Management, Beed",,,,,,,,,,,,,,,,
,0256924110 - Master in Computer Application,,,,,,,,,,,,,,,,
,Status :, ,Un-Aided,,,,,,,,,,,,,,
,Home University Seats,,,,,,,,,,,,,,,,
Home University Seats Allotted to Home University Candidates,,,,,,,,,,,,,,,,,
,GOPENH, ,GSTH, ,GNTBH, ,GOBCH, ,PWDOPENH,,,,,,,,
6527,22514,,,,,,,,,,,,,,,,
Stage-I, ,,,,,,,,,,,,,,,,
(79.9969812),(16.9789978),,,,,,,,,,,,,,,,
14944,19537,,,,,,,,,,,,,,,,
,Stage-IV, ,,,,,,,,,,,,,,,
(51.4093808),(31.6629561),,,,,,,,,,,,,,,,
10717,,,,,,,,,,,,,,,,,
,I-Non PWD / DEF, ,,,,,,,,,,,,,,,
(67.3579428),,,,,,,,,,,,,,,,,
,Other Than Home University Seats,,,,,,,,,,,,,,,,
Other Than Home University Seats Allotted to Other Than Home University Candidates,,,,,,,,,,,,,,,,,
,GNTAO, ,GNTBO, ,GNTCO, ,GOBCO, ,GSEBCO,,,,,,,,
19831,20602,25284,25329,,,,,,,,,,,,,,
Stage-IV, ,,,,,,,,,,,,,,,,
(31.6629561),(27.2744425),(2.0301121),(1.3622127),,,,,,,,,,,,,,
19640,24277,,,,,,,,,,,,,,,,
,Stage-I, ,,,,,,,,,,,,,,,
(31.6629561),(7.9446476),,,,,,,,,,,,,,,,
,Other Than Home University Seats Allotted to Home University Candidates,,,,,,,,,,,,,,,,
,GSCO, ,GOBCO, ,GSEBCO,,,,,,,,,,,,
18106,,,,,,,,,,,,,,,,,
Stage-I, ,,,,,,,,,,,,,,,,
(39.3989669),,,,,,,,,,,,,,,,,
21417,25302,,,,,,,,,,,,,,,,
,Stage-IV, ,,,,,,,,,,,,,,,
(23.1010151),(1.3622127),,,,,,,,,,,,,,,,
,Legends :, ,"Legends: G-General, L-Ladies, S-State Level Seats ,PWD - Persons with Disabilities,DEF - Defence,PWDR :PWD Common Reserved Seat",,,,,,,,,,,,,,
"DEFR :Defense Common Reserved Seat ,* Maharashtra State Seats - Cut Off Indicates State General Merit No. ; Figures in bracket Indicates Merit Score",,,,,,,,,,,,,,,,,
,Page 22 of 186,,,,,,,,,,,,,,,,
GOVERNMENT OF MAHARASHTRA,,,,,,,,,,,,,,,,,
,"Directorate of Technical Education, Maharashtra State, Mumbai.",,,,,,,,,,,,,,,,
,Cut Off List for Maharashtra & Minority Seats of CAP Round-IV for Admission to the First Year Post Graduate Technical Course in Master of Computer Applications (MCA) for the Academic Year 2025-26,,,,,,,,,,,,,,,,
,"2621 - MDA EDUCATION AND RESEARCH INSTITUTE, KOLPA, LATUR",,,,,,,,,,,,,,,,
,0262124110 - Master in Computer Application,,,,,,,,,,,,,,,,
,Status :, ,Un-Aided,,,,,,,,,,,,,,
,Home University Seats,,,,,,,,,,,,,,,,
Home University Seats Allotted to Home University Candidates,,,,,,,,,,,,,,,,,
,GSCH, ,GOBCH, ,PWDOPENH,,,,,,,,,,,,
25068,20823,,,,,,,,,,,,,,,,
Stage-I, ,,,,,,,,,,,,,,,,
(3.0466423),(25.4779232),,,,,,,,,,,,,,,,
13909,,,,,,,,,,,,,,,,,
,I-Non PWD / DEF, ,,,,,,,,,,,,,,,
(56.5488095),,,,,,,,,,,,,,,,,
,Other Than Home University Seats,,,,,,,,,,,,,,,,
Other Than Home University Seats Allotted to Other Than Home University Candidates,,,,,,,,,,,,,,,,,
,GOPENO,,,,,,,,,,,,,,,,
24468,,,,,,,,,,,,,,,,,
Stage-I, ,,,,,,,,,,,,,,,,
(7.4072677),,,,,,,,,,,,,,,,,
,Other Than Home University Seats Allotted to Home University Candidates,,,,,,,,,,,,,,,,
,GSEBCO,,,,,,,,,,,,,,,,
18844,,,,,,,,,,,,,,,,,
Stage-I, ,,,,,,,,,,,,,,,,
(34.5198145),,,,,,,,,,,,,,,,,
,State Level Seats,,,,,,,,,,,,,,,,
,EWS,,,,,,,,,,,,,,,,
17414,,,,,,,,,,,,,,,,,
Stage-I, ,,,,,,,,,,,,,,,,
(41.4550394),,,,,,,,,,,,,,,,,
,Legends :, ,"Legends: G-General, L-Ladies, S-State Level Seats ,PWD - Persons with Disabilities,DEF - Defence,PWDR :PWD Common Reserved Seat",,,,,,,,,,,,,,
"DEFR :Defense Common Reserved Seat ,* Maharashtra State Seats - Cut Off Indicates State General Merit No. ; Figures in bracket Indicates Merit Score",,,,,,,,,,,,,,,,,
,Page 23 of 186,,,,,,,,,,,,,,,,
GOVERNMENT OF MAHARASHTRA,,,,,,,,,,,,,,,,,
,"Directorate of Technical Education, Maharashtra State, Mumbai.",,,,,,,,,,,,,,,,
,Cut Off List for Maharashtra & Minority Seats of CAP Round-IV for Admission to the First Year Post Graduate Technical Course in Master of Computer Applications (MCA) for the Academic Year 2025-26,,,,,,,,,,,,,,,,
,"2622 - Jay Bhavani Institute of Management, Badnapur, Jalna",,,,,,,,,,,,,,,,
,0262224110 - Master in Computer Application,,,,,,,,,,,,,,,,
,Status :, ,Un-Aided,,,,,,,,,,,,,,
,Home University Seats,,,,,,,,,,,,,,,,
Home University Seats Allotted to Home University Candidates,,,,,,,,,,,,,,,,,
,GOPENH, ,GOBCH, ,GSEBCH,,,,,,,,,,,,
5422,,,,,,,,,,,,,,,,,
Stage-I, ,,,,,,,,,,,,,,,,
(82.9644433),,,,,,,,,,,,,,,,,
19394,23706,,,,,,,,,,,,,,,,
,Stage-IV, ,,,,,,,,,,,,,,,
(31.6629561),(10.5199653),,,,,,,,,,,,,,,,
,Legends :, ,"Legends: G-General, L-Ladies, S-State Level Seats ,PWD - Persons with Disabilities,DEF - Defence,PWDR :PWD Common Reserved Seat",,,,,,,,,,,,,,
"DEFR :Defense Common Reserved Seat ,* Maharashtra State Seats - Cut Off Indicates State General Merit No. ; Figures in bracket Indicates Merit Score",,,,,,,,,,,,,,,,,
,Page 24 of 186,,,,,,,,,,,,,,,,
GOVERNMENT OF MAHARASHTRA,,,,,,,,,,,,,,,,,
,"Directorate of Technical Education, Maharashtra State, Mumbai.",,,,,,,,,,,,,,,,
,Cut Off List for Maharashtra & Minority Seats of CAP Round-IV for Admission to the First Year Post Graduate Technical Course in Master of Computer Applications (MCA) for the Academic Year 2025-26,,,,,,,,,,,,,,,,
,"2633 - Yashodeep Institute of Computer Application, MCA",,,,,,,,,,,,,,,,
,0263324110 - Master in Computer Application,,,,,,,,,,,,,,,,
,Status :, ,Un-Aided,,,,,,,,,,,,,,
,Home University Seats,,,,,,,,,,,,,,,,
Home University Seats Allotted to Home University Candidates,,,,,,,,,,,,,,,,,
,GOPENH, ,GSCH, ,GSTH, ,GSEBCH,,,,,,,,,,
9307,9645,,,,,,,,,,,,,,,,
Stage-I, ,,,,,,,,,,,,,,,,
(71.1549338),(69.7143504),,,,,,,,,,,,,,,,
22466,22816,,,,,,,,,,,,,,,,
,Stage-IV, ,,,,,,,,,,,,,,,
(16.9789978),(15.5994113),,,,,,,,,,,,,,,,
,Home University Seats Allotted to Other Than Home University Candidates,,,,,,,,,,,,,,,,
,GOBCH,,,,,,,,,,,,,,,,
24591,,,,,,,,,,,,,,,,,
Stage-I, ,,,,,,,,,,,,,,,,
(5.9311489),,,,,,,,,,,,,,,,,
,Other Than Home University Seats,,,,,,,,,,,,,,,,
Other Than Home University Seats Allotted to Other Than Home University Candidates,,,,,,,,,,,,,,,,,
,GOPENO, ,GSCO, ,GSTO, ,GOBCO, ,GSEBCO,,,,,,,,
21285,21383,,,,,,,,,,,,,,,,
Stage-I, ,,,,,,,,,,,,,,,,
(23.1010151),(23.1010151),,,,,,,,,,,,,,,,
24772,22905,22975,,,,,,,,,,,,,,,
,Stage-IV, ,,,,,,,,,,,,,,,
(4.302251),(15.5994113),(15.5994113),,,,,,,,,,,,,,,
,Legends :, ,"Legends: G-General, L-Ladies, S-State Level Seats ,PWD - Persons with Disabilities,DEF - Defence,PWDR :PWD Common Reserved Seat",,,,,,,,,,,,,,
"DEFR :Defense Common Reserved Seat ,* Maharashtra State Seats - Cut Off Indicates State General Merit No. ; Figures in bracket Indicates Merit Score",,,,,,,,,,,,,,,,,
,Page 25 of 186,,,,,,,,,,,,,,,,
GOVERNMENT OF MAHARASHTRA,,,,,,,,,,,,,,,,,
,"Directorate of Technical Education, Maharashtra State, Mumbai.",,,,,,,,,,,,,,,,
,Cut Off List for Maharashtra & Minority Seats of CAP Round-IV for Admission to the First Year Post Graduate Technical Course in Master of Computer Applications (MCA) for the Academic Year 2025-26,,,,,,,,,,,,,,,,
,"2635 - Shri. Sambhaji College of Management & Technology, Degaon Road, Opp. Nadla Digras, Khadkut, Nanded",,,,,,,,,,,,,,,,
,0263524110 - Master in Computer Application,,,,,,,,,,,,,,,,
,Status :, ,Un-Aided,,,,,,,,,,,,,,
,Home University Seats,,,,,,,,,,,,,,,,
Home University Seats Allotted to Home University Candidates,,,,,,,,,,,,,,,,,
,GOPENH, ,GSCH, ,GSTH, ,GNTCH, ,GOBCH, ,GSEBCH, ,PWDOPENH,,,,
15964,19215,24855,22855,,,,,,,,,,,,,,
Stage-I, ,,,,,,,,,,,,,,,,
(46.3793819),(34.5198145),(4.302251),(15.5994113),,,,,,,,,,,,,,
18902,19203,,,,,,,,,,,,,,,,
,Stage-IV, ,,,,,,,,,,,,,,,
(34.5198145),(34.5198145),,,,,,,,,,,,,,,,
16280,,,,,,,,,,,,,,,,,
,I-Non PWD / DEF, ,,,,,,,,,,,,,,,
(46.3793819),,,,,,,,,,,,,,,,,
,Other Than Home University Seats Allotted to Home University Candidates,,,,,,,,,,,,,,,,
,GOPENO, ,GSCO, ,GSEBCO,,,,,,,,,,,,
19036,25436,,,,,,,,,,,,,,,,
Stage-I, ,,,,,,,,,,,,,,,,
(34.5198145),(0.3883715),,,,,,,,,,,,,,,,
19582,,,,,,,,,,,,,,,,,
,Stage-IV, ,,,,,,,,,,,,,,,
(31.6629561),,,,,,,,,,,,,,,,,
,Legends :, ,"Legends: G-General, L-Ladies, S-State Level Seats ,PWD - Persons with Disabilities,DEF - Defence,PWDR :PWD Common Reserved Seat",,,,,,,,,,,,,,
"DEFR :Defense Common Reserved Seat ,* Maharashtra State Seats - Cut Off Indicates State General Merit No. ; Figures in bracket Indicates Merit Score",,,,,,,,,,,,,,,,,
,Page 26 of 186,,,,,,,,,,,,,,,,
GOVERNMENT OF MAHARASHTRA,,,,,,,,,,,,,,,,,
,"Directorate of Technical Education, Maharashtra State, Mumbai.",,,,,,,,,,,,,,,,
,Cut Off List for Maharashtra & Minority Seats of CAP Round-IV for Admission to the First Year Post Graduate Technical Course in Master of Computer Applications (MCA) for the Academic Year 2025-26,,,,,,,,,,,,,,,,
,"2664 - Deogiri College, Chh. Sambhaji Nagar",,,,,,,,,,,,,,,,
,0266424110 - Master in Computer Application,,,,,,,,,,,,,,,,
,Status :, ,Un-Aided-Autonomous,,,,,,,,,,,,,,
,Home University Seats,,,,,,,,,,,,,,,,
Home University Seats Allotted to Home University Candidates,,,,,,,,,,,,,,,,,
,GOPENH, ,PWDOPENH,,,,,,,,,,,,,,
8017,,,,,,,,,,,,,,,,,
Stage-I, ,,,,,,,,,,,,,,,,
(74.782248),,,,,,,,,,,,,,,,,
11586,,,,,,,,,,,,,,,,,
,I-Non PWD / DEF, ,,,,,,,,,,,,,,,
(63.1574978),,,,,,,,,,,,,,,,,
,Other Than Home University Seats,,,,,,,,,,,,,,,,
Other Than Home University Seats Allotted to Other Than Home University Candidates,,,,,,,,,,,,,,,,,
,GOPENO, ,GSTO, ,GOBCO,,,,,,,,,,,,
20775,22248,,,,,,,,,,,,,,,,
Stage-I, ,,,,,,,,,,,,,,,,
(25.4779232),(19.1539942),,,,,,,,,,,,,,,,
21756,,,,,,,,,,,,,,,,,
,Stage-IV, ,,,,,,,,,,,,,,,
(21.0059952),,,,,,,,,,,,,,,,,
,Other Than Home University Seats Allotted to Home University Candidates,,,,,,,,,,,,,,,,
,GSEBCO,,,,,,,,,,,,,,,,
10488,,,,,,,,,,,,,,,,,
Stage-I, ,,,,,,,,,,,,,,,,
(67.3579428),,,,,,,,,,,,,,,,,
,State Level Seats,,,,,,,,,,,,,,,,
,EWS,,,,,,,,,,,,,,,,
2673,,,,,,,,,,,,,,,,,
Stage-I, ,,,,,,,,,,,,,,,,
(90.9663786),,,,,,,,,,,,,,,,,
,Legends :, ,"Legends: G-General, L-Ladies, S-State Level Seats ,PWD - Persons with Disabilities,DEF - Defence,PWDR :PWD Common Reserved Seat",,,,,,,,,,,,,,
"DEFR :Defense Common Reserved Seat ,* Maharashtra State Seats - Cut Off Indicates State General Merit No. ; Figures in bracket Indicates Merit Score",,,,,,,,,,,,,,,,,
,Page 27 of 186,,,,,,,,,,,,,,,,
GOVERNMENT OF MAHARASHTRA,,,,,,,,,,,,,,,,,
,"Directorate of Technical Education, Maharashtra State, Mumbai.",,,,,,,,,,,,,,,,
,Cut Off List for Maharashtra & Minority Seats of CAP Round-IV for Admission to the First Year Post Graduate Technical Course in Master of Computer Applications (MCA) for the Academic Year 2025-26,,,,,,,,,,,,,,,,
,"2665 - Royal Institute of Technical Education, Latur",,,,,,,,,,,,,,,,
,0266524110 - Master in Computer Application,,,,,,,,,,,,,,,,
,Status :, ,Un-Aided,,,,,,,,,,,,,,
,Home University Seats,,,,,,,,,,,,,,,,
Home University Seats Allotted to Home University Candidates,,,,,,,,,,,,,,,,,
,GOPENH, ,GOBCH, ,PWDOPENH,,,,,,,,,,,,
11116,15208,,,,,,,,,,,,,,,,
Stage-I, ,,,,,,,,,,,,,,,,
(65.8578922),(51.4093808),,,,,,,,,,,,,,,,
12260,,,,,,,,,,,,,,,,,
,I-Non PWD / DEF, ,,,,,,,,,,,,,,,
(61.2807064),,,,,,,,,,,,,,,,,
,Other Than Home University Seats,,,,,,,,,,,,,,,,
Other Than Home University Seats Allotted to Other Than Home University Candidates,,,,,,,,,,,,,,,,,
,GOBCO,,,,,,,,,,,,,,,,
17649,,,,,,,,,,,,,,,,,
Stage-I, ,,,,,,,,,,,,,,,,
(41.4550394),,,,,,,,,,,,,,,,,
,Other Than Home University Seats Allotted to Home University Candidates,,,,,,,,,,,,,,,,
,GNTAO,,,,,,,,,,,,,,,,
14985,,,,,,,,,,,,,,,,,
Stage-IV, ,,,,,,,,,,,,,,,,
(51.4093808),,,,,,,,,,,,,,,,,
,Legends :, ,"Legends: G-General, L-Ladies, S-State Level Seats ,PWD - Persons with Disabilities,DEF - Defence,PWDR :PWD Common Reserved Seat",,,,,,,,,,,,,,
"DEFR :Defense Common Reserved Seat ,* Maharashtra State Seats - Cut Off Indicates State General Merit No. ; Figures in bracket Indicates Merit Score",,,,,,,,,,,,,,,,,
,Page 28 of 186,,,,,,,,,,,,,,,,
GOVERNMENT OF MAHARASHTRA,,,,,,,,,,,,,,,,,
,"Directorate of Technical Education, Maharashtra State, Mumbai.",,,,,,,,,,,,,,,,
,Cut Off List for Maharashtra & Minority Seats of CAP Round-IV for Admission to the First Year Post Graduate Technical Course in Master of Computer Applications (MCA) for the Academic Year 2025-26,,,,,,,,,,,,,,,,
,2667 - DAYANAND COLLEGE OF COMMERCE LATUR,,,,,,,,,,,,,,,,
,0266724270U - Master of Computer Applications,,,,,,,,,,,,,,,,
,Status :, ,Un-Aided,,,,,,,,,,,,,,
,Home University Seats,,,,,,,,,,,,,,,,
Home University Seats Allotted to Home University Candidates,,,,,,,,,,,,,,,,,
,GOPENH,,,,,,,,,,,,,,,,
3326,,,,,,,,,,,,,,,,,
Stage-I, ,,,,,,,,,,,,,,,,
(89.1966341),,,,,,,,,,,,,,,,,
,Other Than Home University Seats,,,,,,,,,,,,,,,,
Other Than Home University Seats Allotted to Other Than Home University Candidates,,,,,,,,,,,,,,,,,
,GOPENO,,,,,,,,,,,,,,,,
24224,,,,,,,,,,,,,,,,,
Stage-I, ,,,,,,,,,,,,,,,,
(7.9446476),,,,,,,,,,,,,,,,,
,Legends :, ,"Legends: G-General, L-Ladies, S-State Level Seats ,PWD - Persons with Disabilities,DEF - Defence,PWDR :PWD Common Reserved Seat",,,,,,,,,,,,,,
"DEFR :Defense Common Reserved Seat ,* Maharashtra State Seats - Cut Off Indicates State General Merit No. ; Figures in bracket Indicates Merit Score",,,,,,,,,,,,,,,,,
,Page 29 of 186,,,,,,,,,,,,,,,,
GOVERNMENT OF MAHARASHTRA,,,,,,,,,,,,,,,,,
,"Directorate of Technical Education, Maharashtra State, Mumbai.",,,,,,,,,,,,,,,,
,Cut Off List for Maharashtra & Minority Seats of CAP Round-IV for Admission to the First Year Post Graduate Technical Course in Master of Computer Applications (MCA) for the Academic Year 2025-26,,,,,,,,,,,,,,,,
,2672 - ARTS SCIENCE AND COMMERCE COLLEGE,,,,,,,,,,,,,,,,
,0267224170U - Master in Computer Application,,,,,,,,,,,,,,,,
,Status :, ,Un-Aided,,,,,,,,,,,,,,
,Home University Seats,,,,,,,,,,,,,,,,
Home University Seats Allotted to Home University Candidates,,,,,,,,,,,,,,,,,
,GSCH, ,GNTBH, ,GSEBCH,,,,,,,,,,,,
14264,19897,21314,,,,,,,,,,,,,,,
Stage-IV, ,,,,,,,,,,,,,,,,
(53.942159),(29.9046039),(23.1010151),,,,,,,,,,,,,,,
,Home University Seats Allotted to Other Than Home University Candidates,,,,,,,,,,,,,,,,
,GOBCH,,,,,,,,,,,,,,,,
24940,,,,,,,,,,,,,,,,,
Stage-I, ,,,,,,,,,,,,,,,,
(4.067771),,,,,,,,,,,,,,,,,
,Other Than Home University Seats,,,,,,,,,,,,,,,,
Other Than Home University Seats Allotted to Other Than Home University Candidates,,,,,,,,,,,,,,,,,
,GOPENO,,,,,,,,,,,,,,,,
9243,,,,,,,,,,,,,,,,,
Stage-I, ,,,,,,,,,,,,,,,,
(71.1549338),,,,,,,,,,,,,,,,,
,Legends :, ,"Legends: G-General, L-Ladies, S-State Level Seats ,PWD - Persons with Disabilities,DEF - Defence,PWDR :PWD Common Reserved Seat",,,,,,,,,,,,,,
"DEFR :Defense Common Reserved Seat ,* Maharashtra State Seats - Cut Off Indicates State General Merit No. ; Figures in bracket Indicates Merit Score",,,,,,,,,,,,,,,,,
,Page 30 of 186,,,,,,,,,,,,,,,,
GOVERNMENT OF MAHARASHTRA,,,,,,,,,,,,,,,,,
,"Directorate of Technical Education, Maharashtra State, Mumbai.",,,,,,,,,,,,,,,,
,Cut Off List for Maharashtra & Minority Seats of CAP Round-IV for Admission to the First Year Post Graduate Technical Course in Master of Computer Applications (MCA) for the Academic Year 2025-26,,,,,,,,,,,,,,,,
,2674 - MAHARASHTRA MAHAVIDYALAYA NILANGA,,,,,,,,,,,,,,,,
,0267424270U - Master of Computer Applications,,,,,,,,,,,,,,,,
,Status :, ,Un-Aided,,,,,,,,,,,,,,
,Home University Seats,,,,,,,,,,,,,,,,
Home University Seats Allotted to Home University Candidates,,,,,,,,,,,,,,,,,
,GNTAH, ,GOBCH, ,GSEBCH,,,,,,,,,,,,
16761,,,,,,,,,,,,,,,,,
Stage-IV, ,,,,,,,,,,,,,,,,
(44.5345198),,,,,,,,,,,,,,,,,
24817,16795,,,,,,,,,,,,,,,,
,Stage-I, ,,,,,,,,,,,,,,,
(4.302251),(44.5345198),,,,,,,,,,,,,,,,
,Other Than Home University Seats Allotted to Home University Candidates,,,,,,,,,,,,,,,,
,GOPENO,,,,,,,,,,,,,,,,
5400,,,,,,,,,,,,,,,,,
Stage-I, ,,,,,,,,,,,,,,,,
(82.9644433),,,,,,,,,,,,,,,,,
,Legends :, ,"Legends: G-General, L-Ladies, S-State Level Seats ,PWD - Persons with Disabilities,DEF - Defence,PWDR :PWD Common Reserved Seat",,,,,,,,,,,,,,
"DEFR :Defense Common Reserved Seat ,* Maharashtra State Seats - Cut Off Indicates State General Merit No. ; Figures in bracket Indicates Merit Score",,,,,,,,,,,,,,,,,
,Page 31 of 186,,,,,,,,,,,,,,,,
GOVERNMENT OF MAHARASHTRA,,,,,,,,,,,,,,,,,
,"Directorate of Technical Education, Maharashtra State, Mumbai.",,,,,,,,,,,,,,,,
,Cut Off List for Maharashtra & Minority Seats of CAP Round-IV for Admission to the First Year Post Graduate Technical Course in Master of Computer Applications (MCA) for the Academic Year 2025-26,,,,,,,,,,,,,,,,
,2694 - JAY BHARAT COLLEGE OF MCA DAPKA TQ.NILANGA DIST LATUR,,,,,,,,,,,,,,,,
,0269424210 - Master of Computer Applications,,,,,,,,,,,,,,,,
,Status :, ,Un-Aided,,,,,,,,,,,,,,
,Home University Seats,,,,,,,,,,,,,,,,
Home University Seats Allotted to Home University Candidates,,,,,,,,,,,,,,,,,
,GOPENH, ,GSCH, ,GSTH, ,GOBCH,,,,,,,,,,
16449,24877,,,,,,,,,,,,,,,,
Stage-I, ,,,,,,,,,,,,,,,,
(44.5345198),(4.067771),,,,,,,,,,,,,,,,
17453,18745,19088,,,,,,,,,,,,,,,
,Stage-IV, ,,,,,,,,,,,,,,,
(41.4550394),(36.496736),(34.5198145),,,,,,,,,,,,,,,
,Other Than Home University Seats Allotted to Home University Candidates,,,,,,,,,,,,,,,,
,GOPENO, ,GNTAO, ,GSEBCO,,,,,,,,,,,,
19340,23414,,,,,,,,,,,,,,,,
Stage-I, ,,,,,,,,,,,,,,,,
(31.6629561),(12.4750009),,,,,,,,,,,,,,,,
19409,,,,,,,,,,,,,,,,,
,Stage-IV, ,,,,,,,,,,,,,,,
(31.6629561),,,,,,,,,,,,,,,,,
,State Level Seats,,,,,,,,,,,,,,,,
,EWS,,,,,,,,,,,,,,,,
23182,,,,,,,,,,,,,,,,,
Stage-I, ,,,,,,,,,,,,,,,,
(13.5402134),,,,,,,,,,,,,,,,,
,Legends :, ,"Legends: G-General, L-Ladies, S-State Level Seats ,PWD - Persons with Disabilities,DEF - Defence,PWDR :PWD Common Reserved Seat",,,,,,,,,,,,,,
"DEFR :Defense Common Reserved Seat ,* Maharashtra State Seats - Cut Off Indicates State General Merit No. ; Figures in bracket Indicates Merit Score",,,,,,,,,,,,,,,,,
,Page 32 of 186,,,,,,,,,,,,,,,,
GOVERNMENT OF MAHARASHTRA,,,,,,,,,,,,,,,,,
,"Directorate of Technical Education, Maharashtra State, Mumbai.",,,,,,,,,,,,,,,,
,Cut Off List for Maharashtra & Minority Seats of CAP Round-IV for Admission to the First Year Post Graduate Technical Course in Master of Computer Applications (MCA) for the Academic Year 2025-26,,,,,,,,,,,,,,,,
,"2695 - MARATHWADA INSTITUTE OF TECHNOLOGY CIDCO ,CHHATRAPATI SAMBHAJINAGAR",,,,,,,,,,,,,,,,
,0269524110 - Master in Computer Application,,,,,,,,,,,,,,,,
,Status :, ,Un-Aided,,,,,,,,,,,,,,
,Home University Seats,,,,,,,,,,,,,,,,
Home University Seats Allotted to Home University Candidates,,,,,,,,,,,,,,,,,
,GOPENH, ,GSCH, ,GSEBCH, ,PWDOPENH,,,,,,,,,,
20912,,,,,,,,,,,,,,,,,
Stage-I, ,,,,,,,,,,,,,,,,
(25.4779232),,,,,,,,,,,,,,,,,
23642,23292,,,,,,,,,,,,,,,,
,Stage-IV, ,,,,,,,,,,,,,,,
(12.4750009),(13.5402134),,,,,,,,,,,,,,,,
22901,,,,,,,,,,,,,,,,,
,I-Non PWD / DEF, ,,,,,,,,,,,,,,,
(15.5994113),,,,,,,,,,,,,,,,,
,Home University Seats Allotted to Other Than Home University Candidates,,,,,,,,,,,,,,,,
,GOBCH,,,,,,,,,,,,,,,,
24764,,,,,,,,,,,,,,,,,
Stage-I, ,,,,,,,,,,,,,,,,
(4.302251),,,,,,,,,,,,,,,,,
,Other Than Home University Seats,,,,,,,,,,,,,,,,
Other Than Home University Seats Allotted to Other Than Home University Candidates,,,,,,,,,,,,,,,,,
,GOPENO, ,GSCO, ,GOBCO, ,GSEBCO,,,,,,,,,,
21586,24695,,,,,,,,,,,,,,,,
Stage-I, ,,,,,,,,,,,,,,,,
(23.1010151),(5.5960152),,,,,,,,,,,,,,,,
23166,22898,,,,,,,,,,,,,,,,
,Stage-IV, ,,,,,,,,,,,,,,,
(13.5402134),(15.5994113),,,,,,,,,,,,,,,,
,Legends :, ,"Legends: G-General, L-Ladies, S-State Level Seats ,PWD - Persons with Disabilities,DEF - Defence,PWDR :PWD Common Reserved Seat",,,,,,,,,,,,,,
"DEFR :Defense Common Reserved Seat ,* Maharashtra State Seats - Cut Off Indicates State General Merit No. ; Figures in bracket Indicates Merit Score",,,,,,,,,,,,,,,,,
,Page 33 of 186,,,,,,,,,,,,,,,,
GOVERNMENT OF MAHARASHTRA,,,,,,,,,,,,,,,,,
,"Directorate of Technical Education, Maharashtra State, Mumbai.",,,,,,,,,,,,,,,,
,Cut Off List for Maharashtra & Minority Seats of CAP Round-IV for Admission to the First Year Post Graduate Technical Course in Master of Computer Applications (MCA) for the Academic Year 2025-26,,,,,,,,,,,,,,,,
,"3032 - S.N.D.T Women's University P.G.D. of Computer Science, Mumbai",,,,,,,,,,,,,,,,
,0303224150F - Master in Computer Application,,,,,,,,,,,,,,,,
,Status :, ,University Managed,,,,,,,,,,,,,,
,State Level Seats,,,,,,,,,,,,,,,,
,GOPENS, ,GSCS, ,GNTBS, ,GNTCS, ,GNTDS, ,GOBCS, ,GSEBCS,,,,
2872,19691,11437,20443,,,,,,,,,,,,,,
Stage-I, ,,,,,,,,,,,,,,,,
(90.9663786),(31.6629561),(63.1574978),(27.2744425),,,,,,,,,,,,,,
5146,5848,6050,6586,,,,,,,,,,,,,,
,Stage-IV, ,,,,,,,,,,,,,,,
(85.2118788),(82.8308366),(82.8308366),(79.9969812),,,,,,,,,,,,,,
,Legends :, ,"Legends: G-General, L-Ladies, S-State Level Seats ,PWD - Persons with Disabilities,DEF - Defence,PWDR :PWD Common Reserved Seat",,,,,,,,,,,,,,
"DEFR :Defense Common Reserved Seat ,* Maharashtra State Seats - Cut Off Indicates State General Merit No. ; Figures in bracket Indicates Merit Score",,,,,,,,,,,,,,,,,
,Page 34 of 186,,,,,,,,,,,,,,,,
GOVERNMENT OF MAHARASHTRA,,,,,,,,,,,,,,,,,
,"Directorate of Technical Education, Maharashtra State, Mumbai.",,,,,,,,,,,,,,,,
,Cut Off List for Maharashtra & Minority Seats of CAP Round-IV for Admission to the First Year Post Graduate Technical Course in Master of Computer Applications (MCA) for the Academic Year 2025-26,,,,,,,,,,,,,,,,
,"3033 - Dr. Babasaheb Ambedkar Technological University, Lonere",,,,,,,,,,,,,,,,
,0303324110 - Master in Computer Application,,,,,,,,,,,,,,,,
,Status :, ,University,,,,,,,,,,,,,,
,State Level Seats,,,,,,,,,,,,,,,,
,GOPENS,,,,,,,,,,,,,,,,
23222,,,,,,,,,,,,,,,,,
Stage-I, ,,,,,,,,,,,,,,,,
(13.5402134),,,,,,,,,,,,,,,,,
,Legends :, ,"Legends: G-General, L-Ladies, S-State Level Seats ,PWD - Persons with Disabilities,DEF - Defence,PWDR :PWD Common Reserved Seat",,,,,,,,,,,,,,
"DEFR :Defense Common Reserved Seat ,* Maharashtra State Seats - Cut Off Indicates State General Merit No. ; Figures in bracket Indicates Merit Score",,,,,,,,,,,,,,,,,
,Page 35 of 186,,,,,,,,,,,,,,,,
GOVERNMENT OF MAHARASHTRA,,,,,,,,,,,,,,,,,
,"Directorate of Technical Education, Maharashtra State, Mumbai.",,,,,,,,,,,,,,,,
,Cut Off List for Maharashtra & Minority Seats of CAP Round-IV for Admission to the First Year Post Graduate Technical Course in Master of Computer Applications (MCA) for the Academic Year 2025-26,,,,,,,,,,,,,,,,
,"3109 - S.I.E.S. College of Management Studies, Mumbai",,,,,,,,,,,,,,,,
,0310924110 - Master in Computer Application,,,,,,,,,,,,,,,,
,Status :, ,Un-Aided-Linguistic Minority - Tamil,,,,,,,,,,,,,,
,Home University Seats,,,,,,,,,,,,,,,,
Home University Seats Allotted to Home University Candidates,,,,,,,,,,,,,,,,,
,GOPENH,,,,,,,,,,,,,,,,
993,,,,,,,,,,,,,,,,,
Stage-I, ,,,,,,,,,,,,,,,,
(96.392589),,,,,,,,,,,,,,,,,
,Other Than Home University Seats,,,,,,,,,,,,,,,,
Other Than Home University Seats Allotted to Other Than Home University Candidates,,,,,,,,,,,,,,,,,
,GOPENO,,,,,,,,,,,,,,,,
1437,,,,,,,,,,,,,,,,,
Stage-I, ,,,,,,,,,,,,,,,,
(95.2942951),,,,,,,,,,,,,,,,,
,State Level Seats,,,,,,,,,,,,,,,,
,TFWS,,,,,,,,,,,,,,,,
661,,,,,,,,,,,,,,,,,
Stage-I, ,,,,,,,,,,,,,,,,
(97.6265047),,,,,,,,,,,,,,,,,
,Minority Seats : Minority Seats Allotted to Non Minority Candidates,,,,,,,,,,,,,,,,
,MI-MH,,,,,,,,,,,,,,,,
2066,,,,,,,,,,,,,,,,,
Stage-MI-MH, ,,,,,,,,,,,,,,,,
(93.405226),,,,,,,,,,,,,,,,,
,Legends :, ,"Legends: G-General, L-Ladies, S-State Level Seats ,PWD - Persons with Disabilities,DEF - Defence,PWDR :PWD Common Reserved Seat",,,,,,,,,,,,,,
"DEFR :Defense Common Reserved Seat ,* Maharashtra State Seats - Cut Off Indicates State General Merit No. ; Figures in bracket Indicates Merit Score",,,,,,,,,,,,,,,,,
,Page 36 of 186,,,,,,,,,,,,,,,,
GOVERNMENT OF MAHARASHTRA,,,,,,,,,,,,,,,,,
,"Directorate of Technical Education, Maharashtra State, Mumbai.",,,,,,,,,,,,,,,,
,Cut Off List for Maharashtra & Minority Seats of CAP Round-IV for Admission to the First Year Post Graduate Technical Course in Master of Computer Applications (MCA) for the Academic Year 2025-26,,,,,,,,,,,,,,,,
,"3117 - Gurunanak Institute of Management Studies, Mumbai",,,,,,,,,,,,,,,,
,0311724110 - Master in Computer Application,,,,,,,,,,,,,,,,
,Status :, ,Un-Aided-Religious Minority - Sikh,,,,,,,,,,,,,,
,Other Than Home University Seats,,,,,,,,,,,,,,,,
Other Than Home University Seats Allotted to Other Than Home University Candidates,,,,,,,,,,,,,,,,,
,GOPENO,,,,,,,,,,,,,,,,
3988,,,,,,,,,,,,,,,,,
Stage-I, ,,,,,,,,,,,,,,,,
(87.3496474),,,,,,,,,,,,,,,,,
,State Level Seats,,,,,,,,,,,,,,,,
,TFWS,,,,,,,,,,,,,,,,
1354,,,,,,,,,,,,,,,,,
Stage-I, ,,,,,,,,,,,,,,,,
(95.5548847),,,,,,,,,,,,,,,,,
,Minority Seats : Minority Seats Allotted to Non Minority Candidates,,,,,,,,,,,,,,,,
,MI-MH,,,,,,,,,,,,,,,,
3533,,,,,,,,,,,,,,,,,
Stage-MI-MH, ,,,,,,,,,,,,,,,,
(89.1966341),,,,,,,,,,,,,,,,,
,Legends :, ,"Legends: G-General, L-Ladies, S-State Level Seats ,PWD - Persons with Disabilities,DEF - Defence,PWDR :PWD Common Reserved Seat",,,,,,,,,,,,,,
"DEFR :Defense Common Reserved Seat ,* Maharashtra State Seats - Cut Off Indicates State General Merit No. ; Figures in bracket Indicates Merit Score",,,,,,,,,,,,,,,,,
,Page 37 of 186,,,,,,,,,,,,,,,,
GOVERNMENT OF MAHARASHTRA,,,,,,,,,,,,,,,,,
,"Directorate of Technical Education, Maharashtra State, Mumbai.",,,,,,,,,,,,,,,,
,Cut Off List for Maharashtra & Minority Seats of CAP Round-IV for Admission to the First Year Post Graduate Technical Course in Master of Computer Applications (MCA) for the Academic Year 2025-26,,,,,,,,,,,,,,,,
,"3127 - NCRD's Sterling Institute of Management Studies, Navi Mumbai",,,,,,,,,,,,,,,,
,0312724110 - Master in Computer Application,,,,,,,,,,,,,,,,
,Status :, ,Un-Aided,,,,,,,,,,,,,,
,Home University Seats,,,,,,,,,,,,,,,,
Home University Seats Allotted to Home University Candidates,,,,,,,,,,,,,,,,,
,GOPENH, ,GSTH, ,GNTAH, ,GNTBH, ,GOBCH, ,PWDOPENH,,,,,,
3466,17019,5956,,,,,,,,,,,,,,,
Stage-I, ,,,,,,,,,,,,,,,,
(89.1966341),(44.5345198),(82.8308366),,,,,,,,,,,,,,,
4102,3821,,,,,,,,,,,,,,,,
,Stage-IV, ,,,,,,,,,,,,,,,
(87.3496474),(89.1331398),,,,,,,,,,,,,,,,
3632,,,,,,,,,,,,,,,,,
,I-Non PWD / DEF, ,,,,,,,,,,,,,,,
(89.1331398),,,,,,,,,,,,,,,,,
,Other Than Home University Seats,,,,,,,,,,,,,,,,
Other Than Home University Seats Allotted to Other Than Home University Candidates,,,,,,,,,,,,,,,,,
,GOPENO, ,GSCO, ,GSTO, ,GNTDO, ,GOBCO,,,,,,,,
4728,25275,13088,,,,,,,,,,,,,,,
Stage-I, ,,,,,,,,,,,,,,,,
(85.3851665),(2.0301121),(58.7911466),,,,,,,,,,,,,,,
5876,5899,,,,,,,,,,,,,,,,
,Stage-IV, ,,,,,,,,,,,,,,,
(82.8308366),(82.8308366),,,,,,,,,,,,,,,,
,State Level Seats,,,,,,,,,,,,,,,,
,TFWS,,,,,,,,,,,,,,,,
2373,,,,,,,,,,,,,,,,,
Stage-I, ,,,,,,,,,,,,,,,,
(92.3361383),,,,,,,,,,,,,,,,,
,Legends :, ,"Legends: G-General, L-Ladies, S-State Level Seats ,PWD - Persons with Disabilities,DEF - Defence,PWDR :PWD Common Reserved Seat",,,,,,,,,,,,,,
"DEFR :Defense Common Reserved Seat ,* Maharashtra State Seats - Cut Off Indicates State General Merit No. ; Figures in bracket Indicates Merit Score",,,,,,,,,,,,,,,,,
,Page 38 of 186,,,,,,,,,,,,,,,,
GOVERNMENT OF MAHARASHTRA,,,,,,,,,,,,,,,,,
,"Directorate of Technical Education, Maharashtra State, Mumbai.",,,,,,,,,,,,,,,,
,Cut Off List for Maharashtra & Minority Seats of CAP Round-IV for Admission to the First Year Post Graduate Technical Course in Master of Computer Applications (MCA) for the Academic Year 2025-26,,,,,,,,,,,,,,,,
,"3129 - Mumbai Institute of Management & Research, Mumbai",,,,,,,,,,,,,,,,
,0312924210 - Master of Computer Applications,,,,,,,,,,,,,,,,
,Status :, ,Un-Aided,,,,,,,,,,,,,,
,Home University Seats,,,,,,,,,,,,,,,,
Home University Seats Allotted to Home University Candidates,,,,,,,,,,,,,,,,,
,GOPENH, ,GSCH, ,GSTH, ,GNTAH, ,GNTBH, ,GOBCH, ,GSEBCH, ,PWDOPENH,,
9291,11994,21124,2536,,,,,,,,,,,,,,
Stage-I, ,,,,,,,,,,,,,,,,
(71.1549338),(63.1574978),(25.4779232),(92.1797821),,,,,,,,,,,,,,
11879,10466,10723,11175,11941,10227,,,,,,,,,,,,
,Stage-IV, ,,,,,,,,,,,,,,,
(63.1574978),(67.3579428),(67.3579428),(65.8578922),(63.1574978),(67.3579428),,,,,,,,,,,,
9376,,,,,,,,,,,,,,,,,
,I-Non PWD / DEF, ,,,,,,,,,,,,,,,
(71.1549338),,,,,,,,,,,,,,,,,
,Home University Seats Allotted to Other Than Home University Candidates,,,,,,,,,,,,,,,,
,GNTDH, ,GOBCH,,,,,,,,,,,,,,
14836,25103,,,,,,,,,,,,,,,,
Stage-I, ,,,,,,,,,,,,,,,,
(51.4093808),(2.8640429),,,,,,,,,,,,,,,,
,Other Than Home University Seats,,,,,,,,,,,,,,,,
Other Than Home University Seats Allotted to Other Than Home University Candidates,,,,,,,,,,,,,,,,,
,GOPENO, ,GSCO, ,GSTO, ,GNTAO, ,GNTBO, ,GNTCO, ,GOBCO, ,GSEBCO,,
13771,18973,15466,,,,,,,,,,,,,,,
Stage-I, ,,,,,,,,,,,,,,,,
(56.5488095),(34.5198145),(49.3533426),,,,,,,,,,,,,,,
20326,14941,15939,19242,21266,20239,,,,,,,,,,,,
,Stage-IV, ,,,,,,,,,,,,,,,
(27.2744425),(51.4093808),(46.3793819),(34.5198145),(23.1010151),(29.9046039),,,,,,,,,,,,
,State Level Seats,,,,,,,,,,,,,,,,
,TFWS,,,,,,,,,,,,,,,,
10101,,,,,,,,,,,,,,,,,
Stage-I, ,,,,,,,,,,,,,,,,
(69.7143504),,,,,,,,,,,,,,,,,
,Legends :, ,"Legends: G-General, L-Ladies, S-State Level Seats ,PWD - Persons with Disabilities,DEF - Defence,PWDR :PWD Common Reserved Seat",,,,,,,,,,,,,,
"DEFR :Defense Common Reserved Seat ,* Maharashtra State Seats - Cut Off Indicates State General Merit No. ; Figures in bracket Indicates Merit Score",,,,,,,,,,,,,,,,,
,Page 39 of 186,,,,,,,,,,,,,,,,
GOVERNMENT OF MAHARASHTRA,,,,,,,,,,,,,,,,,
,"Directorate of Technical Education, Maharashtra State, Mumbai.",,,,,,,,,,,,,,,,
,Cut Off List for Maharashtra & Minority Seats of CAP Round-IV for Admission to the First Year Post Graduate Technical Course in Master of Computer Applications (MCA) for the Academic Year 2025-26,,,,,,,,,,,,,,,,
,"3133 - Swayamsiddhi Mitra Sangh's College of Management & Research, Thane",,,,,,,,,,,,,,,,
,0313324110 - Master in Computer Application,,,,,,,,,,,,,,,,
,Status :, ,Un-Aided,,,,,,,,,,,,,,
,Home University Seats,,,,,,,,,,,,,,,,
Home University Seats Allotted to Home University Candidates,,,,,,,,,,,,,,,,,
,GOPENH, ,GSCH, ,GNTDH, ,GOBCH, ,GSEBCH, ,PWDOPENH,,,,,,
7847,18767,12942,,,,,,,,,,,,,,,
Stage-I, ,,,,,,,,,,,,,,,,
(76.9216256),(36.496736),(58.7911466),,,,,,,,,,,,,,,
9945,10644,,,,,,,,,,,,,,,,
,Stage-IV, ,,,,,,,,,,,,,,,
(69.7143504),(67.3579428),,,,,,,,,,,,,,,,
9409,,,,,,,,,,,,,,,,,
,I-Non PWD / DEF, ,,,,,,,,,,,,,,,
(71.1549338),,,,,,,,,,,,,,,,,
,Other Than Home University Seats,,,,,,,,,,,,,,,,
Other Than Home University Seats Allotted to Other Than Home University Candidates,,,,,,,,,,,,,,,,,
,GOPENO,,,,,,,,,,,,,,,,
24630,,,,,,,,,,,,,,,,,
Stage-I, ,,,,,,,,,,,,,,,,
(5.9311489),,,,,,,,,,,,,,,,,
,Other Than Home University Seats Allotted to Home University Candidates,,,,,,,,,,,,,,,,
,GSTO, ,GNTCO, ,GOBCO,,,,,,,,,,,,
11990,12108,,,,,,,,,,,,,,,,
Stage-IV, ,,,,,,,,,,,,,,,,
(63.1574978),(61.2807064),,,,,,,,,,,,,,,,
23623,,,,,,,,,,,,,,,,,
,Stage-I, ,,,,,,,,,,,,,,,
(12.4750009),,,,,,,,,,,,,,,,,
,Legends :, ,"Legends: G-General, L-Ladies, S-State Level Seats ,PWD - Persons with Disabilities,DEF - Defence,PWDR :PWD Common Reserved Seat",,,,,,,,,,,,,,
"DEFR :Defense Common Reserved Seat ,* Maharashtra State Seats - Cut Off Indicates State General Merit No. ; Figures in bracket Indicates Merit Score",,,,,,,,,,,,,,,,,
,Page 40 of 186,,,,,,,,,,,,,,,,
GOVERNMENT OF MAHARASHTRA,,,,,,,,,,,,,,,,,
,"Directorate of Technical Education, Maharashtra State, Mumbai.",,,,,,,,,,,,,,,,
,Cut Off List for Maharashtra & Minority Seats of CAP Round-IV for Admission to the First Year Post Graduate Technical Course in Master of Computer Applications (MCA) for the Academic Year 2025-26,,,,,,,,,,,,,,,,
,"3162 - Bharti Vidyapeeth's Institute of Management & Information Technology, Navi Mumbai",,,,,,,,,,,,,,,,
,0316224110 - Master in Computer Application,,,,,,,,,,,,,,,,
,Status :, ,Un-Aided,,,,,,,,,,,,,,
,Home University Seats,,,,,,,,,,,,,,,,
Home University Seats Allotted to Home University Candidates,,,,,,,,,,,,,,,,,
,GOPENH, ,GOBCH,,,,,,,,,,,,,,
1998,2861,,,,,,,,,,,,,,,,
Stage-I, ,,,,,,,,,,,,,,,,
(93.5511867),(90.9663786),,,,,,,,,,,,,,,,
,Other Than Home University Seats,,,,,,,,,,,,,,,,
Other Than Home University Seats Allotted to Other Than Home University Candidates,,,,,,,,,,,,,,,,,
,GOPENO, ,GSCO, ,GOBCO,,,,,,,,,,,,
2487,3630,5425,,,,,,,,,,,,,,,
Stage-I, ,,,,,,,,,,,,,,,,
(92.1797821),(89.1331398),(82.9644433),,,,,,,,,,,,,,,
,State Level Seats,,,,,,,,,,,,,,,,
,EWS, ,TFWS,,,,,,,,,,,,,,
25175,1191,,,,,,,,,,,,,,,,
Stage-I, ,,,,,,,,,,,,,,,,
(2.8640429),(96.1125146),,,,,,,,,,,,,,,,
,Legends :, ,"Legends: G-General, L-Ladies, S-State Level Seats ,PWD - Persons with Disabilities,DEF - Defence,PWDR :PWD Common Reserved Seat",,,,,,,,,,,,,,
"DEFR :Defense Common Reserved Seat ,* Maharashtra State Seats - Cut Off Indicates State General Merit No. ; Figures in bracket Indicates Merit Score",,,,,,,,,,,,,,,,,
,Page 41 of 186,,,,,,,,,,,,,,,,
GOVERNMENT OF MAHARASHTRA,,,,,,,,,,,,,,,,,
,"Directorate of Technical Education, Maharashtra State, Mumbai.",,,,,,,,,,,,,,,,
,Cut Off List for Maharashtra & Minority Seats of CAP Round-IV for Admission to the First Year Post Graduate Technical Course in Master of Computer Applications (MCA) for the Academic Year 2025-26,,,,,,,,,,,,,,,,
,"3167 - Mumbai Education Trust's Institute of Computer Science, Bandra (W), Mumbai",,,,,,,,,,,,,,,,
,0316724110 - Master in Computer Application,,,,,,,,,,,,,,,,
,Status :, ,Un-Aided,,,,,,,,,,,,,,
,Home University Seats,,,,,,,,,,,,,,,,
Home University Seats Allotted to Home University Candidates,,,,,,,,,,,,,,,,,
,GOPENH, ,GOBCH,,,,,,,,,,,,,,
552,1478,,,,,,,,,,,,,,,,
Stage-I, ,,,,,,,,,,,,,,,,
(97.8055126),(95.2942951),,,,,,,,,,,,,,,,
,Home University Seats Allotted to Other Than Home University Candidates,,,,,,,,,,,,,,,,
,GNTDH,,,,,,,,,,,,,,,,
4479,,,,,,,,,,,,,,,,,
Stage-I, ,,,,,,,,,,,,,,,,
(85.3851665),,,,,,,,,,,,,,,,,
,State Level Seats,,,,,,,,,,,,,,,,
,EWS,,,,,,,,,,,,,,,,
14569,,,,,,,,,,,,,,,,,
Stage-I, ,,,,,,,,,,,,,,,,
(53.942159),,,,,,,,,,,,,,,,,
,Legends :, ,"Legends: G-General, L-Ladies, S-State Level Seats ,PWD - Persons with Disabilities,DEF - Defence,PWDR :PWD Common Reserved Seat",,,,,,,,,,,,,,
"DEFR :Defense Common Reserved Seat ,* Maharashtra State Seats - Cut Off Indicates State General Merit No. ; Figures in bracket Indicates Merit Score",,,,,,,,,,,,,,,,,
,Page 42 of 186,,,,,,,,,,,,,,,,
GOVERNMENT OF MAHARASHTRA,,,,,,,,,,,,,,,,,
,"Directorate of Technical Education, Maharashtra State, Mumbai.",,,,,,,,,,,,,,,,
,Cut Off List for Maharashtra & Minority Seats of CAP Round-IV for Admission to the First Year Post Graduate Technical Course in Master of Computer Applications (MCA) for the Academic Year 2025-26,,,,,,,,,,,,,,,,
,"3168 - Thakur Institute of Management Studies Career Development & Research, Kandivali (E), Mumbai",,,,,,,,,,,,,,,,
,0316824110 - Master in Computer Application,,,,,,,,,,,,,,,,
,Status :, ,Un-Aided-Autonomous-Linguistic Minority - Hindi,,,,,,,,,,,,,,
,Home University Seats,,,,,,,,,,,,,,,,
Home University Seats Allotted to Home University Candidates,,,,,,,,,,,,,,,,,
,GOPENH,,,,,,,,,,,,,,,,
2376,,,,,,,,,,,,,,,,,
Stage-I, ,,,,,,,,,,,,,,,,
(92.3361383),,,,,,,,,,,,,,,,,
,Other Than Home University Seats,,,,,,,,,,,,,,,,
Other Than Home University Seats Allotted to Other Than Home University Candidates,,,,,,,,,,,,,,,,,
,GOPENO,,,,,,,,,,,,,,,,
5696,,,,,,,,,,,,,,,,,
Stage-I, ,,,,,,,,,,,,,,,,
(82.8308366),,,,,,,,,,,,,,,,,
,State Level Seats,,,,,,,,,,,,,,,,
,TFWS,,,,,,,,,,,,,,,,
1689,,,,,,,,,,,,,,,,,
Stage-I, ,,,,,,,,,,,,,,,,
(94.4270578),,,,,,,,,,,,,,,,,
,Minority Seats : Minority Seats Allotted to Minority Candidates,,,,,,,,,,,,,,,,
,MI,,,,,,,,,,,,,,,,
19053,,,,,,,,,,,,,,,,,
Stage-I, ,,,,,,,,,,,,,,,,
(34.5198145),,,,,,,,,,,,,,,,,
,Legends :, ,"Legends: G-General, L-Ladies, S-State Level Seats ,PWD - Persons with Disabilities,DEF - Defence,PWDR :PWD Common Reserved Seat",,,,,,,,,,,,,,
"DEFR :Defense Common Reserved Seat ,* Maharashtra State Seats - Cut Off Indicates State General Merit No. ; Figures in bracket Indicates Merit Score",,,,,,,,,,,,,,,,,
,Page 43 of 186,,,,,,,,,,,,,,,,
GOVERNMENT OF MAHARASHTRA,,,,,,,,,,,,,,,,,
,"Directorate of Technical Education, Maharashtra State, Mumbai.",,,,,,,,,,,,,,,,
,Cut Off List for Maharashtra & Minority Seats of CAP Round-IV for Admission to the First Year Post Graduate Technical Course in Master of Computer Applications (MCA) for the Academic Year 2025-26,,,,,,,,,,,,,,,,
,"3169 - Late Bhausaheb Hiray S. S. Trust's Institute of Computer Application, Bandra (E), Mumbai",,,,,,,,,,,,,,,,
,0316924110 - Master in Computer Application,,,,,,,,,,,,,,,,
,Status :, ,Un-Aided,,,,,,,,,,,,,,
,Home University Seats,,,,,,,,,,,,,,,,
Home University Seats Allotted to Home University Candidates,,,,,,,,,,,,,,,,,
,GOPENH, ,GSCH, ,GSTH, ,GNTBH, ,GNTDH, ,GOBCH, ,GSEBCH, ,PWDOPENH,,
3522,18418,16377,,,,,,,,,,,,,,,
Stage-I, ,,,,,,,,,,,,,,,,
(89.1966341),(36.496736),(46.3793819),,,,,,,,,,,,,,,
4034,4140,4824,4000,,,,,,,,,,,,,,
,Stage-IV, ,,,,,,,,,,,,,,,
(87.3496474),(87.3496474),(85.3851665),(87.3496474),,,,,,,,,,,,,,
3748,,,,,,,,,,,,,,,,,
,I-Non PWD / DEF, ,,,,,,,,,,,,,,,
(89.1331398),,,,,,,,,,,,,,,,,
,Other Than Home University Seats,,,,,,,,,,,,,,,,
Other Than Home University Seats Allotted to Other Than Home University Candidates,,,,,,,,,,,,,,,,,
,GOPENO,,,,,,,,,,,,,,,,
14420,,,,,,,,,,,,,,,,,
Stage-I, ,,,,,,,,,,,,,,,,
(53.942159),,,,,,,,,,,,,,,,,
,Other Than Home University Seats Allotted to Home University Candidates,,,,,,,,,,,,,,,,
,GOPENO, ,GSCO, ,GSTO, ,GNTAO, ,GNTDO, ,GOBCO, ,GSEBCO,,,,
4629,19806,17150,,,,,,,,,,,,,,,
Stage-I, ,,,,,,,,,,,,,,,,
(85.3851665),(31.6629561),(41.4550394),,,,,,,,,,,,,,,
5138,5323,4955,5073,,,,,,,,,,,,,,
,Stage-IV, ,,,,,,,,,,,,,,,
(85.2118788),(82.9644433),(85.2118788),(85.2118788),,,,,,,,,,,,,,
,State Level Seats,,,,,,,,,,,,,,,,
,TFWS,,,,,,,,,,,,,,,,
3788,,,,,,,,,,,,,,,,,
Stage-I, ,,,,,,,,,,,,,,,,
(89.1331398),,,,,,,,,,,,,,,,,
,Legends :, ,"Legends: G-General, L-Ladies, S-State Level Seats ,PWD - Persons with Disabilities,DEF - Defence,PWDR :PWD Common Reserved Seat",,,,,,,,,,,,,,
"DEFR :Defense Common Reserved Seat ,* Maharashtra State Seats - Cut Off Indicates State General Merit No. ; Figures in bracket Indicates Merit Score",,,,,,,,,,,,,,,,,
,Page 44 of 186,,,,,,,,,,,,,,,,
GOVERNMENT OF MAHARASHTRA,,,,,,,,,,,,,,,,,
,"Directorate of Technical Education, Maharashtra State, Mumbai.",,,,,,,,,,,,,,,,
,Cut Off List for Maharashtra & Minority Seats of CAP Round-IV for Admission to the First Year Post Graduate Technical Course in Master of Computer Applications (MCA) for the Academic Year 2025-26,,,,,,,,,,,,,,,,
,"3173 - Deccan Education Society's Navinchandra Mehta Institute of Technology & Development, Dadar, Mumbai",,,,,,,,,,,,,,,,
,0317324110 - Master in Computer Application,,,,,,,,,,,,,,,,
,Status :, ,Un-Aided,,,,,,,,,,,,,,
,Home University Seats,,,,,,,,,,,,,,,,
Home University Seats Allotted to Home University Candidates,,,,,,,,,,,,,,,,,
,GOPENH, ,GSTH, ,GOBCH,,,,,,,,,,,,
3101,7684,,,,,,,,,,,,,,,,
Stage-I, ,,,,,,,,,,,,,,,,
(90.7733494),(76.9216256),,,,,,,,,,,,,,,,
3342,,,,,,,,,,,,,,,,,
,Stage-IV, ,,,,,,,,,,,,,,,
(89.1966341),,,,,,,,,,,,,,,,,
,Other Than Home University Seats,,,,,,,,,,,,,,,,
Other Than Home University Seats Allotted to Other Than Home University Candidates,,,,,,,,,,,,,,,,,
,GOPENO, ,GSTO, ,GNTAO, ,GNTDO, ,GOBCO,,,,,,,,
8263,22376,,,,,,,,,,,,,,,,
Stage-I, ,,,,,,,,,,,,,,,,
(74.782248),(19.1539942),,,,,,,,,,,,,,,,
19164,12902,15058,,,,,,,,,,,,,,,
,Stage-IV, ,,,,,,,,,,,,,,,
(34.5198145),(58.7911466),(51.4093808),,,,,,,,,,,,,,,
,Other Than Home University Seats Allotted to Home University Candidates,,,,,,,,,,,,,,,,
,GSCO,,,,,,,,,,,,,,,,
11013,,,,,,,,,,,,,,,,,
Stage-I, ,,,,,,,,,,,,,,,,
(65.8578922),,,,,,,,,,,,,,,,,
,State Level Seats,,,,,,,,,,,,,,,,
,TFWS,,,,,,,,,,,,,,,,
2931,,,,,,,,,,,,,,,,,
Stage-I, ,,,,,,,,,,,,,,,,
(90.9663786),,,,,,,,,,,,,,,,,
,Legends :, ,"Legends: G-General, L-Ladies, S-State Level Seats ,PWD - Persons with Disabilities,DEF - Defence,PWDR :PWD Common Reserved Seat",,,,,,,,,,,,,,
"DEFR :Defense Common Reserved Seat ,* Maharashtra State Seats - Cut Off Indicates State General Merit No. ; Figures in bracket Indicates Merit Score",,,,,,,,,,,,,,,,,
,Page 45 of 186,,,,,,,,,,,,,,,,
GOVERNMENT OF MAHARASHTRA,,,,,,,,,,,,,,,,,
,"Directorate of Technical Education, Maharashtra State, Mumbai.",,,,,,,,,,,,,,,,
,Cut Off List for Maharashtra & Minority Seats of CAP Round-IV for Admission to the First Year Post Graduate Technical Course in Master of Computer Applications (MCA) for the Academic Year 2025-26,,,,,,,,,,,,,,,,
,"3176 - Thakur College of Engineering and Technology, Kandivali, Mumbai",,,,,,,,,,,,,,,,
,0317624210 - Master of Computer Applications,,,,,,,,,,,,,,,,
,Status :, ,Un-Aided-Autonomous-Linguistic Minority - Hindi,,,,,,,,,,,,,,
,Other Than Home University Seats,,,,,,,,,,,,,,,,
Other Than Home University Seats Allotted to Other Than Home University Candidates,,,,,,,,,,,,,,,,,
,GOPENO,,,,,,,,,,,,,,,,
7581,,,,,,,,,,,,,,,,,
Stage-I, ,,,,,,,,,,,,,,,,
(76.9216256),,,,,,,,,,,,,,,,,
,Minority Seats : Minority Seats Allotted to Minority Candidates,,,,,,,,,,,,,,,,
,MI,,,,,,,,,,,,,,,,
8614,,,,,,,,,,,,,,,,,
Stage-I, ,,,,,,,,,,,,,,,,
(73.5368477),,,,,,,,,,,,,,,,,
,Legends :, ,"Legends: G-General, L-Ladies, S-State Level Seats ,PWD - Persons with Disabilities,DEF - Defence,PWDR :PWD Common Reserved Seat",,,,,,,,,,,,,,
"DEFR :Defense Common Reserved Seat ,* Maharashtra State Seats - Cut Off Indicates State General Merit No. ; Figures in bracket Indicates Merit Score",,,,,,,,,,,,,,,,,
,Page 46 of 186,,,,,,,,,,,,,,,,
GOVERNMENT OF MAHARASHTRA,,,,,,,,,,,,,,,,,
,"Directorate of Technical Education, Maharashtra State, Mumbai.",,,,,,,,,,,,,,,,
,Cut Off List for Maharashtra & Minority Seats of CAP Round-IV for Admission to the First Year Post Graduate Technical Course in Master of Computer Applications (MCA) for the Academic Year 2025-26,,,,,,,,,,,,,,,,
,"3185 - Vivekanand Education Society's Institute of Technology, Chembur, Mumbai",,,,,,,,,,,,,,,,
,0318524210 - Master of Computer Applications,,,,,,,,,,,,,,,,
,Status :, ,Un-Aided-Autonomous-Linguistic Minority - Sindhi,,,,,,,,,,,,,,
,Home University Seats,,,,,,,,,,,,,,,,
Home University Seats Allotted to Home University Candidates,,,,,,,,,,,,,,,,,
,GOPENH,,,,,,,,,,,,,,,,
494,,,,,,,,,,,,,,,,,
Stage-I, ,,,,,,,,,,,,,,,,
(98.2089665),,,,,,,,,,,,,,,,,
,Other Than Home University Seats,,,,,,,,,,,,,,,,
Other Than Home University Seats Allotted to Other Than Home University Candidates,,,,,,,,,,,,,,,,,
,GOPENO,,,,,,,,,,,,,,,,
531,,,,,,,,,,,,,,,,,
Stage-I, ,,,,,,,,,,,,,,,,
(98.0566771),,,,,,,,,,,,,,,,,
,State Level Seats,,,,,,,,,,,,,,,,
,TFWS,,,,,,,,,,,,,,,,
230,,,,,,,,,,,,,,,,,
Stage-I, ,,,,,,,,,,,,,,,,
(99.008333),,,,,,,,,,,,,,,,,
,Minority Seats : Minority Seats Allotted to Non Minority Candidates,,,,,,,,,,,,,,,,
,MI-MH,,,,,,,,,,,,,,,,
525,,,,,,,,,,,,,,,,,
Stage-MI-MH, ,,,,,,,,,,,,,,,,
(98.0566771),,,,,,,,,,,,,,,,,
,Legends :, ,"Legends: G-General, L-Ladies, S-State Level Seats ,PWD - Persons with Disabilities,DEF - Defence,PWDR :PWD Common Reserved Seat",,,,,,,,,,,,,,
"DEFR :Defense Common Reserved Seat ,* Maharashtra State Seats - Cut Off Indicates State General Merit No. ; Figures in bracket Indicates Merit Score",,,,,,,,,,,,,,,,,
,Page 47 of 186,,,,,,,,,,,,,,,,
GOVERNMENT OF MAHARASHTRA,,,,,,,,,,,,,,,,,
,"Directorate of Technical Education, Maharashtra State, Mumbai.",,,,,,,,,,,,,,,,
,Cut Off List for Maharashtra & Minority Seats of CAP Round-IV for Admission to the First Year Post Graduate Technical Course in Master of Computer Applications (MCA) for the Academic Year 2025-26,,,,,,,,,,,,,,,,
,"3200 - Hope Foundation and research center's Finolex Academy of Management and Technology, Ratnagiri",,,,,,,,,,,,,,,,
,0320024110 - Master in Computer Application,,,,,,,,,,,,,,,,
,Status :, ,Un-Aided,,,,,,,,,,,,,,
,Home University Seats,,,,,,,,,,,,,,,,
Home University Seats Allotted to Home University Candidates,,,,,,,,,,,,,,,,,
,GOBCH, ,GSEBCH, ,PWDOPENH,,,,,,,,,,,,
9258,,,,,,,,,,,,,,,,,
Stage-I, ,,,,,,,,,,,,,,,,
(71.1549338),,,,,,,,,,,,,,,,,
23404,,,,,,,,,,,,,,,,,
,Stage-IV, ,,,,,,,,,,,,,,,
(13.5402134),,,,,,,,,,,,,,,,,
14883,,,,,,,,,,,,,,,,,
,I-Non PWD / DEF, ,,,,,,,,,,,,,,,
(51.4093808),,,,,,,,,,,,,,,,,
,Legends :, ,"Legends: G-General, L-Ladies, S-State Level Seats ,PWD - Persons with Disabilities,DEF - Defence,PWDR :PWD Common Reserved Seat",,,,,,,,,,,,,,
"DEFR :Defense Common Reserved Seat ,* Maharashtra State Seats - Cut Off Indicates State General Merit No. ; Figures in bracket Indicates Merit Score",,,,,,,,,,,,,,,,,
,Page 48 of 186,,,,,,,,,,,,,,,,
GOVERNMENT OF MAHARASHTRA,,,,,,,,,,,,,,,,,
,"Directorate of Technical Education, Maharashtra State, Mumbai.",,,,,,,,,,,,,,,,
,Cut Off List for Maharashtra & Minority Seats of CAP Round-IV for Admission to the First Year Post Graduate Technical Course in Master of Computer Applications (MCA) for the Academic Year 2025-26,,,,,,,,,,,,,,,,
,"3215 - Bhartiya Vidya Bhavan's Sardar Patel Institute of Technology , Andheri, Mumbai",,,,,,,,,,,,,,,,
,0321524110 - Master in Computer Application,,,,,,,,,,,,,,,,
,Status :, ,Un-Aided-Autonomous,,,,,,,,,,,,,,
,Other Than Home University Seats,,,,,,,,,,,,,,,,
Other Than Home University Seats Allotted to Other Than Home University Candidates,,,,,,,,,,,,,,,,,
,GOBCO,,,,,,,,,,,,,,,,
285,,,,,,,,,,,,,,,,,
Stage-I, ,,,,,,,,,,,,,,,,
(98.7632442),,,,,,,,,,,,,,,,,
,Legends :, ,"Legends: G-General, L-Ladies, S-State Level Seats ,PWD - Persons with Disabilities,DEF - Defence,PWDR :PWD Common Reserved Seat",,,,,,,,,,,,,,
"DEFR :Defense Common Reserved Seat ,* Maharashtra State Seats - Cut Off Indicates State General Merit No. ; Figures in bracket Indicates Merit Score",,,,,,,,,,,,,,,,,
,Page 49 of 186,,,,,,,,,,,,,,,,
GOVERNMENT OF MAHARASHTRA,,,,,,,,,,,,,,,,,
,"Directorate of Technical Education, Maharashtra State, Mumbai.",,,,,,,,,,,,,,,,
,Cut Off List for Maharashtra & Minority Seats of CAP Round-IV for Admission to the First Year Post Graduate Technical Course in Master of Computer Applications (MCA) for the Academic Year 2025-26,,,,,,,,,,,,,,,,
,"3216 - Gharda Foundation's Gharda Institute of Technology,Khed, Ratnagiri",,,,,,,,,,,,,,,,
,0321624210 - Master of Computer Applications,,,,,,,,,,,,,,,,
,Status :, ,Un-Aided,,,,,,,,,,,,,,
,Home University Seats,,,,,,,,,,,,,,,,
Home University Seats Allotted to Home University Candidates,,,,,,,,,,,,,,,,,
,GOPENH,,,,,,,,,,,,,,,,
16883,,,,,,,,,,,,,,,,,
Stage-I, ,,,,,,,,,,,,,,,,
(44.5345198),,,,,,,,,,,,,,,,,
,Legends :, ,"Legends: G-General, L-Ladies, S-State Level Seats ,PWD - Persons with Disabilities,DEF - Defence,PWDR :PWD Common Reserved Seat",,,,,,,,,,,,,,
"DEFR :Defense Common Reserved Seat ,* Maharashtra State Seats - Cut Off Indicates State General Merit No. ; Figures in bracket Indicates Merit Score",,,,,,,,,,,,,,,,,
,Page 50 of 186,,,,,,,,,,,,,,,,
GOVERNMENT OF MAHARASHTRA,,,,,,,,,,,,,,,,,
,"Directorate of Technical Education, Maharashtra State, Mumbai.",,,,,,,,,,,,,,,,
,Cut Off List for Maharashtra & Minority Seats of CAP Round-IV for Admission to the First Year Post Graduate Technical Course in Master of Computer Applications (MCA) for the Academic Year 2025-26,,,,,,,,,,,,,,,,
,"3218 - Aldel Education Trust's St. John College of Engineering & Management, Vevoor, Palghar",,,,,,,,,,,,,,,,
,0321824110 - Master in Computer Application,,,,,,,,,,,,,,,,
,Status :, ,Un-Aided-Autonomous-Religious Minority - Christian,,,,,,,,,,,,,,
,Home University Seats,,,,,,,,,,,,,,,,
Home University Seats Allotted to Home University Candidates,,,,,,,,,,,,,,,,,
,GOPENH,,,,,,,,,,,,,,,,
21420,,,,,,,,,,,,,,,,,
Stage-I, ,,,,,,,,,,,,,,,,
(23.1010151),,,,,,,,,,,,,,,,,
,Other Than Home University Seats,,,,,,,,,,,,,,,,
Other Than Home University Seats Allotted to Other Than Home University Candidates,,,,,,,,,,,,,,,,,
,GOPENO,,,,,,,,,,,,,,,,
21263,,,,,,,,,,,,,,,,,
Stage-I, ,,,,,,,,,,,,,,,,
(23.1010151),,,,,,,,,,,,,,,,,
,Legends :, ,"Legends: G-General, L-Ladies, S-State Level Seats ,PWD - Persons with Disabilities,DEF - Defence,PWDR :PWD Common Reserved Seat",,,,,,,,,,,,,,
"DEFR :Defense Common Reserved Seat ,* Maharashtra State Seats - Cut Off Indicates State General Merit No. ; Figures in bracket Indicates Merit Score",,,,,,,,,,,,,,,,,
,Page 51 of 186,,,,,,,,,,,,,,,,
GOVERNMENT OF MAHARASHTRA,,,,,,,,,,,,,,,,,
,"Directorate of Technical Education, Maharashtra State, Mumbai.",,,,,,,,,,,,,,,,
,Cut Off List for Maharashtra & Minority Seats of CAP Round-IV for Admission to the First Year Post Graduate Technical Course in Master of Computer Applications (MCA) for the Academic Year 2025-26,,,,,,,,,,,,,,,,
,"3221 - Vishnu Waman Thakur Charitable Trust's VIVA Institute of Technology, Virar",,,,,,,,,,,,,,,,
,0322124110 - Master in Computer Application,,,,,,,,,,,,,,,,
,Status :, ,Un-Aided,,,,,,,,,,,,,,
,Home University Seats,,,,,,,,,,,,,,,,
Home University Seats Allotted to Home University Candidates,,,,,,,,,,,,,,,,,
,GOPENH, ,GSCH, ,GSTH, ,GNTAH, ,GOBCH, ,GSEBCH, ,PWDOPENH,,,,
14760,,,,,,,,,,,,,,,,,
Stage-I, ,,,,,,,,,,,,,,,,
(51.4093808),,,,,,,,,,,,,,,,,
18233,18670,18711,19508,20916,,,,,,,,,,,,,
,Stage-IV, ,,,,,,,,,,,,,,,
(39.3989669),(36.496736),(36.496736),(31.6629561),(25.4779232),,,,,,,,,,,,,
15537,,,,,,,,,,,,,,,,,
,I-Non PWD / DEF, ,,,,,,,,,,,,,,,
(49.3533426),,,,,,,,,,,,,,,,,
,Other Than Home University Seats,,,,,,,,,,,,,,,,
Other Than Home University Seats Allotted to Other Than Home University Candidates,,,,,,,,,,,,,,,,,
,GOPENO,,,,,,,,,,,,,,,,
23761,,,,,,,,,,,,,,,,,
Stage-I, ,,,,,,,,,,,,,,,,
(10.5199653),,,,,,,,,,,,,,,,,
,Legends :, ,"Legends: G-General, L-Ladies, S-State Level Seats ,PWD - Persons with Disabilities,DEF - Defence,PWDR :PWD Common Reserved Seat",,,,,,,,,,,,,,
"DEFR :Defense Common Reserved Seat ,* Maharashtra State Seats - Cut Off Indicates State General Merit No. ; Figures in bracket Indicates Merit Score",,,,,,,,,,,,,,,,,
,Page 52 of 186,,,,,,,,,,,,,,,,
GOVERNMENT OF MAHARASHTRA,,,,,,,,,,,,,,,,,
,"Directorate of Technical Education, Maharashtra State, Mumbai.",,,,,,,,,,,,,,,,
,Cut Off List for Maharashtra & Minority Seats of CAP Round-IV for Admission to the First Year Post Graduate Technical Course in Master of Computer Applications (MCA) for the Academic Year 2025-26,,,,,,,,,,,,,,,,
,"3223 - Mahatma Education Society's Pillai HOC College of Engineering & Technology, Tal. Khalapur. Dist. Raigad",,,,,,,,,,,,,,,,
,0322324210 - Master of Computer Applications,,,,,,,,,,,,,,,,
,Status :, ,Un-Aided-Autonomous-Linguistic Minority - Malyalam,,,,,,,,,,,,,,
,Home University Seats,,,,,,,,,,,,,,,,
Home University Seats Allotted to Home University Candidates,,,,,,,,,,,,,,,,,
,GOPENH,,,,,,,,,,,,,,,,
11292,,,,,,,,,,,,,,,,,
Stage-I, ,,,,,,,,,,,,,,,,
(65.8578922),,,,,,,,,,,,,,,,,
,Other Than Home University Seats,,,,,,,,,,,,,,,,
Other Than Home University Seats Allotted to Other Than Home University Candidates,,,,,,,,,,,,,,,,,
,GOPENO,,,,,,,,,,,,,,,,
7915,,,,,,,,,,,,,,,,,
Stage-I, ,,,,,,,,,,,,,,,,
(76.9216256),,,,,,,,,,,,,,,,,
,Other Than Home University Seats Allotted to Home University Candidates,,,,,,,,,,,,,,,,
,GOPENO,,,,,,,,,,,,,,,,
23893,,,,,,,,,,,,,,,,,
Stage-I, ,,,,,,,,,,,,,,,,
(10.5199653),,,,,,,,,,,,,,,,,
,Minority Seats : Minority Seats Allotted to Non Minority Candidates,,,,,,,,,,,,,,,,
,MI-MH,,,,,,,,,,,,,,,,
24190,,,,,,,,,,,,,,,,,
Stage-MI-MH, ,,,,,,,,,,,,,,,,
(7.9446476),,,,,,,,,,,,,,,,,
,Legends :, ,"Legends: G-General, L-Ladies, S-State Level Seats ,PWD - Persons with Disabilities,DEF - Defence,PWDR :PWD Common Reserved Seat",,,,,,,,,,,,,,
"DEFR :Defense Common Reserved Seat ,* Maharashtra State Seats - Cut Off Indicates State General Merit No. ; Figures in bracket Indicates Merit Score",,,,,,,,,,,,,,,,,
,Page 53 of 186,,,,,,,,,,,,,,,,
GOVERNMENT OF MAHARASHTRA,,,,,,,,,,,,,,,,,
,"Directorate of Technical Education, Maharashtra State, Mumbai.",,,,,,,,,,,,,,,,
,Cut Off List for Maharashtra & Minority Seats of CAP Round-IV for Admission to the First Year Post Graduate Technical Course in Master of Computer Applications (MCA) for the Academic Year 2025-26,,,,,,,,,,,,,,,,
,"3438 - Aditya Institute of Management Studies & Research, Borivali",,,,,,,,,,,,,,,,
,0343824110 - Master in Computer Application,,,,,,,,,,,,,,,,
,Status :, ,Un-Aided-Linguistic Minority - Hindi,,,,,,,,,,,,,,
,Home University Seats,,,,,,,,,,,,,,,,
Home University Seats Allotted to Home University Candidates,,,,,,,,,,,,,,,,,
,GOPENH,,,,,,,,,,,,,,,,
4467,,,,,,,,,,,,,,,,,
Stage-I, ,,,,,,,,,,,,,,,,
(85.3851665),,,,,,,,,,,,,,,,,
,Other Than Home University Seats,,,,,,,,,,,,,,,,
Other Than Home University Seats Allotted to Other Than Home University Candidates,,,,,,,,,,,,,,,,,
,GOPENO,,,,,,,,,,,,,,,,
8434,,,,,,,,,,,,,,,,,
Stage-I, ,,,,,,,,,,,,,,,,
(74.782248),,,,,,,,,,,,,,,,,
,State Level Seats,,,,,,,,,,,,,,,,
,TFWS,,,,,,,,,,,,,,,,
4789,,,,,,,,,,,,,,,,,
Stage-I, ,,,,,,,,,,,,,,,,
(85.3851665),,,,,,,,,,,,,,,,,
,Minority Seats : Minority Seats Allotted to Minority Candidates,,,,,,,,,,,,,,,,
,MI,,,,,,,,,,,,,,,,
22743,,,,,,,,,,,,,,,,,
Stage-I, ,,,,,,,,,,,,,,,,
(16.9789978),,,,,,,,,,,,,,,,,
,Legends :, ,"Legends: G-General, L-Ladies, S-State Level Seats ,PWD - Persons with Disabilities,DEF - Defence,PWDR :PWD Common Reserved Seat",,,,,,,,,,,,,,
"DEFR :Defense Common Reserved Seat ,* Maharashtra State Seats - Cut Off Indicates State General Merit No. ; Figures in bracket Indicates Merit Score",,,,,,,,,,,,,,,,,
,Page 54 of 186,,,,,,,,,,,,,,,,
GOVERNMENT OF MAHARASHTRA,,,,,,,,,,,,,,,,,
,"Directorate of Technical Education, Maharashtra State, Mumbai.",,,,,,,,,,,,,,,,
,Cut Off List for Maharashtra & Minority Seats of CAP Round-IV for Admission to the First Year Post Graduate Technical Course in Master of Computer Applications (MCA) for the Academic Year 2025-26,,,,,,,,,,,,,,,,
,"3438 - Aditya Institute of Management Studies & Research, Borivali",,,,,,,,,,,,,,,,
,0343824110 - Master in Computer Application,,,,,,,,,,,,,,,,
,Status :, ,Un-Aided-Linguistic Minority - Hindi,,,,,,,,,,,,,,
,Minority Seats : Minority Seats Allotted to Non Minority Candidates,,,,,,,,,,,,,,,,
,MI-MH,,,,,,,,,,,,,,,,
11444,,,,,,,,,,,,,,,,,
Stage-MI-MH, ,,,,,,,,,,,,,,,,
(63.1574978),,,,,,,,,,,,,,,,,
,Legends :, ,"Legends: G-General, L-Ladies, S-State Level Seats ,PWD - Persons with Disabilities,DEF - Defence,PWDR :PWD Common Reserved Seat",,,,,,,,,,,,,,
"DEFR :Defense Common Reserved Seat ,* Maharashtra State Seats - Cut Off Indicates State General Merit No. ; Figures in bracket Indicates Merit Score",,,,,,,,,,,,,,,,,
,Page 55 of 186,,,,,,,,,,,,,,,,
GOVERNMENT OF MAHARASHTRA,,,,,,,,,,,,,,,,,
,"Directorate of Technical Education, Maharashtra State, Mumbai.",,,,,,,,,,,,,,,,
,Cut Off List for Maharashtra & Minority Seats of CAP Round-IV for Admission to the First Year Post Graduate Technical Course in Master of Computer Applications (MCA) for the Academic Year 2025-26,,,,,,,,,,,,,,,,
,"3539 - St. Wilfred's College of Computer Sciences, Mira Road(E)",,,,,,,,,,,,,,,,
,0353924110 - Master in Computer Application,,,,,,,,,,,,,,,,
,Status :, ,Un-Aided,,,,,,,,,,,,,,
,Home University Seats,,,,,,,,,,,,,,,,
Home University Seats Allotted to Home University Candidates,,,,,,,,,,,,,,,,,
,GOPENH, ,PWDOPENH,,,,,,,,,,,,,,
19258,,,,,,,,,,,,,,,,,
Stage-I, ,,,,,,,,,,,,,,,,
(34.5198145),,,,,,,,,,,,,,,,,
23410,,,,,,,,,,,,,,,,,
,I-Non PWD / DEF, ,,,,,,,,,,,,,,,
(13.5402134),,,,,,,,,,,,,,,,,
,Other Than Home University Seats,,,,,,,,,,,,,,,,
Other Than Home University Seats Allotted to Other Than Home University Candidates,,,,,,,,,,,,,,,,,
,GOPENO,,,,,,,,,,,,,,,,
21777,,,,,,,,,,,,,,,,,
Stage-I, ,,,,,,,,,,,,,,,,
(21.0059952),,,,,,,,,,,,,,,,,
,Other Than Home University Seats Allotted to Home University Candidates,,,,,,,,,,,,,,,,
,GOPENO,,,,,,,,,,,,,,,,
22653,,,,,,,,,,,,,,,,,
Stage-I, ,,,,,,,,,,,,,,,,
(16.9789978),,,,,,,,,,,,,,,,,
,Legends :, ,"Legends: G-General, L-Ladies, S-State Level Seats ,PWD - Persons with Disabilities,DEF - Defence,PWDR :PWD Common Reserved Seat",,,,,,,,,,,,,,
"DEFR :Defense Common Reserved Seat ,* Maharashtra State Seats - Cut Off Indicates State General Merit No. ; Figures in bracket Indicates Merit Score",,,,,,,,,,,,,,,,,
,Page 56 of 186,,,,,,,,,,,,,,,,
GOVERNMENT OF MAHARASHTRA,,,,,,,,,,,,,,,,,
,"Directorate of Technical Education, Maharashtra State, Mumbai.",,,,,,,,,,,,,,,,
,Cut Off List for Maharashtra & Minority Seats of CAP Round-IV for Admission to the First Year Post Graduate Technical Course in Master of Computer Applications (MCA) for the Academic Year 2025-26,,,,,,,,,,,,,,,,
,3651 - KANDIVLI EDUCATION SOCIETY'S B K SHROFF COLLEGE OF ARTS AND M H SHROFF COLLEGE OF COMMERCE,,,,,,,,,,,,,,,,
,0365124110 - Master in Computer Application,,,,,,,,,,,,,,,,
,Status :, ,Un-Aided-Autonomous-Linguistic Minority - Gujarathi,,,,,,,,,,,,,,
,Other Than Home University Seats Allotted to Home University Candidates,,,,,,,,,,,,,,,,
,GOPENO,,,,,,,,,,,,,,,,
11664,,,,,,,,,,,,,,,,,
Stage-I, ,,,,,,,,,,,,,,,,
(63.1574978),,,,,,,,,,,,,,,,,
,Minority Seats : Minority Seats Allotted to Non Minority Candidates,,,,,,,,,,,,,,,,
,MI-MH,,,,,,,,,,,,,,,,
11631,,,,,,,,,,,,,,,,,
Stage-MI-MH, ,,,,,,,,,,,,,,,,
(63.1574978),,,,,,,,,,,,,,,,,
,Legends :, ,"Legends: G-General, L-Ladies, S-State Level Seats ,PWD - Persons with Disabilities,DEF - Defence,PWDR :PWD Common Reserved Seat",,,,,,,,,,,,,,
"DEFR :Defense Common Reserved Seat ,* Maharashtra State Seats - Cut Off Indicates State General Merit No. ; Figures in bracket Indicates Merit Score",,,,,,,,,,,,,,,,,
,Page 57 of 186,,,,,,,,,,,,,,,,
GOVERNMENT OF MAHARASHTRA,,,,,,,,,,,,,,,,,
,"Directorate of Technical Education, Maharashtra State, Mumbai.",,,,,,,,,,,,,,,,
,Cut Off List for Maharashtra & Minority Seats of CAP Round-IV for Admission to the First Year Post Graduate Technical Course in Master of Computer Applications (MCA) for the Academic Year 2025-26,,,,,,,,,,,,,,,,
,"4003 - Inter Institutional Computer Center and Dept. of Computer Science & Electronics, RTM Nagpur University",,,,,,,,,,,,,,,,
,0400324110 - Master in Computer Application,,,,,,,,,,,,,,,,
,Status :, ,University Department,,,,,,,,,,,,,,
,Home University Seats,,,,,,,,,,,,,,,,
Home University Seats Allotted to Home University Candidates,,,,,,,,,,,,,,,,,
,GOPENH, ,GSCH, ,GOBCH, ,GSEBCH,,,,,,,,,,
2059,13991,2482,,,,,,,,,,,,,,,
Stage-I, ,,,,,,,,,,,,,,,,
(93.405226),(53.942159),(92.1797821),,,,,,,,,,,,,,,
5839,,,,,,,,,,,,,,,,,
,Stage-IV, ,,,,,,,,,,,,,,,
(82.8308366),,,,,,,,,,,,,,,,,
,Other Than Home University Seats,,,,,,,,,,,,,,,,
Other Than Home University Seats Allotted to Other Than Home University Candidates,,,,,,,,,,,,,,,,,
,GOPENO, ,GSEBCO,,,,,,,,,,,,,,
5268,,,,,,,,,,,,,,,,,
Stage-I, ,,,,,,,,,,,,,,,,
(82.9644433),,,,,,,,,,,,,,,,,
5615,,,,,,,,,,,,,,,,,
,Stage-IV, ,,,,,,,,,,,,,,,
(82.9644433),,,,,,,,,,,,,,,,,
,Legends :, ,"Legends: G-General, L-Ladies, S-State Level Seats ,PWD - Persons with Disabilities,DEF - Defence,PWDR :PWD Common Reserved Seat",,,,,,,,,,,,,,
"DEFR :Defense Common Reserved Seat ,* Maharashtra State Seats - Cut Off Indicates State General Merit No. ; Figures in bracket Indicates Merit Score",,,,,,,,,,,,,,,,,
,Page 58 of 186,,,,,,,,,,,,,,,,
GOVERNMENT OF MAHARASHTRA,,,,,,,,,,,,,,,,,
,"Directorate of Technical Education, Maharashtra State, Mumbai.",,,,,,,,,,,,,,,,
,Cut Off List for Maharashtra & Minority Seats of CAP Round-IV for Admission to the First Year Post Graduate Technical Course in Master of Computer Applications (MCA) for the Academic Year 2025-26,,,,,,,,,,,,,,,,
,"4124 - Amar Seva Mandal's Kamla Nehru Mahavidyalaya, Nagpur",,,,,,,,,,,,,,,,
,0412424110 - Master in Computer Application,,,,,,,,,,,,,,,,
,Status :, ,Un-Aided,,,,,,,,,,,,,,
,Home University Seats,,,,,,,,,,,,,,,,
Home University Seats Allotted to Home University Candidates,,,,,,,,,,,,,,,,,
,GOPENH, ,GNTCH, ,GOBCH,,,,,,,,,,,,
16296,17290,,,,,,,,,,,,,,,,
Stage-I, ,,,,,,,,,,,,,,,,
(46.3793819),(41.4550394),,,,,,,,,,,,,,,,
18020,,,,,,,,,,,,,,,,,
,Stage-IV, ,,,,,,,,,,,,,,,
(39.3989669),,,,,,,,,,,,,,,,,
,Other Than Home University Seats,,,,,,,,,,,,,,,,
Other Than Home University Seats Allotted to Other Than Home University Candidates,,,,,,,,,,,,,,,,,
,GOPENO, ,GSTO, ,GOBCO, ,GSEBCO,,,,,,,,,,
17802,19239,,,,,,,,,,,,,,,,
Stage-I, ,,,,,,,,,,,,,,,,
(39.3989669),(34.5198145),,,,,,,,,,,,,,,,
20533,22184,,,,,,,,,,,,,,,,
,Stage-IV, ,,,,,,,,,,,,,,,
(27.2744425),(19.1539942),,,,,,,,,,,,,,,,
,Other Than Home University Seats Allotted to Home University Candidates,,,,,,,,,,,,,,,,
,GSCO,,,,,,,,,,,,,,,,
20249,,,,,,,,,,,,,,,,,
Stage-I, ,,,,,,,,,,,,,,,,
(29.9046039),,,,,,,,,,,,,,,,,
,Legends :, ,"Legends: G-General, L-Ladies, S-State Level Seats ,PWD - Persons with Disabilities,DEF - Defence,PWDR :PWD Common Reserved Seat",,,,,,,,,,,,,,
"DEFR :Defense Common Reserved Seat ,* Maharashtra State Seats - Cut Off Indicates State General Merit No. ; Figures in bracket Indicates Merit Score",,,,,,,,,,,,,,,,,
,Page 59 of 186,,,,,,,,,,,,,,,,
GOVERNMENT OF MAHARASHTRA,,,,,,,,,,,,,,,,,
,"Directorate of Technical Education, Maharashtra State, Mumbai.",,,,,,,,,,,,,,,,
,Cut Off List for Maharashtra & Minority Seats of CAP Round-IV for Admission to the First Year Post Graduate Technical Course in Master of Computer Applications (MCA) for the Academic Year 2025-26,,,,,,,,,,,,,,,,
,"4128 - Ranibai Agnihotri Institute of Computer Information Technology, Wardha",,,,,,,,,,,,,,,,
,0412824110 - Master in Computer Application,,,,,,,,,,,,,,,,
,Status :, ,Un-Aided,,,,,,,,,,,,,,
,Home University Seats,,,,,,,,,,,,,,,,
Home University Seats Allotted to Home University Candidates,,,,,,,,,,,,,,,,,
,GSEBCH,,,,,,,,,,,,,,,,
24075,,,,,,,,,,,,,,,,,
Stage-IV, ,,,,,,,,,,,,,,,,
(9.7430286),,,,,,,,,,,,,,,,,
,Other Than Home University Seats,,,,,,,,,,,,,,,,
Other Than Home University Seats Allotted to Other Than Home University Candidates,,,,,,,,,,,,,,,,,
,GOPENO,,,,,,,,,,,,,,,,
16349,,,,,,,,,,,,,,,,,
Stage-I, ,,,,,,,,,,,,,,,,
(46.3793819),,,,,,,,,,,,,,,,,
,Other Than Home University Seats Allotted to Home University Candidates,,,,,,,,,,,,,,,,
,GSTO, ,GSEBCO,,,,,,,,,,,,,,
24467,24827,,,,,,,,,,,,,,,,
Stage-IV, ,,,,,,,,,,,,,,,,
(7.4072677),(4.302251),,,,,,,,,,,,,,,,
,Legends :, ,"Legends: G-General, L-Ladies, S-State Level Seats ,PWD - Persons with Disabilities,DEF - Defence,PWDR :PWD Common Reserved Seat",,,,,,,,,,,,,,
"DEFR :Defense Common Reserved Seat ,* Maharashtra State Seats - Cut Off Indicates State General Merit No. ; Figures in bracket Indicates Merit Score",,,,,,,,,,,,,,,,,
,Page 60 of 186,,,,,,,,,,,,,,,,
GOVERNMENT OF MAHARASHTRA,,,,,,,,,,,,,,,,,
,"Directorate of Technical Education, Maharashtra State, Mumbai.",,,,,,,,,,,,,,,,
,Cut Off List for Maharashtra & Minority Seats of CAP Round-IV for Admission to the First Year Post Graduate Technical Course in Master of Computer Applications (MCA) for the Academic Year 2025-26,,,,,,,,,,,,,,,,
,"4133 - Sanmarg Shikshan Sanstha's Smt. Radhikatai Pandav College of Engineering, Nagpur",,,,,,,,,,,,,,,,
,0413324110 - Master in Computer Application,,,,,,,,,,,,,,,,
,Status :, ,Un-Aided,,,,,,,,,,,,,,
,Home University Seats,,,,,,,,,,,,,,,,
Home University Seats Allotted to Home University Candidates,,,,,,,,,,,,,,,,,
,GOPENH,,,,,,,,,,,,,,,,
9684,,,,,,,,,,,,,,,,,
Stage-I, ,,,,,,,,,,,,,,,,
(69.7143504),,,,,,,,,,,,,,,,,
,Other Than Home University Seats,,,,,,,,,,,,,,,,
Other Than Home University Seats Allotted to Other Than Home University Candidates,,,,,,,,,,,,,,,,,
,GOPENO, ,GSTO, ,GSEBCO,,,,,,,,,,,,
19577,,,,,,,,,,,,,,,,,
Stage-I, ,,,,,,,,,,,,,,,,
(31.6629561),,,,,,,,,,,,,,,,,
20723,20656,,,,,,,,,,,,,,,,
,Stage-IV, ,,,,,,,,,,,,,,,
(27.2744425),(27.2744425),,,,,,,,,,,,,,,,
,Legends :, ,"Legends: G-General, L-Ladies, S-State Level Seats ,PWD - Persons with Disabilities,DEF - Defence,PWDR :PWD Common Reserved Seat",,,,,,,,,,,,,,
"DEFR :Defense Common Reserved Seat ,* Maharashtra State Seats - Cut Off Indicates State General Merit No. ; Figures in bracket Indicates Merit Score",,,,,,,,,,,,,,,,,
,Page 61 of 186,,,,,,,,,,,,,,,,
GOVERNMENT OF MAHARASHTRA,,,,,,,,,,,,,,,,,
,"Directorate of Technical Education, Maharashtra State, Mumbai.",,,,,,,,,,,,,,,,
,Cut Off List for Maharashtra & Minority Seats of CAP Round-IV for Admission to the First Year Post Graduate Technical Course in Master of Computer Applications (MCA) for the Academic Year 2025-26,,,,,,,,,,,,,,,,
,"4137 - Sir Shantilal Badjate Charitable Trust's S. B. Jain Institute of technology, Management & Research, Nagpur",,,,,,,,,,,,,,,,
,0413724210 - Master of Computer Applications,,,,,,,,,,,,,,,,
,Status :, ,Un-Aided-Autonomous-Linguistic Minority - Hindi,,,,,,,,,,,,,,
,Home University Seats,,,,,,,,,,,,,,,,
Home University Seats Allotted to Home University Candidates,,,,,,,,,,,,,,,,,
,GOPENH,,,,,,,,,,,,,,,,
7946,,,,,,,,,,,,,,,,,
Stage-I, ,,,,,,,,,,,,,,,,
(74.782248),,,,,,,,,,,,,,,,,
,Other Than Home University Seats,,,,,,,,,,,,,,,,
Other Than Home University Seats Allotted to Other Than Home University Candidates,,,,,,,,,,,,,,,,,
,GOPENO,,,,,,,,,,,,,,,,
23105,,,,,,,,,,,,,,,,,
Stage-I, ,,,,,,,,,,,,,,,,
(13.5402134),,,,,,,,,,,,,,,,,
,Legends :, ,"Legends: G-General, L-Ladies, S-State Level Seats ,PWD - Persons with Disabilities,DEF - Defence,PWDR :PWD Common Reserved Seat",,,,,,,,,,,,,,
"DEFR :Defense Common Reserved Seat ,* Maharashtra State Seats - Cut Off Indicates State General Merit No. ; Figures in bracket Indicates Merit Score",,,,,,,,,,,,,,,,,
,Page 62 of 186,,,,,,,,,,,,,,,,
GOVERNMENT OF MAHARASHTRA,,,,,,,,,,,,,,,,,
,"Directorate of Technical Education, Maharashtra State, Mumbai.",,,,,,,,,,,,,,,,
,Cut Off List for Maharashtra & Minority Seats of CAP Round-IV for Admission to the First Year Post Graduate Technical Course in Master of Computer Applications (MCA) for the Academic Year 2025-26,,,,,,,,,,,,,,,,
,"4138 - Jaidev Education Society, J D College of Engineering and Management, Nagpur",,,,,,,,,,,,,,,,
,0413824110 - Master in Computer Application,,,,,,,,,,,,,,,,
,Status :, ,Un-Aided-Autonomous-Linguistic Minority - Hindi,,,,,,,,,,,,,,
,Home University Seats,,,,,,,,,,,,,,,,
Home University Seats Allotted to Home University Candidates,,,,,,,,,,,,,,,,,
,GOPENH,,,,,,,,,,,,,,,,
20512,,,,,,,,,,,,,,,,,
Stage-I, ,,,,,,,,,,,,,,,,
(27.2744425),,,,,,,,,,,,,,,,,
,Other Than Home University Seats,,,,,,,,,,,,,,,,
Other Than Home University Seats Allotted to Other Than Home University Candidates,,,,,,,,,,,,,,,,,
,GOPENO,,,,,,,,,,,,,,,,
21672,,,,,,,,,,,,,,,,,
Stage-I, ,,,,,,,,,,,,,,,,
(21.0059952),,,,,,,,,,,,,,,,,
,Minority Seats : Minority Seats Allotted to Minority Candidates,,,,,,,,,,,,,,,,
,MI,,,,,,,,,,,,,,,,
17786,,,,,,,,,,,,,,,,,
Stage-I, ,,,,,,,,,,,,,,,,
(39.3989669),,,,,,,,,,,,,,,,,
,Minority Seats : Minority Seats Allotted to Non Minority Candidates,,,,,,,,,,,,,,,,
,MI-MH,,,,,,,,,,,,,,,,
23616,,,,,,,,,,,,,,,,,
Stage-MI-MH, ,,,,,,,,,,,,,,,,
(12.4750009),,,,,,,,,,,,,,,,,
,Legends :, ,"Legends: G-General, L-Ladies, S-State Level Seats ,PWD - Persons with Disabilities,DEF - Defence,PWDR :PWD Common Reserved Seat",,,,,,,,,,,,,,
"DEFR :Defense Common Reserved Seat ,* Maharashtra State Seats - Cut Off Indicates State General Merit No. ; Figures in bracket Indicates Merit Score",,,,,,,,,,,,,,,,,
,Page 63 of 186,,,,,,,,,,,,,,,,
GOVERNMENT OF MAHARASHTRA,,,,,,,,,,,,,,,,,
,"Directorate of Technical Education, Maharashtra State, Mumbai.",,,,,,,,,,,,,,,,
,Cut Off List for Maharashtra & Minority Seats of CAP Round-IV for Admission to the First Year Post Graduate Technical Course in Master of Computer Applications (MCA) for the Academic Year 2025-26,,,,,,,,,,,,,,,,
,"4142 - G H Raisoni College of Engineering & Management, Nagpur",,,,,,,,,,,,,,,,
,0414224110 - Master in Computer Application,,,,,,,,,,,,,,,,
,Status :, ,Un-Aided-Autonomous-Linguistic Minority - Hindi,,,,,,,,,,,,,,
,Home University Seats,,,,,,,,,,,,,,,,
Home University Seats Allotted to Home University Candidates,,,,,,,,,,,,,,,,,
,GOPENH,,,,,,,,,,,,,,,,
9138,,,,,,,,,,,,,,,,,
Stage-I, ,,,,,,,,,,,,,,,,
(71.1549338),,,,,,,,,,,,,,,,,
,Other Than Home University Seats,,,,,,,,,,,,,,,,
Other Than Home University Seats Allotted to Other Than Home University Candidates,,,,,,,,,,,,,,,,,
,GOPENO,,,,,,,,,,,,,,,,
13363,,,,,,,,,,,,,,,,,
Stage-I, ,,,,,,,,,,,,,,,,
(56.5488095),,,,,,,,,,,,,,,,,
,Minority Seats : Minority Seats Allotted to Non Minority Candidates,,,,,,,,,,,,,,,,
,MI-MH,,,,,,,,,,,,,,,,
15542,,,,,,,,,,,,,,,,,
Stage-MI-MH, ,,,,,,,,,,,,,,,,
(49.3533426),,,,,,,,,,,,,,,,,
,Legends :, ,"Legends: G-General, L-Ladies, S-State Level Seats ,PWD - Persons with Disabilities,DEF - Defence,PWDR :PWD Common Reserved Seat",,,,,,,,,,,,,,
"DEFR :Defense Common Reserved Seat ,* Maharashtra State Seats - Cut Off Indicates State General Merit No. ; Figures in bracket Indicates Merit Score",,,,,,,,,,,,,,,,,
,Page 64 of 186,,,,,,,,,,,,,,,,
GOVERNMENT OF MAHARASHTRA,,,,,,,,,,,,,,,,,
,"Directorate of Technical Education, Maharashtra State, Mumbai.",,,,,,,,,,,,,,,,
,Cut Off List for Maharashtra & Minority Seats of CAP Round-IV for Admission to the First Year Post Graduate Technical Course in Master of Computer Applications (MCA) for the Academic Year 2025-26,,,,,,,,,,,,,,,,
,"4145 - Wainganga College of Engineering and Management, Dongargaon, Nagpur",,,,,,,,,,,,,,,,
,0414524110 - Master in Computer Application,,,,,,,,,,,,,,,,
,Status :, ,Un-Aided-Autonomous,,,,,,,,,,,,,,
,Home University Seats,,,,,,,,,,,,,,,,
Home University Seats Allotted to Home University Candidates,,,,,,,,,,,,,,,,,
,GOPENH, ,GSCH, ,GSTH, ,GOBCH, ,GSEBCH, ,PWDOBCH,,,,,,
15772,15855,21215,,,,,,,,,,,,,,,
Stage-I, ,,,,,,,,,,,,,,,,
(49.3533426),(49.3533426),(25.4779232),,,,,,,,,,,,,,,
22122,21963,,,,,,,,,,,,,,,,
,Stage-IV, ,,,,,,,,,,,,,,,
(19.1539942),(21.0059952),,,,,,,,,,,,,,,,
21326,,,,,,,,,,,,,,,,,
,I-Non PWD / DEF, ,,,,,,,,,,,,,,,
(23.1010151),,,,,,,,,,,,,,,,,
,Other Than Home University Seats,,,,,,,,,,,,,,,,
Other Than Home University Seats Allotted to Other Than Home University Candidates,,,,,,,,,,,,,,,,,
,GOPENO, ,GSEBCO,,,,,,,,,,,,,,
18819,,,,,,,,,,,,,,,,,
Stage-I, ,,,,,,,,,,,,,,,,
(34.5198145),,,,,,,,,,,,,,,,,
21024,,,,,,,,,,,,,,,,,
,Stage-IV, ,,,,,,,,,,,,,,,
(25.4779232),,,,,,,,,,,,,,,,,
,Other Than Home University Seats Allotted to Home University Candidates,,,,,,,,,,,,,,,,
,GNTBO,,,,,,,,,,,,,,,,
22409,,,,,,,,,,,,,,,,,
Stage-I, ,,,,,,,,,,,,,,,,
(19.1539942),,,,,,,,,,,,,,,,,
,State Level Seats,,,,,,,,,,,,,,,,
,TFWS,,,,,,,,,,,,,,,,
4217,,,,,,,,,,,,,,,,,
Stage-I, ,,,,,,,,,,,,,,,,
(87.2080299),,,,,,,,,,,,,,,,,
,Legends :, ,"Legends: G-General, L-Ladies, S-State Level Seats ,PWD - Persons with Disabilities,DEF - Defence,PWDR :PWD Common Reserved Seat",,,,,,,,,,,,,,
"DEFR :Defense Common Reserved Seat ,* Maharashtra State Seats - Cut Off Indicates State General Merit No. ; Figures in bracket Indicates Merit Score",,,,,,,,,,,,,,,,,
,Page 65 of 186,,,,,,,,,,,,,,,,
GOVERNMENT OF MAHARASHTRA,,,,,,,,,,,,,,,,,
,"Directorate of Technical Education, Maharashtra State, Mumbai.",,,,,,,,,,,,,,,,
,Cut Off List for Maharashtra & Minority Seats of CAP Round-IV for Admission to the First Year Post Graduate Technical Course in Master of Computer Applications (MCA) for the Academic Year 2025-26,,,,,,,,,,,,,,,,
,"4147 - K.D.K. College of Engineering, Nagpur",,,,,,,,,,,,,,,,
,0414724110 - Master in Computer Application,,,,,,,,,,,,,,,,
,Status :, ,Un-Aided-Autonomous,,,,,,,,,,,,,,
,Home University Seats,,,,,,,,,,,,,,,,
Home University Seats Allotted to Home University Candidates,,,,,,,,,,,,,,,,,
,GOPENH, ,GNTAH, ,GOBCH,,,,,,,,,,,,
15826,16287,,,,,,,,,,,,,,,,
Stage-I, ,,,,,,,,,,,,,,,,
(49.3533426),(46.3793819),,,,,,,,,,,,,,,,
16700,,,,,,,,,,,,,,,,,
,Stage-IV, ,,,,,,,,,,,,,,,
(44.5345198),,,,,,,,,,,,,,,,,
,Other Than Home University Seats,,,,,,,,,,,,,,,,
Other Than Home University Seats Allotted to Other Than Home University Candidates,,,,,,,,,,,,,,,,,
,GSCO, ,GSTO, ,GOBCO, ,GSEBCO,,,,,,,,,,
22430,18482,,,,,,,,,,,,,,,,
Stage-I, ,,,,,,,,,,,,,,,,
(19.1539942),(36.496736),,,,,,,,,,,,,,,,
18735,18729,,,,,,,,,,,,,,,,
,Stage-IV, ,,,,,,,,,,,,,,,
(36.496736),(36.496736),,,,,,,,,,,,,,,,
,State Level Seats,,,,,,,,,,,,,,,,
,EWS,,,,,,,,,,,,,,,,
5993,,,,,,,,,,,,,,,,,
Stage-I, ,,,,,,,,,,,,,,,,
(82.8308366),,,,,,,,,,,,,,,,,
,Legends :, ,"Legends: G-General, L-Ladies, S-State Level Seats ,PWD - Persons with Disabilities,DEF - Defence,PWDR :PWD Common Reserved Seat",,,,,,,,,,,,,,
"DEFR :Defense Common Reserved Seat ,* Maharashtra State Seats - Cut Off Indicates State General Merit No. ; Figures in bracket Indicates Merit Score",,,,,,,,,,,,,,,,,
,Page 66 of 186,,,,,,,,,,,,,,,,
GOVERNMENT OF MAHARASHTRA,,,,,,,,,,,,,,,,,
,"Directorate of Technical Education, Maharashtra State, Mumbai.",,,,,,,,,,,,,,,,
,Cut Off List for Maharashtra & Minority Seats of CAP Round-IV for Admission to the First Year Post Graduate Technical Course in Master of Computer Applications (MCA) for the Academic Year 2025-26,,,,,,,,,,,,,,,,
,"4151 - Tulsiramji Gaikwad Patil College of Engineering & Technology, Nagpur",,,,,,,,,,,,,,,,
,0415124110 - Master in Computer Application,,,,,,,,,,,,,,,,
,Status :, ,Un-Aided-Autonomous,,,,,,,,,,,,,,
,Home University Seats,,,,,,,,,,,,,,,,
Home University Seats Allotted to Home University Candidates,,,,,,,,,,,,,,,,,
,GOPENH, ,GSTH, ,GNTAH, ,GNTCH, ,GNTDH, ,GOBCH, ,PWDOPENH,,,,
19254,20699,,,,,,,,,,,,,,,,
Stage-I, ,,,,,,,,,,,,,,,,
(34.5198145),(27.2744425),,,,,,,,,,,,,,,,
20929,19716,19927,20168,,,,,,,,,,,,,,
,Stage-IV, ,,,,,,,,,,,,,,,
(25.4779232),(31.6629561),(29.9046039),(29.9046039),,,,,,,,,,,,,,
19714,,,,,,,,,,,,,,,,,
,I-Non PWD / DEF, ,,,,,,,,,,,,,,,
(31.6629561),,,,,,,,,,,,,,,,,
,Other Than Home University Seats,,,,,,,,,,,,,,,,
Other Than Home University Seats Allotted to Other Than Home University Candidates,,,,,,,,,,,,,,,,,
,GSCO, ,GSTO, ,GOBCO, ,GSEBCO,,,,,,,,,,
22448,20151,,,,,,,,,,,,,,,,
Stage-I, ,,,,,,,,,,,,,,,,
(19.1539942),(29.9046039),,,,,,,,,,,,,,,,
21352,21155,,,,,,,,,,,,,,,,
,Stage-IV, ,,,,,,,,,,,,,,,
(23.1010151),(25.4779232),,,,,,,,,,,,,,,,
,State Level Seats,,,,,,,,,,,,,,,,
,TFWS,,,,,,,,,,,,,,,,
25167,,,,,,,,,,,,,,,,,
Stage-I, ,,,,,,,,,,,,,,,,
(2.8640429),,,,,,,,,,,,,,,,,
,Legends :, ,"Legends: G-General, L-Ladies, S-State Level Seats ,PWD - Persons with Disabilities,DEF - Defence,PWDR :PWD Common Reserved Seat",,,,,,,,,,,,,,
"DEFR :Defense Common Reserved Seat ,* Maharashtra State Seats - Cut Off Indicates State General Merit No. ; Figures in bracket Indicates Merit Score",,,,,,,,,,,,,,,,,
,Page 67 of 186,,,,,,,,,,,,,,,,
GOVERNMENT OF MAHARASHTRA,,,,,,,,,,,,,,,,,
,"Directorate of Technical Education, Maharashtra State, Mumbai.",,,,,,,,,,,,,,,,
,Cut Off List for Maharashtra & Minority Seats of CAP Round-IV for Admission to the First Year Post Graduate Technical Course in Master of Computer Applications (MCA) for the Academic Year 2025-26,,,,,,,,,,,,,,,,
,"4152 - Shri Shivaji Education Society Amravati's Science College (MCA), Nagpur",,,,,,,,,,,,,,,,
,0415224110 - Master in Computer Application,,,,,,,,,,,,,,,,
,Status :, ,Un-Aided,,,,,,,,,,,,,,
,Other Than Home University Seats,,,,,,,,,,,,,,,,
Other Than Home University Seats Allotted to Other Than Home University Candidates,,,,,,,,,,,,,,,,,
,GOBCO,,,,,,,,,,,,,,,,
17380,,,,,,,,,,,,,,,,,
Stage-I, ,,,,,,,,,,,,,,,,
(41.4550394),,,,,,,,,,,,,,,,,
,Legends :, ,"Legends: G-General, L-Ladies, S-State Level Seats ,PWD - Persons with Disabilities,DEF - Defence,PWDR :PWD Common Reserved Seat",,,,,,,,,,,,,,
"DEFR :Defense Common Reserved Seat ,* Maharashtra State Seats - Cut Off Indicates State General Merit No. ; Figures in bracket Indicates Merit Score",,,,,,,,,,,,,,,,,
,Page 68 of 186,,,,,,,,,,,,,,,,
GOVERNMENT OF MAHARASHTRA,,,,,,,,,,,,,,,,,
,"Directorate of Technical Education, Maharashtra State, Mumbai.",,,,,,,,,,,,,,,,
,Cut Off List for Maharashtra & Minority Seats of CAP Round-IV for Admission to the First Year Post Graduate Technical Course in Master of Computer Applications (MCA) for the Academic Year 2025-26,,,,,,,,,,,,,,,,
,"4157 - V. M. Vasant Commerce, J.M. Thakar Arts & J.J. Patel Science College,Nagpur",,,,,,,,,,,,,,,,
,0415724110 - Master in Computer Application,,,,,,,,,,,,,,,,
,Status :, ,Un-Aided-Linguistic Minority - Gujarathi,,,,,,,,,,,,,,
,Home University Seats,,,,,,,,,,,,,,,,
Home University Seats Allotted to Home University Candidates,,,,,,,,,,,,,,,,,
,GOPENH,,,,,,,,,,,,,,,,
17054,,,,,,,,,,,,,,,,,
Stage-I, ,,,,,,,,,,,,,,,,
(41.4550394),,,,,,,,,,,,,,,,,
,Other Than Home University Seats,,,,,,,,,,,,,,,,
Other Than Home University Seats Allotted to Other Than Home University Candidates,,,,,,,,,,,,,,,,,
,GOPENO,,,,,,,,,,,,,,,,
23637,,,,,,,,,,,,,,,,,
Stage-I, ,,,,,,,,,,,,,,,,
(12.4750009),,,,,,,,,,,,,,,,,
,State Level Seats,,,,,,,,,,,,,,,,
,TFWS,,,,,,,,,,,,,,,,
25186,,,,,,,,,,,,,,,,,
Stage-I, ,,,,,,,,,,,,,,,,
(2.0662871),,,,,,,,,,,,,,,,,
,Minority Seats : Minority Seats Allotted to Non Minority Candidates,,,,,,,,,,,,,,,,
,MI-MH,,,,,,,,,,,,,,,,
24024,,,,,,,,,,,,,,,,,
Stage-MI-MH, ,,,,,,,,,,,,,,,,
(9.7430286),,,,,,,,,,,,,,,,,
,Legends :, ,"Legends: G-General, L-Ladies, S-State Level Seats ,PWD - Persons with Disabilities,DEF - Defence,PWDR :PWD Common Reserved Seat",,,,,,,,,,,,,,
"DEFR :Defense Common Reserved Seat ,* Maharashtra State Seats - Cut Off Indicates State General Merit No. ; Figures in bracket Indicates Merit Score",,,,,,,,,,,,,,,,,
,Page 69 of 186,,,,,,,,,,,,,,,,
GOVERNMENT OF MAHARASHTRA,,,,,,,,,,,,,,,,,
,"Directorate of Technical Education, Maharashtra State, Mumbai.",,,,,,,,,,,,,,,,
,Cut Off List for Maharashtra & Minority Seats of CAP Round-IV for Admission to the First Year Post Graduate Technical Course in Master of Computer Applications (MCA) for the Academic Year 2025-26,,,,,,,,,,,,,,,,
,"4188 - Krushi Jivan Vikas Pratishthan, Ballarpur Institute of Technology, Mouza Bamni",,,,,,,,,,,,,,,,
,0418824110 - Master in Computer Application,,,,,,,,,,,,,,,,
,Status :, ,Un-Aided,,,,,,,,,,,,,,
,Home University Seats,,,,,,,,,,,,,,,,
Home University Seats Allotted to Home University Candidates,,,,,,,,,,,,,,,,,
,GSCH, ,GSTH, ,PWDOPENH,,,,,,,,,,,,
22616,,,,,,,,,,,,,,,,,
Stage-IV, ,,,,,,,,,,,,,,,,
(16.9789978),,,,,,,,,,,,,,,,,
19952,,,,,,,,,,,,,,,,,
,Stage-I, ,,,,,,,,,,,,,,,
(29.9046039),,,,,,,,,,,,,,,,,
680,,,,,,,,,,,,,,,,,
,I-Non PWD / DEF, ,,,,,,,,,,,,,,,
(97.6265047),,,,,,,,,,,,,,,,,
,Other Than Home University Seats Allotted to Home University Candidates,,,,,,,,,,,,,,,,
,GOPENO,,,,,,,,,,,,,,,,
24393,,,,,,,,,,,,,,,,,
Stage-I, ,,,,,,,,,,,,,,,,
(7.4072677),,,,,,,,,,,,,,,,,
,Legends :, ,"Legends: G-General, L-Ladies, S-State Level Seats ,PWD - Persons with Disabilities,DEF - Defence,PWDR :PWD Common Reserved Seat",,,,,,,,,,,,,,
"DEFR :Defense Common Reserved Seat ,* Maharashtra State Seats - Cut Off Indicates State General Merit No. ; Figures in bracket Indicates Merit Score",,,,,,,,,,,,,,,,,
,Page 70 of 186,,,,,,,,,,,,,,,,
GOVERNMENT OF MAHARASHTRA,,,,,,,,,,,,,,,,,
,"Directorate of Technical Education, Maharashtra State, Mumbai.",,,,,,,,,,,,,,,,
,Cut Off List for Maharashtra & Minority Seats of CAP Round-IV for Admission to the First Year Post Graduate Technical Course in Master of Computer Applications (MCA) for the Academic Year 2025-26,,,,,,,,,,,,,,,,
,"4613 - Suryodaya College of Engineering & Technology, Nagpur",,,,,,,,,,,,,,,,
,0461324110 - Master in Computer Application,,,,,,,,,,,,,,,,
,Status :, ,Un-Aided-Autonomous,,,,,,,,,,,,,,
,Home University Seats,,,,,,,,,,,,,,,,
Home University Seats Allotted to Home University Candidates,,,,,,,,,,,,,,,,,
,GOPENH, ,GSCH, ,GOBCH,,,,,,,,,,,,
5657,19285,12550,,,,,,,,,,,,,,,
Stage-I, ,,,,,,,,,,,,,,,,
(82.8308366),(34.5198145),(61.2807064),,,,,,,,,,,,,,,
,Other Than Home University Seats,,,,,,,,,,,,,,,,
Other Than Home University Seats Allotted to Other Than Home University Candidates,,,,,,,,,,,,,,,,,
,GOPENO, ,GNTAO, ,GNTCO, ,GOBCO, ,GSEBCO,,,,,,,,
21376,22823,,,,,,,,,,,,,,,,
Stage-I, ,,,,,,,,,,,,,,,,
(23.1010151),(15.5994113),,,,,,,,,,,,,,,,
22945,22926,23062,,,,,,,,,,,,,,,
,Stage-IV, ,,,,,,,,,,,,,,,
(15.5994113),(15.5994113),(15.5994113),,,,,,,,,,,,,,,
,Other Than Home University Seats Allotted to Home University Candidates,,,,,,,,,,,,,,,,
,GSCO,,,,,,,,,,,,,,,,
20121,,,,,,,,,,,,,,,,,
Stage-I, ,,,,,,,,,,,,,,,,
(29.9046039),,,,,,,,,,,,,,,,,
,State Level Seats,,,,,,,,,,,,,,,,
,TFWS,,,,,,,,,,,,,,,,
13927,,,,,,,,,,,,,,,,,
Stage-I, ,,,,,,,,,,,,,,,,
(56.5488095),,,,,,,,,,,,,,,,,
,Legends :, ,"Legends: G-General, L-Ladies, S-State Level Seats ,PWD - Persons with Disabilities,DEF - Defence,PWDR :PWD Common Reserved Seat",,,,,,,,,,,,,,
"DEFR :Defense Common Reserved Seat ,* Maharashtra State Seats - Cut Off Indicates State General Merit No. ; Figures in bracket Indicates Merit Score",,,,,,,,,,,,,,,,,
,Page 71 of 186,,,,,,,,,,,,,,,,
GOVERNMENT OF MAHARASHTRA,,,,,,,,,,,,,,,,,
,"Directorate of Technical Education, Maharashtra State, Mumbai.",,,,,,,,,,,,,,,,
,Cut Off List for Maharashtra & Minority Seats of CAP Round-IV for Admission to the First Year Post Graduate Technical Course in Master of Computer Applications (MCA) for the Academic Year 2025-26,,,,,,,,,,,,,,,,
,"4679 - Karanjekar College of Engineering & Management, Sakoli",,,,,,,,,,,,,,,,
,0467924110 - Master in Computer Application,,,,,,,,,,,,,,,,
,Status :, ,Un-Aided,,,,,,,,,,,,,,
,Home University Seats,,,,,,,,,,,,,,,,
Home University Seats Allotted to Home University Candidates,,,,,,,,,,,,,,,,,
,GSTH, ,GNTAH, ,GNTDH, ,GSEBCH,,,,,,,,,,
4451,23811,25188,25285,,,,,,,,,,,,,,
Stage-IV, ,,,,,,,,,,,,,,,,
(85.3851665),(10.5199653),(2.0662871),(2.0301121),,,,,,,,,,,,,,
,Other Than Home University Seats,,,,,,,,,,,,,,,,
Other Than Home University Seats Allotted to Other Than Home University Candidates,,,,,,,,,,,,,,,,,
,GOPENO, ,GSTO,,,,,,,,,,,,,,
18790,,,,,,,,,,,,,,,,,
Stage-I, ,,,,,,,,,,,,,,,,
(36.496736),,,,,,,,,,,,,,,,,
25328,,,,,,,,,,,,,,,,,
,Stage-IV, ,,,,,,,,,,,,,,,
(1.3622127),,,,,,,,,,,,,,,,,
,Other Than Home University Seats Allotted to Home University Candidates,,,,,,,,,,,,,,,,
,GNTDO,,,,,,,,,,,,,,,,
25350,,,,,,,,,,,,,,,,,
Stage-IV, ,,,,,,,,,,,,,,,,
(1.3498737),,,,,,,,,,,,,,,,,
,Legends :, ,"Legends: G-General, L-Ladies, S-State Level Seats ,PWD - Persons with Disabilities,DEF - Defence,PWDR :PWD Common Reserved Seat",,,,,,,,,,,,,,
"DEFR :Defense Common Reserved Seat ,* Maharashtra State Seats - Cut Off Indicates State General Merit No. ; Figures in bracket Indicates Merit Score",,,,,,,,,,,,,,,,,
,Page 72 of 186,,,,,,,,,,,,,,,,
GOVERNMENT OF MAHARASHTRA,,,,,,,,,,,,,,,,,
,"Directorate of Technical Education, Maharashtra State, Mumbai.",,,,,,,,,,,,,,,,
,Cut Off List for Maharashtra & Minority Seats of CAP Round-IV for Admission to the First Year Post Graduate Technical Course in Master of Computer Applications (MCA) for the Academic Year 2025-26,,,,,,,,,,,,,,,,
,"4701 - Dr.S.C. Gulhane Prerna College of Management and Technology, Nagpur",,,,,,,,,,,,,,,,
,0470124110 - Master in Computer Application,,,,,,,,,,,,,,,,
,Status :, ,Un-Aided,,,,,,,,,,,,,,
,Home University Seats,,,,,,,,,,,,,,,,
Home University Seats Allotted to Home University Candidates,,,,,,,,,,,,,,,,,
,GSCH, ,GNTDH, ,PWDOPENH,,,,,,,,,,,,
18786,,,,,,,,,,,,,,,,,
Stage-I, ,,,,,,,,,,,,,,,,
(36.496736),,,,,,,,,,,,,,,,,
13852,,,,,,,,,,,,,,,,,
,Stage-IV, ,,,,,,,,,,,,,,,
(56.5488095),,,,,,,,,,,,,,,,,
9271,,,,,,,,,,,,,,,,,
,I-Non PWD / DEF, ,,,,,,,,,,,,,,,
(71.1549338),,,,,,,,,,,,,,,,,
,Other Than Home University Seats,,,,,,,,,,,,,,,,
Other Than Home University Seats Allotted to Other Than Home University Candidates,,,,,,,,,,,,,,,,,
,GOPENO,,,,,,,,,,,,,,,,
12113,,,,,,,,,,,,,,,,,
Stage-I, ,,,,,,,,,,,,,,,,
(61.2807064),,,,,,,,,,,,,,,,,
,Legends :, ,"Legends: G-General, L-Ladies, S-State Level Seats ,PWD - Persons with Disabilities,DEF - Defence,PWDR :PWD Common Reserved Seat",,,,,,,,,,,,,,
"DEFR :Defense Common Reserved Seat ,* Maharashtra State Seats - Cut Off Indicates State General Merit No. ; Figures in bracket Indicates Merit Score",,,,,,,,,,,,,,,,,
,Page 73 of 186,,,,,,,,,,,,,,,,
GOVERNMENT OF MAHARASHTRA,,,,,,,,,,,,,,,,,
,"Directorate of Technical Education, Maharashtra State, Mumbai.",,,,,,,,,,,,,,,,
,Cut Off List for Maharashtra & Minority Seats of CAP Round-IV for Admission to the First Year Post Graduate Technical Course in Master of Computer Applications (MCA) for the Academic Year 2025-26,,,,,,,,,,,,,,,,
,"5002 - Department of Computer Science, North Maharashtra University, Jalgaon",,,,,,,,,,,,,,,,
,0500224110 - Master in Computer Application,,,,,,,,,,,,,,,,
,Status :, ,University Department,,,,,,,,,,,,,,
,Other Than Home University Seats,,,,,,,,,,,,,,,,
Other Than Home University Seats Allotted to Other Than Home University Candidates,,,,,,,,,,,,,,,,,
,GOPENO,,,,,,,,,,,,,,,,
20542,,,,,,,,,,,,,,,,,
Stage-I, ,,,,,,,,,,,,,,,,
(27.2744425),,,,,,,,,,,,,,,,,
,Other Than Home University Seats Allotted to Home University Candidates,,,,,,,,,,,,,,,,
,GSCO, ,GSEBCO,,,,,,,,,,,,,,
4984,6726,,,,,,,,,,,,,,,,
Stage-IV, ,,,,,,,,,,,,,,,,
(85.2118788),(79.9969812),,,,,,,,,,,,,,,,
,Legends :, ,"Legends: G-General, L-Ladies, S-State Level Seats ,PWD - Persons with Disabilities,DEF - Defence,PWDR :PWD Common Reserved Seat",,,,,,,,,,,,,,
"DEFR :Defense Common Reserved Seat ,* Maharashtra State Seats - Cut Off Indicates State General Merit No. ; Figures in bracket Indicates Merit Score",,,,,,,,,,,,,,,,,
,Page 74 of 186,,,,,,,,,,,,,,,,
GOVERNMENT OF MAHARASHTRA,,,,,,,,,,,,,,,,,
,"Directorate of Technical Education, Maharashtra State, Mumbai.",,,,,,,,,,,,,,,,
,Cut Off List for Maharashtra & Minority Seats of CAP Round-IV for Admission to the First Year Post Graduate Technical Course in Master of Computer Applications (MCA) for the Academic Year 2025-26,,,,,,,,,,,,,,,,
,"5101 - Khandesh College Education Society's Institute of Management & Research, Jalgaon",,,,,,,,,,,,,,,,
,0510124110 - Master in Computer Application,,,,,,,,,,,,,,,,
,Status :, ,Un-Aided-Autonomous,,,,,,,,,,,,,,
,Home University Seats,,,,,,,,,,,,,,,,
Home University Seats Allotted to Home University Candidates,,,,,,,,,,,,,,,,,
,GOPENH, ,GSCH, ,GNTBH, ,GOBCH,,,,,,,,,,
13713,25044,16637,14174,,,,,,,,,,,,,,
Stage-I, ,,,,,,,,,,,,,,,,
(56.5488095),(3.0466423),(44.5345198),(53.942159),,,,,,,,,,,,,,
13789,,,,,,,,,,,,,,,,,
,Stage-IV, ,,,,,,,,,,,,,,,
(56.5488095),,,,,,,,,,,,,,,,,
,State Level Seats,,,,,,,,,,,,,,,,
,EWS,,,,,,,,,,,,,,,,
20855,,,,,,,,,,,,,,,,,
Stage-I, ,,,,,,,,,,,,,,,,
(25.4779232),,,,,,,,,,,,,,,,,
,Legends :, ,"Legends: G-General, L-Ladies, S-State Level Seats ,PWD - Persons with Disabilities,DEF - Defence,PWDR :PWD Common Reserved Seat",,,,,,,,,,,,,,
"DEFR :Defense Common Reserved Seat ,* Maharashtra State Seats - Cut Off Indicates State General Merit No. ; Figures in bracket Indicates Merit Score",,,,,,,,,,,,,,,,,
,Page 75 of 186,,,,,,,,,,,,,,,,
GOVERNMENT OF MAHARASHTRA,,,,,,,,,,,,,,,,,
,"Directorate of Technical Education, Maharashtra State, Mumbai.",,,,,,,,,,,,,,,,
,Cut Off List for Maharashtra & Minority Seats of CAP Round-IV for Admission to the First Year Post Graduate Technical Course in Master of Computer Applications (MCA) for the Academic Year 2025-26,,,,,,,,,,,,,,,,
,"5102 - Godavari Institute of Management & Research, Jalgaon",,,,,,,,,,,,,,,,
,0510224110 - Master in Computer Application,,,,,,,,,,,,,,,,
,Status :, ,Un-Aided,,,,,,,,,,,,,,
,Home University Seats,,,,,,,,,,,,,,,,
Home University Seats Allotted to Home University Candidates,,,,,,,,,,,,,,,,,
,GSCH, ,GNTCH, ,GOBCH, ,GSEBCH,,,,,,,,,,
16613,17076,,,,,,,,,,,,,,,,
Stage-IV, ,,,,,,,,,,,,,,,,
(44.5345198),(41.4550394),,,,,,,,,,,,,,,,
20146,15967,,,,,,,,,,,,,,,,
,Stage-I, ,,,,,,,,,,,,,,,
(29.9046039),(46.3793819),,,,,,,,,,,,,,,,
,Other Than Home University Seats,,,,,,,,,,,,,,,,
Other Than Home University Seats Allotted to Other Than Home University Candidates,,,,,,,,,,,,,,,,,
,GOPENO,,,,,,,,,,,,,,,,
25474,,,,,,,,,,,,,,,,,
Stage-I, ,,,,,,,,,,,,,,,,
(0.1433908),,,,,,,,,,,,,,,,,
,Other Than Home University Seats Allotted to Home University Candidates,,,,,,,,,,,,,,,,
,GOBCO, ,GSEBCO,,,,,,,,,,,,,,
16754,,,,,,,,,,,,,,,,,
Stage-I, ,,,,,,,,,,,,,,,,
(44.5345198),,,,,,,,,,,,,,,,,
17105,,,,,,,,,,,,,,,,,
,Stage-IV, ,,,,,,,,,,,,,,,
(41.4550394),,,,,,,,,,,,,,,,,
,Legends :, ,"Legends: G-General, L-Ladies, S-State Level Seats ,PWD - Persons with Disabilities,DEF - Defence,PWDR :PWD Common Reserved Seat",,,,,,,,,,,,,,
"DEFR :Defense Common Reserved Seat ,* Maharashtra State Seats - Cut Off Indicates State General Merit No. ; Figures in bracket Indicates Merit Score",,,,,,,,,,,,,,,,,
,Page 76 of 186,,,,,,,,,,,,,,,,
GOVERNMENT OF MAHARASHTRA,,,,,,,,,,,,,,,,,
,"Directorate of Technical Education, Maharashtra State, Mumbai.",,,,,,,,,,,,,,,,
,Cut Off List for Maharashtra & Minority Seats of CAP Round-IV for Admission to the First Year Post Graduate Technical Course in Master of Computer Applications (MCA) for the Academic Year 2025-26,,,,,,,,,,,,,,,,
,"5104 - Shramsadhana Bombay Trust, College of Engineering & Technology, Jalgaon",,,,,,,,,,,,,,,,
,0510424110 - Master in Computer Application,,,,,,,,,,,,,,,,
,Status :, ,Un-Aided,,,,,,,,,,,,,,
,Home University Seats,,,,,,,,,,,,,,,,
Home University Seats Allotted to Home University Candidates,,,,,,,,,,,,,,,,,
,GOPENH, ,GSTH, ,GOBCH,,,,,,,,,,,,
10384,12771,,,,,,,,,,,,,,,,
Stage-I, ,,,,,,,,,,,,,,,,
(67.3579428),(58.7911466),,,,,,,,,,,,,,,,
15318,,,,,,,,,,,,,,,,,
,Stage-IV, ,,,,,,,,,,,,,,,
(49.3533426),,,,,,,,,,,,,,,,,
,Legends :, ,"Legends: G-General, L-Ladies, S-State Level Seats ,PWD - Persons with Disabilities,DEF - Defence,PWDR :PWD Common Reserved Seat",,,,,,,,,,,,,,
"DEFR :Defense Common Reserved Seat ,* Maharashtra State Seats - Cut Off Indicates State General Merit No. ; Figures in bracket Indicates Merit Score",,,,,,,,,,,,,,,,,
,Page 77 of 186,,,,,,,,,,,,,,,,
GOVERNMENT OF MAHARASHTRA,,,,,,,,,,,,,,,,,
,"Directorate of Technical Education, Maharashtra State, Mumbai.",,,,,,,,,,,,,,,,
,Cut Off List for Maharashtra & Minority Seats of CAP Round-IV for Admission to the First Year Post Graduate Technical Course in Master of Computer Applications (MCA) for the Academic Year 2025-26,,,,,,,,,,,,,,,,
,"5109 - Sandip Foundation, Sandip Institute of Technology and Research Centre, Mahiravani, Nashik",,,,,,,,,,,,,,,,
,0510924110 - Master in Computer Application,,,,,,,,,,,,,,,,
,Status :, ,Un-Aided-Autonomous,,,,,,,,,,,,,,
,Home University Seats,,,,,,,,,,,,,,,,
Home University Seats Allotted to Home University Candidates,,,,,,,,,,,,,,,,,
,GOPENH, ,GSCH, ,GNTAH, ,GOBCH,,,,,,,,,,
12180,15535,,,,,,,,,,,,,,,,
Stage-I, ,,,,,,,,,,,,,,,,
(61.2807064),(49.3533426),,,,,,,,,,,,,,,,
16288,12365,,,,,,,,,,,,,,,,
,Stage-IV, ,,,,,,,,,,,,,,,
(46.3793819),(61.2807064),,,,,,,,,,,,,,,,
,Other Than Home University Seats,,,,,,,,,,,,,,,,
Other Than Home University Seats Allotted to Other Than Home University Candidates,,,,,,,,,,,,,,,,,
,GOPENO, ,GSCO, ,GNTAO, ,GOBCO, ,GSEBCO,,,,,,,,
14128,16615,16050,17042,,,,,,,,,,,,,,
Stage-I, ,,,,,,,,,,,,,,,,
(53.942159),(44.5345198),(46.3793819),(44.5345198),,,,,,,,,,,,,,
14624,,,,,,,,,,,,,,,,,
,Stage-IV, ,,,,,,,,,,,,,,,
(51.4093808),,,,,,,,,,,,,,,,,
,Legends :, ,"Legends: G-General, L-Ladies, S-State Level Seats ,PWD - Persons with Disabilities,DEF - Defence,PWDR :PWD Common Reserved Seat",,,,,,,,,,,,,,
"DEFR :Defense Common Reserved Seat ,* Maharashtra State Seats - Cut Off Indicates State General Merit No. ; Figures in bracket Indicates Merit Score",,,,,,,,,,,,,,,,,
,Page 78 of 186,,,,,,,,,,,,,,,,
GOVERNMENT OF MAHARASHTRA,,,,,,,,,,,,,,,,,
,"Directorate of Technical Education, Maharashtra State, Mumbai.",,,,,,,,,,,,,,,,
,Cut Off List for Maharashtra & Minority Seats of CAP Round-IV for Admission to the First Year Post Graduate Technical Course in Master of Computer Applications (MCA) for the Academic Year 2025-26,,,,,,,,,,,,,,,,
,"5111 - B. P. Hivale Education Society's Institute of Management Studies Career Development Research, Ahmednagar",,,,,,,,,,,,,,,,
,0511124110 - Master in Computer Application,,,,,,,,,,,,,,,,
,Status :, ,Un-Aided-Religious Minority - Christian,,,,,,,,,,,,,,
,Other Than Home University Seats,,,,,,,,,,,,,,,,
Other Than Home University Seats Allotted to Other Than Home University Candidates,,,,,,,,,,,,,,,,,
,GOPENO,,,,,,,,,,,,,,,,
21808,,,,,,,,,,,,,,,,,
Stage-I, ,,,,,,,,,,,,,,,,
(21.0059952),,,,,,,,,,,,,,,,,
,State Level Seats,,,,,,,,,,,,,,,,
,TFWS,,,,,,,,,,,,,,,,
8887,,,,,,,,,,,,,,,,,
Stage-I, ,,,,,,,,,,,,,,,,
(73.5368477),,,,,,,,,,,,,,,,,
,Minority Seats : Minority Seats Allotted to Minority Candidates,,,,,,,,,,,,,,,,
,MI,,,,,,,,,,,,,,,,
11828,,,,,,,,,,,,,,,,,
Stage-I, ,,,,,,,,,,,,,,,,
(63.1574978),,,,,,,,,,,,,,,,,
,Minority Seats : Minority Seats Allotted to Non Minority Candidates,,,,,,,,,,,,,,,,
,MI-MH,,,,,,,,,,,,,,,,
10730,,,,,,,,,,,,,,,,,
Stage-MI-MH, ,,,,,,,,,,,,,,,,
(67.3579428),,,,,,,,,,,,,,,,,
,Legends :, ,"Legends: G-General, L-Ladies, S-State Level Seats ,PWD - Persons with Disabilities,DEF - Defence,PWDR :PWD Common Reserved Seat",,,,,,,,,,,,,,
"DEFR :Defense Common Reserved Seat ,* Maharashtra State Seats - Cut Off Indicates State General Merit No. ; Figures in bracket Indicates Merit Score",,,,,,,,,,,,,,,,,
,Page 79 of 186,,,,,,,,,,,,,,,,
GOVERNMENT OF MAHARASHTRA,,,,,,,,,,,,,,,,,
,"Directorate of Technical Education, Maharashtra State, Mumbai.",,,,,,,,,,,,,,,,
,Cut Off List for Maharashtra & Minority Seats of CAP Round-IV for Admission to the First Year Post Graduate Technical Course in Master of Computer Applications (MCA) for the Academic Year 2025-26,,,,,,,,,,,,,,,,
,"5112 - Padmashree Dr. Vithalrao Vikhe Patil Foundation's Institute of Business Management & Rural Development, Ahmednagar",,,,,,,,,,,,,,,,
,0511224110 - Master in Computer Application,,,,,,,,,,,,,,,,
,Status :, ,Un-Aided,,,,,,,,,,,,,,
,Home University Seats,,,,,,,,,,,,,,,,
Home University Seats Allotted to Home University Candidates,,,,,,,,,,,,,,,,,
,GSTH, ,GSEBCH,,,,,,,,,,,,,,
12281,12686,,,,,,,,,,,,,,,,
Stage-IV, ,,,,,,,,,,,,,,,,
(61.2807064),(61.2807064),,,,,,,,,,,,,,,,
,Other Than Home University Seats,,,,,,,,,,,,,,,,
Other Than Home University Seats Allotted to Other Than Home University Candidates,,,,,,,,,,,,,,,,,
,GOPENO, ,GSTO, ,GSEBCO,,,,,,,,,,,,
22364,,,,,,,,,,,,,,,,,
Stage-I, ,,,,,,,,,,,,,,,,
(19.1539942),,,,,,,,,,,,,,,,,
23826,24137,,,,,,,,,,,,,,,,
,Stage-IV, ,,,,,,,,,,,,,,,
(10.5199653),(7.9446476),,,,,,,,,,,,,,,,
,Legends :, ,"Legends: G-General, L-Ladies, S-State Level Seats ,PWD - Persons with Disabilities,DEF - Defence,PWDR :PWD Common Reserved Seat",,,,,,,,,,,,,,
"DEFR :Defense Common Reserved Seat ,* Maharashtra State Seats - Cut Off Indicates State General Merit No. ; Figures in bracket Indicates Merit Score",,,,,,,,,,,,,,,,,
,Page 80 of 186,,,,,,,,,,,,,,,,
GOVERNMENT OF MAHARASHTRA,,,,,,,,,,,,,,,,,
,"Directorate of Technical Education, Maharashtra State, Mumbai.",,,,,,,,,,,,,,,,
,Cut Off List for Maharashtra & Minority Seats of CAP Round-IV for Admission to the First Year Post Graduate Technical Course in Master of Computer Applications (MCA) for the Academic Year 2025-26,,,,,,,,,,,,,,,,
,"5113 - Nashik District Maratha Vidya Prasarak Samaj's Institute of Management Research & Technology, Nashik",,,,,,,,,,,,,,,,
,0511324110 - Master in Computer Application,,,,,,,,,,,,,,,,
,Status :, ,Un-Aided,,,,,,,,,,,,,,
,Home University Seats,,,,,,,,,,,,,,,,
Home University Seats Allotted to Home University Candidates,,,,,,,,,,,,,,,,,
,GOPENH, ,GSTH, ,GNTDH, ,GOBCH, ,GSEBCH,,,,,,,,
11755,24300,19156,,,,,,,,,,,,,,,
Stage-I, ,,,,,,,,,,,,,,,,
(63.1574978),(7.9446476),(34.5198145),,,,,,,,,,,,,,,
18669,19181,,,,,,,,,,,,,,,,
,Stage-IV, ,,,,,,,,,,,,,,,
(36.496736),(34.5198145),,,,,,,,,,,,,,,,
,Other Than Home University Seats,,,,,,,,,,,,,,,,
Other Than Home University Seats Allotted to Other Than Home University Candidates,,,,,,,,,,,,,,,,,
,GOPENO,,,,,,,,,,,,,,,,
11310,,,,,,,,,,,,,,,,,
Stage-I, ,,,,,,,,,,,,,,,,
(65.8578922),,,,,,,,,,,,,,,,,
,Legends :, ,"Legends: G-General, L-Ladies, S-State Level Seats ,PWD - Persons with Disabilities,DEF - Defence,PWDR :PWD Common Reserved Seat",,,,,,,,,,,,,,
"DEFR :Defense Common Reserved Seat ,* Maharashtra State Seats - Cut Off Indicates State General Merit No. ; Figures in bracket Indicates Merit Score",,,,,,,,,,,,,,,,,
,Page 81 of 186,,,,,,,,,,,,,,,,
GOVERNMENT OF MAHARASHTRA,,,,,,,,,,,,,,,,,
,"Directorate of Technical Education, Maharashtra State, Mumbai.",,,,,,,,,,,,,,,,
,Cut Off List for Maharashtra & Minority Seats of CAP Round-IV for Admission to the First Year Post Graduate Technical Course in Master of Computer Applications (MCA) for the Academic Year 2025-26,,,,,,,,,,,,,,,,
,5117 - Pirens Institute Of Business Management And Administration (IBMA) Loni (BK),,,,,,,,,,,,,,,,
,0511724110 - Master in Computer Application,,,,,,,,,,,,,,,,
,Status :, ,Un-Aided,,,,,,,,,,,,,,
,Home University Seats,,,,,,,,,,,,,,,,
Home University Seats Allotted to Home University Candidates,,,,,,,,,,,,,,,,,
,GSCH, ,GNTBH, ,GOBCH,,,,,,,,,,,,
18671,18578,,,,,,,,,,,,,,,,
Stage-I, ,,,,,,,,,,,,,,,,
(36.496736),(36.496736),,,,,,,,,,,,,,,,
16121,,,,,,,,,,,,,,,,,
,Stage-IV, ,,,,,,,,,,,,,,,
(46.3793819),,,,,,,,,,,,,,,,,
,Other Than Home University Seats,,,,,,,,,,,,,,,,
Other Than Home University Seats Allotted to Other Than Home University Candidates,,,,,,,,,,,,,,,,,
,GOPENO, ,GSCO, ,GNTBO, ,GOBCO,,,,,,,,,,
23025,24208,24514,,,,,,,,,,,,,,,
Stage-I, ,,,,,,,,,,,,,,,,
(15.5994113),(7.9446476),(5.9311489),,,,,,,,,,,,,,,
23929,,,,,,,,,,,,,,,,,
,Stage-IV, ,,,,,,,,,,,,,,,
(9.7430286),,,,,,,,,,,,,,,,,
,Other Than Home University Seats Allotted to Home University Candidates,,,,,,,,,,,,,,,,
,GNTCO,,,,,,,,,,,,,,,,
19817,,,,,,,,,,,,,,,,,
Stage-I, ,,,,,,,,,,,,,,,,
(31.6629561),,,,,,,,,,,,,,,,,
,Legends :, ,"Legends: G-General, L-Ladies, S-State Level Seats ,PWD - Persons with Disabilities,DEF - Defence,PWDR :PWD Common Reserved Seat",,,,,,,,,,,,,,
"DEFR :Defense Common Reserved Seat ,* Maharashtra State Seats - Cut Off Indicates State General Merit No. ; Figures in bracket Indicates Merit Score",,,,,,,,,,,,,,,,,
,Page 82 of 186,,,,,,,,,,,,,,,,
GOVERNMENT OF MAHARASHTRA,,,,,,,,,,,,,,,,,
,"Directorate of Technical Education, Maharashtra State, Mumbai.",,,,,,,,,,,,,,,,
,Cut Off List for Maharashtra & Minority Seats of CAP Round-IV for Admission to the First Year Post Graduate Technical Course in Master of Computer Applications (MCA) for the Academic Year 2025-26,,,,,,,,,,,,,,,,
,"5119 - C.H.M.E. Society's Dr. Moonje Institute for Management & Computer Studies, Nashik",,,,,,,,,,,,,,,,
,0511924110 - Master in Computer Application,,,,,,,,,,,,,,,,
,Status :, ,Un-Aided,,,,,,,,,,,,,,
,Home University Seats,,,,,,,,,,,,,,,,
Home University Seats Allotted to Home University Candidates,,,,,,,,,,,,,,,,,
,GOBCH, ,GSEBCH,,,,,,,,,,,,,,
13442,,,,,,,,,,,,,,,,,
Stage-I, ,,,,,,,,,,,,,,,,
(56.5488095),,,,,,,,,,,,,,,,,
14107,,,,,,,,,,,,,,,,,
,Stage-IV, ,,,,,,,,,,,,,,,
(53.942159),,,,,,,,,,,,,,,,,
,Home University Seats Allotted to Other Than Home University Candidates,,,,,,,,,,,,,,,,
,GSEBCH,,,,,,,,,,,,,,,,
20429,,,,,,,,,,,,,,,,,
Stage-I, ,,,,,,,,,,,,,,,,
(27.2744425),,,,,,,,,,,,,,,,,
,Other Than Home University Seats,,,,,,,,,,,,,,,,
Other Than Home University Seats Allotted to Other Than Home University Candidates,,,,,,,,,,,,,,,,,
,GOPENO, ,GSCO, ,GSTO,,,,,,,,,,,,
17213,,,,,,,,,,,,,,,,,
Stage-I, ,,,,,,,,,,,,,,,,
(41.4550394),,,,,,,,,,,,,,,,,
18811,19028,,,,,,,,,,,,,,,,
,Stage-IV, ,,,,,,,,,,,,,,,
(34.5198145),(34.5198145),,,,,,,,,,,,,,,,
,Legends :, ,"Legends: G-General, L-Ladies, S-State Level Seats ,PWD - Persons with Disabilities,DEF - Defence,PWDR :PWD Common Reserved Seat",,,,,,,,,,,,,,
"DEFR :Defense Common Reserved Seat ,* Maharashtra State Seats - Cut Off Indicates State General Merit No. ; Figures in bracket Indicates Merit Score",,,,,,,,,,,,,,,,,
,Page 83 of 186,,,,,,,,,,,,,,,,
GOVERNMENT OF MAHARASHTRA,,,,,,,,,,,,,,,,,
,"Directorate of Technical Education, Maharashtra State, Mumbai.",,,,,,,,,,,,,,,,
,Cut Off List for Maharashtra & Minority Seats of CAP Round-IV for Admission to the First Year Post Graduate Technical Course in Master of Computer Applications (MCA) for the Academic Year 2025-26,,,,,,,,,,,,,,,,
,"5120 - MET's Institute of Management, Adgaon, Nashik",,,,,,,,,,,,,,,,
,0512024110 - Master in Computer Application,,,,,,,,,,,,,,,,
,Status :, ,Un-Aided,,,,,,,,,,,,,,
,Other Than Home University Seats,,,,,,,,,,,,,,,,
Other Than Home University Seats Allotted to Other Than Home University Candidates,,,,,,,,,,,,,,,,,
,GOPENO,,,,,,,,,,,,,,,,
10883,,,,,,,,,,,,,,,,,
Stage-I, ,,,,,,,,,,,,,,,,
(65.8578922),,,,,,,,,,,,,,,,,
,Legends :, ,"Legends: G-General, L-Ladies, S-State Level Seats ,PWD - Persons with Disabilities,DEF - Defence,PWDR :PWD Common Reserved Seat",,,,,,,,,,,,,,
"DEFR :Defense Common Reserved Seat ,* Maharashtra State Seats - Cut Off Indicates State General Merit No. ; Figures in bracket Indicates Merit Score",,,,,,,,,,,,,,,,,
,Page 84 of 186,,,,,,,,,,,,,,,,
GOVERNMENT OF MAHARASHTRA,,,,,,,,,,,,,,,,,
,"Directorate of Technical Education, Maharashtra State, Mumbai.",,,,,,,,,,,,,,,,
,Cut Off List for Maharashtra & Minority Seats of CAP Round-IV for Admission to the First Year Post Graduate Technical Course in Master of Computer Applications (MCA) for the Academic Year 2025-26,,,,,,,,,,,,,,,,
,"5121 - K. K. Wagh Institute of Engineering Education and Research, Nashik",,,,,,,,,,,,,,,,
,0512124110 - Master in Computer Application,,,,,,,,,,,,,,,,
,Status :, ,Un-Aided-Autonomous,,,,,,,,,,,,,,
,Home University Seats,,,,,,,,,,,,,,,,
Home University Seats Allotted to Home University Candidates,,,,,,,,,,,,,,,,,
,GOPENH,,,,,,,,,,,,,,,,
4283,,,,,,,,,,,,,,,,,
Stage-I, ,,,,,,,,,,,,,,,,
(87.2080299),,,,,,,,,,,,,,,,,
,Home University Seats Allotted to Other Than Home University Candidates,,,,,,,,,,,,,,,,
,GNTAH,,,,,,,,,,,,,,,,
13342,,,,,,,,,,,,,,,,,
Stage-I, ,,,,,,,,,,,,,,,,
(58.7911466),,,,,,,,,,,,,,,,,
,Other Than Home University Seats,,,,,,,,,,,,,,,,
Other Than Home University Seats Allotted to Other Than Home University Candidates,,,,,,,,,,,,,,,,,
,GOPENO, ,GSEBCO,,,,,,,,,,,,,,
4366,6182,,,,,,,,,,,,,,,,
Stage-I, ,,,,,,,,,,,,,,,,
(87.2080299),(80.5399495),,,,,,,,,,,,,,,,
,Legends :, ,"Legends: G-General, L-Ladies, S-State Level Seats ,PWD - Persons with Disabilities,DEF - Defence,PWDR :PWD Common Reserved Seat",,,,,,,,,,,,,,
"DEFR :Defense Common Reserved Seat ,* Maharashtra State Seats - Cut Off Indicates State General Merit No. ; Figures in bracket Indicates Merit Score",,,,,,,,,,,,,,,,,
,Page 85 of 186,,,,,,,,,,,,,,,,
GOVERNMENT OF MAHARASHTRA,,,,,,,,,,,,,,,,,
,"Directorate of Technical Education, Maharashtra State, Mumbai.",,,,,,,,,,,,,,,,
,Cut Off List for Maharashtra & Minority Seats of CAP Round-IV for Admission to the First Year Post Graduate Technical Course in Master of Computer Applications (MCA) for the Academic Year 2025-26,,,,,,,,,,,,,,,,
,"5124 - Jagadamba Education Soc. Nashik's S.N.D. College of Engineering & Reserch, Babulgaon",,,,,,,,,,,,,,,,
,0512424210 - Master of Computer Applications,,,,,,,,,,,,,,,,
,Status :, ,Un-Aided,,,,,,,,,,,,,,
,Home University Seats,,,,,,,,,,,,,,,,
Home University Seats Allotted to Home University Candidates,,,,,,,,,,,,,,,,,
,GNTAH, ,GOBCH,,,,,,,,,,,,,,
19664,,,,,,,,,,,,,,,,,
Stage-IV, ,,,,,,,,,,,,,,,,
(31.6629561),,,,,,,,,,,,,,,,,
17529,,,,,,,,,,,,,,,,,
,Stage-I, ,,,,,,,,,,,,,,,
(41.4550394),,,,,,,,,,,,,,,,,
,Other Than Home University Seats,,,,,,,,,,,,,,,,
Other Than Home University Seats Allotted to Other Than Home University Candidates,,,,,,,,,,,,,,,,,
,GSCO, ,GNTBO, ,GSEBCO,,,,,,,,,,,,
16697,20678,21289,,,,,,,,,,,,,,,
Stage-IV, ,,,,,,,,,,,,,,,,
(44.5345198),(27.2744425),(23.1010151),,,,,,,,,,,,,,,
,Legends :, ,"Legends: G-General, L-Ladies, S-State Level Seats ,PWD - Persons with Disabilities,DEF - Defence,PWDR :PWD Common Reserved Seat",,,,,,,,,,,,,,
"DEFR :Defense Common Reserved Seat ,* Maharashtra State Seats - Cut Off Indicates State General Merit No. ; Figures in bracket Indicates Merit Score",,,,,,,,,,,,,,,,,
,Page 86 of 186,,,,,,,,,,,,,,,,
GOVERNMENT OF MAHARASHTRA,,,,,,,,,,,,,,,,,
,"Directorate of Technical Education, Maharashtra State, Mumbai.",,,,,,,,,,,,,,,,
,Cut Off List for Maharashtra & Minority Seats of CAP Round-IV for Admission to the First Year Post Graduate Technical Course in Master of Computer Applications (MCA) for the Academic Year 2025-26,,,,,,,,,,,,,,,,
,"5131 - C.H.M.E. Society's Dr. Moonje Institute of Management & Information Technology, Nashik",,,,,,,,,,,,,,,,
,0513124110 - Master in Computer Application,,,,,,,,,,,,,,,,
,Status :, ,Un-Aided,,,,,,,,,,,,,,
,Other Than Home University Seats,,,,,,,,,,,,,,,,
Other Than Home University Seats Allotted to Other Than Home University Candidates,,,,,,,,,,,,,,,,,
,GOPENO, ,GNTAO, ,GOBCO,,,,,,,,,,,,
19562,19683,,,,,,,,,,,,,,,,
Stage-I, ,,,,,,,,,,,,,,,,
(31.6629561),(31.6629561),,,,,,,,,,,,,,,,
19886,,,,,,,,,,,,,,,,,
,Stage-IV, ,,,,,,,,,,,,,,,
(29.9046039),,,,,,,,,,,,,,,,,
,State Level Seats,,,,,,,,,,,,,,,,
,EWS,,,,,,,,,,,,,,,,
19994,,,,,,,,,,,,,,,,,
Stage-I, ,,,,,,,,,,,,,,,,
(29.9046039),,,,,,,,,,,,,,,,,
,Legends :, ,"Legends: G-General, L-Ladies, S-State Level Seats ,PWD - Persons with Disabilities,DEF - Defence,PWDR :PWD Common Reserved Seat",,,,,,,,,,,,,,
"DEFR :Defense Common Reserved Seat ,* Maharashtra State Seats - Cut Off Indicates State General Merit No. ; Figures in bracket Indicates Merit Score",,,,,,,,,,,,,,,,,
,Page 87 of 186,,,,,,,,,,,,,,,,
GOVERNMENT OF MAHARASHTRA,,,,,,,,,,,,,,,,,
,"Directorate of Technical Education, Maharashtra State, Mumbai.",,,,,,,,,,,,,,,,
,Cut Off List for Maharashtra & Minority Seats of CAP Round-IV for Admission to the First Year Post Graduate Technical Course in Master of Computer Applications (MCA) for the Academic Year 2025-26,,,,,,,,,,,,,,,,
,"5150 - R.C. Patel Educational Trust, Institute of Management Reasearch & Development, Shirpur",,,,,,,,,,,,,,,,
,0515024110 - Master in Computer Application,,,,,,,,,,,,,,,,
,Status :, ,Un-Aided-Linguistic Minority - Gujarathi,,,,,,,,,,,,,,
,Other Than Home University Seats,,,,,,,,,,,,,,,,
Other Than Home University Seats Allotted to Other Than Home University Candidates,,,,,,,,,,,,,,,,,
,GOPENO,,,,,,,,,,,,,,,,
18918,,,,,,,,,,,,,,,,,
Stage-I, ,,,,,,,,,,,,,,,,
(34.5198145),,,,,,,,,,,,,,,,,
,Other Than Home University Seats Allotted to Home University Candidates,,,,,,,,,,,,,,,,
,GOPENO,,,,,,,,,,,,,,,,
12826,,,,,,,,,,,,,,,,,
Stage-I, ,,,,,,,,,,,,,,,,
(58.7911466),,,,,,,,,,,,,,,,,
,Minority Seats : Minority Seats Allotted to Non Minority Candidates,,,,,,,,,,,,,,,,
,MI-MH,,,,,,,,,,,,,,,,
11045,,,,,,,,,,,,,,,,,
Stage-MI-MH, ,,,,,,,,,,,,,,,,
(65.8578922),,,,,,,,,,,,,,,,,
,Legends :, ,"Legends: G-General, L-Ladies, S-State Level Seats ,PWD - Persons with Disabilities,DEF - Defence,PWDR :PWD Common Reserved Seat",,,,,,,,,,,,,,
"DEFR :Defense Common Reserved Seat ,* Maharashtra State Seats - Cut Off Indicates State General Merit No. ; Figures in bracket Indicates Merit Score",,,,,,,,,,,,,,,,,
,Page 88 of 186,,,,,,,,,,,,,,,,
GOVERNMENT OF MAHARASHTRA,,,,,,,,,,,,,,,,,
,"Directorate of Technical Education, Maharashtra State, Mumbai.",,,,,,,,,,,,,,,,
,Cut Off List for Maharashtra & Minority Seats of CAP Round-IV for Admission to the First Year Post Graduate Technical Course in Master of Computer Applications (MCA) for the Academic Year 2025-26,,,,,,,,,,,,,,,,
,"5151 - MET Bhujbal Knowledge City MET League's Engineering College, Adgaon, Nashik.",,,,,,,,,,,,,,,,
,0515124110 - Master in Computer Application,,,,,,,,,,,,,,,,
,Status :, ,Un-Aided,,,,,,,,,,,,,,
,Other Than Home University Seats,,,,,,,,,,,,,,,,
Other Than Home University Seats Allotted to Other Than Home University Candidates,,,,,,,,,,,,,,,,,
,GOPENO, ,GSCO,,,,,,,,,,,,,,
6334,,,,,,,,,,,,,,,,,
Stage-I, ,,,,,,,,,,,,,,,,
(80.5399495),,,,,,,,,,,,,,,,,
7562,,,,,,,,,,,,,,,,,
,Stage-IV, ,,,,,,,,,,,,,,,
(76.9216256),,,,,,,,,,,,,,,,,
,Other Than Home University Seats Allotted to Home University Candidates,,,,,,,,,,,,,,,,
,GSTO,,,,,,,,,,,,,,,,
22429,,,,,,,,,,,,,,,,,
Stage-I, ,,,,,,,,,,,,,,,,
(19.1539942),,,,,,,,,,,,,,,,,
,Legends :, ,"Legends: G-General, L-Ladies, S-State Level Seats ,PWD - Persons with Disabilities,DEF - Defence,PWDR :PWD Common Reserved Seat",,,,,,,,,,,,,,
"DEFR :Defense Common Reserved Seat ,* Maharashtra State Seats - Cut Off Indicates State General Merit No. ; Figures in bracket Indicates Merit Score",,,,,,,,,,,,,,,,,
,Page 89 of 186,,,,,,,,,,,,,,,,
GOVERNMENT OF MAHARASHTRA,,,,,,,,,,,,,,,,,
,"Directorate of Technical Education, Maharashtra State, Mumbai.",,,,,,,,,,,,,,,,
,Cut Off List for Maharashtra & Minority Seats of CAP Round-IV for Admission to the First Year Post Graduate Technical Course in Master of Computer Applications (MCA) for the Academic Year 2025-26,,,,,,,,,,,,,,,,
,"5152 - G H Raisoni College of Engineering and Management, Jalgaon",,,,,,,,,,,,,,,,
,0515224110 - Master in Computer Application,,,,,,,,,,,,,,,,
,Status :, ,Un-Aided-Autonomous-Linguistic Minority - Hindi,,,,,,,,,,,,,,
,Home University Seats,,,,,,,,,,,,,,,,
Home University Seats Allotted to Home University Candidates,,,,,,,,,,,,,,,,,
,GOPENH,,,,,,,,,,,,,,,,
10581,,,,,,,,,,,,,,,,,
Stage-I, ,,,,,,,,,,,,,,,,
(67.3579428),,,,,,,,,,,,,,,,,
,Minority Seats : Minority Seats Allotted to Non Minority Candidates,,,,,,,,,,,,,,,,
,MI-MH,,,,,,,,,,,,,,,,
11515,,,,,,,,,,,,,,,,,
Stage-MI-MH, ,,,,,,,,,,,,,,,,
(63.1574978),,,,,,,,,,,,,,,,,
,Legends :, ,"Legends: G-General, L-Ladies, S-State Level Seats ,PWD - Persons with Disabilities,DEF - Defence,PWDR :PWD Common Reserved Seat",,,,,,,,,,,,,,
"DEFR :Defense Common Reserved Seat ,* Maharashtra State Seats - Cut Off Indicates State General Merit No. ; Figures in bracket Indicates Merit Score",,,,,,,,,,,,,,,,,
,Page 90 of 186,,,,,,,,,,,,,,,,
GOVERNMENT OF MAHARASHTRA,,,,,,,,,,,,,,,,,
,"Directorate of Technical Education, Maharashtra State, Mumbai.",,,,,,,,,,,,,,,,
,Cut Off List for Maharashtra & Minority Seats of CAP Round-IV for Admission to the First Year Post Graduate Technical Course in Master of Computer Applications (MCA) for the Academic Year 2025-26,,,,,,,,,,,,,,,,
,"5170 - Hindi Seva Mandal's Shri Sant Gadgebaba College of Engineering & Technology, Bhusawal",,,,,,,,,,,,,,,,
,0517024110 - Master in Computer Application,,,,,,,,,,,,,,,,
,Status :, ,Un-Aided-Autonomous-Linguistic Minority - Hindi,,,,,,,,,,,,,,
,Minority Seats : Minority Seats Allotted to Non Minority Candidates,,,,,,,,,,,,,,,,
,MI-MH,,,,,,,,,,,,,,,,
19514,,,,,,,,,,,,,,,,,
Stage-MI-MH, ,,,,,,,,,,,,,,,,
(31.6629561),,,,,,,,,,,,,,,,,
,Legends :, ,"Legends: G-General, L-Ladies, S-State Level Seats ,PWD - Persons with Disabilities,DEF - Defence,PWDR :PWD Common Reserved Seat",,,,,,,,,,,,,,
"DEFR :Defense Common Reserved Seat ,* Maharashtra State Seats - Cut Off Indicates State General Merit No. ; Figures in bracket Indicates Merit Score",,,,,,,,,,,,,,,,,
,Page 91 of 186,,,,,,,,,,,,,,,,
GOVERNMENT OF MAHARASHTRA,,,,,,,,,,,,,,,,,
,"Directorate of Technical Education, Maharashtra State, Mumbai.",,,,,,,,,,,,,,,,
,Cut Off List for Maharashtra & Minority Seats of CAP Round-IV for Admission to the First Year Post Graduate Technical Course in Master of Computer Applications (MCA) for the Academic Year 2025-26,,,,,,,,,,,,,,,,
,"5177 - Matoshri College of Engineering and Research Centre, Eklahare, Nashik",,,,,,,,,,,,,,,,
,0517724110 - Master in Computer Application,,,,,,,,,,,,,,,,
,Status :, ,Un-Aided-Autonomous,,,,,,,,,,,,,,
,Home University Seats,,,,,,,,,,,,,,,,
Home University Seats Allotted to Home University Candidates,,,,,,,,,,,,,,,,,
,GSCH, ,GSTH, ,GNTCH, ,GOBCH, ,GSEBCH,,,,,,,,
11591,22988,8097,,,,,,,,,,,,,,,
Stage-I, ,,,,,,,,,,,,,,,,
(63.1574978),(15.5994113),(74.782248),,,,,,,,,,,,,,,
3587,12844,,,,,,,,,,,,,,,,
,Stage-IV, ,,,,,,,,,,,,,,,
(89.1331398),(58.7911466),,,,,,,,,,,,,,,,
,State Level Seats,,,,,,,,,,,,,,,,
,EWS,,,,,,,,,,,,,,,,
22236,,,,,,,,,,,,,,,,,
Stage-I, ,,,,,,,,,,,,,,,,
(19.1539942),,,,,,,,,,,,,,,,,
,Legends :, ,"Legends: G-General, L-Ladies, S-State Level Seats ,PWD - Persons with Disabilities,DEF - Defence,PWDR :PWD Common Reserved Seat",,,,,,,,,,,,,,
"DEFR :Defense Common Reserved Seat ,* Maharashtra State Seats - Cut Off Indicates State General Merit No. ; Figures in bracket Indicates Merit Score",,,,,,,,,,,,,,,,,
,Page 92 of 186,,,,,,,,,,,,,,,,
GOVERNMENT OF MAHARASHTRA,,,,,,,,,,,,,,,,,
,"Directorate of Technical Education, Maharashtra State, Mumbai.",,,,,,,,,,,,,,,,
,Cut Off List for Maharashtra & Minority Seats of CAP Round-IV for Admission to the First Year Post Graduate Technical Course in Master of Computer Applications (MCA) for the Academic Year 2025-26,,,,,,,,,,,,,,,,
,"5181 - Gokhale Education Society's, R.H. Sapat College of Engineering, Management Studies and Research, Nashik",,,,,,,,,,,,,,,,
,0518124110 - Master in Computer Application,,,,,,,,,,,,,,,,
,Status :, ,Un-Aided,,,,,,,,,,,,,,
,Home University Seats,,,,,,,,,,,,,,,,
Home University Seats Allotted to Home University Candidates,,,,,,,,,,,,,,,,,
,GNTCH,,,,,,,,,,,,,,,,
8022,,,,,,,,,,,,,,,,,
Stage-IV, ,,,,,,,,,,,,,,,,
(74.782248),,,,,,,,,,,,,,,,,
,Other Than Home University Seats,,,,,,,,,,,,,,,,
Other Than Home University Seats Allotted to Other Than Home University Candidates,,,,,,,,,,,,,,,,,
,GOPENO, ,GSTO, ,GNTAO, ,GSEBCO,,,,,,,,,,
12341,,,,,,,,,,,,,,,,,
Stage-I, ,,,,,,,,,,,,,,,,
(61.2807064),,,,,,,,,,,,,,,,,
13523,16486,16929,,,,,,,,,,,,,,,
,Stage-IV, ,,,,,,,,,,,,,,,
(56.5488095),(44.5345198),(44.5345198),,,,,,,,,,,,,,,
,Legends :, ,"Legends: G-General, L-Ladies, S-State Level Seats ,PWD - Persons with Disabilities,DEF - Defence,PWDR :PWD Common Reserved Seat",,,,,,,,,,,,,,
"DEFR :Defense Common Reserved Seat ,* Maharashtra State Seats - Cut Off Indicates State General Merit No. ; Figures in bracket Indicates Merit Score",,,,,,,,,,,,,,,,,
,Page 93 of 186,,,,,,,,,,,,,,,,
GOVERNMENT OF MAHARASHTRA,,,,,,,,,,,,,,,,,
,"Directorate of Technical Education, Maharashtra State, Mumbai.",,,,,,,,,,,,,,,,
,Cut Off List for Maharashtra & Minority Seats of CAP Round-IV for Admission to the First Year Post Graduate Technical Course in Master of Computer Applications (MCA) for the Academic Year 2025-26,,,,,,,,,,,,,,,,
,"5303 - Hon. Shri. Babanrao Pachpute Vichardhara Trust, Group of Institutions (Integrated Campus)-Parikrama, Kashti Shrigondha,",,,,,,,,,,,,,,,,
,0530324110 - Master in Computer Application,,,,,,,,,,,,,,,,
,Status :, ,Un-Aided,,,,,,,,,,,,,,
,Home University Seats,,,,,,,,,,,,,,,,
Home University Seats Allotted to Home University Candidates,,,,,,,,,,,,,,,,,
,GOPENH, ,GNTAH,,,,,,,,,,,,,,
11097,,,,,,,,,,,,,,,,,
Stage-I, ,,,,,,,,,,,,,,,,
(65.8578922),,,,,,,,,,,,,,,,,
13695,,,,,,,,,,,,,,,,,
,Stage-IV, ,,,,,,,,,,,,,,,
(56.5488095),,,,,,,,,,,,,,,,,
,Other Than Home University Seats,,,,,,,,,,,,,,,,
Other Than Home University Seats Allotted to Other Than Home University Candidates,,,,,,,,,,,,,,,,,
,GOPENO,,,,,,,,,,,,,,,,
18468,,,,,,,,,,,,,,,,,
Stage-I, ,,,,,,,,,,,,,,,,
(36.496736),,,,,,,,,,,,,,,,,
,Legends :, ,"Legends: G-General, L-Ladies, S-State Level Seats ,PWD - Persons with Disabilities,DEF - Defence,PWDR :PWD Common Reserved Seat",,,,,,,,,,,,,,
"DEFR :Defense Common Reserved Seat ,* Maharashtra State Seats - Cut Off Indicates State General Merit No. ; Figures in bracket Indicates Merit Score",,,,,,,,,,,,,,,,,
,Page 94 of 186,,,,,,,,,,,,,,,,
GOVERNMENT OF MAHARASHTRA,,,,,,,,,,,,,,,,,
,"Directorate of Technical Education, Maharashtra State, Mumbai.",,,,,,,,,,,,,,,,
,Cut Off List for Maharashtra & Minority Seats of CAP Round-IV for Admission to the First Year Post Graduate Technical Course in Master of Computer Applications (MCA) for the Academic Year 2025-26,,,,,,,,,,,,,,,,
,"5331 - Sandip Foundation's, Sandip Institute of Engineering & Management, Nashik",,,,,,,,,,,,,,,,
,0533124110 - Master in Computer Application,,,,,,,,,,,,,,,,
,Status :, ,Un-Aided,,,,,,,,,,,,,,
,Home University Seats,,,,,,,,,,,,,,,,
Home University Seats Allotted to Home University Candidates,,,,,,,,,,,,,,,,,
,GOPENH, ,GSCH, ,GNTCH, ,GSEBCH, ,PWDOPENH,,,,,,,,
15456,23754,20201,,,,,,,,,,,,,,,
Stage-I, ,,,,,,,,,,,,,,,,
(49.3533426),(10.5199653),(29.9046039),,,,,,,,,,,,,,,
17257,,,,,,,,,,,,,,,,,
,Stage-IV, ,,,,,,,,,,,,,,,
(41.4550394),,,,,,,,,,,,,,,,,
16116,,,,,,,,,,,,,,,,,
,I-Non PWD / DEF, ,,,,,,,,,,,,,,,
(46.3793819),,,,,,,,,,,,,,,,,
,Home University Seats Allotted to Other Than Home University Candidates,,,,,,,,,,,,,,,,
,GNTBH, ,GSEBCH,,,,,,,,,,,,,,
23566,24765,,,,,,,,,,,,,,,,
Stage-I, ,,,,,,,,,,,,,,,,
(12.4750009),(4.302251),,,,,,,,,,,,,,,,
,Other Than Home University Seats,,,,,,,,,,,,,,,,
Other Than Home University Seats Allotted to Other Than Home University Candidates,,,,,,,,,,,,,,,,,
,GNTBO, ,GOBCO,,,,,,,,,,,,,,
21261,6622,,,,,,,,,,,,,,,,
Stage-I, ,,,,,,,,,,,,,,,,
(23.1010151),(79.9969812),,,,,,,,,,,,,,,,
,Legends :, ,"Legends: G-General, L-Ladies, S-State Level Seats ,PWD - Persons with Disabilities,DEF - Defence,PWDR :PWD Common Reserved Seat",,,,,,,,,,,,,,
"DEFR :Defense Common Reserved Seat ,* Maharashtra State Seats - Cut Off Indicates State General Merit No. ; Figures in bracket Indicates Merit Score",,,,,,,,,,,,,,,,,
,Page 95 of 186,,,,,,,,,,,,,,,,
GOVERNMENT OF MAHARASHTRA,,,,,,,,,,,,,,,,,
,"Directorate of Technical Education, Maharashtra State, Mumbai.",,,,,,,,,,,,,,,,
,Cut Off List for Maharashtra & Minority Seats of CAP Round-IV for Admission to the First Year Post Graduate Technical Course in Master of Computer Applications (MCA) for the Academic Year 2025-26,,,,,,,,,,,,,,,,
,"5380 - Adsul's Technical Campus, Chas Dist. Ahmednagar",,,,,,,,,,,,,,,,
,0538024110 - Master in Computer Application,,,,,,,,,,,,,,,,
,Status :, ,Un-Aided,,,,,,,,,,,,,,
,Other Than Home University Seats,,,,,,,,,,,,,,,,
Other Than Home University Seats Allotted to Other Than Home University Candidates,,,,,,,,,,,,,,,,,
,GOPENO, ,GSEBCO,,,,,,,,,,,,,,
24498,,,,,,,,,,,,,,,,,
Stage-I, ,,,,,,,,,,,,,,,,
(5.9311489),,,,,,,,,,,,,,,,,
24782,,,,,,,,,,,,,,,,,
,Stage-IV, ,,,,,,,,,,,,,,,
(4.302251),,,,,,,,,,,,,,,,,
,Legends :, ,"Legends: G-General, L-Ladies, S-State Level Seats ,PWD - Persons with Disabilities,DEF - Defence,PWDR :PWD Common Reserved Seat",,,,,,,,,,,,,,
"DEFR :Defense Common Reserved Seat ,* Maharashtra State Seats - Cut Off Indicates State General Merit No. ; Figures in bracket Indicates Merit Score",,,,,,,,,,,,,,,,,
,Page 96 of 186,,,,,,,,,,,,,,,,
GOVERNMENT OF MAHARASHTRA,,,,,,,,,,,,,,,,,
,"Directorate of Technical Education, Maharashtra State, Mumbai.",,,,,,,,,,,,,,,,
,Cut Off List for Maharashtra & Minority Seats of CAP Round-IV for Admission to the First Year Post Graduate Technical Course in Master of Computer Applications (MCA) for the Academic Year 2025-26,,,,,,,,,,,,,,,,
,"5381 - Shri. Jaykumar Rawal Institute of Technology, Dondaicha.",,,,,,,,,,,,,,,,
,0538124110 - Master in Computer Application,,,,,,,,,,,,,,,,
,Status :, ,Un-Aided,,,,,,,,,,,,,,
,Home University Seats,,,,,,,,,,,,,,,,
Home University Seats Allotted to Home University Candidates,,,,,,,,,,,,,,,,,
,GOPENH, ,GSTH, ,GOBCH, ,GSEBCH,,,,,,,,,,
11099,15987,,,,,,,,,,,,,,,,
Stage-I, ,,,,,,,,,,,,,,,,
(65.8578922),(46.3793819),,,,,,,,,,,,,,,,
16456,16001,,,,,,,,,,,,,,,,
,Stage-IV, ,,,,,,,,,,,,,,,
(44.5345198),(46.3793819),,,,,,,,,,,,,,,,
,Other Than Home University Seats,,,,,,,,,,,,,,,,
Other Than Home University Seats Allotted to Other Than Home University Candidates,,,,,,,,,,,,,,,,,
,GSCO, ,GNTDO,,,,,,,,,,,,,,
4900,23781,,,,,,,,,,,,,,,,
Stage-IV, ,,,,,,,,,,,,,,,,
(85.2118788),(10.5199653),,,,,,,,,,,,,,,,
,Legends :, ,"Legends: G-General, L-Ladies, S-State Level Seats ,PWD - Persons with Disabilities,DEF - Defence,PWDR :PWD Common Reserved Seat",,,,,,,,,,,,,,
"DEFR :Defense Common Reserved Seat ,* Maharashtra State Seats - Cut Off Indicates State General Merit No. ; Figures in bracket Indicates Merit Score",,,,,,,,,,,,,,,,,
,Page 97 of 186,,,,,,,,,,,,,,,,
GOVERNMENT OF MAHARASHTRA,,,,,,,,,,,,,,,,,
,"Directorate of Technical Education, Maharashtra State, Mumbai.",,,,,,,,,,,,,,,,
,Cut Off List for Maharashtra & Minority Seats of CAP Round-IV for Admission to the First Year Post Graduate Technical Course in Master of Computer Applications (MCA) for the Academic Year 2025-26,,,,,,,,,,,,,,,,
,"5385 - Akole Taluka Education Society,s Agasti Institute of Management, Computer Application & Research, Akole, Ahmednagar",,,,,,,,,,,,,,,,
,0538524110 - Master in Computer Application,,,,,,,,,,,,,,,,
,Status :, ,Un-Aided,,,,,,,,,,,,,,
,Home University Seats,,,,,,,,,,,,,,,,
Home University Seats Allotted to Home University Candidates,,,,,,,,,,,,,,,,,
,GNTAH, ,GNTCH, ,GOBCH, ,GSEBCH,,,,,,,,,,
16968,18549,18638,,,,,,,,,,,,,,,
Stage-IV, ,,,,,,,,,,,,,,,,
(44.5345198),(36.496736),(36.496736),,,,,,,,,,,,,,,
15803,,,,,,,,,,,,,,,,,
,Stage-I, ,,,,,,,,,,,,,,,
(49.3533426),,,,,,,,,,,,,,,,,
,Other Than Home University Seats,,,,,,,,,,,,,,,,
Other Than Home University Seats Allotted to Other Than Home University Candidates,,,,,,,,,,,,,,,,,
,GNTCO, ,GSEBCO,,,,,,,,,,,,,,
23836,22681,,,,,,,,,,,,,,,,
Stage-IV, ,,,,,,,,,,,,,,,,
(10.5199653),(16.9789978),,,,,,,,,,,,,,,,
,Legends :, ,"Legends: G-General, L-Ladies, S-State Level Seats ,PWD - Persons with Disabilities,DEF - Defence,PWDR :PWD Common Reserved Seat",,,,,,,,,,,,,,
"DEFR :Defense Common Reserved Seat ,* Maharashtra State Seats - Cut Off Indicates State General Merit No. ; Figures in bracket Indicates Merit Score",,,,,,,,,,,,,,,,,
,Page 98 of 186,,,,,,,,,,,,,,,,
GOVERNMENT OF MAHARASHTRA,,,,,,,,,,,,,,,,,
,"Directorate of Technical Education, Maharashtra State, Mumbai.",,,,,,,,,,,,,,,,
,Cut Off List for Maharashtra & Minority Seats of CAP Round-IV for Admission to the First Year Post Graduate Technical Course in Master of Computer Applications (MCA) for the Academic Year 2025-26,,,,,,,,,,,,,,,,
,"5386 - Dr. B.V. Hiray College of Management & Research Centre, Malegaon.",,,,,,,,,,,,,,,,
,0538624110 - Master in Computer Application,,,,,,,,,,,,,,,,
,Status :, ,Un-Aided,,,,,,,,,,,,,,
,Other Than Home University Seats,,,,,,,,,,,,,,,,
Other Than Home University Seats Allotted to Other Than Home University Candidates,,,,,,,,,,,,,,,,,
,GNTCO,,,,,,,,,,,,,,,,
15937,,,,,,,,,,,,,,,,,
Stage-IV, ,,,,,,,,,,,,,,,,
(46.3793819),,,,,,,,,,,,,,,,,
,Legends :, ,"Legends: G-General, L-Ladies, S-State Level Seats ,PWD - Persons with Disabilities,DEF - Defence,PWDR :PWD Common Reserved Seat",,,,,,,,,,,,,,
"DEFR :Defense Common Reserved Seat ,* Maharashtra State Seats - Cut Off Indicates State General Merit No. ; Figures in bracket Indicates Merit Score",,,,,,,,,,,,,,,,,
,Page 99 of 186,,,,,,,,,,,,,,,,
GOVERNMENT OF MAHARASHTRA,,,,,,,,,,,,,,,,,
,"Directorate of Technical Education, Maharashtra State, Mumbai.",,,,,,,,,,,,,,,,
,Cut Off List for Maharashtra & Minority Seats of CAP Round-IV for Admission to the First Year Post Graduate Technical Course in Master of Computer Applications (MCA) for the Academic Year 2025-26,,,,,,,,,,,,,,,,
,"5509 - Shri Swami Samarth Institute of Management and Technology, Malwadi-Bota",,,,,,,,,,,,,,,,
,0550924110 - Master in Computer Application,,,,,,,,,,,,,,,,
,Status :, ,Un-Aided,,,,,,,,,,,,,,
,Home University Seats,,,,,,,,,,,,,,,,
Home University Seats Allotted to Home University Candidates,,,,,,,,,,,,,,,,,
,GOPENH, ,GSCH, ,GSTH, ,GNTBH, ,GNTCH, ,GOBCH, ,PWDOPENH,,,,
15990,17266,23012,20990,16920,,,,,,,,,,,,,
Stage-I, ,,,,,,,,,,,,,,,,
(46.3793819),(41.4550394),(15.5994113),(25.4779232),(44.5345198),,,,,,,,,,,,,
17639,17173,17520,,,,,,,,,,,,,,,
,Stage-IV, ,,,,,,,,,,,,,,,
(41.4550394),(41.4550394),(41.4550394),,,,,,,,,,,,,,,
16122,,,,,,,,,,,,,,,,,
,I-Non PWD / DEF, ,,,,,,,,,,,,,,,
(46.3793819),,,,,,,,,,,,,,,,,
,Other Than Home University Seats,,,,,,,,,,,,,,,,
Other Than Home University Seats Allotted to Other Than Home University Candidates,,,,,,,,,,,,,,,,,
,GSCO, ,GSTO, ,GNTAO, ,GOBCO,,,,,,,,,,
19801,17149,18455,,,,,,,,,,,,,,,
Stage-IV, ,,,,,,,,,,,,,,,,
(31.6629561),(41.4550394),(36.496736),,,,,,,,,,,,,,,
13504,,,,,,,,,,,,,,,,,
,Stage-I, ,,,,,,,,,,,,,,,
(56.5488095),,,,,,,,,,,,,,,,,
,Legends :, ,"Legends: G-General, L-Ladies, S-State Level Seats ,PWD - Persons with Disabilities,DEF - Defence,PWDR :PWD Common Reserved Seat",,,,,,,,,,,,,,
"DEFR :Defense Common Reserved Seat ,* Maharashtra State Seats - Cut Off Indicates State General Merit No. ; Figures in bracket Indicates Merit Score",,,,,,,,,,,,,,,,,
,Page 100 of 186,,,,,,,,,,,,,,,,
GOVERNMENT OF MAHARASHTRA,,,,,,,,,,,,,,,,,
,"Directorate of Technical Education, Maharashtra State, Mumbai.",,,,,,,,,,,,,,,,
,Cut Off List for Maharashtra & Minority Seats of CAP Round-IV for Admission to the First Year Post Graduate Technical Course in Master of Computer Applications (MCA) for the Academic Year 2025-26,,,,,,,,,,,,,,,,
,5550 - BHUSAWAL ARTS SCIENCE AND P O NAHATA COMMERCE COLLEGE BHUSAWAL,,,,,,,,,,,,,,,,
,0555024170U - Master in Computer Application,,,,,,,,,,,,,,,,
,Status :, ,Un-Aided,,,,,,,,,,,,,,
,Home University Seats,,,,,,,,,,,,,,,,
Home University Seats Allotted to Home University Candidates,,,,,,,,,,,,,,,,,
,GSTH, ,GNTBH, ,GSEBCH,,,,,,,,,,,,
17879,17822,,,,,,,,,,,,,,,,
Stage-IV, ,,,,,,,,,,,,,,,,
(39.3989669),(39.3989669),,,,,,,,,,,,,,,,
20170,,,,,,,,,,,,,,,,,
,Stage-I, ,,,,,,,,,,,,,,,
(29.9046039),,,,,,,,,,,,,,,,,
,Other Than Home University Seats,,,,,,,,,,,,,,,,
Other Than Home University Seats Allotted to Other Than Home University Candidates,,,,,,,,,,,,,,,,,
,GOPENO,,,,,,,,,,,,,,,,
11105,,,,,,,,,,,,,,,,,
Stage-I, ,,,,,,,,,,,,,,,,
(65.8578922),,,,,,,,,,,,,,,,,
,Other Than Home University Seats Allotted to Home University Candidates,,,,,,,,,,,,,,,,
,GSCO, ,GOBCO, ,GSEBCO,,,,,,,,,,,,
18794,18539,,,,,,,,,,,,,,,,
Stage-IV, ,,,,,,,,,,,,,,,,
(36.496736),(36.496736),,,,,,,,,,,,,,,,
18407,,,,,,,,,,,,,,,,,
,Stage-I, ,,,,,,,,,,,,,,,
(36.496736),,,,,,,,,,,,,,,,,
,State Level Seats,,,,,,,,,,,,,,,,
,TFWS,,,,,,,,,,,,,,,,
21684,,,,,,,,,,,,,,,,,
Stage-I, ,,,,,,,,,,,,,,,,
(21.0059952),,,,,,,,,,,,,,,,,
,Legends :, ,"Legends: G-General, L-Ladies, S-State Level Seats ,PWD - Persons with Disabilities,DEF - Defence,PWDR :PWD Common Reserved Seat",,,,,,,,,,,,,,
"DEFR :Defense Common Reserved Seat ,* Maharashtra State Seats - Cut Off Indicates State General Merit No. ; Figures in bracket Indicates Merit Score",,,,,,,,,,,,,,,,,
,Page 101 of 186,,,,,,,,,,,,,,,,
GOVERNMENT OF MAHARASHTRA,,,,,,,,,,,,,,,,,
,"Directorate of Technical Education, Maharashtra State, Mumbai.",,,,,,,,,,,,,,,,
,Cut Off List for Maharashtra & Minority Seats of CAP Round-IV for Admission to the First Year Post Graduate Technical Course in Master of Computer Applications (MCA) for the Academic Year 2025-26,,,,,,,,,,,,,,,,
,5556 - DADASAHEB DR.SURESH G.PATIL COLLEGE CHOPDA,,,,,,,,,,,,,,,,
,0555624170U - Master in Computer Application,,,,,,,,,,,,,,,,
,Status :, ,Un-Aided,,,,,,,,,,,,,,
,State Level Seats,,,,,,,,,,,,,,,,
,EWS,,,,,,,,,,,,,,,,
21439,,,,,,,,,,,,,,,,,
Stage-I, ,,,,,,,,,,,,,,,,
(23.1010151),,,,,,,,,,,,,,,,,
,Legends :, ,"Legends: G-General, L-Ladies, S-State Level Seats ,PWD - Persons with Disabilities,DEF - Defence,PWDR :PWD Common Reserved Seat",,,,,,,,,,,,,,
"DEFR :Defense Common Reserved Seat ,* Maharashtra State Seats - Cut Off Indicates State General Merit No. ; Figures in bracket Indicates Merit Score",,,,,,,,,,,,,,,,,
,Page 102 of 186,,,,,,,,,,,,,,,,
GOVERNMENT OF MAHARASHTRA,,,,,,,,,,,,,,,,,
,"Directorate of Technical Education, Maharashtra State, Mumbai.",,,,,,,,,,,,,,,,
,Cut Off List for Maharashtra & Minority Seats of CAP Round-IV for Admission to the First Year Post Graduate Technical Course in Master of Computer Applications (MCA) for the Academic Year 2025-26,,,,,,,,,,,,,,,,
,5569 - SHRI SHIVAJI VIDYA PRASARAK SANSTHA L.K.DR.P.R.GHOGREY SCIENCE COLLEGE DHULE,,,,,,,,,,,,,,,,
,0556924170U - Master in Computer Application,,,,,,,,,,,,,,,,
,Status :, ,Un-Aided,,,,,,,,,,,,,,
,Home University Seats,,,,,,,,,,,,,,,,
Home University Seats Allotted to Home University Candidates,,,,,,,,,,,,,,,,,
,GOPENH, ,GNTBH,,,,,,,,,,,,,,
10907,18571,,,,,,,,,,,,,,,,
Stage-I, ,,,,,,,,,,,,,,,,
(65.8578922),(36.496736),,,,,,,,,,,,,,,,
,Other Than Home University Seats,,,,,,,,,,,,,,,,
Other Than Home University Seats Allotted to Other Than Home University Candidates,,,,,,,,,,,,,,,,,
,GOPENO,,,,,,,,,,,,,,,,
20371,,,,,,,,,,,,,,,,,
Stage-I, ,,,,,,,,,,,,,,,,
(27.2744425),,,,,,,,,,,,,,,,,
,Other Than Home University Seats Allotted to Home University Candidates,,,,,,,,,,,,,,,,
,GOPENO, ,GSTO, ,GNTCO,,,,,,,,,,,,
15373,,,,,,,,,,,,,,,,,
Stage-I, ,,,,,,,,,,,,,,,,
(49.3533426),,,,,,,,,,,,,,,,,
15501,15394,,,,,,,,,,,,,,,,
,Stage-IV, ,,,,,,,,,,,,,,,
(49.3533426),(49.3533426),,,,,,,,,,,,,,,,
,State Level Seats,,,,,,,,,,,,,,,,
,EWS,,,,,,,,,,,,,,,,
16520,,,,,,,,,,,,,,,,,
Stage-I, ,,,,,,,,,,,,,,,,
(44.5345198),,,,,,,,,,,,,,,,,
,Legends :, ,"Legends: G-General, L-Ladies, S-State Level Seats ,PWD - Persons with Disabilities,DEF - Defence,PWDR :PWD Common Reserved Seat",,,,,,,,,,,,,,
"DEFR :Defense Common Reserved Seat ,* Maharashtra State Seats - Cut Off Indicates State General Merit No. ; Figures in bracket Indicates Merit Score",,,,,,,,,,,,,,,,,
,Page 103 of 186,,,,,,,,,,,,,,,,
GOVERNMENT OF MAHARASHTRA,,,,,,,,,,,,,,,,,
,"Directorate of Technical Education, Maharashtra State, Mumbai.",,,,,,,,,,,,,,,,
,Cut Off List for Maharashtra & Minority Seats of CAP Round-IV for Admission to the First Year Post Graduate Technical Course in Master of Computer Applications (MCA) for the Academic Year 2025-26,,,,,,,,,,,,,,,,
,5597 - VAMANRAO ITHAPE COLLEGE OF ENGINEERING AND MANAGEMENT,,,,,,,,,,,,,,,,
,0559724110 - Master in Computer Application,,,,,,,,,,,,,,,,
,Status :, ,Un-Aided,,,,,,,,,,,,,,
,Home University Seats,,,,,,,,,,,,,,,,
Home University Seats Allotted to Home University Candidates,,,,,,,,,,,,,,,,,
,GNTCH, ,GOBCH,,,,,,,,,,,,,,
19045,17797,,,,,,,,,,,,,,,,
Stage-I, ,,,,,,,,,,,,,,,,
(34.5198145),(39.3989669),,,,,,,,,,,,,,,,
,Other Than Home University Seats,,,,,,,,,,,,,,,,
Other Than Home University Seats Allotted to Other Than Home University Candidates,,,,,,,,,,,,,,,,,
,GOPENO, ,GSCO, ,GSEBCO,,,,,,,,,,,,
21581,,,,,,,,,,,,,,,,,
Stage-I, ,,,,,,,,,,,,,,,,
(23.1010151),,,,,,,,,,,,,,,,,
24670,25400,,,,,,,,,,,,,,,,
,Stage-IV, ,,,,,,,,,,,,,,,
(5.5960152),(0.8710079),,,,,,,,,,,,,,,,
,State Level Seats,,,,,,,,,,,,,,,,
,EWS,,,,,,,,,,,,,,,,
8832,,,,,,,,,,,,,,,,,
Stage-I, ,,,,,,,,,,,,,,,,
(73.5368477),,,,,,,,,,,,,,,,,
,Legends :, ,"Legends: G-General, L-Ladies, S-State Level Seats ,PWD - Persons with Disabilities,DEF - Defence,PWDR :PWD Common Reserved Seat",,,,,,,,,,,,,,
"DEFR :Defense Common Reserved Seat ,* Maharashtra State Seats - Cut Off Indicates State General Merit No. ; Figures in bracket Indicates Merit Score",,,,,,,,,,,,,,,,,
,Page 104 of 186,,,,,,,,,,,,,,,,
GOVERNMENT OF MAHARASHTRA,,,,,,,,,,,,,,,,,
,"Directorate of Technical Education, Maharashtra State, Mumbai.",,,,,,,,,,,,,,,,
,Cut Off List for Maharashtra & Minority Seats of CAP Round-IV for Admission to the First Year Post Graduate Technical Course in Master of Computer Applications (MCA) for the Academic Year 2025-26,,,,,,,,,,,,,,,,
,5619 - COMMERCE MANAGEMENT AND COMPUTER SCIENCE COLLEGE,,,,,,,,,,,,,,,,
,0561924110 - Master in Computer Application,,,,,,,,,,,,,,,,
,Status :, ,Un-Aided,,,,,,,,,,,,,,
,Home University Seats,,,,,,,,,,,,,,,,
Home University Seats Allotted to Home University Candidates,,,,,,,,,,,,,,,,,
,GOPENH, ,GSCH, ,GNTDH, ,GOBCH, ,GSEBCH,,,,,,,,
13332,21828,18615,,,,,,,,,,,,,,,
Stage-I, ,,,,,,,,,,,,,,,,
(58.7911466),(21.0059952),(36.496736),,,,,,,,,,,,,,,
13799,17989,,,,,,,,,,,,,,,,
,Stage-IV, ,,,,,,,,,,,,,,,
(56.5488095),(39.3989669),,,,,,,,,,,,,,,,
,Other Than Home University Seats,,,,,,,,,,,,,,,,
Other Than Home University Seats Allotted to Other Than Home University Candidates,,,,,,,,,,,,,,,,,
,GOPENO, ,GSCO, ,GSEBCO,,,,,,,,,,,,
20299,,,,,,,,,,,,,,,,,
Stage-I, ,,,,,,,,,,,,,,,,
(29.9046039),,,,,,,,,,,,,,,,,
20444,20358,,,,,,,,,,,,,,,,
,Stage-IV, ,,,,,,,,,,,,,,,
(27.2744425),(27.2744425),,,,,,,,,,,,,,,,
,State Level Seats,,,,,,,,,,,,,,,,
,TFWS,,,,,,,,,,,,,,,,
21813,,,,,,,,,,,,,,,,,
Stage-I, ,,,,,,,,,,,,,,,,
(21.0059952),,,,,,,,,,,,,,,,,
,Legends :, ,"Legends: G-General, L-Ladies, S-State Level Seats ,PWD - Persons with Disabilities,DEF - Defence,PWDR :PWD Common Reserved Seat",,,,,,,,,,,,,,
"DEFR :Defense Common Reserved Seat ,* Maharashtra State Seats - Cut Off Indicates State General Merit No. ; Figures in bracket Indicates Merit Score",,,,,,,,,,,,,,,,,
,Page 105 of 186,,,,,,,,,,,,,,,,
GOVERNMENT OF MAHARASHTRA,,,,,,,,,,,,,,,,,
,"Directorate of Technical Education, Maharashtra State, Mumbai.",,,,,,,,,,,,,,,,
,Cut Off List for Maharashtra & Minority Seats of CAP Round-IV for Admission to the First Year Post Graduate Technical Course in Master of Computer Applications (MCA) for the Academic Year 2025-26,,,,,,,,,,,,,,,,
,5665 - Vidya Niketan Institute of Management And Computer Applications,,,,,,,,,,,,,,,,
,0566524210 - Master of Computer Applications,,,,,,,,,,,,,,,,
,Status :, ,Un-Aided,,,,,,,,,,,,,,
,Home University Seats,,,,,,,,,,,,,,,,
Home University Seats Allotted to Home University Candidates,,,,,,,,,,,,,,,,,
,GOPENH, ,GSCH, ,GSTH, ,GNTBH, ,GOBCH,,,,,,,,
16108,17476,,,,,,,,,,,,,,,,
Stage-I, ,,,,,,,,,,,,,,,,
(46.3793819),(41.4550394),,,,,,,,,,,,,,,,
17814,16885,17435,,,,,,,,,,,,,,,
,Stage-IV, ,,,,,,,,,,,,,,,
(39.3989669),(44.5345198),(41.4550394),,,,,,,,,,,,,,,
,Other Than Home University Seats,,,,,,,,,,,,,,,,
Other Than Home University Seats Allotted to Other Than Home University Candidates,,,,,,,,,,,,,,,,,
,GOPENO, ,GSCO, ,GSTO, ,GNTAO, ,GOBCO, ,GSEBCO,,,,,,
15304,19743,25142,,,,,,,,,,,,,,,
Stage-I, ,,,,,,,,,,,,,,,,
(49.3533426),(31.6629561),(2.8640429),,,,,,,,,,,,,,,
19937,22301,24387,,,,,,,,,,,,,,,
,Stage-IV, ,,,,,,,,,,,,,,,
(29.9046039),(19.1539942),(7.4072677),,,,,,,,,,,,,,,
,Legends :, ,"Legends: G-General, L-Ladies, S-State Level Seats ,PWD - Persons with Disabilities,DEF - Defence,PWDR :PWD Common Reserved Seat",,,,,,,,,,,,,,
"DEFR :Defense Common Reserved Seat ,* Maharashtra State Seats - Cut Off Indicates State General Merit No. ; Figures in bracket Indicates Merit Score",,,,,,,,,,,,,,,,,
,Page 106 of 186,,,,,,,,,,,,,,,,
GOVERNMENT OF MAHARASHTRA,,,,,,,,,,,,,,,,,
,"Directorate of Technical Education, Maharashtra State, Mumbai.",,,,,,,,,,,,,,,,
,Cut Off List for Maharashtra & Minority Seats of CAP Round-IV for Admission to the First Year Post Graduate Technical Course in Master of Computer Applications (MCA) for the Academic Year 2025-26,,,,,,,,,,,,,,,,
,"6005 - Government College of Engineering, Karad",,,,,,,,,,,,,,,,
,0600524110 - Master in Computer Application,,,,,,,,,,,,,,,,
,Status :, ,Government-Autonomous,,,,,,,,,,,,,,
,Home University Seats,,,,,,,,,,,,,,,,
Home University Seats Allotted to Home University Candidates,,,,,,,,,,,,,,,,,
,GSCH,,,,,,,,,,,,,,,,
9374,,,,,,,,,,,,,,,,,
Stage-I, ,,,,,,,,,,,,,,,,
(71.1549338),,,,,,,,,,,,,,,,,
,Legends :, ,"Legends: G-General, L-Ladies, S-State Level Seats ,PWD - Persons with Disabilities,DEF - Defence,PWDR :PWD Common Reserved Seat",,,,,,,,,,,,,,
"DEFR :Defense Common Reserved Seat ,* Maharashtra State Seats - Cut Off Indicates State General Merit No. ; Figures in bracket Indicates Merit Score",,,,,,,,,,,,,,,,,
,Page 107 of 186,,,,,,,,,,,,,,,,
GOVERNMENT OF MAHARASHTRA,,,,,,,,,,,,,,,,,
,"Directorate of Technical Education, Maharashtra State, Mumbai.",,,,,,,,,,,,,,,,
,Cut Off List for Maharashtra & Minority Seats of CAP Round-IV for Admission to the First Year Post Graduate Technical Course in Master of Computer Applications (MCA) for the Academic Year 2025-26,,,,,,,,,,,,,,,,
,"6029 - Yashwantrao Chavan School of Rural Development, Kolhapur",,,,,,,,,,,,,,,,
,0602924110 - Master in Computer Application,,,,,,,,,,,,,,,,
,Status :, ,University Department,,,,,,,,,,,,,,
,Home University Seats,,,,,,,,,,,,,,,,
Home University Seats Allotted to Home University Candidates,,,,,,,,,,,,,,,,,
,GOPENH, ,GSCH, ,GSTH, ,GNTCH, ,GOBCH, ,GSEBCH,,,,,,
11858,21026,21231,12514,,,,,,,,,,,,,,
Stage-I, ,,,,,,,,,,,,,,,,
(63.1574978),(25.4779232),(25.4779232),(61.2807064),,,,,,,,,,,,,,
13348,12597,,,,,,,,,,,,,,,,
,Stage-IV, ,,,,,,,,,,,,,,,
(58.7911466),(61.2807064),,,,,,,,,,,,,,,,
,Other Than Home University Seats,,,,,,,,,,,,,,,,
Other Than Home University Seats Allotted to Other Than Home University Candidates,,,,,,,,,,,,,,,,,
,GNTCO,,,,,,,,,,,,,,,,
22262,,,,,,,,,,,,,,,,,
Stage-IV, ,,,,,,,,,,,,,,,,
(19.1539942),,,,,,,,,,,,,,,,,
,Other Than Home University Seats Allotted to Home University Candidates,,,,,,,,,,,,,,,,
,GSEBCO,,,,,,,,,,,,,,,,
12616,,,,,,,,,,,,,,,,,
Stage-I, ,,,,,,,,,,,,,,,,
(61.2807064),,,,,,,,,,,,,,,,,
,State Level Seats,,,,,,,,,,,,,,,,
,EWS,,,,,,,,,,,,,,,,
18192,,,,,,,,,,,,,,,,,
Stage-I, ,,,,,,,,,,,,,,,,
(39.3989669),,,,,,,,,,,,,,,,,
,Legends :, ,"Legends: G-General, L-Ladies, S-State Level Seats ,PWD - Persons with Disabilities,DEF - Defence,PWDR :PWD Common Reserved Seat",,,,,,,,,,,,,,
"DEFR :Defense Common Reserved Seat ,* Maharashtra State Seats - Cut Off Indicates State General Merit No. ; Figures in bracket Indicates Merit Score",,,,,,,,,,,,,,,,,
,Page 108 of 186,,,,,,,,,,,,,,,,
GOVERNMENT OF MAHARASHTRA,,,,,,,,,,,,,,,,,
,"Directorate of Technical Education, Maharashtra State, Mumbai.",,,,,,,,,,,,,,,,
,Cut Off List for Maharashtra & Minority Seats of CAP Round-IV for Admission to the First Year Post Graduate Technical Course in Master of Computer Applications (MCA) for the Academic Year 2025-26,,,,,,,,,,,,,,,,
,"6031 - Punyashlok Ahilyadevi Holkar Solapur University, Solapur",,,,,,,,,,,,,,,,
,0603124110 - Master in Computer Application,,,,,,,,,,,,,,,,
,Status :, ,University Managed,,,,,,,,,,,,,,
,Other Than Home University Seats,,,,,,,,,,,,,,,,
Other Than Home University Seats Allotted to Other Than Home University Candidates,,,,,,,,,,,,,,,,,
,GOPENO, ,GSCO, ,GSTO, ,GNTAO,,,,,,,,,,
23193,,,,,,,,,,,,,,,,,
Stage-I, ,,,,,,,,,,,,,,,,
(13.5402134),,,,,,,,,,,,,,,,,
23301,23536,25239,,,,,,,,,,,,,,,
,Stage-IV, ,,,,,,,,,,,,,,,
(13.5402134),(12.4750009),(2.0301121),,,,,,,,,,,,,,,
,Other Than Home University Seats Allotted to Home University Candidates,,,,,,,,,,,,,,,,
,GOBCO, ,GSEBCO,,,,,,,,,,,,,,
4876,17788,,,,,,,,,,,,,,,,
Stage-I, ,,,,,,,,,,,,,,,,
(85.2118788),(39.3989669),,,,,,,,,,,,,,,,
14749,,,,,,,,,,,,,,,,,
,Stage-IV, ,,,,,,,,,,,,,,,
(51.4093808),,,,,,,,,,,,,,,,,
,State Level Seats,,,,,,,,,,,,,,,,
,TFWS,,,,,,,,,,,,,,,,
4334,,,,,,,,,,,,,,,,,
Stage-I, ,,,,,,,,,,,,,,,,
(87.2080299),,,,,,,,,,,,,,,,,
,Legends :, ,"Legends: G-General, L-Ladies, S-State Level Seats ,PWD - Persons with Disabilities,DEF - Defence,PWDR :PWD Common Reserved Seat",,,,,,,,,,,,,,
"DEFR :Defense Common Reserved Seat ,* Maharashtra State Seats - Cut Off Indicates State General Merit No. ; Figures in bracket Indicates Merit Score",,,,,,,,,,,,,,,,,
,Page 109 of 186,,,,,,,,,,,,,,,,
GOVERNMENT OF MAHARASHTRA,,,,,,,,,,,,,,,,,
,"Directorate of Technical Education, Maharashtra State, Mumbai.",,,,,,,,,,,,,,,,
,Cut Off List for Maharashtra & Minority Seats of CAP Round-IV for Admission to the First Year Post Graduate Technical Course in Master of Computer Applications (MCA) for the Academic Year 2025-26,,,,,,,,,,,,,,,,
,"6033 - Department of Computer Science, Savitribai Phule Pune University, Pune",,,,,,,,,,,,,,,,
,0603324110 - Master in Computer Application,,,,,,,,,,,,,,,,
,Status :, ,University Department,,,,,,,,,,,,,,
,Home University Seats,,,,,,,,,,,,,,,,
Home University Seats Allotted to Home University Candidates,,,,,,,,,,,,,,,,,
,GOBCH,,,,,,,,,,,,,,,,
756,,,,,,,,,,,,,,,,,
Stage-I, ,,,,,,,,,,,,,,,,
(97.390747),,,,,,,,,,,,,,,,,
,Legends :, ,"Legends: G-General, L-Ladies, S-State Level Seats ,PWD - Persons with Disabilities,DEF - Defence,PWDR :PWD Common Reserved Seat",,,,,,,,,,,,,,
"DEFR :Defense Common Reserved Seat ,* Maharashtra State Seats - Cut Off Indicates State General Merit No. ; Figures in bracket Indicates Merit Score",,,,,,,,,,,,,,,,,
,Page 110 of 186,,,,,,,,,,,,,,,,
GOVERNMENT OF MAHARASHTRA,,,,,,,,,,,,,,,,,
,"Directorate of Technical Education, Maharashtra State, Mumbai.",,,,,,,,,,,,,,,,
,Cut Off List for Maharashtra & Minority Seats of CAP Round-IV for Admission to the First Year Post Graduate Technical Course in Master of Computer Applications (MCA) for the Academic Year 2025-26,,,,,,,,,,,,,,,,
,"6120 - Shri. Khanderai Pratishthans Dnyansagar Institute of Management and Research, Balewadi, Pune",,,,,,,,,,,,,,,,
,0612024110 - Master in Computer Application,,,,,,,,,,,,,,,,
,Status :, ,Un-Aided,,,,,,,,,,,,,,
,Home University Seats,,,,,,,,,,,,,,,,
Home University Seats Allotted to Home University Candidates,,,,,,,,,,,,,,,,,
,GOPENH, ,GSCH, ,GSTH, ,GOBCH, ,GSEBCH, ,PWDOPENH,,,,,,
7171,23663,15555,20563,,,,,,,,,,,,,,
Stage-I, ,,,,,,,,,,,,,,,,
(77.8251197),(12.4750009),(49.3533426),(27.2744425),,,,,,,,,,,,,,
12150,,,,,,,,,,,,,,,,,
,Stage-IV, ,,,,,,,,,,,,,,,
(61.2807064),,,,,,,,,,,,,,,,,
10743,,,,,,,,,,,,,,,,,
,I-Non PWD / DEF, ,,,,,,,,,,,,,,,
(67.3579428),,,,,,,,,,,,,,,,,
,Home University Seats Allotted to Other Than Home University Candidates,,,,,,,,,,,,,,,,
,GSCH,,,,,,,,,,,,,,,,
15913,,,,,,,,,,,,,,,,,
Stage-I, ,,,,,,,,,,,,,,,,
(46.3793819),,,,,,,,,,,,,,,,,
,Other Than Home University Seats,,,,,,,,,,,,,,,,
Other Than Home University Seats Allotted to Other Than Home University Candidates,,,,,,,,,,,,,,,,,
,GOPENO, ,GSCO, ,GSTO, ,GNTAO, ,GNTCO, ,GOBCO,,,,,,
10181,12882,12093,10431,,,,,,,,,,,,,,
Stage-I, ,,,,,,,,,,,,,,,,
(69.7143504),(58.7911466),(61.2807064),(67.3579428),,,,,,,,,,,,,,
10563,10879,,,,,,,,,,,,,,,,
,Stage-IV, ,,,,,,,,,,,,,,,
(67.3579428),(65.8578922),,,,,,,,,,,,,,,,
,State Level Seats,,,,,,,,,,,,,,,,
,TFWS,,,,,,,,,,,,,,,,
2427,,,,,,,,,,,,,,,,,
Stage-I, ,,,,,,,,,,,,,,,,
(92.3361383),,,,,,,,,,,,,,,,,
,Legends :, ,"Legends: G-General, L-Ladies, S-State Level Seats ,PWD - Persons with Disabilities,DEF - Defence,PWDR :PWD Common Reserved Seat",,,,,,,,,,,,,,
"DEFR :Defense Common Reserved Seat ,* Maharashtra State Seats - Cut Off Indicates State General Merit No. ; Figures in bracket Indicates Merit Score",,,,,,,,,,,,,,,,,
,Page 111 of 186,,,,,,,,,,,,,,,,
GOVERNMENT OF MAHARASHTRA,,,,,,,,,,,,,,,,,
,"Directorate of Technical Education, Maharashtra State, Mumbai.",,,,,,,,,,,,,,,,
,Cut Off List for Maharashtra & Minority Seats of CAP Round-IV for Admission to the First Year Post Graduate Technical Course in Master of Computer Applications (MCA) for the Academic Year 2025-26,,,,,,,,,,,,,,,,
,"6129 - Jayawant Shikshan Prasarak Mandal's Jayawant Institute of Management Studies, Tathawade Pune-411033",,,,,,,,,,,,,,,,
,0612924110 - Master in Computer Application,,,,,,,,,,,,,,,,
,Status :, ,Un-Aided,,,,,,,,,,,,,,
,Other Than Home University Seats,,,,,,,,,,,,,,,,
Other Than Home University Seats Allotted to Other Than Home University Candidates,,,,,,,,,,,,,,,,,
,GNTAO, ,GOBCO,,,,,,,,,,,,,,
4389,1493,,,,,,,,,,,,,,,,
Stage-I, ,,,,,,,,,,,,,,,,
(87.2080299),(94.6454851),,,,,,,,,,,,,,,,
,Legends :, ,"Legends: G-General, L-Ladies, S-State Level Seats ,PWD - Persons with Disabilities,DEF - Defence,PWDR :PWD Common Reserved Seat",,,,,,,,,,,,,,
"DEFR :Defense Common Reserved Seat ,* Maharashtra State Seats - Cut Off Indicates State General Merit No. ; Figures in bracket Indicates Merit Score",,,,,,,,,,,,,,,,,
,Page 112 of 186,,,,,,,,,,,,,,,,
GOVERNMENT OF MAHARASHTRA,,,,,,,,,,,,,,,,,
,"Directorate of Technical Education, Maharashtra State, Mumbai.",,,,,,,,,,,,,,,,
,Cut Off List for Maharashtra & Minority Seats of CAP Round-IV for Admission to the First Year Post Graduate Technical Course in Master of Computer Applications (MCA) for the Academic Year 2025-26,,,,,,,,,,,,,,,,
,"6137 - Vidya Pratishthan Institute of Information Technology, Baramati, Pune",,,,,,,,,,,,,,,,
,0613724110 - Master in Computer Application,,,,,,,,,,,,,,,,
,Status :, ,Un-Aided,,,,,,,,,,,,,,
,Other Than Home University Seats,,,,,,,,,,,,,,,,
Other Than Home University Seats Allotted to Other Than Home University Candidates,,,,,,,,,,,,,,,,,
,GSCO, ,GSTO, ,GSEBCO,,,,,,,,,,,,
13311,12057,,,,,,,,,,,,,,,,
Stage-I, ,,,,,,,,,,,,,,,,
(58.7911466),(61.2807064),,,,,,,,,,,,,,,,
5135,,,,,,,,,,,,,,,,,
,Stage-IV, ,,,,,,,,,,,,,,,
(85.2118788),,,,,,,,,,,,,,,,,
,Legends :, ,"Legends: G-General, L-Ladies, S-State Level Seats ,PWD - Persons with Disabilities,DEF - Defence,PWDR :PWD Common Reserved Seat",,,,,,,,,,,,,,
"DEFR :Defense Common Reserved Seat ,* Maharashtra State Seats - Cut Off Indicates State General Merit No. ; Figures in bracket Indicates Merit Score",,,,,,,,,,,,,,,,,
,Page 113 of 186,,,,,,,,,,,,,,,,
GOVERNMENT OF MAHARASHTRA,,,,,,,,,,,,,,,,,
,"Directorate of Technical Education, Maharashtra State, Mumbai.",,,,,,,,,,,,,,,,
,Cut Off List for Maharashtra & Minority Seats of CAP Round-IV for Admission to the First Year Post Graduate Technical Course in Master of Computer Applications (MCA) for the Academic Year 2025-26,,,,,,,,,,,,,,,,
,"6138 - Genba Sopanrao Moze Trust Parvatibai Genba Moze College of Engineering,Wagholi, Pune",,,,,,,,,,,,,,,,
,0613824110 - Master in Computer Application,,,,,,,,,,,,,,,,
,Status :, ,Un-Aided,,,,,,,,,,,,,,
,Home University Seats,,,,,,,,,,,,,,,,
Home University Seats Allotted to Home University Candidates,,,,,,,,,,,,,,,,,
,GOPENH, ,GNTCH, ,GOBCH,,,,,,,,,,,,
8682,14783,10704,,,,,,,,,,,,,,,
Stage-I, ,,,,,,,,,,,,,,,,
(73.5368477),(51.4093808),(67.3579428),,,,,,,,,,,,,,,
,Other Than Home University Seats,,,,,,,,,,,,,,,,
Other Than Home University Seats Allotted to Other Than Home University Candidates,,,,,,,,,,,,,,,,,
,GSCO, ,GSTO, ,GOBCO,,,,,,,,,,,,
11441,7727,,,,,,,,,,,,,,,,
Stage-I, ,,,,,,,,,,,,,,,,
(63.1574978),(76.9216256),,,,,,,,,,,,,,,,
8521,,,,,,,,,,,,,,,,,
,Stage-IV, ,,,,,,,,,,,,,,,
(73.5368477),,,,,,,,,,,,,,,,,
,State Level Seats,,,,,,,,,,,,,,,,
,TFWS,,,,,,,,,,,,,,,,
4019,,,,,,,,,,,,,,,,,
Stage-I, ,,,,,,,,,,,,,,,,
(87.3496474),,,,,,,,,,,,,,,,,
,Legends :, ,"Legends: G-General, L-Ladies, S-State Level Seats ,PWD - Persons with Disabilities,DEF - Defence,PWDR :PWD Common Reserved Seat",,,,,,,,,,,,,,
"DEFR :Defense Common Reserved Seat ,* Maharashtra State Seats - Cut Off Indicates State General Merit No. ; Figures in bracket Indicates Merit Score",,,,,,,,,,,,,,,,,
,Page 114 of 186,,,,,,,,,,,,,,,,
GOVERNMENT OF MAHARASHTRA,,,,,,,,,,,,,,,,,
,"Directorate of Technical Education, Maharashtra State, Mumbai.",,,,,,,,,,,,,,,,
,Cut Off List for Maharashtra & Minority Seats of CAP Round-IV for Admission to the First Year Post Graduate Technical Course in Master of Computer Applications (MCA) for the Academic Year 2025-26,,,,,,,,,,,,,,,,
,"6139 - Progressive Education Society's Modern College of Engineering, Pune",,,,,,,,,,,,,,,,
,0613924110 - Master in Computer Application,,,,,,,,,,,,,,,,
,Status :, ,Un-Aided-Autonomous,,,,,,,,,,,,,,
,Home University Seats,,,,,,,,,,,,,,,,
Home University Seats Allotted to Home University Candidates,,,,,,,,,,,,,,,,,
,GOBCH,,,,,,,,,,,,,,,,
2502,,,,,,,,,,,,,,,,,
Stage-I, ,,,,,,,,,,,,,,,,
(92.1797821),,,,,,,,,,,,,,,,,
,Other Than Home University Seats,,,,,,,,,,,,,,,,
Other Than Home University Seats Allotted to Other Than Home University Candidates,,,,,,,,,,,,,,,,,
,GOPENO, ,GSCO, ,GSTO, ,GSEBCO,,,,,,,,,,
1424,1456,1784,,,,,,,,,,,,,,,
Stage-I, ,,,,,,,,,,,,,,,,
(95.2942951),(95.2942951),(94.4270578),,,,,,,,,,,,,,,
1431,,,,,,,,,,,,,,,,,
,Stage-IV, ,,,,,,,,,,,,,,,
(95.2942951),,,,,,,,,,,,,,,,,
,Legends :, ,"Legends: G-General, L-Ladies, S-State Level Seats ,PWD - Persons with Disabilities,DEF - Defence,PWDR :PWD Common Reserved Seat",,,,,,,,,,,,,,
"DEFR :Defense Common Reserved Seat ,* Maharashtra State Seats - Cut Off Indicates State General Merit No. ; Figures in bracket Indicates Merit Score",,,,,,,,,,,,,,,,,
,Page 115 of 186,,,,,,,,,,,,,,,,
GOVERNMENT OF MAHARASHTRA,,,,,,,,,,,,,,,,,
,"Directorate of Technical Education, Maharashtra State, Mumbai.",,,,,,,,,,,,,,,,
,Cut Off List for Maharashtra & Minority Seats of CAP Round-IV for Admission to the First Year Post Graduate Technical Course in Master of Computer Applications (MCA) for the Academic Year 2025-26,,,,,,,,,,,,,,,,
,"6140 - Dnyan Kala Krida & Krishi Prathishtan's Maharashtra Institute of Management, Kalamb, Pune",,,,,,,,,,,,,,,,
,0614024110 - Master in Computer Application,,,,,,,,,,,,,,,,
,Status :, ,Un-Aided,,,,,,,,,,,,,,
,Home University Seats,,,,,,,,,,,,,,,,
Home University Seats Allotted to Home University Candidates,,,,,,,,,,,,,,,,,
,GOPENH, ,GSCH, ,GSTH, ,GNTAH, ,GOBCH, ,GSEBCH, ,PWDOPENH,,,,
14082,19617,22161,,,,,,,,,,,,,,,
Stage-I, ,,,,,,,,,,,,,,,,
(53.942159),(31.6629561),(19.1539942),,,,,,,,,,,,,,,
14891,16476,15612,,,,,,,,,,,,,,,
,Stage-IV, ,,,,,,,,,,,,,,,
(51.4093808),(44.5345198),(49.3533426),,,,,,,,,,,,,,,
14211,,,,,,,,,,,,,,,,,
,I-Non PWD / DEF, ,,,,,,,,,,,,,,,
(53.942159),,,,,,,,,,,,,,,,,
,Home University Seats Allotted to Other Than Home University Candidates,,,,,,,,,,,,,,,,
,GSCH,,,,,,,,,,,,,,,,
24433,,,,,,,,,,,,,,,,,
Stage-I, ,,,,,,,,,,,,,,,,
(7.4072677),,,,,,,,,,,,,,,,,
,Other Than Home University Seats,,,,,,,,,,,,,,,,
Other Than Home University Seats Allotted to Other Than Home University Candidates,,,,,,,,,,,,,,,,,
,GOPENO, ,GSCO, ,GSTO, ,GNTBO, ,GNTDO, ,GOBCO, ,GSEBCO,,,,
12695,24263,16836,13290,17764,,,,,,,,,,,,,
Stage-I, ,,,,,,,,,,,,,,,,
(61.2807064),(7.9446476),(44.5345198),(58.7911466),(39.3989669),,,,,,,,,,,,,
13289,13291,,,,,,,,,,,,,,,,
,Stage-IV, ,,,,,,,,,,,,,,,
(58.7911466),(58.7911466),,,,,,,,,,,,,,,,
,Legends :, ,"Legends: G-General, L-Ladies, S-State Level Seats ,PWD - Persons with Disabilities,DEF - Defence,PWDR :PWD Common Reserved Seat",,,,,,,,,,,,,,
"DEFR :Defense Common Reserved Seat ,* Maharashtra State Seats - Cut Off Indicates State General Merit No. ; Figures in bracket Indicates Merit Score",,,,,,,,,,,,,,,,,
,Page 116 of 186,,,,,,,,,,,,,,,,
GOVERNMENT OF MAHARASHTRA,,,,,,,,,,,,,,,,,
,"Directorate of Technical Education, Maharashtra State, Mumbai.",,,,,,,,,,,,,,,,
,Cut Off List for Maharashtra & Minority Seats of CAP Round-IV for Admission to the First Year Post Graduate Technical Course in Master of Computer Applications (MCA) for the Academic Year 2025-26,,,,,,,,,,,,,,,,
,"6144 - Genba Sopanrao Moze College of Engineering, Baner-Balewadi, Pune",,,,,,,,,,,,,,,,
,0614424110 - Master in Computer Application,,,,,,,,,,,,,,,,
,Status :, ,Un-Aided,,,,,,,,,,,,,,
,Home University Seats,,,,,,,,,,,,,,,,
Home University Seats Allotted to Home University Candidates,,,,,,,,,,,,,,,,,
,GOPENH, ,GSCH, ,GNTCH, ,GOBCH,,,,,,,,,,
5154,13805,17456,11011,,,,,,,,,,,,,,
Stage-I, ,,,,,,,,,,,,,,,,
(85.2118788),(56.5488095),(41.4550394),(65.8578922),,,,,,,,,,,,,,
,Legends :, ,"Legends: G-General, L-Ladies, S-State Level Seats ,PWD - Persons with Disabilities,DEF - Defence,PWDR :PWD Common Reserved Seat",,,,,,,,,,,,,,
"DEFR :Defense Common Reserved Seat ,* Maharashtra State Seats - Cut Off Indicates State General Merit No. ; Figures in bracket Indicates Merit Score",,,,,,,,,,,,,,,,,
,Page 117 of 186,,,,,,,,,,,,,,,,
GOVERNMENT OF MAHARASHTRA,,,,,,,,,,,,,,,,,
,"Directorate of Technical Education, Maharashtra State, Mumbai.",,,,,,,,,,,,,,,,
,Cut Off List for Maharashtra & Minority Seats of CAP Round-IV for Admission to the First Year Post Graduate Technical Course in Master of Computer Applications (MCA) for the Academic Year 2025-26,,,,,,,,,,,,,,,,
,"6145 - JSPM'S Jaywantrao Sawant College of Engineering,Pune",,,,,,,,,,,,,,,,
,0614524110 - Master in Computer Application,,,,,,,,,,,,,,,,
,Status :, ,Un-Aided,,,,,,,,,,,,,,
,Home University Seats,,,,,,,,,,,,,,,,
Home University Seats Allotted to Home University Candidates,,,,,,,,,,,,,,,,,
,GOPENH, ,GOBCH, ,PWDOPENH,,,,,,,,,,,,
2357,2741,,,,,,,,,,,,,,,,
Stage-I, ,,,,,,,,,,,,,,,,
(92.3361383),(90.9663786),,,,,,,,,,,,,,,,
2632,,,,,,,,,,,,,,,,,
,I-Non PWD / DEF, ,,,,,,,,,,,,,,,
(92.1797821),,,,,,,,,,,,,,,,,
,Other Than Home University Seats,,,,,,,,,,,,,,,,
Other Than Home University Seats Allotted to Other Than Home University Candidates,,,,,,,,,,,,,,,,,
,GOPENO, ,GSCO, ,GOBCO,,,,,,,,,,,,
1774,3657,2037,,,,,,,,,,,,,,,
Stage-I, ,,,,,,,,,,,,,,,,
(94.4270578),(89.1331398),(93.405226),,,,,,,,,,,,,,,
,State Level Seats,,,,,,,,,,,,,,,,
,EWS, ,TFWS,,,,,,,,,,,,,,
7865,1910,,,,,,,,,,,,,,,,
Stage-I, ,,,,,,,,,,,,,,,,
(76.9216256),(93.5511867),,,,,,,,,,,,,,,,
,Legends :, ,"Legends: G-General, L-Ladies, S-State Level Seats ,PWD - Persons with Disabilities,DEF - Defence,PWDR :PWD Common Reserved Seat",,,,,,,,,,,,,,
"DEFR :Defense Common Reserved Seat ,* Maharashtra State Seats - Cut Off Indicates State General Merit No. ; Figures in bracket Indicates Merit Score",,,,,,,,,,,,,,,,,
,Page 118 of 186,,,,,,,,,,,,,,,,
GOVERNMENT OF MAHARASHTRA,,,,,,,,,,,,,,,,,
,"Directorate of Technical Education, Maharashtra State, Mumbai.",,,,,,,,,,,,,,,,
,Cut Off List for Maharashtra & Minority Seats of CAP Round-IV for Admission to the First Year Post Graduate Technical Course in Master of Computer Applications (MCA) for the Academic Year 2025-26,,,,,,,,,,,,,,,,
,"6152 - Zeal Education Society's Zeal Institute of Business Administration, Computer Application and Research, Pune",,,,,,,,,,,,,,,,
,0615224110 - Master in Computer Application,,,,,,,,,,,,,,,,
,Status :, ,Un-Aided,,,,,,,,,,,,,,
,Home University Seats,,,,,,,,,,,,,,,,
Home University Seats Allotted to Home University Candidates,,,,,,,,,,,,,,,,,
,GOPENH, ,GSCH, ,GSTH, ,GOBCH, ,GSEBCH, ,PWDOPENH,,,,,,
10578,22878,14706,17094,,,,,,,,,,,,,,
Stage-I, ,,,,,,,,,,,,,,,,
(67.3579428),(15.5994113),(51.4093808),(41.4550394),,,,,,,,,,,,,,
11025,,,,,,,,,,,,,,,,,
,Stage-IV, ,,,,,,,,,,,,,,,
(65.8578922),,,,,,,,,,,,,,,,,
10610,,,,,,,,,,,,,,,,,
,I-Non PWD / DEF, ,,,,,,,,,,,,,,,
(67.3579428),,,,,,,,,,,,,,,,,
,Home University Seats Allotted to Other Than Home University Candidates,,,,,,,,,,,,,,,,
,GSCH,,,,,,,,,,,,,,,,
10777,,,,,,,,,,,,,,,,,
Stage-I, ,,,,,,,,,,,,,,,,
(67.3579428),,,,,,,,,,,,,,,,,
,Other Than Home University Seats,,,,,,,,,,,,,,,,
Other Than Home University Seats Allotted to Other Than Home University Candidates,,,,,,,,,,,,,,,,,
,GOPENO, ,GSCO, ,GOBCO, ,GSEBCO,,,,,,,,,,
7274,8647,8483,8404,,,,,,,,,,,,,,
Stage-I, ,,,,,,,,,,,,,,,,
(77.8251197),(73.5368477),(74.782248),(74.782248),,,,,,,,,,,,,,
,State Level Seats,,,,,,,,,,,,,,,,
,EWS, ,TFWS,,,,,,,,,,,,,,
21234,3573,,,,,,,,,,,,,,,,
Stage-I, ,,,,,,,,,,,,,,,,
(25.4779232),(89.1331398),,,,,,,,,,,,,,,,
,Legends :, ,"Legends: G-General, L-Ladies, S-State Level Seats ,PWD - Persons with Disabilities,DEF - Defence,PWDR :PWD Common Reserved Seat",,,,,,,,,,,,,,
"DEFR :Defense Common Reserved Seat ,* Maharashtra State Seats - Cut Off Indicates State General Merit No. ; Figures in bracket Indicates Merit Score",,,,,,,,,,,,,,,,,
,Page 119 of 186,,,,,,,,,,,,,,,,
GOVERNMENT OF MAHARASHTRA,,,,,,,,,,,,,,,,,
,"Directorate of Technical Education, Maharashtra State, Mumbai.",,,,,,,,,,,,,,,,
,Cut Off List for Maharashtra & Minority Seats of CAP Round-IV for Admission to the First Year Post Graduate Technical Course in Master of Computer Applications (MCA) for the Academic Year 2025-26,,,,,,,,,,,,,,,,
,"6154 - Institute of Industrial & Computer Management & Research, Nigdi, Pune",,,,,,,,,,,,,,,,
,0615424110 - Master in Computer Application,,,,,,,,,,,,,,,,
,Status :, ,Un-Aided-Linguistic Minority - Konkani,,,,,,,,,,,,,,
,Home University Seats,,,,,,,,,,,,,,,,
Home University Seats Allotted to Home University Candidates,,,,,,,,,,,,,,,,,
,GOPENH,,,,,,,,,,,,,,,,
3918,,,,,,,,,,,,,,,,,
Stage-I, ,,,,,,,,,,,,,,,,
(87.3496474),,,,,,,,,,,,,,,,,
,Other Than Home University Seats,,,,,,,,,,,,,,,,
Other Than Home University Seats Allotted to Other Than Home University Candidates,,,,,,,,,,,,,,,,,
,GOPENO,,,,,,,,,,,,,,,,
2023,,,,,,,,,,,,,,,,,
Stage-I, ,,,,,,,,,,,,,,,,
(93.405226),,,,,,,,,,,,,,,,,
,State Level Seats,,,,,,,,,,,,,,,,
,TFWS,,,,,,,,,,,,,,,,
1994,,,,,,,,,,,,,,,,,
Stage-I, ,,,,,,,,,,,,,,,,
(93.5511867),,,,,,,,,,,,,,,,,
,Minority Seats : Minority Seats Allotted to Non Minority Candidates,,,,,,,,,,,,,,,,
,MI-MH,,,,,,,,,,,,,,,,
4180,,,,,,,,,,,,,,,,,
Stage-MI-MH, ,,,,,,,,,,,,,,,,
(87.2080299),,,,,,,,,,,,,,,,,
,Legends :, ,"Legends: G-General, L-Ladies, S-State Level Seats ,PWD - Persons with Disabilities,DEF - Defence,PWDR :PWD Common Reserved Seat",,,,,,,,,,,,,,
"DEFR :Defense Common Reserved Seat ,* Maharashtra State Seats - Cut Off Indicates State General Merit No. ; Figures in bracket Indicates Merit Score",,,,,,,,,,,,,,,,,
,Page 120 of 186,,,,,,,,,,,,,,,,
GOVERNMENT OF MAHARASHTRA,,,,,,,,,,,,,,,,,
,"Directorate of Technical Education, Maharashtra State, Mumbai.",,,,,,,,,,,,,,,,
,Cut Off List for Maharashtra & Minority Seats of CAP Round-IV for Admission to the First Year Post Graduate Technical Course in Master of Computer Applications (MCA) for the Academic Year 2025-26,,,,,,,,,,,,,,,,
,"6155 - G.H.Raisoni College of Engineering & Management, Wagholi, Pune",,,,,,,,,,,,,,,,
,0615524110 - Master in Computer Application,,,,,,,,,,,,,,,,
,Status :, ,Un-Aided-Autonomous-Linguistic Minority - Hindi,,,,,,,,,,,,,,
,Home University Seats,,,,,,,,,,,,,,,,
Home University Seats Allotted to Home University Candidates,,,,,,,,,,,,,,,,,
,GOPENH,,,,,,,,,,,,,,,,
4683,,,,,,,,,,,,,,,,,
Stage-I, ,,,,,,,,,,,,,,,,
(85.3851665),,,,,,,,,,,,,,,,,
,Other Than Home University Seats,,,,,,,,,,,,,,,,
Other Than Home University Seats Allotted to Other Than Home University Candidates,,,,,,,,,,,,,,,,,
,GOPENO,,,,,,,,,,,,,,,,
3446,,,,,,,,,,,,,,,,,
Stage-I, ,,,,,,,,,,,,,,,,
(89.1966341),,,,,,,,,,,,,,,,,
,Minority Seats : Minority Seats Allotted to Minority Candidates,,,,,,,,,,,,,,,,
,MI,,,,,,,,,,,,,,,,
14342,,,,,,,,,,,,,,,,,
Stage-I, ,,,,,,,,,,,,,,,,
(53.942159),,,,,,,,,,,,,,,,,
,Minority Seats : Minority Seats Allotted to Non Minority Candidates,,,,,,,,,,,,,,,,
,MI-MH,,,,,,,,,,,,,,,,
6987,,,,,,,,,,,,,,,,,
Stage-MI-MH, ,,,,,,,,,,,,,,,,
(77.8251197),,,,,,,,,,,,,,,,,
,Legends :, ,"Legends: G-General, L-Ladies, S-State Level Seats ,PWD - Persons with Disabilities,DEF - Defence,PWDR :PWD Common Reserved Seat",,,,,,,,,,,,,,
"DEFR :Defense Common Reserved Seat ,* Maharashtra State Seats - Cut Off Indicates State General Merit No. ; Figures in bracket Indicates Merit Score",,,,,,,,,,,,,,,,,
,Page 121 of 186,,,,,,,,,,,,,,,,
GOVERNMENT OF MAHARASHTRA,,,,,,,,,,,,,,,,,
,"Directorate of Technical Education, Maharashtra State, Mumbai.",,,,,,,,,,,,,,,,
,Cut Off List for Maharashtra & Minority Seats of CAP Round-IV for Admission to the First Year Post Graduate Technical Course in Master of Computer Applications (MCA) for the Academic Year 2025-26,,,,,,,,,,,,,,,,
,"6158 - Rajmata Jijau Shikshan Prasarak Mandal's Institute of Computer and Management Research, Dudulgaon, Pune",,,,,,,,,,,,,,,,
,0615824110 - Master in Computer Application,,,,,,,,,,,,,,,,
,Status :, ,Un-Aided,,,,,,,,,,,,,,
,Home University Seats,,,,,,,,,,,,,,,,
Home University Seats Allotted to Home University Candidates,,,,,,,,,,,,,,,,,
,GOPENH, ,GSCH, ,GOBCH, ,GSEBCH,,,,,,,,,,
6576,22337,12195,15003,,,,,,,,,,,,,,
Stage-I, ,,,,,,,,,,,,,,,,
(79.9969812),(19.1539942),(61.2807064),(51.4093808),,,,,,,,,,,,,,
,Home University Seats Allotted to Other Than Home University Candidates,,,,,,,,,,,,,,,,
,GSCH,,,,,,,,,,,,,,,,
17910,,,,,,,,,,,,,,,,,
Stage-I, ,,,,,,,,,,,,,,,,
(39.3989669),,,,,,,,,,,,,,,,,
,Other Than Home University Seats,,,,,,,,,,,,,,,,
Other Than Home University Seats Allotted to Other Than Home University Candidates,,,,,,,,,,,,,,,,,
,GOPENO, ,GSCO, ,GSTO, ,GOBCO, ,GSEBCO,,,,,,,,
8758,16552,10540,10614,,,,,,,,,,,,,,
Stage-I, ,,,,,,,,,,,,,,,,
(73.5368477),(44.5345198),(67.3579428),(67.3579428),,,,,,,,,,,,,,
10706,,,,,,,,,,,,,,,,,
,Stage-IV, ,,,,,,,,,,,,,,,
(67.3579428),,,,,,,,,,,,,,,,,
,Legends :, ,"Legends: G-General, L-Ladies, S-State Level Seats ,PWD - Persons with Disabilities,DEF - Defence,PWDR :PWD Common Reserved Seat",,,,,,,,,,,,,,
"DEFR :Defense Common Reserved Seat ,* Maharashtra State Seats - Cut Off Indicates State General Merit No. ; Figures in bracket Indicates Merit Score",,,,,,,,,,,,,,,,,
,Page 122 of 186,,,,,,,,,,,,,,,,
GOVERNMENT OF MAHARASHTRA,,,,,,,,,,,,,,,,,
,"Directorate of Technical Education, Maharashtra State, Mumbai.",,,,,,,,,,,,,,,,
,Cut Off List for Maharashtra & Minority Seats of CAP Round-IV for Admission to the First Year Post Graduate Technical Course in Master of Computer Applications (MCA) for the Academic Year 2025-26,,,,,,,,,,,,,,,,
,"6164 - Psd Shastri Educational Foundation's Asma Institute Of Management, Pune",,,,,,,,,,,,,,,,
,0616424110 - Master in Computer Application,,,,,,,,,,,,,,,,
,Status :, ,Un-Aided-Linguistic Minority - Hindi,,,,,,,,,,,,,,
,Home University Seats,,,,,,,,,,,,,,,,
Home University Seats Allotted to Home University Candidates,,,,,,,,,,,,,,,,,
,GOPENH,,,,,,,,,,,,,,,,
11867,,,,,,,,,,,,,,,,,
Stage-I, ,,,,,,,,,,,,,,,,
(63.1574978),,,,,,,,,,,,,,,,,
,Other Than Home University Seats,,,,,,,,,,,,,,,,
Other Than Home University Seats Allotted to Other Than Home University Candidates,,,,,,,,,,,,,,,,,
,GOPENO,,,,,,,,,,,,,,,,
8743,,,,,,,,,,,,,,,,,
Stage-I, ,,,,,,,,,,,,,,,,
(73.5368477),,,,,,,,,,,,,,,,,
,State Level Seats,,,,,,,,,,,,,,,,
,TFWS,,,,,,,,,,,,,,,,
7577,,,,,,,,,,,,,,,,,
Stage-I, ,,,,,,,,,,,,,,,,
(76.9216256),,,,,,,,,,,,,,,,,
,Minority Seats : Minority Seats Allotted to Minority Candidates,,,,,,,,,,,,,,,,
,MI,,,,,,,,,,,,,,,,
15558,,,,,,,,,,,,,,,,,
Stage-I, ,,,,,,,,,,,,,,,,
(49.3533426),,,,,,,,,,,,,,,,,
,Legends :, ,"Legends: G-General, L-Ladies, S-State Level Seats ,PWD - Persons with Disabilities,DEF - Defence,PWDR :PWD Common Reserved Seat",,,,,,,,,,,,,,
"DEFR :Defense Common Reserved Seat ,* Maharashtra State Seats - Cut Off Indicates State General Merit No. ; Figures in bracket Indicates Merit Score",,,,,,,,,,,,,,,,,
,Page 123 of 186,,,,,,,,,,,,,,,,
GOVERNMENT OF MAHARASHTRA,,,,,,,,,,,,,,,,,
,"Directorate of Technical Education, Maharashtra State, Mumbai.",,,,,,,,,,,,,,,,
,Cut Off List for Maharashtra & Minority Seats of CAP Round-IV for Admission to the First Year Post Graduate Technical Course in Master of Computer Applications (MCA) for the Academic Year 2025-26,,,,,,,,,,,,,,,,
,"6164 - Psd Shastri Educational Foundation's Asma Institute Of Management, Pune",,,,,,,,,,,,,,,,
,0616424110 - Master in Computer Application,,,,,,,,,,,,,,,,
,Status :, ,Un-Aided-Linguistic Minority - Hindi,,,,,,,,,,,,,,
,Minority Seats : Minority Seats Allotted to Non Minority Candidates,,,,,,,,,,,,,,,,
,MI-MH,,,,,,,,,,,,,,,,
12173,,,,,,,,,,,,,,,,,
Stage-MI-MH, ,,,,,,,,,,,,,,,,
(61.2807064),,,,,,,,,,,,,,,,,
,Legends :, ,"Legends: G-General, L-Ladies, S-State Level Seats ,PWD - Persons with Disabilities,DEF - Defence,PWDR :PWD Common Reserved Seat",,,,,,,,,,,,,,
"DEFR :Defense Common Reserved Seat ,* Maharashtra State Seats - Cut Off Indicates State General Merit No. ; Figures in bracket Indicates Merit Score",,,,,,,,,,,,,,,,,
,Page 124 of 186,,,,,,,,,,,,,,,,
GOVERNMENT OF MAHARASHTRA,,,,,,,,,,,,,,,,,
,"Directorate of Technical Education, Maharashtra State, Mumbai.",,,,,,,,,,,,,,,,
,Cut Off List for Maharashtra & Minority Seats of CAP Round-IV for Admission to the First Year Post Graduate Technical Course in Master of Computer Applications (MCA) for the Academic Year 2025-26,,,,,,,,,,,,,,,,
,"6167 - Kamla Education Society's Pratibha Institute of Business Management, Chinchwad, Pune",,,,,,,,,,,,,,,,
,0616724110 - Master in Computer Application,,,,,,,,,,,,,,,,
,Status :, ,Un-Aided,,,,,,,,,,,,,,
,Home University Seats,,,,,,,,,,,,,,,,
Home University Seats Allotted to Home University Candidates,,,,,,,,,,,,,,,,,
,GSTH, ,GOBCH, ,GSEBCH,,,,,,,,,,,,
5140,,,,,,,,,,,,,,,,,
Stage-IV, ,,,,,,,,,,,,,,,,
(85.2118788),,,,,,,,,,,,,,,,,
6021,16800,,,,,,,,,,,,,,,,
,Stage-I, ,,,,,,,,,,,,,,,
(82.8308366),(44.5345198),,,,,,,,,,,,,,,,
,Other Than Home University Seats,,,,,,,,,,,,,,,,
Other Than Home University Seats Allotted to Other Than Home University Candidates,,,,,,,,,,,,,,,,,
,GOPENO, ,GSTO, ,GNTCO, ,GSEBCO,,,,,,,,,,
4904,7213,7826,,,,,,,,,,,,,,,
Stage-I, ,,,,,,,,,,,,,,,,
(85.2118788),(77.8251197),(76.9216256),,,,,,,,,,,,,,,
5634,,,,,,,,,,,,,,,,,
,Stage-IV, ,,,,,,,,,,,,,,,
(82.8308366),,,,,,,,,,,,,,,,,
,State Level Seats,,,,,,,,,,,,,,,,
,EWS,,,,,,,,,,,,,,,,
7457,,,,,,,,,,,,,,,,,
Stage-I, ,,,,,,,,,,,,,,,,
(76.9216256),,,,,,,,,,,,,,,,,
,Legends :, ,"Legends: G-General, L-Ladies, S-State Level Seats ,PWD - Persons with Disabilities,DEF - Defence,PWDR :PWD Common Reserved Seat",,,,,,,,,,,,,,
"DEFR :Defense Common Reserved Seat ,* Maharashtra State Seats - Cut Off Indicates State General Merit No. ; Figures in bracket Indicates Merit Score",,,,,,,,,,,,,,,,,
,Page 125 of 186,,,,,,,,,,,,,,,,
GOVERNMENT OF MAHARASHTRA,,,,,,,,,,,,,,,,,
,"Directorate of Technical Education, Maharashtra State, Mumbai.",,,,,,,,,,,,,,,,
,Cut Off List for Maharashtra & Minority Seats of CAP Round-IV for Admission to the First Year Post Graduate Technical Course in Master of Computer Applications (MCA) for the Academic Year 2025-26,,,,,,,,,,,,,,,,
,"6168 - Shikshan Maharshi Dr. D.Y. Patil Centre for Management & Research, Chikhali , Pune",,,,,,,,,,,,,,,,
,0616824110 - Master in Computer Application,,,,,,,,,,,,,,,,
,Status :, ,Un-Aided,,,,,,,,,,,,,,
,Home University Seats,,,,,,,,,,,,,,,,
Home University Seats Allotted to Home University Candidates,,,,,,,,,,,,,,,,,
,GOPENH, ,GSTH, ,GOBCH, ,GSEBCH, ,PWDOPENH,,,,,,,,
4491,7671,15405,,,,,,,,,,,,,,,
Stage-I, ,,,,,,,,,,,,,,,,
(85.3851665),(76.9216256),(49.3533426),,,,,,,,,,,,,,,
9259,,,,,,,,,,,,,,,,,
,Stage-IV, ,,,,,,,,,,,,,,,
(71.1549338),,,,,,,,,,,,,,,,,
8706,,,,,,,,,,,,,,,,,
,I-Non PWD / DEF, ,,,,,,,,,,,,,,,
(73.5368477),,,,,,,,,,,,,,,,,
,Other Than Home University Seats,,,,,,,,,,,,,,,,
Other Than Home University Seats Allotted to Other Than Home University Candidates,,,,,,,,,,,,,,,,,
,GOBCO,,,,,,,,,,,,,,,,
8707,,,,,,,,,,,,,,,,,
Stage-I, ,,,,,,,,,,,,,,,,
(73.5368477),,,,,,,,,,,,,,,,,
,Legends :, ,"Legends: G-General, L-Ladies, S-State Level Seats ,PWD - Persons with Disabilities,DEF - Defence,PWDR :PWD Common Reserved Seat",,,,,,,,,,,,,,
"DEFR :Defense Common Reserved Seat ,* Maharashtra State Seats - Cut Off Indicates State General Merit No. ; Figures in bracket Indicates Merit Score",,,,,,,,,,,,,,,,,
,Page 126 of 186,,,,,,,,,,,,,,,,
GOVERNMENT OF MAHARASHTRA,,,,,,,,,,,,,,,,,
,"Directorate of Technical Education, Maharashtra State, Mumbai.",,,,,,,,,,,,,,,,
,Cut Off List for Maharashtra & Minority Seats of CAP Round-IV for Admission to the First Year Post Graduate Technical Course in Master of Computer Applications (MCA) for the Academic Year 2025-26,,,,,,,,,,,,,,,,
,"6170 - Abhinav Education Society's Institute of Management and Research, Haveli, Pune",,,,,,,,,,,,,,,,
,0617024110 - Master in Computer Application,,,,,,,,,,,,,,,,
,Status :, ,Un-Aided,,,,,,,,,,,,,,
,Home University Seats,,,,,,,,,,,,,,,,
Home University Seats Allotted to Home University Candidates,,,,,,,,,,,,,,,,,
,GOPENH, ,GOBCH, ,GSEBCH, ,PWDOPENH,,,,,,,,,,
11375,14270,15773,,,,,,,,,,,,,,,
Stage-I, ,,,,,,,,,,,,,,,,
(65.8578922),(53.942159),(49.3533426),,,,,,,,,,,,,,,
11526,,,,,,,,,,,,,,,,,
,I-Non PWD / DEF, ,,,,,,,,,,,,,,,
(63.1574978),,,,,,,,,,,,,,,,,
,Home University Seats Allotted to Other Than Home University Candidates,,,,,,,,,,,,,,,,
,GSCH,,,,,,,,,,,,,,,,
18461,,,,,,,,,,,,,,,,,
Stage-I, ,,,,,,,,,,,,,,,,
(36.496736),,,,,,,,,,,,,,,,,
,Other Than Home University Seats,,,,,,,,,,,,,,,,
Other Than Home University Seats Allotted to Other Than Home University Candidates,,,,,,,,,,,,,,,,,
,GOPENO, ,GSCO, ,GSTO, ,GSEBCO,,,,,,,,,,
10285,14877,11819,,,,,,,,,,,,,,,
Stage-I, ,,,,,,,,,,,,,,,,
(67.3579428),(51.4093808),(63.1574978),,,,,,,,,,,,,,,
10735,,,,,,,,,,,,,,,,,
,Stage-IV, ,,,,,,,,,,,,,,,
(67.3579428),,,,,,,,,,,,,,,,,
,Legends :, ,"Legends: G-General, L-Ladies, S-State Level Seats ,PWD - Persons with Disabilities,DEF - Defence,PWDR :PWD Common Reserved Seat",,,,,,,,,,,,,,
"DEFR :Defense Common Reserved Seat ,* Maharashtra State Seats - Cut Off Indicates State General Merit No. ; Figures in bracket Indicates Merit Score",,,,,,,,,,,,,,,,,
,Page 127 of 186,,,,,,,,,,,,,,,,
GOVERNMENT OF MAHARASHTRA,,,,,,,,,,,,,,,,,
,"Directorate of Technical Education, Maharashtra State, Mumbai.",,,,,,,,,,,,,,,,
,Cut Off List for Maharashtra & Minority Seats of CAP Round-IV for Admission to the First Year Post Graduate Technical Course in Master of Computer Applications (MCA) for the Academic Year 2025-26,,,,,,,,,,,,,,,,
,"6179 - Indira College of Engineering & Management, Pune",,,,,,,,,,,,,,,,
,0617924110 - Master in Computer Application,,,,,,,,,,,,,,,,
,Status :, ,Un-Aided-Autonomous,,,,,,,,,,,,,,
,Home University Seats,,,,,,,,,,,,,,,,
Home University Seats Allotted to Home University Candidates,,,,,,,,,,,,,,,,,
,GNTDH, ,GOBCH, ,PWDOPENH,,,,,,,,,,,,
8866,1749,,,,,,,,,,,,,,,,
Stage-I, ,,,,,,,,,,,,,,,,
(73.5368477),(94.4270578),,,,,,,,,,,,,,,,
904,,,,,,,,,,,,,,,,,
,I-Non PWD / DEF, ,,,,,,,,,,,,,,,
(96.828928),,,,,,,,,,,,,,,,,
,Other Than Home University Seats,,,,,,,,,,,,,,,,
Other Than Home University Seats Allotted to Other Than Home University Candidates,,,,,,,,,,,,,,,,,
,GOPENO, ,GSCO,,,,,,,,,,,,,,
857,1911,,,,,,,,,,,,,,,,
Stage-I, ,,,,,,,,,,,,,,,,
(97.0718086),(93.5511867),,,,,,,,,,,,,,,,
,State Level Seats,,,,,,,,,,,,,,,,
,EWS, ,TFWS,,,,,,,,,,,,,,
1130,365,,,,,,,,,,,,,,,,
Stage-I, ,,,,,,,,,,,,,,,,
(96.1125146),(98.5181554),,,,,,,,,,,,,,,,
,Legends :, ,"Legends: G-General, L-Ladies, S-State Level Seats ,PWD - Persons with Disabilities,DEF - Defence,PWDR :PWD Common Reserved Seat",,,,,,,,,,,,,,
"DEFR :Defense Common Reserved Seat ,* Maharashtra State Seats - Cut Off Indicates State General Merit No. ; Figures in bracket Indicates Merit Score",,,,,,,,,,,,,,,,,
,Page 128 of 186,,,,,,,,,,,,,,,,
GOVERNMENT OF MAHARASHTRA,,,,,,,,,,,,,,,,,
,"Directorate of Technical Education, Maharashtra State, Mumbai.",,,,,,,,,,,,,,,,
,Cut Off List for Maharashtra & Minority Seats of CAP Round-IV for Admission to the First Year Post Graduate Technical Course in Master of Computer Applications (MCA) for the Academic Year 2025-26,,,,,,,,,,,,,,,,
,"6201 - Dr. D. Y. Patil School Of MCA, Lohegaon,Pune",,,,,,,,,,,,,,,,
,0620124110 - Master in Computer Application,,,,,,,,,,,,,,,,
,Status :, ,Un-Aided,,,,,,,,,,,,,,
,Home University Seats,,,,,,,,,,,,,,,,
Home University Seats Allotted to Home University Candidates,,,,,,,,,,,,,,,,,
,GOPENH, ,GSTH, ,GNTCH, ,GOBCH,,,,,,,,,,
4495,8287,7139,,,,,,,,,,,,,,,
Stage-I, ,,,,,,,,,,,,,,,,
(85.3851665),(74.782248),(77.8251197),,,,,,,,,,,,,,,
5618,,,,,,,,,,,,,,,,,
,Stage-IV, ,,,,,,,,,,,,,,,
(82.9644433),,,,,,,,,,,,,,,,,
,Other Than Home University Seats,,,,,,,,,,,,,,,,
Other Than Home University Seats Allotted to Other Than Home University Candidates,,,,,,,,,,,,,,,,,
,GOPENO, ,GSTO, ,GNTAO, ,GOBCO, ,GSEBCO,,,,,,,,
3089,12208,4584,6070,,,,,,,,,,,,,,
Stage-I, ,,,,,,,,,,,,,,,,
(90.7733494),(61.2807064),(85.3851665),(82.8308366),,,,,,,,,,,,,,
4033,,,,,,,,,,,,,,,,,
,Stage-IV, ,,,,,,,,,,,,,,,
(87.3496474),,,,,,,,,,,,,,,,,
,State Level Seats,,,,,,,,,,,,,,,,
,EWS,,,,,,,,,,,,,,,,
10282,,,,,,,,,,,,,,,,,
Stage-I, ,,,,,,,,,,,,,,,,
(67.3579428),,,,,,,,,,,,,,,,,
,Legends :, ,"Legends: G-General, L-Ladies, S-State Level Seats ,PWD - Persons with Disabilities,DEF - Defence,PWDR :PWD Common Reserved Seat",,,,,,,,,,,,,,
"DEFR :Defense Common Reserved Seat ,* Maharashtra State Seats - Cut Off Indicates State General Merit No. ; Figures in bracket Indicates Merit Score",,,,,,,,,,,,,,,,,
,Page 129 of 186,,,,,,,,,,,,,,,,
GOVERNMENT OF MAHARASHTRA,,,,,,,,,,,,,,,,,
,"Directorate of Technical Education, Maharashtra State, Mumbai.",,,,,,,,,,,,,,,,
,Cut Off List for Maharashtra & Minority Seats of CAP Round-IV for Admission to the First Year Post Graduate Technical Course in Master of Computer Applications (MCA) for the Academic Year 2025-26,,,,,,,,,,,,,,,,
,"6206 - Pune District Education Association's College of Engineering, Manjari(Bk), Hadapsar, Pune",,,,,,,,,,,,,,,,
,0620624110 - Master in Computer Application,,,,,,,,,,,,,,,,
,Status :, ,Un-Aided,,,,,,,,,,,,,,
,Home University Seats,,,,,,,,,,,,,,,,
Home University Seats Allotted to Home University Candidates,,,,,,,,,,,,,,,,,
,GOPENH, ,GSTH, ,GOBCH, ,GSEBCH, ,PWDOPENH,,,,,,,,
10633,12021,18709,,,,,,,,,,,,,,,
Stage-I, ,,,,,,,,,,,,,,,,
(67.3579428),(63.1574978),(36.496736),,,,,,,,,,,,,,,
12417,,,,,,,,,,,,,,,,,
,Stage-IV, ,,,,,,,,,,,,,,,
(61.2807064),,,,,,,,,,,,,,,,,
11809,,,,,,,,,,,,,,,,,
,I-Non PWD / DEF, ,,,,,,,,,,,,,,,
(63.1574978),,,,,,,,,,,,,,,,,
,Other Than Home University Seats,,,,,,,,,,,,,,,,
Other Than Home University Seats Allotted to Other Than Home University Candidates,,,,,,,,,,,,,,,,,
,GOPENO, ,GSTO, ,GOBCO, ,GSEBCO,,,,,,,,,,
8399,8927,11033,,,,,,,,,,,,,,,
Stage-I, ,,,,,,,,,,,,,,,,
(74.782248),(73.5368477),(65.8578922),,,,,,,,,,,,,,,
8926,,,,,,,,,,,,,,,,,
,Stage-IV, ,,,,,,,,,,,,,,,
(73.5368477),,,,,,,,,,,,,,,,,
,Legends :, ,"Legends: G-General, L-Ladies, S-State Level Seats ,PWD - Persons with Disabilities,DEF - Defence,PWDR :PWD Common Reserved Seat",,,,,,,,,,,,,,
"DEFR :Defense Common Reserved Seat ,* Maharashtra State Seats - Cut Off Indicates State General Merit No. ; Figures in bracket Indicates Merit Score",,,,,,,,,,,,,,,,,
,Page 130 of 186,,,,,,,,,,,,,,,,
GOVERNMENT OF MAHARASHTRA,,,,,,,,,,,,,,,,,
,"Directorate of Technical Education, Maharashtra State, Mumbai.",,,,,,,,,,,,,,,,
,Cut Off List for Maharashtra & Minority Seats of CAP Round-IV for Admission to the First Year Post Graduate Technical Course in Master of Computer Applications (MCA) for the Academic Year 2025-26,,,,,,,,,,,,,,,,
,"6208 - Deccan Education Society's Chintamanrao Institute of Management Development & Research, Sangli",,,,,,,,,,,,,,,,
,0620824110 - Master in Computer Application,,,,,,,,,,,,,,,,
,Status :, ,Un-Aided,,,,,,,,,,,,,,
,Other Than Home University Seats,,,,,,,,,,,,,,,,
Other Than Home University Seats Allotted to Other Than Home University Candidates,,,,,,,,,,,,,,,,,
,GOPENO,,,,,,,,,,,,,,,,
24191,,,,,,,,,,,,,,,,,
Stage-I, ,,,,,,,,,,,,,,,,
(7.9446476),,,,,,,,,,,,,,,,,
,Other Than Home University Seats Allotted to Home University Candidates,,,,,,,,,,,,,,,,
,GOPENO, ,GSCO, ,GNTBO, ,GSEBCO,,,,,,,,,,
13156,14517,18488,,,,,,,,,,,,,,,
Stage-I, ,,,,,,,,,,,,,,,,
(58.7911466),(53.942159),(36.496736),,,,,,,,,,,,,,,
13876,,,,,,,,,,,,,,,,,
,Stage-IV, ,,,,,,,,,,,,,,,
(56.5488095),,,,,,,,,,,,,,,,,
,Legends :, ,"Legends: G-General, L-Ladies, S-State Level Seats ,PWD - Persons with Disabilities,DEF - Defence,PWDR :PWD Common Reserved Seat",,,,,,,,,,,,,,
"DEFR :Defense Common Reserved Seat ,* Maharashtra State Seats - Cut Off Indicates State General Merit No. ; Figures in bracket Indicates Merit Score",,,,,,,,,,,,,,,,,
,Page 131 of 186,,,,,,,,,,,,,,,,
GOVERNMENT OF MAHARASHTRA,,,,,,,,,,,,,,,,,
,"Directorate of Technical Education, Maharashtra State, Mumbai.",,,,,,,,,,,,,,,,
,Cut Off List for Maharashtra & Minority Seats of CAP Round-IV for Admission to the First Year Post Graduate Technical Course in Master of Computer Applications (MCA) for the Academic Year 2025-26,,,,,,,,,,,,,,,,
,"6212 - KIT's Institute of Management Education & Research, Kolhapur",,,,,,,,,,,,,,,,
,0621224110 - Master in Computer Application,,,,,,,,,,,,,,,,
,Status :, ,Un-Aided-Autonomous,,,,,,,,,,,,,,
,Home University Seats,,,,,,,,,,,,,,,,
Home University Seats Allotted to Home University Candidates,,,,,,,,,,,,,,,,,
,GSTH, ,GNTBH, ,GSEBCH,,,,,,,,,,,,
3543,,,,,,,,,,,,,,,,,
Stage-IV, ,,,,,,,,,,,,,,,,
(89.1966341),,,,,,,,,,,,,,,,,
18863,8598,,,,,,,,,,,,,,,,
,Stage-I, ,,,,,,,,,,,,,,,
(34.5198145),(73.5368477),,,,,,,,,,,,,,,,
,Legends :, ,"Legends: G-General, L-Ladies, S-State Level Seats ,PWD - Persons with Disabilities,DEF - Defence,PWDR :PWD Common Reserved Seat",,,,,,,,,,,,,,
"DEFR :Defense Common Reserved Seat ,* Maharashtra State Seats - Cut Off Indicates State General Merit No. ; Figures in bracket Indicates Merit Score",,,,,,,,,,,,,,,,,
,Page 132 of 186,,,,,,,,,,,,,,,,
GOVERNMENT OF MAHARASHTRA,,,,,,,,,,,,,,,,,
,"Directorate of Technical Education, Maharashtra State, Mumbai.",,,,,,,,,,,,,,,,
,Cut Off List for Maharashtra & Minority Seats of CAP Round-IV for Admission to the First Year Post Graduate Technical Course in Master of Computer Applications (MCA) for the Academic Year 2025-26,,,,,,,,,,,,,,,,
,"6213 - Chh. Shahu Institute Of Business Edu And Res Vasantraodada Patil Institute Of Management Studies & Research, Sangli",,,,,,,,,,,,,,,,
,0621324110 - Master in Computer Application,,,,,,,,,,,,,,,,
,Status :, ,Un-Aided-Autonomous,,,,,,,,,,,,,,
,Home University Seats,,,,,,,,,,,,,,,,
Home University Seats Allotted to Home University Candidates,,,,,,,,,,,,,,,,,
,GSTH, ,GOBCH,,,,,,,,,,,,,,
15087,,,,,,,,,,,,,,,,,
Stage-IV, ,,,,,,,,,,,,,,,,
(51.4093808),,,,,,,,,,,,,,,,,
23788,,,,,,,,,,,,,,,,,
,Stage-I, ,,,,,,,,,,,,,,,
(10.5199653),,,,,,,,,,,,,,,,,
,Other Than Home University Seats Allotted to Home University Candidates,,,,,,,,,,,,,,,,
,GOPENO, ,GSCO, ,GNTBO, ,GSEBCO,,,,,,,,,,
8384,16352,,,,,,,,,,,,,,,,
Stage-I, ,,,,,,,,,,,,,,,,
(74.782248),(46.3793819),,,,,,,,,,,,,,,,
17376,15379,,,,,,,,,,,,,,,,
,Stage-IV, ,,,,,,,,,,,,,,,
(41.4550394),(49.3533426),,,,,,,,,,,,,,,,
,Legends :, ,"Legends: G-General, L-Ladies, S-State Level Seats ,PWD - Persons with Disabilities,DEF - Defence,PWDR :PWD Common Reserved Seat",,,,,,,,,,,,,,
"DEFR :Defense Common Reserved Seat ,* Maharashtra State Seats - Cut Off Indicates State General Merit No. ; Figures in bracket Indicates Merit Score",,,,,,,,,,,,,,,,,
,Page 133 of 186,,,,,,,,,,,,,,,,
GOVERNMENT OF MAHARASHTRA,,,,,,,,,,,,,,,,,
,"Directorate of Technical Education, Maharashtra State, Mumbai.",,,,,,,,,,,,,,,,
,Cut Off List for Maharashtra & Minority Seats of CAP Round-IV for Admission to the First Year Post Graduate Technical Course in Master of Computer Applications (MCA) for the Academic Year 2025-26,,,,,,,,,,,,,,,,
,"6214 - K. E. Society's Rajarambapu Institute of Technology, Walwa, Sangli",,,,,,,,,,,,,,,,
,0621424110 - Master in Computer Application,,,,,,,,,,,,,,,,
,Status :, ,Un-Aided-Autonomous,,,,,,,,,,,,,,
,Home University Seats,,,,,,,,,,,,,,,,
Home University Seats Allotted to Home University Candidates,,,,,,,,,,,,,,,,,
,GSCH, ,GNTCH, ,GNTDH,,,,,,,,,,,,
10544,11094,9466,,,,,,,,,,,,,,,
Stage-IV, ,,,,,,,,,,,,,,,,
(67.3579428),(65.8578922),(71.1549338),,,,,,,,,,,,,,,
,Legends :, ,"Legends: G-General, L-Ladies, S-State Level Seats ,PWD - Persons with Disabilities,DEF - Defence,PWDR :PWD Common Reserved Seat",,,,,,,,,,,,,,
"DEFR :Defense Common Reserved Seat ,* Maharashtra State Seats - Cut Off Indicates State General Merit No. ; Figures in bracket Indicates Merit Score",,,,,,,,,,,,,,,,,
,Page 134 of 186,,,,,,,,,,,,,,,,
GOVERNMENT OF MAHARASHTRA,,,,,,,,,,,,,,,,,
,"Directorate of Technical Education, Maharashtra State, Mumbai.",,,,,,,,,,,,,,,,
,Cut Off List for Maharashtra & Minority Seats of CAP Round-IV for Admission to the First Year Post Graduate Technical Course in Master of Computer Applications (MCA) for the Academic Year 2025-26,,,,,,,,,,,,,,,,
,"6219 - KSGBS's Bharat- Ratna Indira Gandhi College of Engineering, Kegaon, Solapur",,,,,,,,,,,,,,,,
,0621924110 - Master in Computer Application,,,,,,,,,,,,,,,,
,Status :, ,Un-Aided,,,,,,,,,,,,,,
,Other Than Home University Seats,,,,,,,,,,,,,,,,
Other Than Home University Seats Allotted to Other Than Home University Candidates,,,,,,,,,,,,,,,,,
,GOPENO,,,,,,,,,,,,,,,,
25179,,,,,,,,,,,,,,,,,
Stage-I, ,,,,,,,,,,,,,,,,
(2.0662871),,,,,,,,,,,,,,,,,
,Other Than Home University Seats Allotted to Home University Candidates,,,,,,,,,,,,,,,,
,GOPENO,,,,,,,,,,,,,,,,
18487,,,,,,,,,,,,,,,,,
Stage-I, ,,,,,,,,,,,,,,,,
(36.496736),,,,,,,,,,,,,,,,,
,Legends :, ,"Legends: G-General, L-Ladies, S-State Level Seats ,PWD - Persons with Disabilities,DEF - Defence,PWDR :PWD Common Reserved Seat",,,,,,,,,,,,,,
"DEFR :Defense Common Reserved Seat ,* Maharashtra State Seats - Cut Off Indicates State General Merit No. ; Figures in bracket Indicates Merit Score",,,,,,,,,,,,,,,,,
,Page 135 of 186,,,,,,,,,,,,,,,,
GOVERNMENT OF MAHARASHTRA,,,,,,,,,,,,,,,,,
,"Directorate of Technical Education, Maharashtra State, Mumbai.",,,,,,,,,,,,,,,,
,Cut Off List for Maharashtra & Minority Seats of CAP Round-IV for Admission to the First Year Post Graduate Technical Course in Master of Computer Applications (MCA) for the Academic Year 2025-26,,,,,,,,,,,,,,,,
,"6220 - SVERI's College of Engineering, Pandharpur",,,,,,,,,,,,,,,,
,0622024110 - Master in Computer Application,,,,,,,,,,,,,,,,
,Status :, ,Un-Aided-Autonomous,,,,,,,,,,,,,,
,Home University Seats,,,,,,,,,,,,,,,,
Home University Seats Allotted to Home University Candidates,,,,,,,,,,,,,,,,,
,GOPENH, ,GSCH, ,GOBCH,,,,,,,,,,,,
10189,19327,20888,,,,,,,,,,,,,,,
Stage-I, ,,,,,,,,,,,,,,,,
(67.3579428),(34.5198145),(25.4779232),,,,,,,,,,,,,,,
,Other Than Home University Seats,,,,,,,,,,,,,,,,
Other Than Home University Seats Allotted to Other Than Home University Candidates,,,,,,,,,,,,,,,,,
,GOBCO,,,,,,,,,,,,,,,,
12739,,,,,,,,,,,,,,,,,
Stage-I, ,,,,,,,,,,,,,,,,
(58.7911466),,,,,,,,,,,,,,,,,
,Other Than Home University Seats Allotted to Home University Candidates,,,,,,,,,,,,,,,,
,GOBCO,,,,,,,,,,,,,,,,
23174,,,,,,,,,,,,,,,,,
Stage-I, ,,,,,,,,,,,,,,,,
(13.5402134),,,,,,,,,,,,,,,,,
,Legends :, ,"Legends: G-General, L-Ladies, S-State Level Seats ,PWD - Persons with Disabilities,DEF - Defence,PWDR :PWD Common Reserved Seat",,,,,,,,,,,,,,
"DEFR :Defense Common Reserved Seat ,* Maharashtra State Seats - Cut Off Indicates State General Merit No. ; Figures in bracket Indicates Merit Score",,,,,,,,,,,,,,,,,
,Page 136 of 186,,,,,,,,,,,,,,,,
GOVERNMENT OF MAHARASHTRA,,,,,,,,,,,,,,,,,
,"Directorate of Technical Education, Maharashtra State, Mumbai.",,,,,,,,,,,,,,,,
,Cut Off List for Maharashtra & Minority Seats of CAP Round-IV for Admission to the First Year Post Graduate Technical Course in Master of Computer Applications (MCA) for the Academic Year 2025-26,,,,,,,,,,,,,,,,
,"6222 - Dattajirao Kadam Technical Education Society's Textile & Engineering Institute, Ichalkaranji.",,,,,,,,,,,,,,,,
,0622224110 - Master in Computer Application,,,,,,,,,,,,,,,,
,Status :, ,Un-Aided-Autonomous,,,,,,,,,,,,,,
,Other Than Home University Seats Allotted to Home University Candidates,,,,,,,,,,,,,,,,
,GSTO,,,,,,,,,,,,,,,,
10421,,,,,,,,,,,,,,,,,
Stage-IV, ,,,,,,,,,,,,,,,,
(67.3579428),,,,,,,,,,,,,,,,,
,Legends :, ,"Legends: G-General, L-Ladies, S-State Level Seats ,PWD - Persons with Disabilities,DEF - Defence,PWDR :PWD Common Reserved Seat",,,,,,,,,,,,,,
"DEFR :Defense Common Reserved Seat ,* Maharashtra State Seats - Cut Off Indicates State General Merit No. ; Figures in bracket Indicates Merit Score",,,,,,,,,,,,,,,,,
,Page 137 of 186,,,,,,,,,,,,,,,,
GOVERNMENT OF MAHARASHTRA,,,,,,,,,,,,,,,,,
,"Directorate of Technical Education, Maharashtra State, Mumbai.",,,,,,,,,,,,,,,,
,Cut Off List for Maharashtra & Minority Seats of CAP Round-IV for Admission to the First Year Post Graduate Technical Course in Master of Computer Applications (MCA) for the Academic Year 2025-26,,,,,,,,,,,,,,,,
,"6228 - Dr. D. Y. Patil Pratishthan's D.Y.Patil Institute of Master of Computer Applications and Management, Akurdi, Pune",,,,,,,,,,,,,,,,
,0622824110 - Master in Computer Application,,,,,,,,,,,,,,,,
,Status :, ,Un-Aided,,,,,,,,,,,,,,
,Home University Seats,,,,,,,,,,,,,,,,
Home University Seats Allotted to Home University Candidates,,,,,,,,,,,,,,,,,
,GOPENH, ,GSCH, ,GNTBH, ,GSEBCH,,,,,,,,,,
1248,6043,7505,4526,,,,,,,,,,,,,,
Stage-I, ,,,,,,,,,,,,,,,,
(95.5548847),(82.8308366),(76.9216256),(85.3851665),,,,,,,,,,,,,,
,Home University Seats Allotted to Other Than Home University Candidates,,,,,,,,,,,,,,,,
,GNTAH,,,,,,,,,,,,,,,,
3251,,,,,,,,,,,,,,,,,
Stage-I, ,,,,,,,,,,,,,,,,
(89.1966341),,,,,,,,,,,,,,,,,
,Other Than Home University Seats,,,,,,,,,,,,,,,,
Other Than Home University Seats Allotted to Other Than Home University Candidates,,,,,,,,,,,,,,,,,
,GSCO, ,GSTO,,,,,,,,,,,,,,
1850,,,,,,,,,,,,,,,,,
Stage-I, ,,,,,,,,,,,,,,,,
(93.5511867),,,,,,,,,,,,,,,,,
1153,,,,,,,,,,,,,,,,,
,Stage-IV, ,,,,,,,,,,,,,,,
(96.1125146),,,,,,,,,,,,,,,,,
,State Level Seats,,,,,,,,,,,,,,,,
,TFWS,,,,,,,,,,,,,,,,
360,,,,,,,,,,,,,,,,,
Stage-I, ,,,,,,,,,,,,,,,,
(98.5181554),,,,,,,,,,,,,,,,,
,Legends :, ,"Legends: G-General, L-Ladies, S-State Level Seats ,PWD - Persons with Disabilities,DEF - Defence,PWDR :PWD Common Reserved Seat",,,,,,,,,,,,,,
"DEFR :Defense Common Reserved Seat ,* Maharashtra State Seats - Cut Off Indicates State General Merit No. ; Figures in bracket Indicates Merit Score",,,,,,,,,,,,,,,,,
,Page 138 of 186,,,,,,,,,,,,,,,,
GOVERNMENT OF MAHARASHTRA,,,,,,,,,,,,,,,,,
,"Directorate of Technical Education, Maharashtra State, Mumbai.",,,,,,,,,,,,,,,,
,Cut Off List for Maharashtra & Minority Seats of CAP Round-IV for Admission to the First Year Post Graduate Technical Course in Master of Computer Applications (MCA) for the Academic Year 2025-26,,,,,,,,,,,,,,,,
,"6231 - Sinhgad Technical Education Society's Sinhgad Institute of Management ,Vadgaon(Budruk),Pune",,,,,,,,,,,,,,,,
,0623124110 - Master in Computer Application,,,,,,,,,,,,,,,,
,Status :, ,Un-Aided,,,,,,,,,,,,,,
,Home University Seats,,,,,,,,,,,,,,,,
Home University Seats Allotted to Home University Candidates,,,,,,,,,,,,,,,,,
,GOPENH, ,GSCH, ,GSTH, ,GOBCH, ,GSEBCH, ,PWDOPENH,,,,,,
3069,18265,3967,5242,,,,,,,,,,,,,,
Stage-I, ,,,,,,,,,,,,,,,,
(90.7733494),(36.496736),(87.3496474),(82.9644433),,,,,,,,,,,,,,
4136,,,,,,,,,,,,,,,,,
,Stage-IV, ,,,,,,,,,,,,,,,
(87.3496474),,,,,,,,,,,,,,,,,
3930,,,,,,,,,,,,,,,,,
,I-Non PWD / DEF, ,,,,,,,,,,,,,,,
(87.3496474),,,,,,,,,,,,,,,,,
,Other Than Home University Seats,,,,,,,,,,,,,,,,
Other Than Home University Seats Allotted to Other Than Home University Candidates,,,,,,,,,,,,,,,,,
,GOPENO,,,,,,,,,,,,,,,,
2337,,,,,,,,,,,,,,,,,
Stage-I, ,,,,,,,,,,,,,,,,
(92.3361383),,,,,,,,,,,,,,,,,
,State Level Seats,,,,,,,,,,,,,,,,
,EWS, ,TFWS,,,,,,,,,,,,,,
4026,925,,,,,,,,,,,,,,,,
Stage-I, ,,,,,,,,,,,,,,,,
(87.3496474),(96.828928),,,,,,,,,,,,,,,,
,Legends :, ,"Legends: G-General, L-Ladies, S-State Level Seats ,PWD - Persons with Disabilities,DEF - Defence,PWDR :PWD Common Reserved Seat",,,,,,,,,,,,,,
"DEFR :Defense Common Reserved Seat ,* Maharashtra State Seats - Cut Off Indicates State General Merit No. ; Figures in bracket Indicates Merit Score",,,,,,,,,,,,,,,,,
,Page 139 of 186,,,,,,,,,,,,,,,,
GOVERNMENT OF MAHARASHTRA,,,,,,,,,,,,,,,,,
,"Directorate of Technical Education, Maharashtra State, Mumbai.",,,,,,,,,,,,,,,,
,Cut Off List for Maharashtra & Minority Seats of CAP Round-IV for Admission to the First Year Post Graduate Technical Course in Master of Computer Applications (MCA) for the Academic Year 2025-26,,,,,,,,,,,,,,,,
,"6232 - Maharashtra Education Society's Institute of Management and Career Courses (IMCC), Pune",,,,,,,,,,,,,,,,
,0623224110 - Master in Computer Application,,,,,,,,,,,,,,,,
,Status :, ,Un-Aided-Autonomous,,,,,,,,,,,,,,
,Home University Seats,,,,,,,,,,,,,,,,
Home University Seats Allotted to Home University Candidates,,,,,,,,,,,,,,,,,
,GOPENH, ,GSCH, ,GOBCH,,,,,,,,,,,,
1666,8652,2219,,,,,,,,,,,,,,,
Stage-I, ,,,,,,,,,,,,,,,,
(94.4270578),(73.5368477),(92.3361383),,,,,,,,,,,,,,,
,Other Than Home University Seats,,,,,,,,,,,,,,,,
Other Than Home University Seats Allotted to Other Than Home University Candidates,,,,,,,,,,,,,,,,,
,GOPENO, ,GSTO,,,,,,,,,,,,,,
1448,,,,,,,,,,,,,,,,,
Stage-I, ,,,,,,,,,,,,,,,,
(95.2942951),,,,,,,,,,,,,,,,,
1460,,,,,,,,,,,,,,,,,
,Stage-IV, ,,,,,,,,,,,,,,,
(95.2942951),,,,,,,,,,,,,,,,,
,State Level Seats,,,,,,,,,,,,,,,,
,EWS, ,TFWS,,,,,,,,,,,,,,
1031,499,,,,,,,,,,,,,,,,
Stage-I, ,,,,,,,,,,,,,,,,
(96.392589),(98.0566771),,,,,,,,,,,,,,,,
,Legends :, ,"Legends: G-General, L-Ladies, S-State Level Seats ,PWD - Persons with Disabilities,DEF - Defence,PWDR :PWD Common Reserved Seat",,,,,,,,,,,,,,
"DEFR :Defense Common Reserved Seat ,* Maharashtra State Seats - Cut Off Indicates State General Merit No. ; Figures in bracket Indicates Merit Score",,,,,,,,,,,,,,,,,
,Page 140 of 186,,,,,,,,,,,,,,,,
GOVERNMENT OF MAHARASHTRA,,,,,,,,,,,,,,,,,
,"Directorate of Technical Education, Maharashtra State, Mumbai.",,,,,,,,,,,,,,,,
,Cut Off List for Maharashtra & Minority Seats of CAP Round-IV for Admission to the First Year Post Graduate Technical Course in Master of Computer Applications (MCA) for the Academic Year 2025-26,,,,,,,,,,,,,,,,
,"6236 - Sinhgad Technical Education Society's , Sinhgad Institute of Business Administration & Research, Kondhawa-Saswad Road, Pune",,,,,,,,,,,,,,,,
,0623624110 - Master in Computer Application,,,,,,,,,,,,,,,,
,Status :, ,Un-Aided,,,,,,,,,,,,,,
,Home University Seats,,,,,,,,,,,,,,,,
Home University Seats Allotted to Home University Candidates,,,,,,,,,,,,,,,,,
,GOPENH, ,GSCH, ,GSTH, ,GNTBH, ,GOBCH, ,GSEBCH,,,,,,
7201,21867,8196,9319,12392,,,,,,,,,,,,,
Stage-I, ,,,,,,,,,,,,,,,,
(77.8251197),(21.0059952),(74.782248),(71.1549338),(61.2807064),,,,,,,,,,,,,
7279,,,,,,,,,,,,,,,,,
,Stage-IV, ,,,,,,,,,,,,,,,
(77.8251197),,,,,,,,,,,,,,,,,
,Other Than Home University Seats,,,,,,,,,,,,,,,,
Other Than Home University Seats Allotted to Other Than Home University Candidates,,,,,,,,,,,,,,,,,
,GOPENO, ,GSCO, ,GSTO, ,GOBCO, ,GSEBCO,,,,,,,,
6300,6512,6507,8968,,,,,,,,,,,,,,
Stage-I, ,,,,,,,,,,,,,,,,
(80.5399495),(79.9969812),(79.9969812),(73.5368477),,,,,,,,,,,,,,
6444,,,,,,,,,,,,,,,,,
,Stage-IV, ,,,,,,,,,,,,,,,
(80.5399495),,,,,,,,,,,,,,,,,
,State Level Seats,,,,,,,,,,,,,,,,
,EWS,,,,,,,,,,,,,,,,
8754,,,,,,,,,,,,,,,,,
Stage-I, ,,,,,,,,,,,,,,,,
(73.5368477),,,,,,,,,,,,,,,,,
,Legends :, ,"Legends: G-General, L-Ladies, S-State Level Seats ,PWD - Persons with Disabilities,DEF - Defence,PWDR :PWD Common Reserved Seat",,,,,,,,,,,,,,
"DEFR :Defense Common Reserved Seat ,* Maharashtra State Seats - Cut Off Indicates State General Merit No. ; Figures in bracket Indicates Merit Score",,,,,,,,,,,,,,,,,
,Page 141 of 186,,,,,,,,,,,,,,,,
GOVERNMENT OF MAHARASHTRA,,,,,,,,,,,,,,,,,
,"Directorate of Technical Education, Maharashtra State, Mumbai.",,,,,,,,,,,,,,,,
,Cut Off List for Maharashtra & Minority Seats of CAP Round-IV for Admission to the First Year Post Graduate Technical Course in Master of Computer Applications (MCA) for the Academic Year 2025-26,,,,,,,,,,,,,,,,
,"6239 - Sinhgad Technical Education Society, Sinhgad Institute of Management & Computer Application, Narhe (Ambegaon), Pune",,,,,,,,,,,,,,,,
,0623924110 - Master in Computer Application,,,,,,,,,,,,,,,,
,Status :, ,Un-Aided,,,,,,,,,,,,,,
,Home University Seats,,,,,,,,,,,,,,,,
Home University Seats Allotted to Home University Candidates,,,,,,,,,,,,,,,,,
,GOPENH, ,GSCH, ,GSTH, ,GNTCH, ,GOBCH, ,GSEBCH,,,,,,
4264,14001,15413,6462,11968,,,,,,,,,,,,,
Stage-I, ,,,,,,,,,,,,,,,,
(87.2080299),(53.942159),(49.3533426),(80.5399495),(63.1574978),,,,,,,,,,,,,
5659,,,,,,,,,,,,,,,,,
,Stage-IV, ,,,,,,,,,,,,,,,
(82.8308366),,,,,,,,,,,,,,,,,
,Other Than Home University Seats,,,,,,,,,,,,,,,,
Other Than Home University Seats Allotted to Other Than Home University Candidates,,,,,,,,,,,,,,,,,
,GOPENO, ,GNTAO, ,GOBCO, ,GSEBCO,,,,,,,,,,
4236,6547,4766,5987,,,,,,,,,,,,,,
Stage-I, ,,,,,,,,,,,,,,,,
(87.2080299),(79.9969812),(85.3851665),(82.8308366),,,,,,,,,,,,,,
,Legends :, ,"Legends: G-General, L-Ladies, S-State Level Seats ,PWD - Persons with Disabilities,DEF - Defence,PWDR :PWD Common Reserved Seat",,,,,,,,,,,,,,
"DEFR :Defense Common Reserved Seat ,* Maharashtra State Seats - Cut Off Indicates State General Merit No. ; Figures in bracket Indicates Merit Score",,,,,,,,,,,,,,,,,
,Page 142 of 186,,,,,,,,,,,,,,,,
GOVERNMENT OF MAHARASHTRA,,,,,,,,,,,,,,,,,
,"Directorate of Technical Education, Maharashtra State, Mumbai.",,,,,,,,,,,,,,,,
,Cut Off List for Maharashtra & Minority Seats of CAP Round-IV for Admission to the First Year Post Graduate Technical Course in Master of Computer Applications (MCA) for the Academic Year 2025-26,,,,,,,,,,,,,,,,
,"6240 - Siddhant Institute Of Computer Application, Sudambare",,,,,,,,,,,,,,,,
,0624024110 - Master in Computer Application,,,,,,,,,,,,,,,,
,Status :, ,Un-Aided-Linguistic Minority - Hindi,,,,,,,,,,,,,,
,Home University Seats,,,,,,,,,,,,,,,,
Home University Seats Allotted to Home University Candidates,,,,,,,,,,,,,,,,,
,GOPENH,,,,,,,,,,,,,,,,
13597,,,,,,,,,,,,,,,,,
Stage-I, ,,,,,,,,,,,,,,,,
(56.5488095),,,,,,,,,,,,,,,,,
,Other Than Home University Seats,,,,,,,,,,,,,,,,
Other Than Home University Seats Allotted to Other Than Home University Candidates,,,,,,,,,,,,,,,,,
,GOPENO,,,,,,,,,,,,,,,,
7875,,,,,,,,,,,,,,,,,
Stage-I, ,,,,,,,,,,,,,,,,
(76.9216256),,,,,,,,,,,,,,,,,
,Minority Seats : Minority Seats Allotted to Non Minority Candidates,,,,,,,,,,,,,,,,
,MI-MH,,,,,,,,,,,,,,,,
14650,,,,,,,,,,,,,,,,,
Stage-MI-MH, ,,,,,,,,,,,,,,,,
(51.4093808),,,,,,,,,,,,,,,,,
,Legends :, ,"Legends: G-General, L-Ladies, S-State Level Seats ,PWD - Persons with Disabilities,DEF - Defence,PWDR :PWD Common Reserved Seat",,,,,,,,,,,,,,
"DEFR :Defense Common Reserved Seat ,* Maharashtra State Seats - Cut Off Indicates State General Merit No. ; Figures in bracket Indicates Merit Score",,,,,,,,,,,,,,,,,
,Page 143 of 186,,,,,,,,,,,,,,,,
GOVERNMENT OF MAHARASHTRA,,,,,,,,,,,,,,,,,
,"Directorate of Technical Education, Maharashtra State, Mumbai.",,,,,,,,,,,,,,,,
,Cut Off List for Maharashtra & Minority Seats of CAP Round-IV for Admission to the First Year Post Graduate Technical Course in Master of Computer Applications (MCA) for the Academic Year 2025-26,,,,,,,,,,,,,,,,
,"6248 - KFS - Krishna Institute of Computer Application & Management, Wathar",,,,,,,,,,,,,,,,
,0624824110 - Master in Computer Application,,,,,,,,,,,,,,,,
,Status :, ,Un-Aided,,,,,,,,,,,,,,
,Home University Seats,,,,,,,,,,,,,,,,
Home University Seats Allotted to Home University Candidates,,,,,,,,,,,,,,,,,
,GOPENH, ,GSCH, ,GSTH, ,GNTDH, ,GOBCH, ,GSEBCH,,,,,,
11732,17267,18103,,,,,,,,,,,,,,,
Stage-I, ,,,,,,,,,,,,,,,,
(63.1574978),(41.4550394),(39.3989669),,,,,,,,,,,,,,,
13834,18486,16980,,,,,,,,,,,,,,,
,Stage-IV, ,,,,,,,,,,,,,,,
(56.5488095),(36.496736),(44.5345198),,,,,,,,,,,,,,,
,Other Than Home University Seats,,,,,,,,,,,,,,,,
Other Than Home University Seats Allotted to Other Than Home University Candidates,,,,,,,,,,,,,,,,,
,GOPENO,,,,,,,,,,,,,,,,
23512,,,,,,,,,,,,,,,,,
Stage-I, ,,,,,,,,,,,,,,,,
(12.4750009),,,,,,,,,,,,,,,,,
,Other Than Home University Seats Allotted to Home University Candidates,,,,,,,,,,,,,,,,
,GOPENO, ,GOBCO, ,GSEBCO,,,,,,,,,,,,
18525,19396,22688,,,,,,,,,,,,,,,
Stage-I, ,,,,,,,,,,,,,,,,
(36.496736),(31.6629561),(16.9789978),,,,,,,,,,,,,,,
,Legends :, ,"Legends: G-General, L-Ladies, S-State Level Seats ,PWD - Persons with Disabilities,DEF - Defence,PWDR :PWD Common Reserved Seat",,,,,,,,,,,,,,
"DEFR :Defense Common Reserved Seat ,* Maharashtra State Seats - Cut Off Indicates State General Merit No. ; Figures in bracket Indicates Merit Score",,,,,,,,,,,,,,,,,
,Page 144 of 186,,,,,,,,,,,,,,,,
GOVERNMENT OF MAHARASHTRA,,,,,,,,,,,,,,,,,
,"Directorate of Technical Education, Maharashtra State, Mumbai.",,,,,,,,,,,,,,,,
,Cut Off List for Maharashtra & Minority Seats of CAP Round-IV for Admission to the First Year Post Graduate Technical Course in Master of Computer Applications (MCA) for the Academic Year 2025-26,,,,,,,,,,,,,,,,
,"6268 - Tatyasaheb Kore Institute of Engineering and Technology, Warananagar",,,,,,,,,,,,,,,,
,0626824110 - Master in Computer Application,,,,,,,,,,,,,,,,
,Status :, ,Un-Aided-Autonomous,,,,,,,,,,,,,,
,Home University Seats Allotted to Other Than Home University Candidates,,,,,,,,,,,,,,,,
,GOPENH, ,GSCH, ,GSTH, ,GNTCH, ,GOBCH, ,GSEBCH,,,,,,
14515,15763,,,,,,,,,,,,,,,,
Stage-I, ,,,,,,,,,,,,,,,,
(53.942159),(49.3533426),,,,,,,,,,,,,,,,
15705,15924,15626,15533,,,,,,,,,,,,,,
,Stage-IV, ,,,,,,,,,,,,,,,
(49.3533426),(46.3793819),(49.3533426),(49.3533426),,,,,,,,,,,,,,
,Other Than Home University Seats,,,,,,,,,,,,,,,,
Other Than Home University Seats Allotted to Other Than Home University Candidates,,,,,,,,,,,,,,,,,
,GOPENO, ,GSTO, ,GNTDO, ,GOBCO,,,,,,,,,,
10559,,,,,,,,,,,,,,,,,
Stage-I, ,,,,,,,,,,,,,,,,
(67.3579428),,,,,,,,,,,,,,,,,
11372,14046,13674,,,,,,,,,,,,,,,
,Stage-IV, ,,,,,,,,,,,,,,,
(65.8578922),(53.942159),(56.5488095),,,,,,,,,,,,,,,
,Legends :, ,"Legends: G-General, L-Ladies, S-State Level Seats ,PWD - Persons with Disabilities,DEF - Defence,PWDR :PWD Common Reserved Seat",,,,,,,,,,,,,,
"DEFR :Defense Common Reserved Seat ,* Maharashtra State Seats - Cut Off Indicates State General Merit No. ; Figures in bracket Indicates Merit Score",,,,,,,,,,,,,,,,,
,Page 145 of 186,,,,,,,,,,,,,,,,
GOVERNMENT OF MAHARASHTRA,,,,,,,,,,,,,,,,,
,"Directorate of Technical Education, Maharashtra State, Mumbai.",,,,,,,,,,,,,,,,
,Cut Off List for Maharashtra & Minority Seats of CAP Round-IV for Admission to the First Year Post Graduate Technical Course in Master of Computer Applications (MCA) for the Academic Year 2025-26,,,,,,,,,,,,,,,,
,"6277 - Dr. J. J. Magdum Charitable Trust's Dr. J.J. Magdum College of Engineering, Jaysingpur",,,,,,,,,,,,,,,,
,0627724110 - Master in Computer Application,,,,,,,,,,,,,,,,
,Status :, ,Un-Aided-Autonomous,,,,,,,,,,,,,,
,Home University Seats,,,,,,,,,,,,,,,,
Home University Seats Allotted to Home University Candidates,,,,,,,,,,,,,,,,,
,GOPENH, ,PWDOPENH,,,,,,,,,,,,,,
16521,,,,,,,,,,,,,,,,,
Stage-I, ,,,,,,,,,,,,,,,,
(44.5345198),,,,,,,,,,,,,,,,,
16938,,,,,,,,,,,,,,,,,
,I-Non PWD / DEF, ,,,,,,,,,,,,,,,
(44.5345198),,,,,,,,,,,,,,,,,
,Other Than Home University Seats Allotted to Home University Candidates,,,,,,,,,,,,,,,,
,GOPENO,,,,,,,,,,,,,,,,
16810,,,,,,,,,,,,,,,,,
Stage-I, ,,,,,,,,,,,,,,,,
(44.5345198),,,,,,,,,,,,,,,,,
,Legends :, ,"Legends: G-General, L-Ladies, S-State Level Seats ,PWD - Persons with Disabilities,DEF - Defence,PWDR :PWD Common Reserved Seat",,,,,,,,,,,,,,
"DEFR :Defense Common Reserved Seat ,* Maharashtra State Seats - Cut Off Indicates State General Merit No. ; Figures in bracket Indicates Merit Score",,,,,,,,,,,,,,,,,
,Page 146 of 186,,,,,,,,,,,,,,,,
GOVERNMENT OF MAHARASHTRA,,,,,,,,,,,,,,,,,
,"Directorate of Technical Education, Maharashtra State, Mumbai.",,,,,,,,,,,,,,,,
,Cut Off List for Maharashtra & Minority Seats of CAP Round-IV for Admission to the First Year Post Graduate Technical Course in Master of Computer Applications (MCA) for the Academic Year 2025-26,,,,,,,,,,,,,,,,
,"6310 - Nutan Maharashtra Vidya Prasarak Mandal, Nutan Maharashtra Institute of Engineering &Technology, Talegaon station, Pune",,,,,,,,,,,,,,,,
,0631024110 - Master in Computer Application,,,,,,,,,,,,,,,,
,Status :, ,Un-Aided-Autonomous,,,,,,,,,,,,,,
,Home University Seats,,,,,,,,,,,,,,,,
Home University Seats Allotted to Home University Candidates,,,,,,,,,,,,,,,,,
,GOPENH, ,GOBCH, ,GSEBCH, ,PWDOPENH,,,,,,,,,,
6531,11777,20271,,,,,,,,,,,,,,,
Stage-I, ,,,,,,,,,,,,,,,,
(79.9969812),(63.1574978),(29.9046039),,,,,,,,,,,,,,,
9816,,,,,,,,,,,,,,,,,
,I-Non PWD / DEF, ,,,,,,,,,,,,,,,
(69.7143504),,,,,,,,,,,,,,,,,
,Other Than Home University Seats,,,,,,,,,,,,,,,,
Other Than Home University Seats Allotted to Other Than Home University Candidates,,,,,,,,,,,,,,,,,
,GOPENO, ,GSCO, ,GOBCO, ,GSEBCO,,,,,,,,,,
4011,7015,7668,9369,,,,,,,,,,,,,,
Stage-I, ,,,,,,,,,,,,,,,,
(87.3496474),(77.8251197),(76.9216256),(71.1549338),,,,,,,,,,,,,,
,State Level Seats,,,,,,,,,,,,,,,,
,EWS,,,,,,,,,,,,,,,,
17085,,,,,,,,,,,,,,,,,
Stage-I, ,,,,,,,,,,,,,,,,
(41.4550394),,,,,,,,,,,,,,,,,
,Legends :, ,"Legends: G-General, L-Ladies, S-State Level Seats ,PWD - Persons with Disabilities,DEF - Defence,PWDR :PWD Common Reserved Seat",,,,,,,,,,,,,,
"DEFR :Defense Common Reserved Seat ,* Maharashtra State Seats - Cut Off Indicates State General Merit No. ; Figures in bracket Indicates Merit Score",,,,,,,,,,,,,,,,,
,Page 147 of 186,,,,,,,,,,,,,,,,
GOVERNMENT OF MAHARASHTRA,,,,,,,,,,,,,,,,,
,"Directorate of Technical Education, Maharashtra State, Mumbai.",,,,,,,,,,,,,,,,
,Cut Off List for Maharashtra & Minority Seats of CAP Round-IV for Admission to the First Year Post Graduate Technical Course in Master of Computer Applications (MCA) for the Academic Year 2025-26,,,,,,,,,,,,,,,,
,"6319 - Shahajirao Patil Vikas Pratishthan, S.B.Patil College of Engineering, Vangali, Tal. Indapur",,,,,,,,,,,,,,,,
,0631924110 - Master in Computer Application,,,,,,,,,,,,,,,,
,Status :, ,Un-Aided,,,,,,,,,,,,,,
,Home University Seats,,,,,,,,,,,,,,,,
Home University Seats Allotted to Home University Candidates,,,,,,,,,,,,,,,,,
,GSTH, ,GOBCH,,,,,,,,,,,,,,
14346,,,,,,,,,,,,,,,,,
Stage-IV, ,,,,,,,,,,,,,,,,
(53.942159),,,,,,,,,,,,,,,,,
23652,,,,,,,,,,,,,,,,,
,Stage-I, ,,,,,,,,,,,,,,,
(12.4750009),,,,,,,,,,,,,,,,,
,Home University Seats Allotted to Other Than Home University Candidates,,,,,,,,,,,,,,,,
,GSEBCH,,,,,,,,,,,,,,,,
19590,,,,,,,,,,,,,,,,,
Stage-I, ,,,,,,,,,,,,,,,,
(31.6629561),,,,,,,,,,,,,,,,,
,Other Than Home University Seats,,,,,,,,,,,,,,,,
Other Than Home University Seats Allotted to Other Than Home University Candidates,,,,,,,,,,,,,,,,,
,GSCO, ,GOBCO, ,GSEBCO,,,,,,,,,,,,
14566,,,,,,,,,,,,,,,,,
Stage-IV, ,,,,,,,,,,,,,,,,
(53.942159),,,,,,,,,,,,,,,,,
17384,10042,,,,,,,,,,,,,,,,
,Stage-I, ,,,,,,,,,,,,,,,
(41.4550394),(69.7143504),,,,,,,,,,,,,,,,
,Legends :, ,"Legends: G-General, L-Ladies, S-State Level Seats ,PWD - Persons with Disabilities,DEF - Defence,PWDR :PWD Common Reserved Seat",,,,,,,,,,,,,,
"DEFR :Defense Common Reserved Seat ,* Maharashtra State Seats - Cut Off Indicates State General Merit No. ; Figures in bracket Indicates Merit Score",,,,,,,,,,,,,,,,,
,Page 148 of 186,,,,,,,,,,,,,,,,
GOVERNMENT OF MAHARASHTRA,,,,,,,,,,,,,,,,,
,"Directorate of Technical Education, Maharashtra State, Mumbai.",,,,,,,,,,,,,,,,
,Cut Off List for Maharashtra & Minority Seats of CAP Round-IV for Admission to the First Year Post Graduate Technical Course in Master of Computer Applications (MCA) for the Academic Year 2025-26,,,,,,,,,,,,,,,,
,"6321 - Vidya Vikas Pratishthan Institute of Engineering and Technology, Solapur",,,,,,,,,,,,,,,,
,0632124110 - Master in Computer Application,,,,,,,,,,,,,,,,
,Status :, ,Un-Aided,,,,,,,,,,,,,,
,Other Than Home University Seats,,,,,,,,,,,,,,,,
Other Than Home University Seats Allotted to Other Than Home University Candidates,,,,,,,,,,,,,,,,,
,GOPENO,,,,,,,,,,,,,,,,
14312,,,,,,,,,,,,,,,,,
Stage-I, ,,,,,,,,,,,,,,,,
(53.942159),,,,,,,,,,,,,,,,,
,Other Than Home University Seats Allotted to Home University Candidates,,,,,,,,,,,,,,,,
,GOPENO, ,GSCO,,,,,,,,,,,,,,
18832,,,,,,,,,,,,,,,,,
Stage-I, ,,,,,,,,,,,,,,,,
(34.5198145),,,,,,,,,,,,,,,,,
19035,,,,,,,,,,,,,,,,,
,Stage-IV, ,,,,,,,,,,,,,,,
(34.5198145),,,,,,,,,,,,,,,,,
,Legends :, ,"Legends: G-General, L-Ladies, S-State Level Seats ,PWD - Persons with Disabilities,DEF - Defence,PWDR :PWD Common Reserved Seat",,,,,,,,,,,,,,
"DEFR :Defense Common Reserved Seat ,* Maharashtra State Seats - Cut Off Indicates State General Merit No. ; Figures in bracket Indicates Merit Score",,,,,,,,,,,,,,,,,
,Page 149 of 186,,,,,,,,,,,,,,,,
GOVERNMENT OF MAHARASHTRA,,,,,,,,,,,,,,,,,
,"Directorate of Technical Education, Maharashtra State, Mumbai.",,,,,,,,,,,,,,,,
,Cut Off List for Maharashtra & Minority Seats of CAP Round-IV for Admission to the First Year Post Graduate Technical Course in Master of Computer Applications (MCA) for the Academic Year 2025-26,,,,,,,,,,,,,,,,
,"6467 - Swami Vivekanand Institute Of Technology, Solapur",,,,,,,,,,,,,,,,
,0646724110 - Master in Computer Application,,,,,,,,,,,,,,,,
,Status :, ,Un-Aided,,,,,,,,,,,,,,
,Home University Seats,,,,,,,,,,,,,,,,
Home University Seats Allotted to Home University Candidates,,,,,,,,,,,,,,,,,
,GOPENH,,,,,,,,,,,,,,,,
24341,,,,,,,,,,,,,,,,,
Stage-I, ,,,,,,,,,,,,,,,,
(7.4072677),,,,,,,,,,,,,,,,,
,Other Than Home University Seats,,,,,,,,,,,,,,,,
Other Than Home University Seats Allotted to Other Than Home University Candidates,,,,,,,,,,,,,,,,,
,GOPENO,,,,,,,,,,,,,,,,
21037,,,,,,,,,,,,,,,,,
Stage-I, ,,,,,,,,,,,,,,,,
(25.4779232),,,,,,,,,,,,,,,,,
,Legends :, ,"Legends: G-General, L-Ladies, S-State Level Seats ,PWD - Persons with Disabilities,DEF - Defence,PWDR :PWD Common Reserved Seat",,,,,,,,,,,,,,
"DEFR :Defense Common Reserved Seat ,* Maharashtra State Seats - Cut Off Indicates State General Merit No. ; Figures in bracket Indicates Merit Score",,,,,,,,,,,,,,,,,
,Page 150 of 186,,,,,,,,,,,,,,,,
GOVERNMENT OF MAHARASHTRA,,,,,,,,,,,,,,,,,
,"Directorate of Technical Education, Maharashtra State, Mumbai.",,,,,,,,,,,,,,,,
,Cut Off List for Maharashtra & Minority Seats of CAP Round-IV for Admission to the First Year Post Graduate Technical Course in Master of Computer Applications (MCA) for the Academic Year 2025-26,,,,,,,,,,,,,,,,
,"6545 - Samarth Education Trust's Arvind Gavali College Of Engineering Panwalewadi, Varye,Satara.",,,,,,,,,,,,,,,,
,0654524110 - Master in Computer Application,,,,,,,,,,,,,,,,
,Status :, ,Un-Aided-Autonomous,,,,,,,,,,,,,,
,Home University Seats,,,,,,,,,,,,,,,,
Home University Seats Allotted to Home University Candidates,,,,,,,,,,,,,,,,,
,GSCH, ,GNTCH, ,GOBCH, ,GSEBCH,,,,,,,,,,
21555,20701,21126,,,,,,,,,,,,,,,
Stage-IV, ,,,,,,,,,,,,,,,,
(23.1010151),(27.2744425),(25.4779232),,,,,,,,,,,,,,,
10702,,,,,,,,,,,,,,,,,
,Stage-I, ,,,,,,,,,,,,,,,
(67.3579428),,,,,,,,,,,,,,,,,
,Other Than Home University Seats Allotted to Home University Candidates,,,,,,,,,,,,,,,,
,GOPENO, ,GSCO, ,GSTO, ,GNTAO, ,GOBCO,,,,,,,,
20247,,,,,,,,,,,,,,,,,
Stage-I, ,,,,,,,,,,,,,,,,
(29.9046039),,,,,,,,,,,,,,,,,
22732,22811,21641,22047,,,,,,,,,,,,,,
,Stage-IV, ,,,,,,,,,,,,,,,
(16.9789978),(15.5994113),(23.1010151),(21.0059952),,,,,,,,,,,,,,
,Legends :, ,"Legends: G-General, L-Ladies, S-State Level Seats ,PWD - Persons with Disabilities,DEF - Defence,PWDR :PWD Common Reserved Seat",,,,,,,,,,,,,,
"DEFR :Defense Common Reserved Seat ,* Maharashtra State Seats - Cut Off Indicates State General Merit No. ; Figures in bracket Indicates Merit Score",,,,,,,,,,,,,,,,,
,Page 151 of 186,,,,,,,,,,,,,,,,
GOVERNMENT OF MAHARASHTRA,,,,,,,,,,,,,,,,,
,"Directorate of Technical Education, Maharashtra State, Mumbai.",,,,,,,,,,,,,,,,
,Cut Off List for Maharashtra & Minority Seats of CAP Round-IV for Admission to the First Year Post Graduate Technical Course in Master of Computer Applications (MCA) for the Academic Year 2025-26,,,,,,,,,,,,,,,,
,"6547 - Suryadatta Educational Foundation, Suryadatta Institute of Management and Mass Communication, Pune",,,,,,,,,,,,,,,,
,0654724110 - Master in Computer Application,,,,,,,,,,,,,,,,
,Status :, ,Un-Aided-Religious Minority - Jain,,,,,,,,,,,,,,
,Home University Seats,,,,,,,,,,,,,,,,
Home University Seats Allotted to Home University Candidates,,,,,,,,,,,,,,,,,
,GOPENH,,,,,,,,,,,,,,,,
7717,,,,,,,,,,,,,,,,,
Stage-I, ,,,,,,,,,,,,,,,,
(76.9216256),,,,,,,,,,,,,,,,,
,Minority Seats : Minority Seats Allotted to Minority Candidates,,,,,,,,,,,,,,,,
,MI,,,,,,,,,,,,,,,,
22083,,,,,,,,,,,,,,,,,
Stage-I, ,,,,,,,,,,,,,,,,
(21.0059952),,,,,,,,,,,,,,,,,
,Minority Seats : Minority Seats Allotted to Non Minority Candidates,,,,,,,,,,,,,,,,
,MI-MH,,,,,,,,,,,,,,,,
6933,,,,,,,,,,,,,,,,,
Stage-MI-MH, ,,,,,,,,,,,,,,,,
(79.9969812),,,,,,,,,,,,,,,,,
,Legends :, ,"Legends: G-General, L-Ladies, S-State Level Seats ,PWD - Persons with Disabilities,DEF - Defence,PWDR :PWD Common Reserved Seat",,,,,,,,,,,,,,
"DEFR :Defense Common Reserved Seat ,* Maharashtra State Seats - Cut Off Indicates State General Merit No. ; Figures in bracket Indicates Merit Score",,,,,,,,,,,,,,,,,
,Page 152 of 186,,,,,,,,,,,,,,,,
GOVERNMENT OF MAHARASHTRA,,,,,,,,,,,,,,,,,
,"Directorate of Technical Education, Maharashtra State, Mumbai.",,,,,,,,,,,,,,,,
,Cut Off List for Maharashtra & Minority Seats of CAP Round-IV for Admission to the First Year Post Graduate Technical Course in Master of Computer Applications (MCA) for the Academic Year 2025-26,,,,,,,,,,,,,,,,
,"6548 - Suryadatta Educational Foundation, Suryadatta Institute of Business Management and Technology, Pune",,,,,,,,,,,,,,,,
,0654824110 - Master in Computer Application,,,,,,,,,,,,,,,,
,Status :, ,Un-Aided-Religious Minority - Jain,,,,,,,,,,,,,,
,Home University Seats,,,,,,,,,,,,,,,,
Home University Seats Allotted to Home University Candidates,,,,,,,,,,,,,,,,,
,GOPENH,,,,,,,,,,,,,,,,
7687,,,,,,,,,,,,,,,,,
Stage-I, ,,,,,,,,,,,,,,,,
(76.9216256),,,,,,,,,,,,,,,,,
,Other Than Home University Seats,,,,,,,,,,,,,,,,
Other Than Home University Seats Allotted to Other Than Home University Candidates,,,,,,,,,,,,,,,,,
,GOPENO,,,,,,,,,,,,,,,,
6617,,,,,,,,,,,,,,,,,
Stage-I, ,,,,,,,,,,,,,,,,
(79.9969812),,,,,,,,,,,,,,,,,
,Minority Seats : Minority Seats Allotted to Non Minority Candidates,,,,,,,,,,,,,,,,
,MI-MH,,,,,,,,,,,,,,,,
10396,,,,,,,,,,,,,,,,,
Stage-MI-MH, ,,,,,,,,,,,,,,,,
(67.3579428),,,,,,,,,,,,,,,,,
,Legends :, ,"Legends: G-General, L-Ladies, S-State Level Seats ,PWD - Persons with Disabilities,DEF - Defence,PWDR :PWD Common Reserved Seat",,,,,,,,,,,,,,
"DEFR :Defense Common Reserved Seat ,* Maharashtra State Seats - Cut Off Indicates State General Merit No. ; Figures in bracket Indicates Merit Score",,,,,,,,,,,,,,,,,
,Page 153 of 186,,,,,,,,,,,,,,,,
GOVERNMENT OF MAHARASHTRA,,,,,,,,,,,,,,,,,
,"Directorate of Technical Education, Maharashtra State, Mumbai.",,,,,,,,,,,,,,,,
,Cut Off List for Maharashtra & Minority Seats of CAP Round-IV for Admission to the First Year Post Graduate Technical Course in Master of Computer Applications (MCA) for the Academic Year 2025-26,,,,,,,,,,,,,,,,
,"6614 - Sadhu Vaswani Institute Of Management Studies For Girls, Koregaon, Pune",,,,,,,,,,,,,,,,
,0661424150F - Master in Computer Application,,,,,,,,,,,,,,,,
,Status :, ,Un-Aided-Linguistic Minority - Sindhi,,,,,,,,,,,,,,
,Other Than Home University Seats,,,,,,,,,,,,,,,,
Other Than Home University Seats Allotted to Other Than Home University Candidates,,,,,,,,,,,,,,,,,
,GOPENO,,,,,,,,,,,,,,,,
11676,,,,,,,,,,,,,,,,,
Stage-I, ,,,,,,,,,,,,,,,,
(63.1574978),,,,,,,,,,,,,,,,,
,Minority Seats : Minority Seats Allotted to Non Minority Candidates,,,,,,,,,,,,,,,,
,MI-MH,,,,,,,,,,,,,,,,
11370,,,,,,,,,,,,,,,,,
Stage-MI-MH, ,,,,,,,,,,,,,,,,
(65.8578922),,,,,,,,,,,,,,,,,
,Legends :, ,"Legends: G-General, L-Ladies, S-State Level Seats ,PWD - Persons with Disabilities,DEF - Defence,PWDR :PWD Common Reserved Seat",,,,,,,,,,,,,,
"DEFR :Defense Common Reserved Seat ,* Maharashtra State Seats - Cut Off Indicates State General Merit No. ; Figures in bracket Indicates Merit Score",,,,,,,,,,,,,,,,,
,Page 154 of 186,,,,,,,,,,,,,,,,
GOVERNMENT OF MAHARASHTRA,,,,,,,,,,,,,,,,,
,"Directorate of Technical Education, Maharashtra State, Mumbai.",,,,,,,,,,,,,,,,
,Cut Off List for Maharashtra & Minority Seats of CAP Round-IV for Admission to the First Year Post Graduate Technical Course in Master of Computer Applications (MCA) for the Academic Year 2025-26,,,,,,,,,,,,,,,,
,"6628 - Dattakala Group Of Institutions, Swami - Chincholi Tal. Daund Dist. Pune",,,,,,,,,,,,,,,,
,0662824110 - Master in Computer Application,,,,,,,,,,,,,,,,
,Status :, ,Un-Aided,,,,,,,,,,,,,,
,Home University Seats,,,,,,,,,,,,,,,,
Home University Seats Allotted to Home University Candidates,,,,,,,,,,,,,,,,,
,GOPENH, ,GSCH, ,GSTH, ,GNTAH, ,GNTBH, ,GOBCH, ,GSEBCH, ,PWDOPENH, ,PWDSCH
13264,15185,16364,,,,,,,,,,,,,,,
Stage-I, ,,,,,,,,,,,,,,,,
(58.7911466),(51.4093808),(46.3793819),,,,,,,,,,,,,,,
17209,17331,16724,16740,16775,,,,,,,,,,,,,
,Stage-IV, ,,,,,,,,,,,,,,,
(41.4550394),(41.4550394),(44.5345198),(44.5345198),(44.5345198),,,,,,,,,,,,,
15778,,,,,,,,,,,,,,,,,
,I-Non PWD / DEF, ,,,,,,,,,,,,,,,
(49.3533426),,,,,,,,,,,,,,,,,
,Other Than Home University Seats,,,,,,,,,,,,,,,,
Other Than Home University Seats Allotted to Other Than Home University Candidates,,,,,,,,,,,,,,,,,
,GOPENO, ,GSCO, ,GNTAO, ,GOBCO, ,GSEBCO,,,,,,,,
14337,19758,15327,19200,,,,,,,,,,,,,,
Stage-I, ,,,,,,,,,,,,,,,,
(53.942159),(31.6629561),(49.3533426),(34.5198145),,,,,,,,,,,,,,
15351,15024,,,,,,,,,,,,,,,,
,Stage-IV, ,,,,,,,,,,,,,,,
(49.3533426),(51.4093808),,,,,,,,,,,,,,,,
,Legends :, ,"Legends: G-General, L-Ladies, S-State Level Seats ,PWD - Persons with Disabilities,DEF - Defence,PWDR :PWD Common Reserved Seat",,,,,,,,,,,,,,
"DEFR :Defense Common Reserved Seat ,* Maharashtra State Seats - Cut Off Indicates State General Merit No. ; Figures in bracket Indicates Merit Score",,,,,,,,,,,,,,,,,
,Page 155 of 186,,,,,,,,,,,,,,,,
GOVERNMENT OF MAHARASHTRA,,,,,,,,,,,,,,,,,
,"Directorate of Technical Education, Maharashtra State, Mumbai.",,,,,,,,,,,,,,,,
,Cut Off List for Maharashtra & Minority Seats of CAP Round-IV for Admission to the First Year Post Graduate Technical Course in Master of Computer Applications (MCA) for the Academic Year 2025-26,,,,,,,,,,,,,,,,
,6632 - Navsahyadri Education Society's Group of Institutions,,,,,,,,,,,,,,,,
,0663224110 - Master in Computer Application,,,,,,,,,,,,,,,,
,Status :, ,Un-Aided,,,,,,,,,,,,,,
,Home University Seats,,,,,,,,,,,,,,,,
Home University Seats Allotted to Home University Candidates,,,,,,,,,,,,,,,,,
,GOPENH, ,GOBCH,,,,,,,,,,,,,,
11793,16513,,,,,,,,,,,,,,,,
Stage-I, ,,,,,,,,,,,,,,,,
(63.1574978),(44.5345198),,,,,,,,,,,,,,,,
,Home University Seats Allotted to Other Than Home University Candidates,,,,,,,,,,,,,,,,
,GNTBH,,,,,,,,,,,,,,,,
13593,,,,,,,,,,,,,,,,,
Stage-I, ,,,,,,,,,,,,,,,,
(56.5488095),,,,,,,,,,,,,,,,,
,Other Than Home University Seats,,,,,,,,,,,,,,,,
Other Than Home University Seats Allotted to Other Than Home University Candidates,,,,,,,,,,,,,,,,,
,GOPENO, ,GSCO, ,GSTO, ,GOBCO, ,GSEBCO,,,,,,,,
12095,18864,13913,13070,,,,,,,,,,,,,,
Stage-I, ,,,,,,,,,,,,,,,,
(61.2807064),(34.5198145),(56.5488095),(58.7911466),,,,,,,,,,,,,,
13182,,,,,,,,,,,,,,,,,
,Stage-IV, ,,,,,,,,,,,,,,,
(58.7911466),,,,,,,,,,,,,,,,,
,Legends :, ,"Legends: G-General, L-Ladies, S-State Level Seats ,PWD - Persons with Disabilities,DEF - Defence,PWDR :PWD Common Reserved Seat",,,,,,,,,,,,,,
"DEFR :Defense Common Reserved Seat ,* Maharashtra State Seats - Cut Off Indicates State General Merit No. ; Figures in bracket Indicates Merit Score",,,,,,,,,,,,,,,,,
,Page 156 of 186,,,,,,,,,,,,,,,,
GOVERNMENT OF MAHARASHTRA,,,,,,,,,,,,,,,,,
,"Directorate of Technical Education, Maharashtra State, Mumbai.",,,,,,,,,,,,,,,,
,Cut Off List for Maharashtra & Minority Seats of CAP Round-IV for Admission to the First Year Post Graduate Technical Course in Master of Computer Applications (MCA) for the Academic Year 2025-26,,,,,,,,,,,,,,,,
,"6634 - KJEI's Trinity Academy of Engineering, Yewalewadi, Pune",,,,,,,,,,,,,,,,
,0663424110 - Master in Computer Application,,,,,,,,,,,,,,,,
,Status :, ,Un-Aided,,,,,,,,,,,,,,
,Home University Seats,,,,,,,,,,,,,,,,
Home University Seats Allotted to Home University Candidates,,,,,,,,,,,,,,,,,
,GOPENH, ,GSTH, ,GNTCH, ,GOBCH, ,GSEBCH, ,PWDOBCH,,,,,,
10456,18466,11943,21240,,,,,,,,,,,,,,
Stage-I, ,,,,,,,,,,,,,,,,
(67.3579428),(36.496736),(63.1574978),(25.4779232),,,,,,,,,,,,,,
11368,,,,,,,,,,,,,,,,,
,Stage-IV, ,,,,,,,,,,,,,,,
(65.8578922),,,,,,,,,,,,,,,,,
11993,,,,,,,,,,,,,,,,,
,I-Non PWD / DEF, ,,,,,,,,,,,,,,,
(63.1574978),,,,,,,,,,,,,,,,,
,Home University Seats Allotted to Other Than Home University Candidates,,,,,,,,,,,,,,,,
,GSCH,,,,,,,,,,,,,,,,
15832,,,,,,,,,,,,,,,,,
Stage-I, ,,,,,,,,,,,,,,,,
(49.3533426),,,,,,,,,,,,,,,,,
,Other Than Home University Seats,,,,,,,,,,,,,,,,
Other Than Home University Seats Allotted to Other Than Home University Candidates,,,,,,,,,,,,,,,,,
,GOPENO, ,GSCO, ,GNTAO, ,GOBCO, ,GSEBCO,,,,,,,,
7128,13849,17568,10910,7434,,,,,,,,,,,,,
Stage-I, ,,,,,,,,,,,,,,,,
(77.8251197),(56.5488095),(41.4550394),(65.8578922),(76.9216256),,,,,,,,,,,,,
,Legends :, ,"Legends: G-General, L-Ladies, S-State Level Seats ,PWD - Persons with Disabilities,DEF - Defence,PWDR :PWD Common Reserved Seat",,,,,,,,,,,,,,
"DEFR :Defense Common Reserved Seat ,* Maharashtra State Seats - Cut Off Indicates State General Merit No. ; Figures in bracket Indicates Merit Score",,,,,,,,,,,,,,,,,
,Page 157 of 186,,,,,,,,,,,,,,,,
GOVERNMENT OF MAHARASHTRA,,,,,,,,,,,,,,,,,
,"Directorate of Technical Education, Maharashtra State, Mumbai.",,,,,,,,,,,,,,,,
,Cut Off List for Maharashtra & Minority Seats of CAP Round-IV for Admission to the First Year Post Graduate Technical Course in Master of Computer Applications (MCA) for the Academic Year 2025-26,,,,,,,,,,,,,,,,
,6635 - Samarth College of Engineering and Management,,,,,,,,,,,,,,,,
,0663524110 - Master in Computer Application,,,,,,,,,,,,,,,,
,Status :, ,Un-Aided,,,,,,,,,,,,,,
,Home University Seats,,,,,,,,,,,,,,,,
Home University Seats Allotted to Home University Candidates,,,,,,,,,,,,,,,,,
,GOPENH, ,GSCH, ,GSTH, ,GNTBH, ,GOBCH,,,,,,,,
10583,21192,15164,,,,,,,,,,,,,,,
Stage-I, ,,,,,,,,,,,,,,,,
(67.3579428),(25.4779232),(51.4093808),,,,,,,,,,,,,,,
14672,15235,,,,,,,,,,,,,,,,
,Stage-IV, ,,,,,,,,,,,,,,,
(51.4093808),(49.3533426),,,,,,,,,,,,,,,,
,Home University Seats Allotted to Other Than Home University Candidates,,,,,,,,,,,,,,,,
,GNTAH, ,GSEBCH,,,,,,,,,,,,,,
24376,20153,,,,,,,,,,,,,,,,
Stage-I, ,,,,,,,,,,,,,,,,
(7.4072677),(29.9046039),,,,,,,,,,,,,,,,
,Other Than Home University Seats,,,,,,,,,,,,,,,,
Other Than Home University Seats Allotted to Other Than Home University Candidates,,,,,,,,,,,,,,,,,
,GOPENO, ,GSCO, ,GSTO, ,GNTDO, ,GOBCO, ,GSEBCO,,,,,,
15069,24632,15353,19144,,,,,,,,,,,,,,
Stage-I, ,,,,,,,,,,,,,,,,
(51.4093808),(5.5960152),(49.3533426),(34.5198145),,,,,,,,,,,,,,
15454,15335,,,,,,,,,,,,,,,,
,Stage-IV, ,,,,,,,,,,,,,,,
(49.3533426),(49.3533426),,,,,,,,,,,,,,,,
,State Level Seats,,,,,,,,,,,,,,,,
,TFWS,,,,,,,,,,,,,,,,
16541,,,,,,,,,,,,,,,,,
Stage-I, ,,,,,,,,,,,,,,,,
(44.5345198),,,,,,,,,,,,,,,,,
,Legends :, ,"Legends: G-General, L-Ladies, S-State Level Seats ,PWD - Persons with Disabilities,DEF - Defence,PWDR :PWD Common Reserved Seat",,,,,,,,,,,,,,
"DEFR :Defense Common Reserved Seat ,* Maharashtra State Seats - Cut Off Indicates State General Merit No. ; Figures in bracket Indicates Merit Score",,,,,,,,,,,,,,,,,
,Page 158 of 186,,,,,,,,,,,,,,,,
GOVERNMENT OF MAHARASHTRA,,,,,,,,,,,,,,,,,
,"Directorate of Technical Education, Maharashtra State, Mumbai.",,,,,,,,,,,,,,,,
,Cut Off List for Maharashtra & Minority Seats of CAP Round-IV for Admission to the First Year Post Graduate Technical Course in Master of Computer Applications (MCA) for the Academic Year 2025-26,,,,,,,,,,,,,,,,
,"6755 - JSPM Narhe Technical Campus, Pune.",,,,,,,,,,,,,,,,
,0675524110 - Master in Computer Application,,,,,,,,,,,,,,,,
,Status :, ,Un-Aided,,,,,,,,,,,,,,
,Home University Seats,,,,,,,,,,,,,,,,
Home University Seats Allotted to Home University Candidates,,,,,,,,,,,,,,,,,
,GOPENH, ,GSCH, ,GOBCH,,,,,,,,,,,,
4183,10352,6844,,,,,,,,,,,,,,,
Stage-I, ,,,,,,,,,,,,,,,,
(87.2080299),(67.3579428),(79.9969812),,,,,,,,,,,,,,,
,Other Than Home University Seats,,,,,,,,,,,,,,,,
Other Than Home University Seats Allotted to Other Than Home University Candidates,,,,,,,,,,,,,,,,,
,GSCO, ,GOBCO,,,,,,,,,,,,,,
4090,2548,,,,,,,,,,,,,,,,
Stage-I, ,,,,,,,,,,,,,,,,
(87.3496474),(92.1797821),,,,,,,,,,,,,,,,
,State Level Seats,,,,,,,,,,,,,,,,
,EWS,,,,,,,,,,,,,,,,
14794,,,,,,,,,,,,,,,,,
Stage-I, ,,,,,,,,,,,,,,,,
(51.4093808),,,,,,,,,,,,,,,,,
,Legends :, ,"Legends: G-General, L-Ladies, S-State Level Seats ,PWD - Persons with Disabilities,DEF - Defence,PWDR :PWD Common Reserved Seat",,,,,,,,,,,,,,
"DEFR :Defense Common Reserved Seat ,* Maharashtra State Seats - Cut Off Indicates State General Merit No. ; Figures in bracket Indicates Merit Score",,,,,,,,,,,,,,,,,
,Page 159 of 186,,,,,,,,,,,,,,,,
GOVERNMENT OF MAHARASHTRA,,,,,,,,,,,,,,,,,
,"Directorate of Technical Education, Maharashtra State, Mumbai.",,,,,,,,,,,,,,,,
,Cut Off List for Maharashtra & Minority Seats of CAP Round-IV for Admission to the First Year Post Graduate Technical Course in Master of Computer Applications (MCA) for the Academic Year 2025-26,,,,,,,,,,,,,,,,
,"6757 - Yashoda Technical Campus, Wadhe, Satara.",,,,,,,,,,,,,,,,
,0675724110 - Master in Computer Application,,,,,,,,,,,,,,,,
,Status :, ,Un-Aided,,,,,,,,,,,,,,
,Home University Seats,,,,,,,,,,,,,,,,
Home University Seats Allotted to Home University Candidates,,,,,,,,,,,,,,,,,
,GOPENH, ,GNTCH, ,GOBCH,,,,,,,,,,,,
11357,13152,,,,,,,,,,,,,,,,
Stage-I, ,,,,,,,,,,,,,,,,
(65.8578922),(58.7911466),,,,,,,,,,,,,,,,
12138,,,,,,,,,,,,,,,,,
,Stage-IV, ,,,,,,,,,,,,,,,
(61.2807064),,,,,,,,,,,,,,,,,
,Other Than Home University Seats,,,,,,,,,,,,,,,,
Other Than Home University Seats Allotted to Other Than Home University Candidates,,,,,,,,,,,,,,,,,
,GOPENO, ,GOBCO,,,,,,,,,,,,,,
23032,23075,,,,,,,,,,,,,,,,
Stage-I, ,,,,,,,,,,,,,,,,
(15.5994113),(15.5994113),,,,,,,,,,,,,,,,
,Other Than Home University Seats Allotted to Home University Candidates,,,,,,,,,,,,,,,,
,GSEBCO,,,,,,,,,,,,,,,,
12330,,,,,,,,,,,,,,,,,
Stage-I, ,,,,,,,,,,,,,,,,
(61.2807064),,,,,,,,,,,,,,,,,
,Legends :, ,"Legends: G-General, L-Ladies, S-State Level Seats ,PWD - Persons with Disabilities,DEF - Defence,PWDR :PWD Common Reserved Seat",,,,,,,,,,,,,,
"DEFR :Defense Common Reserved Seat ,* Maharashtra State Seats - Cut Off Indicates State General Merit No. ; Figures in bracket Indicates Merit Score",,,,,,,,,,,,,,,,,
,Page 160 of 186,,,,,,,,,,,,,,,,
GOVERNMENT OF MAHARASHTRA,,,,,,,,,,,,,,,,,
,"Directorate of Technical Education, Maharashtra State, Mumbai.",,,,,,,,,,,,,,,,
,Cut Off List for Maharashtra & Minority Seats of CAP Round-IV for Admission to the First Year Post Graduate Technical Course in Master of Computer Applications (MCA) for the Academic Year 2025-26,,,,,,,,,,,,,,,,
,"6775 - Yashaswi Education Society's International Institute of Management Science, Chinchwad, Pune",,,,,,,,,,,,,,,,
,0677524110 - Master in Computer Application,,,,,,,,,,,,,,,,
,Status :, ,Un-Aided,,,,,,,,,,,,,,
,Home University Seats,,,,,,,,,,,,,,,,
Home University Seats Allotted to Home University Candidates,,,,,,,,,,,,,,,,,
,GOPENH, ,GSCH, ,GSTH, ,GOBCH, ,PWDOPENH,,,,,,,,
9656,12430,11505,,,,,,,,,,,,,,,
Stage-I, ,,,,,,,,,,,,,,,,
(69.7143504),(61.2807064),(63.1574978),,,,,,,,,,,,,,,
9805,,,,,,,,,,,,,,,,,
,Stage-IV, ,,,,,,,,,,,,,,,
(69.7143504),,,,,,,,,,,,,,,,,
9723,,,,,,,,,,,,,,,,,
,I-Non PWD / DEF, ,,,,,,,,,,,,,,,
(69.7143504),,,,,,,,,,,,,,,,,
,Other Than Home University Seats,,,,,,,,,,,,,,,,
Other Than Home University Seats Allotted to Other Than Home University Candidates,,,,,,,,,,,,,,,,,
,GOPENO, ,GSCO, ,GOBCO,,,,,,,,,,,,
7753,11409,8657,,,,,,,,,,,,,,,
Stage-I, ,,,,,,,,,,,,,,,,
(76.9216256),(65.8578922),(73.5368477),,,,,,,,,,,,,,,
,State Level Seats,,,,,,,,,,,,,,,,
,EWS,,,,,,,,,,,,,,,,
23738,,,,,,,,,,,,,,,,,
Stage-I, ,,,,,,,,,,,,,,,,
(10.5199653),,,,,,,,,,,,,,,,,
,Legends :, ,"Legends: G-General, L-Ladies, S-State Level Seats ,PWD - Persons with Disabilities,DEF - Defence,PWDR :PWD Common Reserved Seat",,,,,,,,,,,,,,
"DEFR :Defense Common Reserved Seat ,* Maharashtra State Seats - Cut Off Indicates State General Merit No. ; Figures in bracket Indicates Merit Score",,,,,,,,,,,,,,,,,
,Page 161 of 186,,,,,,,,,,,,,,,,
GOVERNMENT OF MAHARASHTRA,,,,,,,,,,,,,,,,,
,"Directorate of Technical Education, Maharashtra State, Mumbai.",,,,,,,,,,,,,,,,
,Cut Off List for Maharashtra & Minority Seats of CAP Round-IV for Admission to the First Year Post Graduate Technical Course in Master of Computer Applications (MCA) for the Academic Year 2025-26,,,,,,,,,,,,,,,,
,"6794 - Anantrao Pawar College of Engineering & Research, Pune",,,,,,,,,,,,,,,,
,0679424110 - Master in Computer Application,,,,,,,,,,,,,,,,
,Status :, ,Un-Aided,,,,,,,,,,,,,,
,Home University Seats,,,,,,,,,,,,,,,,
Home University Seats Allotted to Home University Candidates,,,,,,,,,,,,,,,,,
,GOPENH, ,GSTH, ,GSEBCH, ,PWDOPENH,,,,,,,,,,
7261,17011,,,,,,,,,,,,,,,,
Stage-I, ,,,,,,,,,,,,,,,,
(77.8251197),(44.5345198),,,,,,,,,,,,,,,,
9367,,,,,,,,,,,,,,,,,
,Stage-IV, ,,,,,,,,,,,,,,,
(71.1549338),,,,,,,,,,,,,,,,,
8413,,,,,,,,,,,,,,,,,
,I-Non PWD / DEF, ,,,,,,,,,,,,,,,
(74.782248),,,,,,,,,,,,,,,,,
,Home University Seats Allotted to Other Than Home University Candidates,,,,,,,,,,,,,,,,
,GNTAH,,,,,,,,,,,,,,,,
9288,,,,,,,,,,,,,,,,,
Stage-I, ,,,,,,,,,,,,,,,,
(71.1549338),,,,,,,,,,,,,,,,,
,Other Than Home University Seats,,,,,,,,,,,,,,,,
Other Than Home University Seats Allotted to Other Than Home University Candidates,,,,,,,,,,,,,,,,,
,GOPENO, ,GSCO, ,GSEBCO,,,,,,,,,,,,
7783,11043,11523,,,,,,,,,,,,,,,
Stage-I, ,,,,,,,,,,,,,,,,
(76.9216256),(65.8578922),(63.1574978),,,,,,,,,,,,,,,
,Legends :, ,"Legends: G-General, L-Ladies, S-State Level Seats ,PWD - Persons with Disabilities,DEF - Defence,PWDR :PWD Common Reserved Seat",,,,,,,,,,,,,,
"DEFR :Defense Common Reserved Seat ,* Maharashtra State Seats - Cut Off Indicates State General Merit No. ; Figures in bracket Indicates Merit Score",,,,,,,,,,,,,,,,,
,Page 162 of 186,,,,,,,,,,,,,,,,
GOVERNMENT OF MAHARASHTRA,,,,,,,,,,,,,,,,,
,"Directorate of Technical Education, Maharashtra State, Mumbai.",,,,,,,,,,,,,,,,
,Cut Off List for Maharashtra & Minority Seats of CAP Round-IV for Admission to the First Year Post Graduate Technical Course in Master of Computer Applications (MCA) for the Academic Year 2025-26,,,,,,,,,,,,,,,,
,"6803 - Sant Gajanan Maharaj College of Engineering, Gadhinglaj",,,,,,,,,,,,,,,,
,0680324110 - Master in Computer Application,,,,,,,,,,,,,,,,
,Status :, ,Un-Aided,,,,,,,,,,,,,,
,Home University Seats,,,,,,,,,,,,,,,,
Home University Seats Allotted to Home University Candidates,,,,,,,,,,,,,,,,,
,GSTH, ,GOBCH, ,GSEBCH,,,,,,,,,,,,
16819,17429,,,,,,,,,,,,,,,,
Stage-IV, ,,,,,,,,,,,,,,,,
(44.5345198),(41.4550394),,,,,,,,,,,,,,,,
19592,,,,,,,,,,,,,,,,,
,Stage-I, ,,,,,,,,,,,,,,,
(31.6629561),,,,,,,,,,,,,,,,,
,Other Than Home University Seats Allotted to Home University Candidates,,,,,,,,,,,,,,,,
,GOPENO, ,GSCO,,,,,,,,,,,,,,
16457,,,,,,,,,,,,,,,,,
Stage-I, ,,,,,,,,,,,,,,,,
(44.5345198),,,,,,,,,,,,,,,,,
17434,,,,,,,,,,,,,,,,,
,Stage-IV, ,,,,,,,,,,,,,,,
(41.4550394),,,,,,,,,,,,,,,,,
,Legends :, ,"Legends: G-General, L-Ladies, S-State Level Seats ,PWD - Persons with Disabilities,DEF - Defence,PWDR :PWD Common Reserved Seat",,,,,,,,,,,,,,
"DEFR :Defense Common Reserved Seat ,* Maharashtra State Seats - Cut Off Indicates State General Merit No. ; Figures in bracket Indicates Merit Score",,,,,,,,,,,,,,,,,
,Page 163 of 186,,,,,,,,,,,,,,,,
GOVERNMENT OF MAHARASHTRA,,,,,,,,,,,,,,,,,
,"Directorate of Technical Education, Maharashtra State, Mumbai.",,,,,,,,,,,,,,,,
,Cut Off List for Maharashtra & Minority Seats of CAP Round-IV for Admission to the First Year Post Graduate Technical Course in Master of Computer Applications (MCA) for the Academic Year 2025-26,,,,,,,,,,,,,,,,
,"6812 - Progressive Education Society's Modern Institute of Business Studies, Nigdi, Pune",,,,,,,,,,,,,,,,
,0681224110 - Master in Computer Application,,,,,,,,,,,,,,,,
,Status :, ,Un-Aided-Autonomous,,,,,,,,,,,,,,
,Home University Seats,,,,,,,,,,,,,,,,
Home University Seats Allotted to Home University Candidates,,,,,,,,,,,,,,,,,
,GOPENH, ,GNTBH, ,GOBCH, ,GSEBCH, ,PWDOPENH,,,,,,,,
4616,8716,5563,8988,,,,,,,,,,,,,,
Stage-I, ,,,,,,,,,,,,,,,,
(85.3851665),(73.5368477),(82.9644433),(73.5368477),,,,,,,,,,,,,,
4871,,,,,,,,,,,,,,,,,
,I-Non PWD / DEF, ,,,,,,,,,,,,,,,
(85.2118788),,,,,,,,,,,,,,,,,
,Other Than Home University Seats,,,,,,,,,,,,,,,,
Other Than Home University Seats Allotted to Other Than Home University Candidates,,,,,,,,,,,,,,,,,
,GOPENO, ,GSCO, ,GNTCO, ,GOBCO, ,GSEBCO,,,,,,,,
3689,5350,11196,4292,5095,,,,,,,,,,,,,
Stage-I, ,,,,,,,,,,,,,,,,
(89.1331398),(82.9644433),(65.8578922),(87.2080299),(85.2118788),,,,,,,,,,,,,
,State Level Seats,,,,,,,,,,,,,,,,
,EWS, ,TFWS,,,,,,,,,,,,,,
5126,2015,,,,,,,,,,,,,,,,
Stage-I, ,,,,,,,,,,,,,,,,
(85.2118788),(93.405226),,,,,,,,,,,,,,,,
,Legends :, ,"Legends: G-General, L-Ladies, S-State Level Seats ,PWD - Persons with Disabilities,DEF - Defence,PWDR :PWD Common Reserved Seat",,,,,,,,,,,,,,
"DEFR :Defense Common Reserved Seat ,* Maharashtra State Seats - Cut Off Indicates State General Merit No. ; Figures in bracket Indicates Merit Score",,,,,,,,,,,,,,,,,
,Page 164 of 186,,,,,,,,,,,,,,,,
GOVERNMENT OF MAHARASHTRA,,,,,,,,,,,,,,,,,
,"Directorate of Technical Education, Maharashtra State, Mumbai.",,,,,,,,,,,,,,,,
,Cut Off List for Maharashtra & Minority Seats of CAP Round-IV for Admission to the First Year Post Graduate Technical Course in Master of Computer Applications (MCA) for the Academic Year 2025-26,,,,,,,,,,,,,,,,
,"6836 - Dr.D.Y.Patil Institute Of Management & Entrepreneur Development,Talegaon",,,,,,,,,,,,,,,,
,0683624110 - Master in Computer Application,,,,,,,,,,,,,,,,
,Status :, ,Un-Aided,,,,,,,,,,,,,,
,Home University Seats,,,,,,,,,,,,,,,,
Home University Seats Allotted to Home University Candidates,,,,,,,,,,,,,,,,,
,GOPENH, ,GSCH, ,GSTH, ,GNTBH, ,GOBCH, ,GSEBCH,,,,,,
12376,17007,13748,14267,24135,,,,,,,,,,,,,
Stage-I, ,,,,,,,,,,,,,,,,
(61.2807064),(44.5345198),(56.5488095),(53.942159),(7.9446476),,,,,,,,,,,,,
12446,,,,,,,,,,,,,,,,,
,Stage-IV, ,,,,,,,,,,,,,,,
(61.2807064),,,,,,,,,,,,,,,,,
,Other Than Home University Seats,,,,,,,,,,,,,,,,
Other Than Home University Seats Allotted to Other Than Home University Candidates,,,,,,,,,,,,,,,,,
,GOPENO, ,GSTO, ,GNTAO, ,GNTCO, ,GNTDO, ,GOBCO, ,GSEBCO,,,,
7971,16702,10428,17243,8052,8488,,,,,,,,,,,,
Stage-I, ,,,,,,,,,,,,,,,,
(74.782248),(44.5345198),(67.3579428),(41.4550394),(74.782248),(73.5368477),,,,,,,,,,,,
8118,,,,,,,,,,,,,,,,,
,Stage-IV, ,,,,,,,,,,,,,,,
(74.782248),,,,,,,,,,,,,,,,,
,State Level Seats,,,,,,,,,,,,,,,,
,EWS, ,TFWS,,,,,,,,,,,,,,
21690,7091,,,,,,,,,,,,,,,,
Stage-I, ,,,,,,,,,,,,,,,,
(21.0059952),(77.8251197),,,,,,,,,,,,,,,,
,Legends :, ,"Legends: G-General, L-Ladies, S-State Level Seats ,PWD - Persons with Disabilities,DEF - Defence,PWDR :PWD Common Reserved Seat",,,,,,,,,,,,,,
"DEFR :Defense Common Reserved Seat ,* Maharashtra State Seats - Cut Off Indicates State General Merit No. ; Figures in bracket Indicates Merit Score",,,,,,,,,,,,,,,,,
,Page 165 of 186,,,,,,,,,,,,,,,,
GOVERNMENT OF MAHARASHTRA,,,,,,,,,,,,,,,,,
,"Directorate of Technical Education, Maharashtra State, Mumbai.",,,,,,,,,,,,,,,,
,Cut Off List for Maharashtra & Minority Seats of CAP Round-IV for Admission to the First Year Post Graduate Technical Course in Master of Computer Applications (MCA) for the Academic Year 2025-26,,,,,,,,,,,,,,,,
,"6899 - Chhatrapati Shahu Institute of Business Education & Research, Kolhapur",,,,,,,,,,,,,,,,
,0689924110 - Master in Computer Application,,,,,,,,,,,,,,,,
,Status :, ,Un-Aided-Autonomous,,,,,,,,,,,,,,
,Home University Seats,,,,,,,,,,,,,,,,
Home University Seats Allotted to Home University Candidates,,,,,,,,,,,,,,,,,
,GSEBCH,,,,,,,,,,,,,,,,
9422,,,,,,,,,,,,,,,,,
Stage-I, ,,,,,,,,,,,,,,,,
(71.1549338),,,,,,,,,,,,,,,,,
,Other Than Home University Seats,,,,,,,,,,,,,,,,
Other Than Home University Seats Allotted to Other Than Home University Candidates,,,,,,,,,,,,,,,,,
,GOPENO,,,,,,,,,,,,,,,,
22495,,,,,,,,,,,,,,,,,
Stage-I, ,,,,,,,,,,,,,,,,
(16.9789978),,,,,,,,,,,,,,,,,
,Other Than Home University Seats Allotted to Home University Candidates,,,,,,,,,,,,,,,,
,GOBCO,,,,,,,,,,,,,,,,
4399,,,,,,,,,,,,,,,,,
Stage-I, ,,,,,,,,,,,,,,,,
(87.2080299),,,,,,,,,,,,,,,,,
,Legends :, ,"Legends: G-General, L-Ladies, S-State Level Seats ,PWD - Persons with Disabilities,DEF - Defence,PWDR :PWD Common Reserved Seat",,,,,,,,,,,,,,
"DEFR :Defense Common Reserved Seat ,* Maharashtra State Seats - Cut Off Indicates State General Merit No. ; Figures in bracket Indicates Merit Score",,,,,,,,,,,,,,,,,
,Page 166 of 186,,,,,,,,,,,,,,,,
GOVERNMENT OF MAHARASHTRA,,,,,,,,,,,,,,,,,
,"Directorate of Technical Education, Maharashtra State, Mumbai.",,,,,,,,,,,,,,,,
,Cut Off List for Maharashtra & Minority Seats of CAP Round-IV for Admission to the First Year Post Graduate Technical Course in Master of Computer Applications (MCA) for the Academic Year 2025-26,,,,,,,,,,,,,,,,
,"6971 - K.B. Joshi Institute of Information Technology, Pune",,,,,,,,,,,,,,,,
,0697124150F - Master in Computer Application,,,,,,,,,,,,,,,,
,Status :, ,Un-Aided,,,,,,,,,,,,,,
,State Level Seats,,,,,,,,,,,,,,,,
,GOPENS,,,,,,,,,,,,,,,,
2862,,,,,,,,,,,,,,,,,
Stage-I, ,,,,,,,,,,,,,,,,
(90.9663786),,,,,,,,,,,,,,,,,
,Legends :, ,"Legends: G-General, L-Ladies, S-State Level Seats ,PWD - Persons with Disabilities,DEF - Defence,PWDR :PWD Common Reserved Seat",,,,,,,,,,,,,,
"DEFR :Defense Common Reserved Seat ,* Maharashtra State Seats - Cut Off Indicates State General Merit No. ; Figures in bracket Indicates Merit Score",,,,,,,,,,,,,,,,,
,Page 167 of 186,,,,,,,,,,,,,,,,
GOVERNMENT OF MAHARASHTRA,,,,,,,,,,,,,,,,,
,"Directorate of Technical Education, Maharashtra State, Mumbai.",,,,,,,,,,,,,,,,
,Cut Off List for Maharashtra & Minority Seats of CAP Round-IV for Admission to the First Year Post Graduate Technical Course in Master of Computer Applications (MCA) for the Academic Year 2025-26,,,,,,,,,,,,,,,,
,"6973 - ASMS Institute of Business Management and Research MCA, Pune",,,,,,,,,,,,,,,,
,0697324110 - Master in Computer Application,,,,,,,,,,,,,,,,
,Status :, ,Un-Aided,,,,,,,,,,,,,,
,Home University Seats,,,,,,,,,,,,,,,,
Home University Seats Allotted to Home University Candidates,,,,,,,,,,,,,,,,,
,GOPENH, ,GSCH, ,GSTH, ,GOBCH, ,GSEBCH, ,PWDOPENH,,,,,,
8467,15117,13475,12655,,,,,,,,,,,,,,
Stage-I, ,,,,,,,,,,,,,,,,
(74.782248),(51.4093808),(56.5488095),(61.2807064),,,,,,,,,,,,,,
9202,,,,,,,,,,,,,,,,,
,Stage-IV, ,,,,,,,,,,,,,,,
(71.1549338),,,,,,,,,,,,,,,,,
8691,,,,,,,,,,,,,,,,,
,I-Non PWD / DEF, ,,,,,,,,,,,,,,,
(73.5368477),,,,,,,,,,,,,,,,,
,Home University Seats Allotted to Other Than Home University Candidates,,,,,,,,,,,,,,,,
,PWDOPENH,,,,,,,,,,,,,,,,
19515,,,,,,,,,,,,,,,,,
Stage-I, ,,,,,,,,,,,,,,,,
(31.6629561),,,,,,,,,,,,,,,,,
,Other Than Home University Seats,,,,,,,,,,,,,,,,
Other Than Home University Seats Allotted to Other Than Home University Candidates,,,,,,,,,,,,,,,,,
,GOPENO, ,GOBCO, ,GSEBCO,,,,,,,,,,,,
5260,5740,6085,,,,,,,,,,,,,,,
Stage-I, ,,,,,,,,,,,,,,,,
(82.9644433),(82.8308366),(82.8308366),,,,,,,,,,,,,,,
,State Level Seats,,,,,,,,,,,,,,,,
,EWS,,,,,,,,,,,,,,,,
23382,,,,,,,,,,,,,,,,,
Stage-I, ,,,,,,,,,,,,,,,,
(13.5402134),,,,,,,,,,,,,,,,,
,Legends :, ,"Legends: G-General, L-Ladies, S-State Level Seats ,PWD - Persons with Disabilities,DEF - Defence,PWDR :PWD Common Reserved Seat",,,,,,,,,,,,,,
"DEFR :Defense Common Reserved Seat ,* Maharashtra State Seats - Cut Off Indicates State General Merit No. ; Figures in bracket Indicates Merit Score",,,,,,,,,,,,,,,,,
,Page 168 of 186,,,,,,,,,,,,,,,,
GOVERNMENT OF MAHARASHTRA,,,,,,,,,,,,,,,,,
,"Directorate of Technical Education, Maharashtra State, Mumbai.",,,,,,,,,,,,,,,,
,Cut Off List for Maharashtra & Minority Seats of CAP Round-IV for Admission to the First Year Post Graduate Technical Course in Master of Computer Applications (MCA) for the Academic Year 2025-26,,,,,,,,,,,,,,,,
,6990 - Jaihind Institute of Management and Research,,,,,,,,,,,,,,,,
,0699024110 - Master in Computer Application,,,,,,,,,,,,,,,,
,Status :, ,Un-Aided,,,,,,,,,,,,,,
,Home University Seats,,,,,,,,,,,,,,,,
Home University Seats Allotted to Home University Candidates,,,,,,,,,,,,,,,,,
,GOPENH, ,GSCH, ,GNTAH, ,GNTBH, ,GNTCH, ,GOBCH, ,PWDOPENH,,,,
14852,16967,23497,17420,,,,,,,,,,,,,,
Stage-I, ,,,,,,,,,,,,,,,,
(51.4093808),(44.5345198),(12.4750009),(41.4550394),,,,,,,,,,,,,,
16785,16897,,,,,,,,,,,,,,,,
,Stage-IV, ,,,,,,,,,,,,,,,
(44.5345198),(44.5345198),,,,,,,,,,,,,,,,
15765,,,,,,,,,,,,,,,,,
,I-Non PWD / DEF, ,,,,,,,,,,,,,,,
(49.3533426),,,,,,,,,,,,,,,,,
,Other Than Home University Seats,,,,,,,,,,,,,,,,
Other Than Home University Seats Allotted to Other Than Home University Candidates,,,,,,,,,,,,,,,,,
,GOPENO, ,GSCO, ,GSTO, ,GNTBO, ,GOBCO, ,GSEBCO,,,,,,
15729,20112,21154,,,,,,,,,,,,,,,
Stage-I, ,,,,,,,,,,,,,,,,
(49.3533426),(29.9046039),(25.4779232),,,,,,,,,,,,,,,
16851,18334,16053,,,,,,,,,,,,,,,
,Stage-IV, ,,,,,,,,,,,,,,,
(44.5345198),(36.496736),(46.3793819),,,,,,,,,,,,,,,
,State Level Seats,,,,,,,,,,,,,,,,
,TFWS,,,,,,,,,,,,,,,,
17430,,,,,,,,,,,,,,,,,
Stage-I, ,,,,,,,,,,,,,,,,
(41.4550394),,,,,,,,,,,,,,,,,
,Legends :, ,"Legends: G-General, L-Ladies, S-State Level Seats ,PWD - Persons with Disabilities,DEF - Defence,PWDR :PWD Common Reserved Seat",,,,,,,,,,,,,,
"DEFR :Defense Common Reserved Seat ,* Maharashtra State Seats - Cut Off Indicates State General Merit No. ; Figures in bracket Indicates Merit Score",,,,,,,,,,,,,,,,,
,Page 169 of 186,,,,,,,,,,,,,,,,
GOVERNMENT OF MAHARASHTRA,,,,,,,,,,,,,,,,,
,"Directorate of Technical Education, Maharashtra State, Mumbai.",,,,,,,,,,,,,,,,
,Cut Off List for Maharashtra & Minority Seats of CAP Round-IV for Admission to the First Year Post Graduate Technical Course in Master of Computer Applications (MCA) for the Academic Year 2025-26,,,,,,,,,,,,,,,,
,"6991 - Dr. D.Y. Patil Technical Campus, Varale, Talegaon, Pune",,,,,,,,,,,,,,,,
,0699124110 - Master in Computer Application,,,,,,,,,,,,,,,,
,Status :, ,Un-Aided,,,,,,,,,,,,,,
,Home University Seats,,,,,,,,,,,,,,,,
Home University Seats Allotted to Home University Candidates,,,,,,,,,,,,,,,,,
,GOPENH, ,GSCH, ,GNTBH, ,GOBCH, ,GSEBCH, ,PWDOPENH,,,,,,
12502,16374,17526,14417,20369,,,,,,,,,,,,,
Stage-I, ,,,,,,,,,,,,,,,,
(61.2807064),(46.3793819),(41.4550394),(53.942159),(27.2744425),,,,,,,,,,,,,
12678,,,,,,,,,,,,,,,,,
,I-Non PWD / DEF, ,,,,,,,,,,,,,,,
(61.2807064),,,,,,,,,,,,,,,,,
,Other Than Home University Seats,,,,,,,,,,,,,,,,
Other Than Home University Seats Allotted to Other Than Home University Candidates,,,,,,,,,,,,,,,,,
,GOPENO, ,GSCO, ,GSTO, ,GNTAO, ,GOBCO, ,GSEBCO,,,,,,
8156,11900,13993,8307,9516,,,,,,,,,,,,,
Stage-I, ,,,,,,,,,,,,,,,,
(74.782248),(63.1574978),(53.942159),(74.782248),(71.1549338),,,,,,,,,,,,,
8397,,,,,,,,,,,,,,,,,
,Stage-IV, ,,,,,,,,,,,,,,,
(74.782248),,,,,,,,,,,,,,,,,
,Legends :, ,"Legends: G-General, L-Ladies, S-State Level Seats ,PWD - Persons with Disabilities,DEF - Defence,PWDR :PWD Common Reserved Seat",,,,,,,,,,,,,,
"DEFR :Defense Common Reserved Seat ,* Maharashtra State Seats - Cut Off Indicates State General Merit No. ; Figures in bracket Indicates Merit Score",,,,,,,,,,,,,,,,,
,Page 170 of 186,,,,,,,,,,,,,,,,
GOVERNMENT OF MAHARASHTRA,,,,,,,,,,,,,,,,,
,"Directorate of Technical Education, Maharashtra State, Mumbai.",,,,,,,,,,,,,,,,
,Cut Off List for Maharashtra & Minority Seats of CAP Round-IV for Admission to the First Year Post Graduate Technical Course in Master of Computer Applications (MCA) for the Academic Year 2025-26,,,,,,,,,,,,,,,,
,"6992 - Pune Cambridge Institute of Management and Computer Application, Ambegaon Pathar, Pune",,,,,,,,,,,,,,,,
,0699224110 - Master in Computer Application,,,,,,,,,,,,,,,,
,Status :, ,Un-Aided,,,,,,,,,,,,,,
,Home University Seats,,,,,,,,,,,,,,,,
Home University Seats Allotted to Home University Candidates,,,,,,,,,,,,,,,,,
,GOPENH, ,GOBCH,,,,,,,,,,,,,,
7973,15467,,,,,,,,,,,,,,,,
Stage-I, ,,,,,,,,,,,,,,,,
(74.782248),(49.3533426),,,,,,,,,,,,,,,,
,Home University Seats Allotted to Other Than Home University Candidates,,,,,,,,,,,,,,,,
,GSCH, ,GSEBCH,,,,,,,,,,,,,,
18385,12521,,,,,,,,,,,,,,,,
Stage-I, ,,,,,,,,,,,,,,,,
(36.496736),(61.2807064),,,,,,,,,,,,,,,,
,Other Than Home University Seats,,,,,,,,,,,,,,,,
Other Than Home University Seats Allotted to Other Than Home University Candidates,,,,,,,,,,,,,,,,,
,GSEBCO,,,,,,,,,,,,,,,,
12352,,,,,,,,,,,,,,,,,
Stage-I, ,,,,,,,,,,,,,,,,
(61.2807064),,,,,,,,,,,,,,,,,
,Legends :, ,"Legends: G-General, L-Ladies, S-State Level Seats ,PWD - Persons with Disabilities,DEF - Defence,PWDR :PWD Common Reserved Seat",,,,,,,,,,,,,,
"DEFR :Defense Common Reserved Seat ,* Maharashtra State Seats - Cut Off Indicates State General Merit No. ; Figures in bracket Indicates Merit Score",,,,,,,,,,,,,,,,,
,Page 171 of 186,,,,,,,,,,,,,,,,
GOVERNMENT OF MAHARASHTRA,,,,,,,,,,,,,,,,,
,"Directorate of Technical Education, Maharashtra State, Mumbai.",,,,,,,,,,,,,,,,
,Cut Off List for Maharashtra & Minority Seats of CAP Round-IV for Admission to the First Year Post Graduate Technical Course in Master of Computer Applications (MCA) for the Academic Year 2025-26,,,,,,,,,,,,,,,,
,16122 - Pharate Patil Management Institutes,,,,,,,,,,,,,,,,
,1612224110 - Master in Computer Application,,,,,,,,,,,,,,,,
,Status :, ,Un-Aided,,,,,,,,,,,,,,
,Home University Seats,,,,,,,,,,,,,,,,
Home University Seats Allotted to Home University Candidates,,,,,,,,,,,,,,,,,
,GNTBH, ,GOBCH, ,GSEBCH,,,,,,,,,,,,
16444,,,,,,,,,,,,,,,,,
Stage-IV, ,,,,,,,,,,,,,,,,
(44.5345198),,,,,,,,,,,,,,,,,
15831,15169,,,,,,,,,,,,,,,,
,Stage-I, ,,,,,,,,,,,,,,,
(49.3533426),(51.4093808),,,,,,,,,,,,,,,,
,Other Than Home University Seats,,,,,,,,,,,,,,,,
Other Than Home University Seats Allotted to Other Than Home University Candidates,,,,,,,,,,,,,,,,,
,GOPENO, ,GSCO, ,GSTO, ,GNTAO, ,GNTCO, ,GNTDO,,,,,,
16301,16789,,,,,,,,,,,,,,,,
Stage-I, ,,,,,,,,,,,,,,,,
(46.3793819),(44.5345198),,,,,,,,,,,,,,,,
19147,19616,17875,17496,,,,,,,,,,,,,,
,Stage-IV, ,,,,,,,,,,,,,,,
(34.5198145),(31.6629561),(39.3989669),(41.4550394),,,,,,,,,,,,,,
,Legends :, ,"Legends: G-General, L-Ladies, S-State Level Seats ,PWD - Persons with Disabilities,DEF - Defence,PWDR :PWD Common Reserved Seat",,,,,,,,,,,,,,
"DEFR :Defense Common Reserved Seat ,* Maharashtra State Seats - Cut Off Indicates State General Merit No. ; Figures in bracket Indicates Merit Score",,,,,,,,,,,,,,,,,
,Page 172 of 186,,,,,,,,,,,,,,,,
GOVERNMENT OF MAHARASHTRA,,,,,,,,,,,,,,,,,
,"Directorate of Technical Education, Maharashtra State, Mumbai.",,,,,,,,,,,,,,,,
,Cut Off List for Maharashtra & Minority Seats of CAP Round-IV for Admission to the First Year Post Graduate Technical Course in Master of Computer Applications (MCA) for the Academic Year 2025-26,,,,,,,,,,,,,,,,
,"16125 - Vivekanand College, Kolhapur",,,,,,,,,,,,,,,,
,1612524210 - Master of Computer Applications,,,,,,,,,,,,,,,,
,Status :, ,Un-Aided,,,,,,,,,,,,,,
,Home University Seats,,,,,,,,,,,,,,,,
Home University Seats Allotted to Home University Candidates,,,,,,,,,,,,,,,,,
,GOPENH, ,GSEBCH,,,,,,,,,,,,,,
9977,11786,,,,,,,,,,,,,,,,
Stage-I, ,,,,,,,,,,,,,,,,
(69.7143504),(63.1574978),,,,,,,,,,,,,,,,
,Other Than Home University Seats,,,,,,,,,,,,,,,,
Other Than Home University Seats Allotted to Other Than Home University Candidates,,,,,,,,,,,,,,,,,
,GOPENO,,,,,,,,,,,,,,,,
24061,,,,,,,,,,,,,,,,,
Stage-I, ,,,,,,,,,,,,,,,,
(9.7430286),,,,,,,,,,,,,,,,,
,Legends :, ,"Legends: G-General, L-Ladies, S-State Level Seats ,PWD - Persons with Disabilities,DEF - Defence,PWDR :PWD Common Reserved Seat",,,,,,,,,,,,,,
"DEFR :Defense Common Reserved Seat ,* Maharashtra State Seats - Cut Off Indicates State General Merit No. ; Figures in bracket Indicates Merit Score",,,,,,,,,,,,,,,,,
,Page 173 of 186,,,,,,,,,,,,,,,,
GOVERNMENT OF MAHARASHTRA,,,,,,,,,,,,,,,,,
,"Directorate of Technical Education, Maharashtra State, Mumbai.",,,,,,,,,,,,,,,,
,Cut Off List for Maharashtra & Minority Seats of CAP Round-IV for Admission to the First Year Post Graduate Technical Course in Master of Computer Applications (MCA) for the Academic Year 2025-26,,,,,,,,,,,,,,,,
,16130 - KARMAVEER HIRE ARTS SCIENCE COMMERCE AND EDUCATION COLLEGE,,,,,,,,,,,,,,,,
,1613024270U - Master of Computer Applications,,,,,,,,,,,,,,,,
,Status :, ,Un-Aided,,,,,,,,,,,,,,
,Home University Seats,,,,,,,,,,,,,,,,
Home University Seats Allotted to Home University Candidates,,,,,,,,,,,,,,,,,
,GOPENH, ,GSCH,,,,,,,,,,,,,,
16873,,,,,,,,,,,,,,,,,
Stage-I, ,,,,,,,,,,,,,,,,
(44.5345198),,,,,,,,,,,,,,,,,
17629,,,,,,,,,,,,,,,,,
,Stage-IV, ,,,,,,,,,,,,,,,
(41.4550394),,,,,,,,,,,,,,,,,
,Other Than Home University Seats Allotted to Home University Candidates,,,,,,,,,,,,,,,,
,GOPENO, ,GSTO,,,,,,,,,,,,,,
17928,,,,,,,,,,,,,,,,,
Stage-I, ,,,,,,,,,,,,,,,,
(39.3989669),,,,,,,,,,,,,,,,,
17968,,,,,,,,,,,,,,,,,
,Stage-IV, ,,,,,,,,,,,,,,,
(39.3989669),,,,,,,,,,,,,,,,,
,Legends :, ,"Legends: G-General, L-Ladies, S-State Level Seats ,PWD - Persons with Disabilities,DEF - Defence,PWDR :PWD Common Reserved Seat",,,,,,,,,,,,,,
"DEFR :Defense Common Reserved Seat ,* Maharashtra State Seats - Cut Off Indicates State General Merit No. ; Figures in bracket Indicates Merit Score",,,,,,,,,,,,,,,,,
,Page 174 of 186,,,,,,,,,,,,,,,,
GOVERNMENT OF MAHARASHTRA,,,,,,,,,,,,,,,,,
,"Directorate of Technical Education, Maharashtra State, Mumbai.",,,,,,,,,,,,,,,,
,Cut Off List for Maharashtra & Minority Seats of CAP Round-IV for Admission to the First Year Post Graduate Technical Course in Master of Computer Applications (MCA) for the Academic Year 2025-26,,,,,,,,,,,,,,,,
,16145 - KARMAVEER BHAURAO PATIL MAHAVIDYALAYA PANDHARPUR AUTONOMOUS,,,,,,,,,,,,,,,,
,1614524270U - Master of Computer Applications,,,,,,,,,,,,,,,,
,Status :, ,Un-Aided-Autonomous,,,,,,,,,,,,,,
,Home University Seats,,,,,,,,,,,,,,,,
Home University Seats Allotted to Home University Candidates,,,,,,,,,,,,,,,,,
,GSCH, ,GSTH,,,,,,,,,,,,,,
15471,24707,,,,,,,,,,,,,,,,
Stage-IV, ,,,,,,,,,,,,,,,,
(49.3533426),(5.5960152),,,,,,,,,,,,,,,,
,Other Than Home University Seats,,,,,,,,,,,,,,,,
Other Than Home University Seats Allotted to Other Than Home University Candidates,,,,,,,,,,,,,,,,,
,GOPENO,,,,,,,,,,,,,,,,
15360,,,,,,,,,,,,,,,,,
Stage-I, ,,,,,,,,,,,,,,,,
(49.3533426),,,,,,,,,,,,,,,,,
,Other Than Home University Seats Allotted to Home University Candidates,,,,,,,,,,,,,,,,
,GOBCO,,,,,,,,,,,,,,,,
25487,,,,,,,,,,,,,,,,,
Stage-I, ,,,,,,,,,,,,,,,,
(0.0113203),,,,,,,,,,,,,,,,,
,Legends :, ,"Legends: G-General, L-Ladies, S-State Level Seats ,PWD - Persons with Disabilities,DEF - Defence,PWDR :PWD Common Reserved Seat",,,,,,,,,,,,,,
"DEFR :Defense Common Reserved Seat ,* Maharashtra State Seats - Cut Off Indicates State General Merit No. ; Figures in bracket Indicates Merit Score",,,,,,,,,,,,,,,,,
,Page 175 of 186,,,,,,,,,,,,,,,,
GOVERNMENT OF MAHARASHTRA,,,,,,,,,,,,,,,,,
,"Directorate of Technical Education, Maharashtra State, Mumbai.",,,,,,,,,,,,,,,,
,Cut Off List for Maharashtra & Minority Seats of CAP Round-IV for Admission to the First Year Post Graduate Technical Course in Master of Computer Applications (MCA) for the Academic Year 2025-26,,,,,,,,,,,,,,,,
,16153 - MUDHOJI COLLEGE PHALTAN,,,,,,,,,,,,,,,,
,1615324170U - Master in Computer Application,,,,,,,,,,,,,,,,
,Status :, ,Un-Aided,,,,,,,,,,,,,,
,Home University Seats,,,,,,,,,,,,,,,,
Home University Seats Allotted to Home University Candidates,,,,,,,,,,,,,,,,,
,GSCH, ,GSTH, ,GNTAH, ,GNTBH, ,GNTCH, ,GNTDH, ,GOBCH, ,GSEBCH, ,PWDOPENH
23745,23355,20934,21693,21827,,,,,,,,,,,,,
Stage-IV, ,,,,,,,,,,,,,,,,
(10.5199653),(13.5402134),(25.4779232),(21.0059952),(21.0059952),,,,,,,,,,,,,
23053,19204,19591,,,,,,,,,,,,,,,
,Stage-I, ,,,,,,,,,,,,,,,
(15.5994113),(34.5198145),(31.6629561),,,,,,,,,,,,,,,
19796,,,,,,,,,,,,,,,,,
,I-Non PWD / DEF, ,,,,,,,,,,,,,,,
(31.6629561),,,,,,,,,,,,,,,,,
,Other Than Home University Seats,,,,,,,,,,,,,,,,
Other Than Home University Seats Allotted to Other Than Home University Candidates,,,,,,,,,,,,,,,,,
,GOPENO,,,,,,,,,,,,,,,,
24501,,,,,,,,,,,,,,,,,
Stage-I, ,,,,,,,,,,,,,,,,
(5.9311489),,,,,,,,,,,,,,,,,
,Other Than Home University Seats Allotted to Home University Candidates,,,,,,,,,,,,,,,,
,GOPENO, ,GSCO, ,GSTO, ,GNTAO, ,GOBCO, ,GSEBCO,,,,,,
22246,24835,,,,,,,,,,,,,,,,
Stage-I, ,,,,,,,,,,,,,,,,
(19.1539942),(4.302251),,,,,,,,,,,,,,,,
24663,25155,25301,23775,,,,,,,,,,,,,,
,Stage-IV, ,,,,,,,,,,,,,,,
(5.5960152),(2.8640429),(1.3622127),(10.5199653),,,,,,,,,,,,,,
,Legends :, ,"Legends: G-General, L-Ladies, S-State Level Seats ,PWD - Persons with Disabilities,DEF - Defence,PWDR :PWD Common Reserved Seat",,,,,,,,,,,,,,
"DEFR :Defense Common Reserved Seat ,* Maharashtra State Seats - Cut Off Indicates State General Merit No. ; Figures in bracket Indicates Merit Score",,,,,,,,,,,,,,,,,
,Page 176 of 186,,,,,,,,,,,,,,,,
GOVERNMENT OF MAHARASHTRA,,,,,,,,,,,,,,,,,
,"Directorate of Technical Education, Maharashtra State, Mumbai.",,,,,,,,,,,,,,,,
,Cut Off List for Maharashtra & Minority Seats of CAP Round-IV for Admission to the First Year Post Graduate Technical Course in Master of Computer Applications (MCA) for the Academic Year 2025-26,,,,,,,,,,,,,,,,
,"16200 - YASHWANTRAO CHAVAN MAHAVIDYALAYA, ISLAMPUR",,,,,,,,,,,,,,,,
,1620024110 - Master in Computer Application,,,,,,,,,,,,,,,,
,Status :, ,Un-Aided,,,,,,,,,,,,,,
,Home University Seats,,,,,,,,,,,,,,,,
Home University Seats Allotted to Home University Candidates,,,,,,,,,,,,,,,,,
,GOPENH, ,GSTH, ,GOBCH, ,GSEBCH,,,,,,,,,,
14680,23092,20233,,,,,,,,,,,,,,,
Stage-I, ,,,,,,,,,,,,,,,,
(51.4093808),(15.5994113),(29.9046039),,,,,,,,,,,,,,,
16326,,,,,,,,,,,,,,,,,
,Stage-IV, ,,,,,,,,,,,,,,,
(46.3793819),,,,,,,,,,,,,,,,,
,Other Than Home University Seats Allotted to Home University Candidates,,,,,,,,,,,,,,,,
,GNTBO, ,GSEBCO,,,,,,,,,,,,,,
22637,20705,,,,,,,,,,,,,,,,
Stage-I, ,,,,,,,,,,,,,,,,
(16.9789978),(27.2744425),,,,,,,,,,,,,,,,
,Legends :, ,"Legends: G-General, L-Ladies, S-State Level Seats ,PWD - Persons with Disabilities,DEF - Defence,PWDR :PWD Common Reserved Seat",,,,,,,,,,,,,,
"DEFR :Defense Common Reserved Seat ,* Maharashtra State Seats - Cut Off Indicates State General Merit No. ; Figures in bracket Indicates Merit Score",,,,,,,,,,,,,,,,,
,Page 177 of 186,,,,,,,,,,,,,,,,
GOVERNMENT OF MAHARASHTRA,,,,,,,,,,,,,,,,,
,"Directorate of Technical Education, Maharashtra State, Mumbai.",,,,,,,,,,,,,,,,
,Cut Off List for Maharashtra & Minority Seats of CAP Round-IV for Admission to the First Year Post Graduate Technical Course in Master of Computer Applications (MCA) for the Academic Year 2025-26,,,,,,,,,,,,,,,,
,16207 - SADGURU GADGE MAHARAJ COLLEGE KARAD,,,,,,,,,,,,,,,,
,1620724170U - Master in Computer Application,,,,,,,,,,,,,,,,
,Status :, ,Un-Aided-Autonomous,,,,,,,,,,,,,,
,Home University Seats,,,,,,,,,,,,,,,,
Home University Seats Allotted to Home University Candidates,,,,,,,,,,,,,,,,,
,GOBCH,,,,,,,,,,,,,,,,
11739,,,,,,,,,,,,,,,,,
Stage-I, ,,,,,,,,,,,,,,,,
(63.1574978),,,,,,,,,,,,,,,,,
,Other Than Home University Seats Allotted to Home University Candidates,,,,,,,,,,,,,,,,
,GOPENO, ,GOBCO,,,,,,,,,,,,,,
3991,13509,,,,,,,,,,,,,,,,
Stage-I, ,,,,,,,,,,,,,,,,
(87.3496474),(56.5488095),,,,,,,,,,,,,,,,
,State Level Seats,,,,,,,,,,,,,,,,
,EWS,,,,,,,,,,,,,,,,
6203,,,,,,,,,,,,,,,,,
Stage-I, ,,,,,,,,,,,,,,,,
(80.5399495),,,,,,,,,,,,,,,,,
,Legends :, ,"Legends: G-General, L-Ladies, S-State Level Seats ,PWD - Persons with Disabilities,DEF - Defence,PWDR :PWD Common Reserved Seat",,,,,,,,,,,,,,
"DEFR :Defense Common Reserved Seat ,* Maharashtra State Seats - Cut Off Indicates State General Merit No. ; Figures in bracket Indicates Merit Score",,,,,,,,,,,,,,,,,
,Page 178 of 186,,,,,,,,,,,,,,,,
GOVERNMENT OF MAHARASHTRA,,,,,,,,,,,,,,,,,
,"Directorate of Technical Education, Maharashtra State, Mumbai.",,,,,,,,,,,,,,,,
,Cut Off List for Maharashtra & Minority Seats of CAP Round-IV for Admission to the First Year Post Graduate Technical Course in Master of Computer Applications (MCA) for the Academic Year 2025-26,,,,,,,,,,,,,,,,
,16216 - SANGOLA MAHAVIDYALAYA SANGOLA,,,,,,,,,,,,,,,,
,1621624110 - Master in Computer Application,,,,,,,,,,,,,,,,
,Status :, ,Un-Aided,,,,,,,,,,,,,,
,Home University Seats,,,,,,,,,,,,,,,,
Home University Seats Allotted to Home University Candidates,,,,,,,,,,,,,,,,,
,GOPENH, ,GSCH, ,GOBCH, ,GSEBCH,,,,,,,,,,
16403,22320,19220,,,,,,,,,,,,,,,
Stage-I, ,,,,,,,,,,,,,,,,
(46.3793819),(19.1539942),(34.5198145),,,,,,,,,,,,,,,
19139,,,,,,,,,,,,,,,,,
,Stage-IV, ,,,,,,,,,,,,,,,
(34.5198145),,,,,,,,,,,,,,,,,
,Other Than Home University Seats,,,,,,,,,,,,,,,,
Other Than Home University Seats Allotted to Other Than Home University Candidates,,,,,,,,,,,,,,,,,
,GOBCO,,,,,,,,,,,,,,,,
22215,,,,,,,,,,,,,,,,,
Stage-IV, ,,,,,,,,,,,,,,,,
(19.1539942),,,,,,,,,,,,,,,,,
,Legends :, ,"Legends: G-General, L-Ladies, S-State Level Seats ,PWD - Persons with Disabilities,DEF - Defence,PWDR :PWD Common Reserved Seat",,,,,,,,,,,,,,
"DEFR :Defense Common Reserved Seat ,* Maharashtra State Seats - Cut Off Indicates State General Merit No. ; Figures in bracket Indicates Merit Score",,,,,,,,,,,,,,,,,
,Page 179 of 186,,,,,,,,,,,,,,,,
GOVERNMENT OF MAHARASHTRA,,,,,,,,,,,,,,,,,
,"Directorate of Technical Education, Maharashtra State, Mumbai.",,,,,,,,,,,,,,,,
,Cut Off List for Maharashtra & Minority Seats of CAP Round-IV for Admission to the First Year Post Graduate Technical Course in Master of Computer Applications (MCA) for the Academic Year 2025-26,,,,,,,,,,,,,,,,
,16229 - DESHBHAKT HARINARAYAN BANKATLAL SONI COLLEGE SOLAPUR,,,,,,,,,,,,,,,,
,1622924210 - Master of Computer Applications,,,,,,,,,,,,,,,,
,Status :, ,Un-Aided-Linguistic Minority - Hindi,,,,,,,,,,,,,,
,Other Than Home University Seats,,,,,,,,,,,,,,,,
Other Than Home University Seats Allotted to Other Than Home University Candidates,,,,,,,,,,,,,,,,,
,GOPENO,,,,,,,,,,,,,,,,
19116,,,,,,,,,,,,,,,,,
Stage-I, ,,,,,,,,,,,,,,,,
(34.5198145),,,,,,,,,,,,,,,,,
,Minority Seats : Minority Seats Allotted to Non Minority Candidates,,,,,,,,,,,,,,,,
,MI-MH,,,,,,,,,,,,,,,,
20474,,,,,,,,,,,,,,,,,
Stage-MI-MH, ,,,,,,,,,,,,,,,,
(27.2744425),,,,,,,,,,,,,,,,,
,Legends :, ,"Legends: G-General, L-Ladies, S-State Level Seats ,PWD - Persons with Disabilities,DEF - Defence,PWDR :PWD Common Reserved Seat",,,,,,,,,,,,,,
"DEFR :Defense Common Reserved Seat ,* Maharashtra State Seats - Cut Off Indicates State General Merit No. ; Figures in bracket Indicates Merit Score",,,,,,,,,,,,,,,,,
,Page 180 of 186,,,,,,,,,,,,,,,,
GOVERNMENT OF MAHARASHTRA,,,,,,,,,,,,,,,,,
,"Directorate of Technical Education, Maharashtra State, Mumbai.",,,,,,,,,,,,,,,,
,Cut Off List for Maharashtra & Minority Seats of CAP Round-IV for Admission to the First Year Post Graduate Technical Course in Master of Computer Applications (MCA) for the Academic Year 2025-26,,,,,,,,,,,,,,,,
,16259 - FRIENDS UNION FOR ENERGISING LIVES FUEL COLLEGE,,,,,,,,,,,,,,,,
,1625924110 - Master in Computer Application,,,,,,,,,,,,,,,,
,Status :, ,Un-Aided,,,,,,,,,,,,,,
,Home University Seats Allotted to Other Than Home University Candidates,,,,,,,,,,,,,,,,
,GSCH, ,GSEBCH,,,,,,,,,,,,,,
19739,19006,,,,,,,,,,,,,,,,
Stage-I, ,,,,,,,,,,,,,,,,
(31.6629561),(34.5198145),,,,,,,,,,,,,,,,
,Other Than Home University Seats,,,,,,,,,,,,,,,,
Other Than Home University Seats Allotted to Other Than Home University Candidates,,,,,,,,,,,,,,,,,
,GOPENO, ,GSEBCO,,,,,,,,,,,,,,
11948,16450,,,,,,,,,,,,,,,,
Stage-I, ,,,,,,,,,,,,,,,,
(63.1574978),(44.5345198),,,,,,,,,,,,,,,,
,State Level Seats,,,,,,,,,,,,,,,,
,EWS,,,,,,,,,,,,,,,,
11349,,,,,,,,,,,,,,,,,
Stage-I, ,,,,,,,,,,,,,,,,
(65.8578922),,,,,,,,,,,,,,,,,
,Legends :, ,"Legends: G-General, L-Ladies, S-State Level Seats ,PWD - Persons with Disabilities,DEF - Defence,PWDR :PWD Common Reserved Seat",,,,,,,,,,,,,,
"DEFR :Defense Common Reserved Seat ,* Maharashtra State Seats - Cut Off Indicates State General Merit No. ; Figures in bracket Indicates Merit Score",,,,,,,,,,,,,,,,,
,Page 181 of 186,,,,,,,,,,,,,,,,
GOVERNMENT OF MAHARASHTRA,,,,,,,,,,,,,,,,,
,"Directorate of Technical Education, Maharashtra State, Mumbai.",,,,,,,,,,,,,,,,
,Cut Off List for Maharashtra & Minority Seats of CAP Round-IV for Admission to the First Year Post Graduate Technical Course in Master of Computer Applications (MCA) for the Academic Year 2025-26,,,,,,,,,,,,,,,,
,16331 - SarSam College of Management & Technology,,,,,,,,,,,,,,,,
,1633124110 - Master in Computer Application,,,,,,,,,,,,,,,,
,Status :, ,Un-Aided,,,,,,,,,,,,,,
,Home University Seats,,,,,,,,,,,,,,,,
Home University Seats Allotted to Home University Candidates,,,,,,,,,,,,,,,,,
,GOPENH, ,GSCH, ,GSTH, ,GOBCH, ,PWDOPENH,,,,,,,,
15989,23331,,,,,,,,,,,,,,,,
Stage-I, ,,,,,,,,,,,,,,,,
(46.3793819),(13.5402134),,,,,,,,,,,,,,,,
18493,17527,,,,,,,,,,,,,,,,
,Stage-IV, ,,,,,,,,,,,,,,,
(36.496736),(41.4550394),,,,,,,,,,,,,,,,
16753,,,,,,,,,,,,,,,,,
,I-Non PWD / DEF, ,,,,,,,,,,,,,,,
(44.5345198),,,,,,,,,,,,,,,,,
,Home University Seats Allotted to Other Than Home University Candidates,,,,,,,,,,,,,,,,
,GSEBCH,,,,,,,,,,,,,,,,
21941,,,,,,,,,,,,,,,,,
Stage-I, ,,,,,,,,,,,,,,,,
(21.0059952),,,,,,,,,,,,,,,,,
,Other Than Home University Seats,,,,,,,,,,,,,,,,
Other Than Home University Seats Allotted to Other Than Home University Candidates,,,,,,,,,,,,,,,,,
,GOPENO, ,GSCO, ,GOBCO,,,,,,,,,,,,
16412,19354,,,,,,,,,,,,,,,,
Stage-I, ,,,,,,,,,,,,,,,,
(46.3793819),(31.6629561),,,,,,,,,,,,,,,,
17544,,,,,,,,,,,,,,,,,
,Stage-IV, ,,,,,,,,,,,,,,,
(41.4550394),,,,,,,,,,,,,,,,,
,State Level Seats,,,,,,,,,,,,,,,,
,TFWS,,,,,,,,,,,,,,,,
11647,,,,,,,,,,,,,,,,,
Stage-I, ,,,,,,,,,,,,,,,,
(63.1574978),,,,,,,,,,,,,,,,,
,Legends :, ,"Legends: G-General, L-Ladies, S-State Level Seats ,PWD - Persons with Disabilities,DEF - Defence,PWDR :PWD Common Reserved Seat",,,,,,,,,,,,,,
"DEFR :Defense Common Reserved Seat ,* Maharashtra State Seats - Cut Off Indicates State General Merit No. ; Figures in bracket Indicates Merit Score",,,,,,,,,,,,,,,,,
,Page 182 of 186,,,,,,,,,,,,,,,,
GOVERNMENT OF MAHARASHTRA,,,,,,,,,,,,,,,,,
,"Directorate of Technical Education, Maharashtra State, Mumbai.",,,,,,,,,,,,,,,,
,Cut Off List for Maharashtra & Minority Seats of CAP Round-IV for Admission to the First Year Post Graduate Technical Course in Master of Computer Applications (MCA) for the Academic Year 2025-26,,,,,,,,,,,,,,,,
,"16353 - Shivsamarth Institute of Management, Talmawale",,,,,,,,,,,,,,,,
,1635324110 - Master in Computer Application,,,,,,,,,,,,,,,,
,Status :, ,Un-Aided,,,,,,,,,,,,,,
,Home University Seats,,,,,,,,,,,,,,,,
Home University Seats Allotted to Home University Candidates,,,,,,,,,,,,,,,,,
,GOPENH, ,GSCH, ,GOBCH,,,,,,,,,,,,
8226,,,,,,,,,,,,,,,,,
Stage-I, ,,,,,,,,,,,,,,,,
(74.782248),,,,,,,,,,,,,,,,,
22742,22958,,,,,,,,,,,,,,,,
,Stage-IV, ,,,,,,,,,,,,,,,
(16.9789978),(15.5994113),,,,,,,,,,,,,,,,
,Other Than Home University Seats,,,,,,,,,,,,,,,,
Other Than Home University Seats Allotted to Other Than Home University Candidates,,,,,,,,,,,,,,,,,
,GSCO,,,,,,,,,,,,,,,,
20643,,,,,,,,,,,,,,,,,
Stage-IV, ,,,,,,,,,,,,,,,,
(27.2744425),,,,,,,,,,,,,,,,,
,Other Than Home University Seats Allotted to Home University Candidates,,,,,,,,,,,,,,,,
,GNTBO, ,GOBCO, ,GSEBCO,,,,,,,,,,,,
23323,23269,,,,,,,,,,,,,,,,
Stage-IV, ,,,,,,,,,,,,,,,,
(13.5402134),(13.5402134),,,,,,,,,,,,,,,,
23398,,,,,,,,,,,,,,,,,
,Stage-I, ,,,,,,,,,,,,,,,
(13.5402134),,,,,,,,,,,,,,,,,
,Legends :, ,"Legends: G-General, L-Ladies, S-State Level Seats ,PWD - Persons with Disabilities,DEF - Defence,PWDR :PWD Common Reserved Seat",,,,,,,,,,,,,,
"DEFR :Defense Common Reserved Seat ,* Maharashtra State Seats - Cut Off Indicates State General Merit No. ; Figures in bracket Indicates Merit Score",,,,,,,,,,,,,,,,,
,Page 183 of 186,,,,,,,,,,,,,,,,
GOVERNMENT OF MAHARASHTRA,,,,,,,,,,,,,,,,,
,"Directorate of Technical Education, Maharashtra State, Mumbai.",,,,,,,,,,,,,,,,
,Cut Off List for Maharashtra & Minority Seats of CAP Round-IV for Admission to the First Year Post Graduate Technical Course in Master of Computer Applications (MCA) for the Academic Year 2025-26,,,,,,,,,,,,,,,,
,16355 - Audyogik Shikshan Mandal's Nextgen Technical Campus,,,,,,,,,,,,,,,,
,1635524210 - Master of Computer Applications,,,,,,,,,,,,,,,,
,Status :, ,Un-Aided,,,,,,,,,,,,,,
,Home University Seats,,,,,,,,,,,,,,,,
Home University Seats Allotted to Home University Candidates,,,,,,,,,,,,,,,,,
,GOPENH, ,GSCH, ,GSTH, ,GSEBCH, ,PWDSCH,,,,,,,,
13105,22293,,,,,,,,,,,,,,,,
Stage-I, ,,,,,,,,,,,,,,,,
(58.7911466),(19.1539942),,,,,,,,,,,,,,,,
15449,14917,13402,,,,,,,,,,,,,,,
,Stage-IV, ,,,,,,,,,,,,,,,
(49.3533426),(51.4093808),(56.5488095),,,,,,,,,,,,,,,
,Home University Seats Allotted to Other Than Home University Candidates,,,,,,,,,,,,,,,,
,GSCH, ,GSEBCH,,,,,,,,,,,,,,
23878,16004,,,,,,,,,,,,,,,,
Stage-I, ,,,,,,,,,,,,,,,,
(10.5199653),(46.3793819),,,,,,,,,,,,,,,,
,Other Than Home University Seats,,,,,,,,,,,,,,,,
Other Than Home University Seats Allotted to Other Than Home University Candidates,,,,,,,,,,,,,,,,,
,GOPENO, ,GSCO, ,GSTO, ,GNTAO, ,GSEBCO,,,,,,,,
11844,17356,22911,13126,,,,,,,,,,,,,,
Stage-I, ,,,,,,,,,,,,,,,,
(63.1574978),(41.4550394),(15.5994113),(58.7911466),,,,,,,,,,,,,,
12463,,,,,,,,,,,,,,,,,
,Stage-IV, ,,,,,,,,,,,,,,,
(61.2807064),,,,,,,,,,,,,,,,,
,Legends :, ,"Legends: G-General, L-Ladies, S-State Level Seats ,PWD - Persons with Disabilities,DEF - Defence,PWDR :PWD Common Reserved Seat",,,,,,,,,,,,,,
"DEFR :Defense Common Reserved Seat ,* Maharashtra State Seats - Cut Off Indicates State General Merit No. ; Figures in bracket Indicates Merit Score",,,,,,,,,,,,,,,,,
,Page 184 of 186,,,,,,,,,,,,,,,,
GOVERNMENT OF MAHARASHTRA,,,,,,,,,,,,,,,,,
,"Directorate of Technical Education, Maharashtra State, Mumbai.",,,,,,,,,,,,,,,,
,Cut Off List for Maharashtra & Minority Seats of CAP Round-IV for Admission to the First Year Post Graduate Technical Course in Master of Computer Applications (MCA) for the Academic Year 2025-26,,,,,,,,,,,,,,,,
,16356 - Dr. Sudhakar Rao Jadhavar Institute of Management & Technology,,,,,,,,,,,,,,,,
,1635624110 - Master in Computer Application,,,,,,,,,,,,,,,,
,Status :, ,Un-Aided,,,,,,,,,,,,,,
,Home University Seats,,,,,,,,,,,,,,,,
Home University Seats Allotted to Home University Candidates,,,,,,,,,,,,,,,,,
,GOPENH, ,PWDOPENH,,,,,,,,,,,,,,
11908,,,,,,,,,,,,,,,,,
Stage-I, ,,,,,,,,,,,,,,,,
(63.1574978),,,,,,,,,,,,,,,,,
12325,,,,,,,,,,,,,,,,,
,I-Non PWD / DEF, ,,,,,,,,,,,,,,,
(61.2807064),,,,,,,,,,,,,,,,,
,Home University Seats Allotted to Other Than Home University Candidates,,,,,,,,,,,,,,,,
,GSEBCH,,,,,,,,,,,,,,,,
13895,,,,,,,,,,,,,,,,,
Stage-I, ,,,,,,,,,,,,,,,,
(56.5488095),,,,,,,,,,,,,,,,,
,Other Than Home University Seats,,,,,,,,,,,,,,,,
Other Than Home University Seats Allotted to Other Than Home University Candidates,,,,,,,,,,,,,,,,,
,GSCO, ,GOBCO,,,,,,,,,,,,,,
17608,12130,,,,,,,,,,,,,,,,
Stage-I, ,,,,,,,,,,,,,,,,
(41.4550394),(61.2807064),,,,,,,,,,,,,,,,
,Legends :, ,"Legends: G-General, L-Ladies, S-State Level Seats ,PWD - Persons with Disabilities,DEF - Defence,PWDR :PWD Common Reserved Seat",,,,,,,,,,,,,,
"DEFR :Defense Common Reserved Seat ,* Maharashtra State Seats - Cut Off Indicates State General Merit No. ; Figures in bracket Indicates Merit Score",,,,,,,,,,,,,,,,,
,Page 185 of 186,,,,,,,,,,,,,,,,
GOVERNMENT OF MAHARASHTRA,,,,,,,,,,,,,,,,,
,"Directorate of Technical Education, Maharashtra State, Mumbai.",,,,,,,,,,,,,,,,
,Cut Off List for Maharashtra & Minority Seats of CAP Round-IV for Admission to the First Year Post Graduate Technical Course in Master of Computer Applications (MCA) for the Academic Year 2025-26,,,,,,,,,,,,,,,,
,16358 - Zeal Institute of Technology,,,,,,,,,,,,,,,,
,1635824110 - Master in Computer Application,,,,,,,,,,,,,,,,
,Status :, ,Un-Aided,,,,,,,,,,,,,,
,Home University Seats,,,,,,,,,,,,,,,,
Home University Seats Allotted to Home University Candidates,,,,,,,,,,,,,,,,,
,GOPENH, ,GSTH, ,GNTDH, ,GOBCH, ,GSEBCH, ,PWDOPENH,,,,,,
16634,19842,,,,,,,,,,,,,,,,
Stage-I, ,,,,,,,,,,,,,,,,
(44.5345198),(29.9046039),,,,,,,,,,,,,,,,
19267,17491,19607,,,,,,,,,,,,,,,
,Stage-IV, ,,,,,,,,,,,,,,,
(34.5198145),(41.4550394),(31.6629561),,,,,,,,,,,,,,,
16894,,,,,,,,,,,,,,,,,
,I-Non PWD / DEF, ,,,,,,,,,,,,,,,
(44.5345198),,,,,,,,,,,,,,,,,
,Other Than Home University Seats,,,,,,,,,,,,,,,,
Other Than Home University Seats Allotted to Other Than Home University Candidates,,,,,,,,,,,,,,,,,
,GOPENO,,,,,,,,,,,,,,,,
22021,,,,,,,,,,,,,,,,,
Stage-I, ,,,,,,,,,,,,,,,,
(21.0059952),,,,,,,,,,,,,,,,,
,Other Than Home University Seats Allotted to Home University Candidates,,,,,,,,,,,,,,,,
,GSTO, ,GNTAO, ,GNTBO, ,GNTDO, ,GOBCO,,,,,,,,
20484,20555,20633,19688,20240,,,,,,,,,,,,,
Stage-IV, ,,,,,,,,,,,,,,,,
(27.2744425),(27.2744425),(27.2744425),(31.6629561),(29.9046039),,,,,,,,,,,,,
,State Level Seats,,,,,,,,,,,,,,,,
,TFWS,,,,,,,,,,,,,,,,
3155,,,,,,,,,,,,,,,,,
Stage-I, ,,,,,,,,,,,,,,,,
(90.7733494),,,,,,,,,,,,,,,,,
,Legends :, ,"Legends: G-General, L-Ladies, S-State Level Seats ,PWD - Persons with Disabilities,DEF - Defence,PWDR :PWD Common Reserved Seat",,,,,,,,,,,,,,
"DEFR :Defense Common Reserved Seat ,* Maharashtra State Seats - Cut Off Indicates State General Merit No. ; Figures in bracket Indicates Merit Score",,,,,,,,,,,,,,,,,
,Page 186 of 186,,,,,,,,,,,,,,,,