GOVERNMENT OF MAHARASHTRA,,,,,,,,,,,,,,,,,,,,,,,
,"Directorate of Technical Education, Maharashtra State, Mumbai.",,,,,,,,,,,,,,,,,,,,,,
,Cut Off List for Maharashtra & Minority Seats of CAP Round-III for Admission to the First Year Post Graduate Technical Course in Master of Computer Applications (MCA) for the Academic Year 2025-26,,,,,,,,,,,,,,,,,,,,,,
,"1005 - Sant Gadge Baba Amravati University,Amravati",,,,,,,,,,,,,,,,,,,,,,
,0100524110 - Master in Computer Application,,,,,,,,,,,,,,,,,,,,,,
,Status :, ,University Department,,,,,,,,,,,,,,,,,,,,
,Home University Seats,,,,,,,,,,,,,,,,,,,,,,
Home University Seats Allotted to Home University Candidates,,,,,,,,,,,,,,,,,,,,,,,
,GOPENH, ,GSCH, ,GNTBH, ,GNTDH, ,GOBCH, ,GSEBCH,,,,,,,,,,,,
6320,19682,13517,7837,,,,,,,,,,,,,,,,,,,,
Stage-I, ,,,,,,,,,,,,,,,,,,,,,,
(80.5399495),(31.6629561),(56.5488095),(76.9216256),,,,,,,,,,,,,,,,,,,,
7531,7461,,,,,,,,,,,,,,,,,,,,,,
,Stage-IV, ,,,,,,,,,,,,,,,,,,,,,
(76.9216256),(76.9216256),,,,,,,,,,,,,,,,,,,,,,
,Other Than Home University Seats,,,,,,,,,,,,,,,,,,,,,,
Other Than Home University Seats Allotted to Other Than Home University Candidates,,,,,,,,,,,,,,,,,,,,,,,
,GOPENO, ,GSCO, ,GSTO, ,GOBCO, ,GSEBCO,,,,,,,,,,,,,,
11696,21071,14143,,,,,,,,,,,,,,,,,,,,,
Stage-I, ,,,,,,,,,,,,,,,,,,,,,,
(63.1574978),(25.4779232),(53.942159),,,,,,,,,,,,,,,,,,,,,
17146,16451,,,,,,,,,,,,,,,,,,,,,,
,Stage-IV, ,,,,,,,,,,,,,,,,,,,,,
(41.4550394),(44.5345198),,,,,,,,,,,,,,,,,,,,,,
,State Level Seats,,,,,,,,,,,,,,,,,,,,,,
,TFWS,,,,,,,,,,,,,,,,,,,,,,
7560,,,,,,,,,,,,,,,,,,,,,,,
Stage-I, ,,,,,,,,,,,,,,,,,,,,,,
(76.9216256),,,,,,,,,,,,,,,,,,,,,,,
,Legends :, ,"Legends: G-General, L-Ladies, S-State Level Seats ,PWD - Persons with Disabilities,DEF - Defence,PWDR :PWD Common Reserved Seat",,,,,,,,,,,,,,,,,,,,
"DEFR :Defense Common Reserved Seat ,* Maharashtra State Seats - Cut Off Indicates State General Merit No. ; Figures in bracket Indicates Merit Score",,,,,,,,,,,,,,,,,,,,,,,
,Page 1 of 192,,,,,,,,,,,,,,,,,,,,,,
GOVERNMENT OF MAHARASHTRA,,,,,,,,,,,,,,,,,,,,,,,
,"Directorate of Technical Education, Maharashtra State, Mumbai.",,,,,,,,,,,,,,,,,,,,,,
,Cut Off List for Maharashtra & Minority Seats of CAP Round-III for Admission to the First Year Post Graduate Technical Course in Master of Computer Applications (MCA) for the Academic Year 2025-26,,,,,,,,,,,,,,,,,,,,,,
,"1102 - Vidya Bharati Mahavidyalaya Department of Research and PG Studies in Science & Management, Amravati",,,,,,,,,,,,,,,,,,,,,,
,0110224110 - Master in Computer Application,,,,,,,,,,,,,,,,,,,,,,
,Status :, ,Un-Aided-Linguistic Minority - Hindi,,,,,,,,,,,,,,,,,,,,
,Home University Seats,,,,,,,,,,,,,,,,,,,,,,
Home University Seats Allotted to Home University Candidates,,,,,,,,,,,,,,,,,,,,,,,
,GOPENH,,,,,,,,,,,,,,,,,,,,,,
6281,,,,,,,,,,,,,,,,,,,,,,,
Stage-I, ,,,,,,,,,,,,,,,,,,,,,,
(80.5399495),,,,,,,,,,,,,,,,,,,,,,,
,Other Than Home University Seats,,,,,,,,,,,,,,,,,,,,,,
Other Than Home University Seats Allotted to Other Than Home University Candidates,,,,,,,,,,,,,,,,,,,,,,,
,GOPENO,,,,,,,,,,,,,,,,,,,,,,
22254,,,,,,,,,,,,,,,,,,,,,,,
Stage-I, ,,,,,,,,,,,,,,,,,,,,,,
(19.1539942),,,,,,,,,,,,,,,,,,,,,,,
,Minority Seats : Minority Seats Allotted to Non Minority Candidates,,,,,,,,,,,,,,,,,,,,,,
,MI-MH,,,,,,,,,,,,,,,,,,,,,,
9265,,,,,,,,,,,,,,,,,,,,,,,
Stage-MI-MH, ,,,,,,,,,,,,,,,,,,,,,,
(71.1549338),,,,,,,,,,,,,,,,,,,,,,,
,Legends :, ,"Legends: G-General, L-Ladies, S-State Level Seats ,PWD - Persons with Disabilities,DEF - Defence,PWDR :PWD Common Reserved Seat",,,,,,,,,,,,,,,,,,,,
"DEFR :Defense Common Reserved Seat ,* Maharashtra State Seats - Cut Off Indicates State General Merit No. ; Figures in bracket Indicates Merit Score",,,,,,,,,,,,,,,,,,,,,,,
,Page 2 of 192,,,,,,,,,,,,,,,,,,,,,,
GOVERNMENT OF MAHARASHTRA,,,,,,,,,,,,,,,,,,,,,,,
,"Directorate of Technical Education, Maharashtra State, Mumbai.",,,,,,,,,,,,,,,,,,,,,,
,Cut Off List for Maharashtra & Minority Seats of CAP Round-III for Admission to the First Year Post Graduate Technical Course in Master of Computer Applications (MCA) for the Academic Year 2025-26,,,,,,,,,,,,,,,,,,,,,,
,"1105 - Prof. Ram Meghe Institute of Technology & Research, Amravati",,,,,,,,,,,,,,,,,,,,,,
,0110524110 - Master in Computer Application,,,,,,,,,,,,,,,,,,,,,,
,Status :, ,Un-Aided-Autonomous,,,,,,,,,,,,,,,,,,,,
,Home University Seats,,,,,,,,,,,,,,,,,,,,,,
Home University Seats Allotted to Home University Candidates,,,,,,,,,,,,,,,,,,,,,,,
,GOPENH, ,GNTCH, ,GOBCH, ,GSEBCH, ,PWDOPENH,,,,,,,,,,,,,,
6065,20412,8676,,,,,,,,,,,,,,,,,,,,,
Stage-I, ,,,,,,,,,,,,,,,,,,,,,,
(82.8308366),(27.2744425),(73.5368477),,,,,,,,,,,,,,,,,,,,,
9149,,,,,,,,,,,,,,,,,,,,,,,
,Stage-IV, ,,,,,,,,,,,,,,,,,,,,,
(71.1549338),,,,,,,,,,,,,,,,,,,,,,,
8618,,,,,,,,,,,,,,,,,,,,,,,
,I-Non PWD / DEF, ,,,,,,,,,,,,,,,,,,,,,
(73.5368477),,,,,,,,,,,,,,,,,,,,,,,
,Other Than Home University Seats,,,,,,,,,,,,,,,,,,,,,,
Other Than Home University Seats Allotted to Other Than Home University Candidates,,,,,,,,,,,,,,,,,,,,,,,
,GOPENO, ,GSTO, ,GNTAO, ,GOBCO, ,GSEBCO,,,,,,,,,,,,,,
13684,23559,,,,,,,,,,,,,,,,,,,,,,
Stage-I, ,,,,,,,,,,,,,,,,,,,,,,
(56.5488095),(12.4750009),,,,,,,,,,,,,,,,,,,,,,
22774,22820,24055,,,,,,,,,,,,,,,,,,,,,
,Stage-IV, ,,,,,,,,,,,,,,,,,,,,,
(16.9789978),(15.5994113),(9.7430286),,,,,,,,,,,,,,,,,,,,,
,Other Than Home University Seats Allotted to Home University Candidates,,,,,,,,,,,,,,,,,,,,,,
,GOBCO,,,,,,,,,,,,,,,,,,,,,,
9204,,,,,,,,,,,,,,,,,,,,,,,
Stage-I, ,,,,,,,,,,,,,,,,,,,,,,
(71.1549338),,,,,,,,,,,,,,,,,,,,,,,
,Legends :, ,"Legends: G-General, L-Ladies, S-State Level Seats ,PWD - Persons with Disabilities,DEF - Defence,PWDR :PWD Common Reserved Seat",,,,,,,,,,,,,,,,,,,,
"DEFR :Defense Common Reserved Seat ,* Maharashtra State Seats - Cut Off Indicates State General Merit No. ; Figures in bracket Indicates Merit Score",,,,,,,,,,,,,,,,,,,,,,,
,Page 3 of 192,,,,,,,,,,,,,,,,,,,,,,
GOVERNMENT OF MAHARASHTRA,,,,,,,,,,,,,,,,,,,,,,,
,"Directorate of Technical Education, Maharashtra State, Mumbai.",,,,,,,,,,,,,,,,,,,,,,
,Cut Off List for Maharashtra & Minority Seats of CAP Round-III for Admission to the First Year Post Graduate Technical Course in Master of Computer Applications (MCA) for the Academic Year 2025-26,,,,,,,,,,,,,,,,,,,,,,
,"1107 - P. R. Pote Patil College of Engineering & Management, Amravati",,,,,,,,,,,,,,,,,,,,,,
,0110724110 - Master in Computer Application,,,,,,,,,,,,,,,,,,,,,,
,Status :, ,Un-Aided-Autonomous,,,,,,,,,,,,,,,,,,,,
,Home University Seats,,,,,,,,,,,,,,,,,,,,,,
Home University Seats Allotted to Home University Candidates,,,,,,,,,,,,,,,,,,,,,,,
,GSTH, ,GNTDH,,,,,,,,,,,,,,,,,,,,
470,2130,,,,,,,,,,,,,,,,,,,,,,
Stage-IV, ,,,,,,,,,,,,,,,,,,,,,,
(98.2089665),(93.405226),,,,,,,,,,,,,,,,,,,,,,
,Other Than Home University Seats,,,,,,,,,,,,,,,,,,,,,,
Other Than Home University Seats Allotted to Other Than Home University Candidates,,,,,,,,,,,,,,,,,,,,,,,
,GOPENO,,,,,,,,,,,,,,,,,,,,,,
24981,,,,,,,,,,,,,,,,,,,,,,,
Stage-I, ,,,,,,,,,,,,,,,,,,,,,,
(4.067771),,,,,,,,,,,,,,,,,,,,,,,
,Other Than Home University Seats Allotted to Home University Candidates,,,,,,,,,,,,,,,,,,,,,,
,GSEBCO,,,,,,,,,,,,,,,,,,,,,,
4461,,,,,,,,,,,,,,,,,,,,,,,
Stage-IV, ,,,,,,,,,,,,,,,,,,,,,,
(85.3851665),,,,,,,,,,,,,,,,,,,,,,,
,Legends :, ,"Legends: G-General, L-Ladies, S-State Level Seats ,PWD - Persons with Disabilities,DEF - Defence,PWDR :PWD Common Reserved Seat",,,,,,,,,,,,,,,,,,,,
"DEFR :Defense Common Reserved Seat ,* Maharashtra State Seats - Cut Off Indicates State General Merit No. ; Figures in bracket Indicates Merit Score",,,,,,,,,,,,,,,,,,,,,,,
,Page 4 of 192,,,,,,,,,,,,,,,,,,,,,,
GOVERNMENT OF MAHARASHTRA,,,,,,,,,,,,,,,,,,,,,,,
,"Directorate of Technical Education, Maharashtra State, Mumbai.",,,,,,,,,,,,,,,,,,,,,,
,Cut Off List for Maharashtra & Minority Seats of CAP Round-III for Admission to the First Year Post Graduate Technical Course in Master of Computer Applications (MCA) for the Academic Year 2025-26,,,,,,,,,,,,,,,,,,,,,,
,"1111 - P.G. Department of Computer Science & Technology, D.C.P.E., H.V.P. Mandal, Amravati",,,,,,,,,,,,,,,,,,,,,,
,0111124110 - Master in Computer Application,,,,,,,,,,,,,,,,,,,,,,
,Status :, ,Un-Aided-Autonomous,,,,,,,,,,,,,,,,,,,,
,Home University Seats,,,,,,,,,,,,,,,,,,,,,,
Home University Seats Allotted to Home University Candidates,,,,,,,,,,,,,,,,,,,,,,,
,GOPENH, ,GSCH, ,GSTH, ,GNTBH, ,GNTCH, ,GOBCH,,,,,,,,,,,,
10593,22789,21357,10788,,,,,,,,,,,,,,,,,,,,
Stage-I, ,,,,,,,,,,,,,,,,,,,,,,
(67.3579428),(16.9789978),(23.1010151),(65.8578922),,,,,,,,,,,,,,,,,,,,
11047,15121,,,,,,,,,,,,,,,,,,,,,,
,Stage-IV, ,,,,,,,,,,,,,,,,,,,,,
(65.8578922),(51.4093808),,,,,,,,,,,,,,,,,,,,,,
,Other Than Home University Seats Allotted to Home University Candidates,,,,,,,,,,,,,,,,,,,,,,
,GOPENO, ,GSTO, ,GNTCO, ,GNTDO, ,GOBCO, ,GSEBCO,,,,,,,,,,,,
14645,15504,,,,,,,,,,,,,,,,,,,,,,
Stage-I, ,,,,,,,,,,,,,,,,,,,,,,
(51.4093808),(49.3533426),,,,,,,,,,,,,,,,,,,,,,
16504,15991,16607,16537,,,,,,,,,,,,,,,,,,,,
,Stage-IV, ,,,,,,,,,,,,,,,,,,,,,
(44.5345198),(46.3793819),(44.5345198),(44.5345198),,,,,,,,,,,,,,,,,,,,
,State Level Seats,,,,,,,,,,,,,,,,,,,,,,
,EWS, ,TFWS,,,,,,,,,,,,,,,,,,,,
20581,12855,,,,,,,,,,,,,,,,,,,,,,
Stage-I, ,,,,,,,,,,,,,,,,,,,,,,
(27.2744425),(58.7911466),,,,,,,,,,,,,,,,,,,,,,
,Legends :, ,"Legends: G-General, L-Ladies, S-State Level Seats ,PWD - Persons with Disabilities,DEF - Defence,PWDR :PWD Common Reserved Seat",,,,,,,,,,,,,,,,,,,,
"DEFR :Defense Common Reserved Seat ,* Maharashtra State Seats - Cut Off Indicates State General Merit No. ; Figures in bracket Indicates Merit Score",,,,,,,,,,,,,,,,,,,,,,,
,Page 5 of 192,,,,,,,,,,,,,,,,,,,,,,
GOVERNMENT OF MAHARASHTRA,,,,,,,,,,,,,,,,,,,,,,,
,"Directorate of Technical Education, Maharashtra State, Mumbai.",,,,,,,,,,,,,,,,,,,,,,
,Cut Off List for Maharashtra & Minority Seats of CAP Round-III for Admission to the First Year Post Graduate Technical Course in Master of Computer Applications (MCA) for the Academic Year 2025-26,,,,,,,,,,,,,,,,,,,,,,
,"1113 - Sadhana Shikshan Mandal, Saraswati College, Shegaon",,,,,,,,,,,,,,,,,,,,,,
,0111324110 - Master in Computer Application,,,,,,,,,,,,,,,,,,,,,,
,Status :, ,Un-Aided,,,,,,,,,,,,,,,,,,,,
,Home University Seats,,,,,,,,,,,,,,,,,,,,,,
Home University Seats Allotted to Home University Candidates,,,,,,,,,,,,,,,,,,,,,,,
,GOPENH, ,GSCH, ,GSTH, ,GNTAH, ,GNTBH, ,GNTCH, ,GNTDH, ,GOBCH, ,GSEBCH, ,PWDOPENH,,,,
4875,20562,21794,11205,17559,,,,,,,,,,,,,,,,,,,
Stage-I, ,,,,,,,,,,,,,,,,,,,,,,
(85.2118788),(27.2744425),(21.0059952),(65.8578922),(41.4550394),,,,,,,,,,,,,,,,,,,
15569,21399,21429,21729,,,,,,,,,,,,,,,,,,,,
,Stage-IV, ,,,,,,,,,,,,,,,,,,,,,
(49.3533426),(23.1010151),(23.1010151),(21.0059952),,,,,,,,,,,,,,,,,,,,
6309,,,,,,,,,,,,,,,,,,,,,,,
,I-Non PWD / DEF, ,,,,,,,,,,,,,,,,,,,,,
(80.5399495),,,,,,,,,,,,,,,,,,,,,,,
,Other Than Home University Seats,,,,,,,,,,,,,,,,,,,,,,
Other Than Home University Seats Allotted to Other Than Home University Candidates,,,,,,,,,,,,,,,,,,,,,,,
,GOPENO,,,,,,,,,,,,,,,,,,,,,,
24521,,,,,,,,,,,,,,,,,,,,,,,
Stage-I, ,,,,,,,,,,,,,,,,,,,,,,
(5.9311489),,,,,,,,,,,,,,,,,,,,,,,
,Other Than Home University Seats Allotted to Home University Candidates,,,,,,,,,,,,,,,,,,,,,,
,GOPENO, ,GOBCO, ,GSEBCO,,,,,,,,,,,,,,,,,,
19140,21770,,,,,,,,,,,,,,,,,,,,,,
Stage-I, ,,,,,,,,,,,,,,,,,,,,,,
(34.5198145),(21.0059952),,,,,,,,,,,,,,,,,,,,,,
21884,,,,,,,,,,,,,,,,,,,,,,,
,Stage-IV, ,,,,,,,,,,,,,,,,,,,,,
(21.0059952),,,,,,,,,,,,,,,,,,,,,,,
,Legends :, ,"Legends: G-General, L-Ladies, S-State Level Seats ,PWD - Persons with Disabilities,DEF - Defence,PWDR :PWD Common Reserved Seat",,,,,,,,,,,,,,,,,,,,
"DEFR :Defense Common Reserved Seat ,* Maharashtra State Seats - Cut Off Indicates State General Merit No. ; Figures in bracket Indicates Merit Score",,,,,,,,,,,,,,,,,,,,,,,
,Page 6 of 192,,,,,,,,,,,,,,,,,,,,,,
GOVERNMENT OF MAHARASHTRA,,,,,,,,,,,,,,,,,,,,,,,
,"Directorate of Technical Education, Maharashtra State, Mumbai.",,,,,,,,,,,,,,,,,,,,,,
,Cut Off List for Maharashtra & Minority Seats of CAP Round-III for Admission to the First Year Post Graduate Technical Course in Master of Computer Applications (MCA) for the Academic Year 2025-26,,,,,,,,,,,,,,,,,,,,,,
,1314 - SMT RADHADEVI GOENKA COLLEGE FOR WOMEN,,,,,,,,,,,,,,,,,,,,,,
,0131424170U - Master in Computer Application,,,,,,,,,,,,,,,,,,,,,,
,Status :, ,Un-Aided-Linguistic Minority - Marwadi,,,,,,,,,,,,,,,,,,,,
,Home University Seats,,,,,,,,,,,,,,,,,,,,,,
Home University Seats Allotted to Home University Candidates,,,,,,,,,,,,,,,,,,,,,,,
,GOPENH,,,,,,,,,,,,,,,,,,,,,,
23900,,,,,,,,,,,,,,,,,,,,,,,
Stage-I, ,,,,,,,,,,,,,,,,,,,,,,
(10.5199653),,,,,,,,,,,,,,,,,,,,,,,
,Other Than Home University Seats,,,,,,,,,,,,,,,,,,,,,,
Other Than Home University Seats Allotted to Other Than Home University Candidates,,,,,,,,,,,,,,,,,,,,,,,
,GOPENO,,,,,,,,,,,,,,,,,,,,,,
22097,,,,,,,,,,,,,,,,,,,,,,,
Stage-I, ,,,,,,,,,,,,,,,,,,,,,,
(19.1539942),,,,,,,,,,,,,,,,,,,,,,,
,Legends :, ,"Legends: G-General, L-Ladies, S-State Level Seats ,PWD - Persons with Disabilities,DEF - Defence,PWDR :PWD Common Reserved Seat",,,,,,,,,,,,,,,,,,,,
"DEFR :Defense Common Reserved Seat ,* Maharashtra State Seats - Cut Off Indicates State General Merit No. ; Figures in bracket Indicates Merit Score",,,,,,,,,,,,,,,,,,,,,,,
,Page 7 of 192,,,,,,,,,,,,,,,,,,,,,,
GOVERNMENT OF MAHARASHTRA,,,,,,,,,,,,,,,,,,,,,,,
,"Directorate of Technical Education, Maharashtra State, Mumbai.",,,,,,,,,,,,,,,,,,,,,,
,Cut Off List for Maharashtra & Minority Seats of CAP Round-III for Admission to the First Year Post Graduate Technical Course in Master of Computer Applications (MCA) for the Academic Year 2025-26,,,,,,,,,,,,,,,,,,,,,,
,"2001 - Dr. B. A. M.University Dept. Of Management Science, Aurangabad",,,,,,,,,,,,,,,,,,,,,,
,0200124110 - Master in Computer Application,,,,,,,,,,,,,,,,,,,,,,
,Status :, ,University Department,,,,,,,,,,,,,,,,,,,,
,Home University Seats,,,,,,,,,,,,,,,,,,,,,,
Home University Seats Allotted to Home University Candidates,,,,,,,,,,,,,,,,,,,,,,,
,GOPENH, ,GSCH, ,GSTH, ,GNTBH, ,GNTDH, ,GOBCH, ,PWDOPENH,,,,,,,,,,
9330,18825,12661,,,,,,,,,,,,,,,,,,,,,
Stage-I, ,,,,,,,,,,,,,,,,,,,,,,
(71.1549338),(34.5198145),(61.2807064),,,,,,,,,,,,,,,,,,,,,
13295,15007,14613,,,,,,,,,,,,,,,,,,,,,
,Stage-IV, ,,,,,,,,,,,,,,,,,,,,,
(58.7911466),(51.4093808),(51.4093808),,,,,,,,,,,,,,,,,,,,,
11082,,,,,,,,,,,,,,,,,,,,,,,
,I-Non PWD / DEF, ,,,,,,,,,,,,,,,,,,,,,
(65.8578922),,,,,,,,,,,,,,,,,,,,,,,
,Other Than Home University Seats,,,,,,,,,,,,,,,,,,,,,,
Other Than Home University Seats Allotted to Other Than Home University Candidates,,,,,,,,,,,,,,,,,,,,,,,
,GSTO, ,GSEBCO,,,,,,,,,,,,,,,,,,,,
5400,,,,,,,,,,,,,,,,,,,,,,,
Stage-IV, ,,,,,,,,,,,,,,,,,,,,,,
(82.9644433),,,,,,,,,,,,,,,,,,,,,,,
16751,,,,,,,,,,,,,,,,,,,,,,,
,Stage-I, ,,,,,,,,,,,,,,,,,,,,,
(44.5345198),,,,,,,,,,,,,,,,,,,,,,,
,State Level Seats,,,,,,,,,,,,,,,,,,,,,,
,EWS, ,TFWS,,,,,,,,,,,,,,,,,,,,
16847,7122,,,,,,,,,,,,,,,,,,,,,,
Stage-I, ,,,,,,,,,,,,,,,,,,,,,,
(44.5345198),(77.8251197),,,,,,,,,,,,,,,,,,,,,,
,Legends :, ,"Legends: G-General, L-Ladies, S-State Level Seats ,PWD - Persons with Disabilities,DEF - Defence,PWDR :PWD Common Reserved Seat",,,,,,,,,,,,,,,,,,,,
"DEFR :Defense Common Reserved Seat ,* Maharashtra State Seats - Cut Off Indicates State General Merit No. ; Figures in bracket Indicates Merit Score",,,,,,,,,,,,,,,,,,,,,,,
,Page 8 of 192,,,,,,,,,,,,,,,,,,,,,,
GOVERNMENT OF MAHARASHTRA,,,,,,,,,,,,,,,,,,,,,,,
,"Directorate of Technical Education, Maharashtra State, Mumbai.",,,,,,,,,,,,,,,,,,,,,,
,Cut Off List for Maharashtra & Minority Seats of CAP Round-III for Admission to the First Year Post Graduate Technical Course in Master of Computer Applications (MCA) for the Academic Year 2025-26,,,,,,,,,,,,,,,,,,,,,,
,"2005 - Dr. Babasaheb Ambedkar Marathwada Vidyapeeth,(Aurangabad) Sub Section - Osmanabad",,,,,,,,,,,,,,,,,,,,,,
,0200524110 - Master in Computer Application,,,,,,,,,,,,,,,,,,,,,,
,Status :, ,University Department,,,,,,,,,,,,,,,,,,,,
,Home University Seats,,,,,,,,,,,,,,,,,,,,,,
Home University Seats Allotted to Home University Candidates,,,,,,,,,,,,,,,,,,,,,,,
,GOPENH, ,GNTDH, ,GOBCH, ,PWDOPENH,,,,,,,,,,,,,,,,
12038,24294,,,,,,,,,,,,,,,,,,,,,,
Stage-I, ,,,,,,,,,,,,,,,,,,,,,,
(61.2807064),(7.9446476),,,,,,,,,,,,,,,,,,,,,,
14005,,,,,,,,,,,,,,,,,,,,,,,
,Stage-IV, ,,,,,,,,,,,,,,,,,,,,,
(53.942159),,,,,,,,,,,,,,,,,,,,,,,
13110,,,,,,,,,,,,,,,,,,,,,,,
,I-Non PWD / DEF, ,,,,,,,,,,,,,,,,,,,,,
(58.7911466),,,,,,,,,,,,,,,,,,,,,,,
,Other Than Home University Seats,,,,,,,,,,,,,,,,,,,,,,
Other Than Home University Seats Allotted to Other Than Home University Candidates,,,,,,,,,,,,,,,,,,,,,,,
,GOPENO, ,GNTAO, ,GOBCO,,,,,,,,,,,,,,,,,,
13113,17289,,,,,,,,,,,,,,,,,,,,,,
Stage-I, ,,,,,,,,,,,,,,,,,,,,,,
(58.7911466),(41.4550394),,,,,,,,,,,,,,,,,,,,,,
13713,,,,,,,,,,,,,,,,,,,,,,,
,Stage-IV, ,,,,,,,,,,,,,,,,,,,,,
(56.5488095),,,,,,,,,,,,,,,,,,,,,,,
,State Level Seats,,,,,,,,,,,,,,,,,,,,,,
,EWS,,,,,,,,,,,,,,,,,,,,,,
13322,,,,,,,,,,,,,,,,,,,,,,,
Stage-I, ,,,,,,,,,,,,,,,,,,,,,,
(58.7911466),,,,,,,,,,,,,,,,,,,,,,,
,Legends :, ,"Legends: G-General, L-Ladies, S-State Level Seats ,PWD - Persons with Disabilities,DEF - Defence,PWDR :PWD Common Reserved Seat",,,,,,,,,,,,,,,,,,,,
"DEFR :Defense Common Reserved Seat ,* Maharashtra State Seats - Cut Off Indicates State General Merit No. ; Figures in bracket Indicates Merit Score",,,,,,,,,,,,,,,,,,,,,,,
,Page 9 of 192,,,,,,,,,,,,,,,,,,,,,,
GOVERNMENT OF MAHARASHTRA,,,,,,,,,,,,,,,,,,,,,,,
,"Directorate of Technical Education, Maharashtra State, Mumbai.",,,,,,,,,,,,,,,,,,,,,,
,Cut Off List for Maharashtra & Minority Seats of CAP Round-III for Admission to the First Year Post Graduate Technical Course in Master of Computer Applications (MCA) for the Academic Year 2025-26,,,,,,,,,,,,,,,,,,,,,,
,"2007 - Swami Ramanand Teerth Marathwada Vidyapeeth, Nanded",,,,,,,,,,,,,,,,,,,,,,
,0200724110 - Master in Computer Application,,,,,,,,,,,,,,,,,,,,,,
,Status :, ,University Department,,,,,,,,,,,,,,,,,,,,
,Home University Seats,,,,,,,,,,,,,,,,,,,,,,
Home University Seats Allotted to Home University Candidates,,,,,,,,,,,,,,,,,,,,,,,
,GOPENH, ,GSCH, ,GSTH, ,GNTAH, ,GNTDH, ,GOBCH, ,GSEBCH,,,,,,,,,,
9956,18726,20141,18848,13743,,,,,,,,,,,,,,,,,,,
Stage-I, ,,,,,,,,,,,,,,,,,,,,,,
(69.7143504),(36.496736),(29.9046039),(34.5198145),(56.5488095),,,,,,,,,,,,,,,,,,,
14038,15225,,,,,,,,,,,,,,,,,,,,,,
,Stage-IV, ,,,,,,,,,,,,,,,,,,,,,
(53.942159),(49.3533426),,,,,,,,,,,,,,,,,,,,,,
,Other Than Home University Seats,,,,,,,,,,,,,,,,,,,,,,
Other Than Home University Seats Allotted to Other Than Home University Candidates,,,,,,,,,,,,,,,,,,,,,,,
,GOPENO,,,,,,,,,,,,,,,,,,,,,,
25031,,,,,,,,,,,,,,,,,,,,,,,
Stage-I, ,,,,,,,,,,,,,,,,,,,,,,
(3.0466423),,,,,,,,,,,,,,,,,,,,,,,
,Other Than Home University Seats Allotted to Home University Candidates,,,,,,,,,,,,,,,,,,,,,,
,GOPENO, ,GSTO, ,GOBCO, ,GSEBCO,,,,,,,,,,,,,,,,
14726,21062,16125,,,,,,,,,,,,,,,,,,,,,
Stage-I, ,,,,,,,,,,,,,,,,,,,,,,
(51.4093808),(25.4779232),(46.3793819),,,,,,,,,,,,,,,,,,,,,
16079,,,,,,,,,,,,,,,,,,,,,,,
,Stage-IV, ,,,,,,,,,,,,,,,,,,,,,
(46.3793819),,,,,,,,,,,,,,,,,,,,,,,
,State Level Seats,,,,,,,,,,,,,,,,,,,,,,
,EWS, ,TFWS,,,,,,,,,,,,,,,,,,,,
18276,2045,,,,,,,,,,,,,,,,,,,,,,
Stage-I, ,,,,,,,,,,,,,,,,,,,,,,
(36.496736),(93.405226),,,,,,,,,,,,,,,,,,,,,,
,Legends :, ,"Legends: G-General, L-Ladies, S-State Level Seats ,PWD - Persons with Disabilities,DEF - Defence,PWDR :PWD Common Reserved Seat",,,,,,,,,,,,,,,,,,,,
"DEFR :Defense Common Reserved Seat ,* Maharashtra State Seats - Cut Off Indicates State General Merit No. ; Figures in bracket Indicates Merit Score",,,,,,,,,,,,,,,,,,,,,,,
,Page 10 of 192,,,,,,,,,,,,,,,,,,,,,,
GOVERNMENT OF MAHARASHTRA,,,,,,,,,,,,,,,,,,,,,,,
,"Directorate of Technical Education, Maharashtra State, Mumbai.",,,,,,,,,,,,,,,,,,,,,,
,Cut Off List for Maharashtra & Minority Seats of CAP Round-III for Admission to the First Year Post Graduate Technical Course in Master of Computer Applications (MCA) for the Academic Year 2025-26,,,,,,,,,,,,,,,,,,,,,,
,"2008 - Government College of Engineering, Chhatrapati Sambhajinagar",,,,,,,,,,,,,,,,,,,,,,
,0200824110 - Master in Computer Application,,,,,,,,,,,,,,,,,,,,,,
,Status :, ,Government-Autonomous,,,,,,,,,,,,,,,,,,,,
,Home University Seats,,,,,,,,,,,,,,,,,,,,,,
Home University Seats Allotted to Home University Candidates,,,,,,,,,,,,,,,,,,,,,,,
,GOPENH, ,GSCH, ,GNTAH, ,GSEBCH,,,,,,,,,,,,,,,,
2353,3423,7637,4927,,,,,,,,,,,,,,,,,,,,
Stage-I, ,,,,,,,,,,,,,,,,,,,,,,
(92.3361383),(89.1966341),(76.9216256),(85.2118788),,,,,,,,,,,,,,,,,,,,
,Other Than Home University Seats,,,,,,,,,,,,,,,,,,,,,,
Other Than Home University Seats Allotted to Other Than Home University Candidates,,,,,,,,,,,,,,,,,,,,,,,
,GOPENO, ,GNTDO, ,GOBCO,,,,,,,,,,,,,,,,,,
2498,3055,,,,,,,,,,,,,,,,,,,,,,
Stage-I, ,,,,,,,,,,,,,,,,,,,,,,
(92.1797821),(90.7733494),,,,,,,,,,,,,,,,,,,,,,
2898,,,,,,,,,,,,,,,,,,,,,,,
,Stage-IV, ,,,,,,,,,,,,,,,,,,,,,
(90.9663786),,,,,,,,,,,,,,,,,,,,,,,
,State Level Seats,,,,,,,,,,,,,,,,,,,,,,
,EWS,,,,,,,,,,,,,,,,,,,,,,
4476,,,,,,,,,,,,,,,,,,,,,,,
Stage-I, ,,,,,,,,,,,,,,,,,,,,,,
(85.3851665),,,,,,,,,,,,,,,,,,,,,,,
,Legends :, ,"Legends: G-General, L-Ladies, S-State Level Seats ,PWD - Persons with Disabilities,DEF - Defence,PWDR :PWD Common Reserved Seat",,,,,,,,,,,,,,,,,,,,
"DEFR :Defense Common Reserved Seat ,* Maharashtra State Seats - Cut Off Indicates State General Merit No. ; Figures in bracket Indicates Merit Score",,,,,,,,,,,,,,,,,,,,,,,
,Page 11 of 192,,,,,,,,,,,,,,,,,,,,,,
GOVERNMENT OF MAHARASHTRA,,,,,,,,,,,,,,,,,,,,,,,
,"Directorate of Technical Education, Maharashtra State, Mumbai.",,,,,,,,,,,,,,,,,,,,,,
,Cut Off List for Maharashtra & Minority Seats of CAP Round-III for Admission to the First Year Post Graduate Technical Course in Master of Computer Applications (MCA) for the Academic Year 2025-26,,,,,,,,,,,,,,,,,,,,,,
,"2102 - Rajarshi Shahu Institute of Management, Aurangabad",,,,,,,,,,,,,,,,,,,,,,
,0210224110 - Master in Computer Application,,,,,,,,,,,,,,,,,,,,,,
,Status :, ,Un-Aided,,,,,,,,,,,,,,,,,,,,
,Home University Seats,,,,,,,,,,,,,,,,,,,,,,
Home University Seats Allotted to Home University Candidates,,,,,,,,,,,,,,,,,,,,,,,
,GOPENH, ,GNTBH, ,GOBCH,,,,,,,,,,,,,,,,,,
15289,23454,,,,,,,,,,,,,,,,,,,,,,
Stage-I, ,,,,,,,,,,,,,,,,,,,,,,
(49.3533426),(12.4750009),,,,,,,,,,,,,,,,,,,,,,
15482,,,,,,,,,,,,,,,,,,,,,,,
,Stage-IV, ,,,,,,,,,,,,,,,,,,,,,
(49.3533426),,,,,,,,,,,,,,,,,,,,,,,
,Other Than Home University Seats,,,,,,,,,,,,,,,,,,,,,,
Other Than Home University Seats Allotted to Other Than Home University Candidates,,,,,,,,,,,,,,,,,,,,,,,
,GOPENO, ,GSCO, ,GSTO, ,GNTCO, ,GOBCO,,,,,,,,,,,,,,
15892,24257,21321,22192,,,,,,,,,,,,,,,,,,,,
Stage-I, ,,,,,,,,,,,,,,,,,,,,,,
(46.3793819),(7.9446476),(23.1010151),(19.1539942),,,,,,,,,,,,,,,,,,,,
16422,,,,,,,,,,,,,,,,,,,,,,,
,Stage-IV, ,,,,,,,,,,,,,,,,,,,,,
(46.3793819),,,,,,,,,,,,,,,,,,,,,,,
,Legends :, ,"Legends: G-General, L-Ladies, S-State Level Seats ,PWD - Persons with Disabilities,DEF - Defence,PWDR :PWD Common Reserved Seat",,,,,,,,,,,,,,,,,,,,
"DEFR :Defense Common Reserved Seat ,* Maharashtra State Seats - Cut Off Indicates State General Merit No. ; Figures in bracket Indicates Merit Score",,,,,,,,,,,,,,,,,,,,,,,
,Page 12 of 192,,,,,,,,,,,,,,,,,,,,,,
GOVERNMENT OF MAHARASHTRA,,,,,,,,,,,,,,,,,,,,,,,
,"Directorate of Technical Education, Maharashtra State, Mumbai.",,,,,,,,,,,,,,,,,,,,,,
,Cut Off List for Maharashtra & Minority Seats of CAP Round-III for Admission to the First Year Post Graduate Technical Course in Master of Computer Applications (MCA) for the Academic Year 2025-26,,,,,,,,,,,,,,,,,,,,,,
,"2113 - G. S. Mandal's Maharashtra Institute of Technology, Aurangabad",,,,,,,,,,,,,,,,,,,,,,
,0211324110 - Master in Computer Application,,,,,,,,,,,,,,,,,,,,,,
,Status :, ,Un-Aided-Autonomous,,,,,,,,,,,,,,,,,,,,
,Home University Seats,,,,,,,,,,,,,,,,,,,,,,
Home University Seats Allotted to Home University Candidates,,,,,,,,,,,,,,,,,,,,,,,
,GOPENH, ,GSCH, ,GSTH, ,GOBCH, ,GSEBCH, ,PWDOPENH, ,PWDOBCH,,,,,,,,,,
14724,24528,15389,18202,,,,,,,,,,,,,,,,,,,,
Stage-I, ,,,,,,,,,,,,,,,,,,,,,,
(51.4093808),(5.9311489),(49.3533426),(39.3989669),,,,,,,,,,,,,,,,,,,,
17717,,,,,,,,,,,,,,,,,,,,,,,
,Stage-IV, ,,,,,,,,,,,,,,,,,,,,,
(39.3989669),,,,,,,,,,,,,,,,,,,,,,,
15238,15448,,,,,,,,,,,,,,,,,,,,,,
,I-Non PWD / DEF, ,,,,,,,,,,,,,,,,,,,,,
(49.3533426),(49.3533426),,,,,,,,,,,,,,,,,,,,,,
,Other Than Home University Seats,,,,,,,,,,,,,,,,,,,,,,
Other Than Home University Seats Allotted to Other Than Home University Candidates,,,,,,,,,,,,,,,,,,,,,,,
,GOPENO, ,GSCO, ,GSTO, ,GOBCO, ,GSEBCO,,,,,,,,,,,,,,
20596,20897,23417,22590,,,,,,,,,,,,,,,,,,,,
Stage-I, ,,,,,,,,,,,,,,,,,,,,,,
(27.2744425),(25.4779232),(12.4750009),(16.9789978),,,,,,,,,,,,,,,,,,,,
22982,,,,,,,,,,,,,,,,,,,,,,,
,Stage-IV, ,,,,,,,,,,,,,,,,,,,,,
(15.5994113),,,,,,,,,,,,,,,,,,,,,,,
,Other Than Home University Seats Allotted to Home University Candidates,,,,,,,,,,,,,,,,,,,,,,
,GSEBCO,,,,,,,,,,,,,,,,,,,,,,
19996,,,,,,,,,,,,,,,,,,,,,,,
Stage-I, ,,,,,,,,,,,,,,,,,,,,,,
(29.9046039),,,,,,,,,,,,,,,,,,,,,,,
,State Level Seats,,,,,,,,,,,,,,,,,,,,,,
,EWS, ,TFWS,,,,,,,,,,,,,,,,,,,,
19343,9217,,,,,,,,,,,,,,,,,,,,,,
Stage-I, ,,,,,,,,,,,,,,,,,,,,,,
(31.6629561),(71.1549338),,,,,,,,,,,,,,,,,,,,,,
,Legends :, ,"Legends: G-General, L-Ladies, S-State Level Seats ,PWD - Persons with Disabilities,DEF - Defence,PWDR :PWD Common Reserved Seat",,,,,,,,,,,,,,,,,,,,
"DEFR :Defense Common Reserved Seat ,* Maharashtra State Seats - Cut Off Indicates State General Merit No. ; Figures in bracket Indicates Merit Score",,,,,,,,,,,,,,,,,,,,,,,
,Page 13 of 192,,,,,,,,,,,,,,,,,,,,,,
GOVERNMENT OF MAHARASHTRA,,,,,,,,,,,,,,,,,,,,,,,
,"Directorate of Technical Education, Maharashtra State, Mumbai.",,,,,,,,,,,,,,,,,,,,,,
,Cut Off List for Maharashtra & Minority Seats of CAP Round-III for Admission to the First Year Post Graduate Technical Course in Master of Computer Applications (MCA) for the Academic Year 2025-26,,,,,,,,,,,,,,,,,,,,,,
,"2115 - Sahyog Sevabhavi Santha's Indira Institute of Management Science, Nanded",,,,,,,,,,,,,,,,,,,,,,
,0211524110 - Master in Computer Application,,,,,,,,,,,,,,,,,,,,,,
,Status :, ,Un-Aided,,,,,,,,,,,,,,,,,,,,
,Home University Seats,,,,,,,,,,,,,,,,,,,,,,
Home University Seats Allotted to Home University Candidates,,,,,,,,,,,,,,,,,,,,,,,
,GOPENH, ,GSTH, ,GNTCH, ,GOBCH, ,GSEBCH, ,PWDOPENH,,,,,,,,,,,,
10202,20372,12125,11838,,,,,,,,,,,,,,,,,,,,
Stage-I, ,,,,,,,,,,,,,,,,,,,,,,
(67.3579428),(27.2744425),(61.2807064),(63.1574978),,,,,,,,,,,,,,,,,,,,
12535,,,,,,,,,,,,,,,,,,,,,,,
,Stage-IV, ,,,,,,,,,,,,,,,,,,,,,
(61.2807064),,,,,,,,,,,,,,,,,,,,,,,
10362,,,,,,,,,,,,,,,,,,,,,,,
,I-Non PWD / DEF, ,,,,,,,,,,,,,,,,,,,,,
(67.3579428),,,,,,,,,,,,,,,,,,,,,,,
,Other Than Home University Seats,,,,,,,,,,,,,,,,,,,,,,
Other Than Home University Seats Allotted to Other Than Home University Candidates,,,,,,,,,,,,,,,,,,,,,,,
,GOPENO, ,GOBCO,,,,,,,,,,,,,,,,,,,,
11643,24286,,,,,,,,,,,,,,,,,,,,,,
Stage-I, ,,,,,,,,,,,,,,,,,,,,,,
(63.1574978),(7.9446476),,,,,,,,,,,,,,,,,,,,,,
,Other Than Home University Seats Allotted to Home University Candidates,,,,,,,,,,,,,,,,,,,,,,
,GSCO, ,GNTAO, ,GSEBCO,,,,,,,,,,,,,,,,,,
17608,25396,15398,,,,,,,,,,,,,,,,,,,,,
Stage-I, ,,,,,,,,,,,,,,,,,,,,,,
(41.4550394),(0.8710079),(49.3533426),,,,,,,,,,,,,,,,,,,,,
,Legends :, ,"Legends: G-General, L-Ladies, S-State Level Seats ,PWD - Persons with Disabilities,DEF - Defence,PWDR :PWD Common Reserved Seat",,,,,,,,,,,,,,,,,,,,
"DEFR :Defense Common Reserved Seat ,* Maharashtra State Seats - Cut Off Indicates State General Merit No. ; Figures in bracket Indicates Merit Score",,,,,,,,,,,,,,,,,,,,,,,
,Page 14 of 192,,,,,,,,,,,,,,,,,,,,,,
GOVERNMENT OF MAHARASHTRA,,,,,,,,,,,,,,,,,,,,,,,
,"Directorate of Technical Education, Maharashtra State, Mumbai.",,,,,,,,,,,,,,,,,,,,,,
,Cut Off List for Maharashtra & Minority Seats of CAP Round-III for Admission to the First Year Post Graduate Technical Course in Master of Computer Applications (MCA) for the Academic Year 2025-26,,,,,,,,,,,,,,,,,,,,,,
,"2119 - Shree Sharda Bhavan Education Society's Institute of Technology & Management, Nanded",,,,,,,,,,,,,,,,,,,,,,
,0211924110 - Master in Computer Application,,,,,,,,,,,,,,,,,,,,,,
,Status :, ,Un-Aided,,,,,,,,,,,,,,,,,,,,
,Home University Seats,,,,,,,,,,,,,,,,,,,,,,
Home University Seats Allotted to Home University Candidates,,,,,,,,,,,,,,,,,,,,,,,
,GNTBH, ,GSEBCH,,,,,,,,,,,,,,,,,,,,
7856,,,,,,,,,,,,,,,,,,,,,,,
Stage-IV, ,,,,,,,,,,,,,,,,,,,,,,
(76.9216256),,,,,,,,,,,,,,,,,,,,,,,
10281,,,,,,,,,,,,,,,,,,,,,,,
,Stage-I, ,,,,,,,,,,,,,,,,,,,,,
(67.3579428),,,,,,,,,,,,,,,,,,,,,,,
,Other Than Home University Seats Allotted to Home University Candidates,,,,,,,,,,,,,,,,,,,,,,
,GNTBO, ,GSEBCO,,,,,,,,,,,,,,,,,,,,
7859,,,,,,,,,,,,,,,,,,,,,,,
Stage-IV, ,,,,,,,,,,,,,,,,,,,,,,
(76.9216256),,,,,,,,,,,,,,,,,,,,,,,
11068,,,,,,,,,,,,,,,,,,,,,,,
,Stage-I, ,,,,,,,,,,,,,,,,,,,,,
(65.8578922),,,,,,,,,,,,,,,,,,,,,,,
,Legends :, ,"Legends: G-General, L-Ladies, S-State Level Seats ,PWD - Persons with Disabilities,DEF - Defence,PWDR :PWD Common Reserved Seat",,,,,,,,,,,,,,,,,,,,
"DEFR :Defense Common Reserved Seat ,* Maharashtra State Seats - Cut Off Indicates State General Merit No. ; Figures in bracket Indicates Merit Score",,,,,,,,,,,,,,,,,,,,,,,
,Page 15 of 192,,,,,,,,,,,,,,,,,,,,,,
GOVERNMENT OF MAHARASHTRA,,,,,,,,,,,,,,,,,,,,,,,
,"Directorate of Technical Education, Maharashtra State, Mumbai.",,,,,,,,,,,,,,,,,,,,,,
,Cut Off List for Maharashtra & Minority Seats of CAP Round-III for Admission to the First Year Post Graduate Technical Course in Master of Computer Applications (MCA) for the Academic Year 2025-26,,,,,,,,,,,,,,,,,,,,,,
,"2120 - Dnyanopasak Shikshan Mandal's Institute of Information Technology & Management, Parbhani.",,,,,,,,,,,,,,,,,,,,,,
,0212024110 - Master in Computer Application,,,,,,,,,,,,,,,,,,,,,,
,Status :, ,Un-Aided,,,,,,,,,,,,,,,,,,,,
,Home University Seats,,,,,,,,,,,,,,,,,,,,,,
Home University Seats Allotted to Home University Candidates,,,,,,,,,,,,,,,,,,,,,,,
,GOPENH, ,GSTH, ,GNTBH, ,GOBCH,,,,,,,,,,,,,,,,
9413,18853,,,,,,,,,,,,,,,,,,,,,,
Stage-I, ,,,,,,,,,,,,,,,,,,,,,,
(71.1549338),(34.5198145),,,,,,,,,,,,,,,,,,,,,,
12033,14170,,,,,,,,,,,,,,,,,,,,,,
,Stage-IV, ,,,,,,,,,,,,,,,,,,,,,
(61.2807064),(53.942159),,,,,,,,,,,,,,,,,,,,,,
,Legends :, ,"Legends: G-General, L-Ladies, S-State Level Seats ,PWD - Persons with Disabilities,DEF - Defence,PWDR :PWD Common Reserved Seat",,,,,,,,,,,,,,,,,,,,
"DEFR :Defense Common Reserved Seat ,* Maharashtra State Seats - Cut Off Indicates State General Merit No. ; Figures in bracket Indicates Merit Score",,,,,,,,,,,,,,,,,,,,,,,
,Page 16 of 192,,,,,,,,,,,,,,,,,,,,,,
GOVERNMENT OF MAHARASHTRA,,,,,,,,,,,,,,,,,,,,,,,
,"Directorate of Technical Education, Maharashtra State, Mumbai.",,,,,,,,,,,,,,,,,,,,,,
,Cut Off List for Maharashtra & Minority Seats of CAP Round-III for Admission to the First Year Post Graduate Technical Course in Master of Computer Applications (MCA) for the Academic Year 2025-26,,,,,,,,,,,,,,,,,,,,,,
,"2124 - Maratha Education Society's Institute of Management studies & Information Technology, Aurangabad",,,,,,,,,,,,,,,,,,,,,,
,0212424110 - Master in Computer Application,,,,,,,,,,,,,,,,,,,,,,
,Status :, ,Un-Aided,,,,,,,,,,,,,,,,,,,,
,Home University Seats,,,,,,,,,,,,,,,,,,,,,,
Home University Seats Allotted to Home University Candidates,,,,,,,,,,,,,,,,,,,,,,,
,GSTH, ,GNTAH, ,GOBCH,,,,,,,,,,,,,,,,,,
4581,,,,,,,,,,,,,,,,,,,,,,,
Stage-IV, ,,,,,,,,,,,,,,,,,,,,,,
(85.3851665),,,,,,,,,,,,,,,,,,,,,,,
17816,8258,,,,,,,,,,,,,,,,,,,,,,
,Stage-I, ,,,,,,,,,,,,,,,,,,,,,
(39.3989669),(74.782248),,,,,,,,,,,,,,,,,,,,,,
,Other Than Home University Seats,,,,,,,,,,,,,,,,,,,,,,
Other Than Home University Seats Allotted to Other Than Home University Candidates,,,,,,,,,,,,,,,,,,,,,,,
,GOPENO, ,GSCO, ,GSTO, ,GOBCO,,,,,,,,,,,,,,,,
22869,23357,23949,,,,,,,,,,,,,,,,,,,,,
Stage-I, ,,,,,,,,,,,,,,,,,,,,,,
(15.5994113),(13.5402134),(9.7430286),,,,,,,,,,,,,,,,,,,,,
23119,,,,,,,,,,,,,,,,,,,,,,,
,Stage-IV, ,,,,,,,,,,,,,,,,,,,,,
(13.5402134),,,,,,,,,,,,,,,,,,,,,,,
,Other Than Home University Seats Allotted to Home University Candidates,,,,,,,,,,,,,,,,,,,,,,
,GSCO,,,,,,,,,,,,,,,,,,,,,,
17087,,,,,,,,,,,,,,,,,,,,,,,
Stage-I, ,,,,,,,,,,,,,,,,,,,,,,
(41.4550394),,,,,,,,,,,,,,,,,,,,,,,
,State Level Seats,,,,,,,,,,,,,,,,,,,,,,
,EWS,,,,,,,,,,,,,,,,,,,,,,
18845,,,,,,,,,,,,,,,,,,,,,,,
Stage-I, ,,,,,,,,,,,,,,,,,,,,,,
(34.5198145),,,,,,,,,,,,,,,,,,,,,,,
,Legends :, ,"Legends: G-General, L-Ladies, S-State Level Seats ,PWD - Persons with Disabilities,DEF - Defence,PWDR :PWD Common Reserved Seat",,,,,,,,,,,,,,,,,,,,
"DEFR :Defense Common Reserved Seat ,* Maharashtra State Seats - Cut Off Indicates State General Merit No. ; Figures in bracket Indicates Merit Score",,,,,,,,,,,,,,,,,,,,,,,
,Page 17 of 192,,,,,,,,,,,,,,,,,,,,,,
GOVERNMENT OF MAHARASHTRA,,,,,,,,,,,,,,,,,,,,,,,
,"Directorate of Technical Education, Maharashtra State, Mumbai.",,,,,,,,,,,,,,,,,,,,,,
,Cut Off List for Maharashtra & Minority Seats of CAP Round-III for Admission to the First Year Post Graduate Technical Course in Master of Computer Applications (MCA) for the Academic Year 2025-26,,,,,,,,,,,,,,,,,,,,,,
,"2129 - M.S. Bidve Engineering College, Latur",,,,,,,,,,,,,,,,,,,,,,
,0212924110 - Master in Computer Application,,,,,,,,,,,,,,,,,,,,,,
,Status :, ,Un-Aided,,,,,,,,,,,,,,,,,,,,
,Home University Seats,,,,,,,,,,,,,,,,,,,,,,
Home University Seats Allotted to Home University Candidates,,,,,,,,,,,,,,,,,,,,,,,
,GSTH,,,,,,,,,,,,,,,,,,,,,,
3274,,,,,,,,,,,,,,,,,,,,,,,
Stage-IV, ,,,,,,,,,,,,,,,,,,,,,,
(89.1966341),,,,,,,,,,,,,,,,,,,,,,,
,Other Than Home University Seats,,,,,,,,,,,,,,,,,,,,,,
Other Than Home University Seats Allotted to Other Than Home University Candidates,,,,,,,,,,,,,,,,,,,,,,,
,GSTO,,,,,,,,,,,,,,,,,,,,,,
10454,,,,,,,,,,,,,,,,,,,,,,,
Stage-IV, ,,,,,,,,,,,,,,,,,,,,,,
(67.3579428),,,,,,,,,,,,,,,,,,,,,,,
,Legends :, ,"Legends: G-General, L-Ladies, S-State Level Seats ,PWD - Persons with Disabilities,DEF - Defence,PWDR :PWD Common Reserved Seat",,,,,,,,,,,,,,,,,,,,
"DEFR :Defense Common Reserved Seat ,* Maharashtra State Seats - Cut Off Indicates State General Merit No. ; Figures in bracket Indicates Merit Score",,,,,,,,,,,,,,,,,,,,,,,
,Page 18 of 192,,,,,,,,,,,,,,,,,,,,,,
GOVERNMENT OF MAHARASHTRA,,,,,,,,,,,,,,,,,,,,,,,
,"Directorate of Technical Education, Maharashtra State, Mumbai.",,,,,,,,,,,,,,,,,,,,,,
,Cut Off List for Maharashtra & Minority Seats of CAP Round-III for Admission to the First Year Post Graduate Technical Course in Master of Computer Applications (MCA) for the Academic Year 2025-26,,,,,,,,,,,,,,,,,,,,,,
,"2259 - Shri Sai Institute of Management & Research, Aurangabad",,,,,,,,,,,,,,,,,,,,,,
,0225924110 - Master in Computer Application,,,,,,,,,,,,,,,,,,,,,,
,Status :, ,Un-Aided,,,,,,,,,,,,,,,,,,,,
,Home University Seats,,,,,,,,,,,,,,,,,,,,,,
Home University Seats Allotted to Home University Candidates,,,,,,,,,,,,,,,,,,,,,,,
,GOPENH, ,GSCH, ,GNTCH, ,GOBCH, ,GSEBCH, ,PWDOPENH,,,,,,,,,,,,
13534,25245,21735,,,,,,,,,,,,,,,,,,,,,
Stage-I, ,,,,,,,,,,,,,,,,,,,,,,
(56.5488095),(2.0301121),(21.0059952),,,,,,,,,,,,,,,,,,,,,
19081,19838,18995,13884,,,,,,,,,,,,,,,,,,,,
,Stage-IV, ,,,,,,,,,,,,,,,,,,,,,
(34.5198145),(29.9046039),(34.5198145),(56.5488095),,,,,,,,,,,,,,,,,,,,
13579,,,,,,,,,,,,,,,,,,,,,,,
,I-Non PWD / DEF, ,,,,,,,,,,,,,,,,,,,,,
(56.5488095),,,,,,,,,,,,,,,,,,,,,,,
,Home University Seats Allotted to Other Than Home University Candidates,,,,,,,,,,,,,,,,,,,,,,
,GOBCH,,,,,,,,,,,,,,,,,,,,,,
23962,,,,,,,,,,,,,,,,,,,,,,,
Stage-I, ,,,,,,,,,,,,,,,,,,,,,,
(9.7430286),,,,,,,,,,,,,,,,,,,,,,,
,Other Than Home University Seats,,,,,,,,,,,,,,,,,,,,,,
Other Than Home University Seats Allotted to Other Than Home University Candidates,,,,,,,,,,,,,,,,,,,,,,,
,GOPENO, ,GSCO, ,GOBCO,,,,,,,,,,,,,,,,,,
18035,23430,,,,,,,,,,,,,,,,,,,,,,
Stage-I, ,,,,,,,,,,,,,,,,,,,,,,
(39.3989669),(12.4750009),,,,,,,,,,,,,,,,,,,,,,
23991,,,,,,,,,,,,,,,,,,,,,,,
,Stage-IV, ,,,,,,,,,,,,,,,,,,,,,
(9.7430286),,,,,,,,,,,,,,,,,,,,,,,
,Other Than Home University Seats Allotted to Home University Candidates,,,,,,,,,,,,,,,,,,,,,,
,GSCO, ,GSTO, ,GSEBCO,,,,,,,,,,,,,,,,,,
23216,23431,23450,,,,,,,,,,,,,,,,,,,,,
Stage-IV, ,,,,,,,,,,,,,,,,,,,,,,
(13.5402134),(12.4750009),(12.4750009),,,,,,,,,,,,,,,,,,,,,
,Legends :, ,"Legends: G-General, L-Ladies, S-State Level Seats ,PWD - Persons with Disabilities,DEF - Defence,PWDR :PWD Common Reserved Seat",,,,,,,,,,,,,,,,,,,,
"DEFR :Defense Common Reserved Seat ,* Maharashtra State Seats - Cut Off Indicates State General Merit No. ; Figures in bracket Indicates Merit Score",,,,,,,,,,,,,,,,,,,,,,,
,Page 19 of 192,,,,,,,,,,,,,,,,,,,,,,
GOVERNMENT OF MAHARASHTRA,,,,,,,,,,,,,,,,,,,,,,,
,"Directorate of Technical Education, Maharashtra State, Mumbai.",,,,,,,,,,,,,,,,,,,,,,
,Cut Off List for Maharashtra & Minority Seats of CAP Round-III for Admission to the First Year Post Graduate Technical Course in Master of Computer Applications (MCA) for the Academic Year 2025-26,,,,,,,,,,,,,,,,,,,,,,
,"2259 - Shri Sai Institute of Management & Research, Aurangabad",,,,,,,,,,,,,,,,,,,,,,
,0225924110 - Master in Computer Application,,,,,,,,,,,,,,,,,,,,,,
,Status :, ,Un-Aided,,,,,,,,,,,,,,,,,,,,
,State Level Seats,,,,,,,,,,,,,,,,,,,,,,
,TFWS,,,,,,,,,,,,,,,,,,,,,,
16057,,,,,,,,,,,,,,,,,,,,,,,
Stage-I, ,,,,,,,,,,,,,,,,,,,,,,
(46.3793819),,,,,,,,,,,,,,,,,,,,,,,
,Legends :, ,"Legends: G-General, L-Ladies, S-State Level Seats ,PWD - Persons with Disabilities,DEF - Defence,PWDR :PWD Common Reserved Seat",,,,,,,,,,,,,,,,,,,,
"DEFR :Defense Common Reserved Seat ,* Maharashtra State Seats - Cut Off Indicates State General Merit No. ; Figures in bracket Indicates Merit Score",,,,,,,,,,,,,,,,,,,,,,,
,Page 20 of 192,,,,,,,,,,,,,,,,,,,,,,
GOVERNMENT OF MAHARASHTRA,,,,,,,,,,,,,,,,,,,,,,,
,"Directorate of Technical Education, Maharashtra State, Mumbai.",,,,,,,,,,,,,,,,,,,,,,
,Cut Off List for Maharashtra & Minority Seats of CAP Round-III for Admission to the First Year Post Graduate Technical Course in Master of Computer Applications (MCA) for the Academic Year 2025-26,,,,,,,,,,,,,,,,,,,,,,
,2508 - GRAMIN TECHNICAL AND MANAGEMENT CAMPUS NANDED.,,,,,,,,,,,,,,,,,,,,,,
,0250824110 - Master in Computer Application,,,,,,,,,,,,,,,,,,,,,,
,Status :, ,Un-Aided,,,,,,,,,,,,,,,,,,,,
,Home University Seats,,,,,,,,,,,,,,,,,,,,,,
Home University Seats Allotted to Home University Candidates,,,,,,,,,,,,,,,,,,,,,,,
,GOPENH, ,GSCH, ,GNTCH, ,GOBCH,,,,,,,,,,,,,,,,
10837,24473,16842,,,,,,,,,,,,,,,,,,,,,
Stage-I, ,,,,,,,,,,,,,,,,,,,,,,
(65.8578922),(7.4072677),(44.5345198),,,,,,,,,,,,,,,,,,,,,
18427,21259,,,,,,,,,,,,,,,,,,,,,,
,Stage-IV, ,,,,,,,,,,,,,,,,,,,,,
(36.496736),(23.1010151),,,,,,,,,,,,,,,,,,,,,,
,Other Than Home University Seats Allotted to Home University Candidates,,,,,,,,,,,,,,,,,,,,,,
,GOPENO, ,GNTAO, ,GOBCO,,,,,,,,,,,,,,,,,,
19581,,,,,,,,,,,,,,,,,,,,,,,
Stage-I, ,,,,,,,,,,,,,,,,,,,,,,
(31.6629561),,,,,,,,,,,,,,,,,,,,,,,
21264,22477,,,,,,,,,,,,,,,,,,,,,,
,Stage-IV, ,,,,,,,,,,,,,,,,,,,,,
(23.1010151),(16.9789978),,,,,,,,,,,,,,,,,,,,,,
,State Level Seats,,,,,,,,,,,,,,,,,,,,,,
,EWS, ,TFWS,,,,,,,,,,,,,,,,,,,,
23752,8942,,,,,,,,,,,,,,,,,,,,,,
Stage-I, ,,,,,,,,,,,,,,,,,,,,,,
(10.5199653),(73.5368477),,,,,,,,,,,,,,,,,,,,,,
,Legends :, ,"Legends: G-General, L-Ladies, S-State Level Seats ,PWD - Persons with Disabilities,DEF - Defence,PWDR :PWD Common Reserved Seat",,,,,,,,,,,,,,,,,,,,
"DEFR :Defense Common Reserved Seat ,* Maharashtra State Seats - Cut Off Indicates State General Merit No. ; Figures in bracket Indicates Merit Score",,,,,,,,,,,,,,,,,,,,,,,
,Page 21 of 192,,,,,,,,,,,,,,,,,,,,,,
GOVERNMENT OF MAHARASHTRA,,,,,,,,,,,,,,,,,,,,,,,
,"Directorate of Technical Education, Maharashtra State, Mumbai.",,,,,,,,,,,,,,,,,,,,,,
,Cut Off List for Maharashtra & Minority Seats of CAP Round-III for Admission to the First Year Post Graduate Technical Course in Master of Computer Applications (MCA) for the Academic Year 2025-26,,,,,,,,,,,,,,,,,,,,,,
,"2519 - Shri V. D. Deshmukh College of MCA, Kolpa Dist. Latur",,,,,,,,,,,,,,,,,,,,,,
,0251924110 - Master in Computer Application,,,,,,,,,,,,,,,,,,,,,,
,Status :, ,Un-Aided,,,,,,,,,,,,,,,,,,,,
,Home University Seats,,,,,,,,,,,,,,,,,,,,,,
Home University Seats Allotted to Home University Candidates,,,,,,,,,,,,,,,,,,,,,,,
,GOPENH, ,GSCH, ,GNTAH, ,GOBCH, ,GSEBCH,,,,,,,,,,,,,,
6604,13589,13064,14687,12204,,,,,,,,,,,,,,,,,,,
Stage-I, ,,,,,,,,,,,,,,,,,,,,,,
(79.9969812),(56.5488095),(58.7911466),(51.4093808),(61.2807064),,,,,,,,,,,,,,,,,,,
,Other Than Home University Seats,,,,,,,,,,,,,,,,,,,,,,
Other Than Home University Seats Allotted to Other Than Home University Candidates,,,,,,,,,,,,,,,,,,,,,,,
,GOPENO, ,GSCO,,,,,,,,,,,,,,,,,,,,
21753,24110,,,,,,,,,,,,,,,,,,,,,,
Stage-I, ,,,,,,,,,,,,,,,,,,,,,,
(21.0059952),(9.7430286),,,,,,,,,,,,,,,,,,,,,,
,Other Than Home University Seats Allotted to Home University Candidates,,,,,,,,,,,,,,,,,,,,,,
,GSCO, ,GOBCO, ,GSEBCO,,,,,,,,,,,,,,,,,,
14586,17673,16708,,,,,,,,,,,,,,,,,,,,,
Stage-I, ,,,,,,,,,,,,,,,,,,,,,,
(53.942159),(39.3989669),(44.5345198),,,,,,,,,,,,,,,,,,,,,
,State Level Seats,,,,,,,,,,,,,,,,,,,,,,
,EWS, ,TFWS,,,,,,,,,,,,,,,,,,,,
5334,3473,,,,,,,,,,,,,,,,,,,,,,
Stage-I, ,,,,,,,,,,,,,,,,,,,,,,
(82.9644433),(89.1966341),,,,,,,,,,,,,,,,,,,,,,
,Legends :, ,"Legends: G-General, L-Ladies, S-State Level Seats ,PWD - Persons with Disabilities,DEF - Defence,PWDR :PWD Common Reserved Seat",,,,,,,,,,,,,,,,,,,,
"DEFR :Defense Common Reserved Seat ,* Maharashtra State Seats - Cut Off Indicates State General Merit No. ; Figures in bracket Indicates Merit Score",,,,,,,,,,,,,,,,,,,,,,,
,Page 22 of 192,,,,,,,,,,,,,,,,,,,,,,
GOVERNMENT OF MAHARASHTRA,,,,,,,,,,,,,,,,,,,,,,,
,"Directorate of Technical Education, Maharashtra State, Mumbai.",,,,,,,,,,,,,,,,,,,,,,
,Cut Off List for Maharashtra & Minority Seats of CAP Round-III for Admission to the First Year Post Graduate Technical Course in Master of Computer Applications (MCA) for the Academic Year 2025-26,,,,,,,,,,,,,,,,,,,,,,
,"2569 - Suraj Institute of Management, Beed",,,,,,,,,,,,,,,,,,,,,,
,0256924110 - Master in Computer Application,,,,,,,,,,,,,,,,,,,,,,
,Status :, ,Un-Aided,,,,,,,,,,,,,,,,,,,,
,Home University Seats,,,,,,,,,,,,,,,,,,,,,,
Home University Seats Allotted to Home University Candidates,,,,,,,,,,,,,,,,,,,,,,,
,GOPENH,,,,,,,,,,,,,,,,,,,,,,
24289,,,,,,,,,,,,,,,,,,,,,,,
Stage-I, ,,,,,,,,,,,,,,,,,,,,,,
(7.9446476),,,,,,,,,,,,,,,,,,,,,,,
,Other Than Home University Seats,,,,,,,,,,,,,,,,,,,,,,
Other Than Home University Seats Allotted to Other Than Home University Candidates,,,,,,,,,,,,,,,,,,,,,,,
,GSCO, ,GNTAO, ,GNTBO, ,GNTCO,,,,,,,,,,,,,,,,
8686,18919,24384,,,,,,,,,,,,,,,,,,,,,
Stage-IV, ,,,,,,,,,,,,,,,,,,,,,,
(73.5368477),(34.5198145),(7.4072677),,,,,,,,,,,,,,,,,,,,,
22962,,,,,,,,,,,,,,,,,,,,,,,
,Stage-I, ,,,,,,,,,,,,,,,,,,,,,
(15.5994113),,,,,,,,,,,,,,,,,,,,,,,
,Other Than Home University Seats Allotted to Home University Candidates,,,,,,,,,,,,,,,,,,,,,,
,GSCO,,,,,,,,,,,,,,,,,,,,,,
25202,,,,,,,,,,,,,,,,,,,,,,,
Stage-I, ,,,,,,,,,,,,,,,,,,,,,,
(2.0662871),,,,,,,,,,,,,,,,,,,,,,,
,Legends :, ,"Legends: G-General, L-Ladies, S-State Level Seats ,PWD - Persons with Disabilities,DEF - Defence,PWDR :PWD Common Reserved Seat",,,,,,,,,,,,,,,,,,,,
"DEFR :Defense Common Reserved Seat ,* Maharashtra State Seats - Cut Off Indicates State General Merit No. ; Figures in bracket Indicates Merit Score",,,,,,,,,,,,,,,,,,,,,,,
,Page 23 of 192,,,,,,,,,,,,,,,,,,,,,,
GOVERNMENT OF MAHARASHTRA,,,,,,,,,,,,,,,,,,,,,,,
,"Directorate of Technical Education, Maharashtra State, Mumbai.",,,,,,,,,,,,,,,,,,,,,,
,Cut Off List for Maharashtra & Minority Seats of CAP Round-III for Admission to the First Year Post Graduate Technical Course in Master of Computer Applications (MCA) for the Academic Year 2025-26,,,,,,,,,,,,,,,,,,,,,,
,"2621 - MDA EDUCATION AND RESEARCH INSTITUTE, KOLPA, LATUR",,,,,,,,,,,,,,,,,,,,,,
,0262124110 - Master in Computer Application,,,,,,,,,,,,,,,,,,,,,,
,Status :, ,Un-Aided,,,,,,,,,,,,,,,,,,,,
,Home University Seats,,,,,,,,,,,,,,,,,,,,,,
Home University Seats Allotted to Home University Candidates,,,,,,,,,,,,,,,,,,,,,,,
,GOPENH, ,GSCH, ,GSTH, ,GNTAH, ,GNTDH, ,GOBCH, ,PWDOPENH,,,,,,,,,,
4847,24813,18128,21961,24633,,,,,,,,,,,,,,,,,,,
Stage-I, ,,,,,,,,,,,,,,,,,,,,,,
(85.2118788),(4.302251),(39.3989669),(21.0059952),(5.5960152),,,,,,,,,,,,,,,,,,,
11691,12313,,,,,,,,,,,,,,,,,,,,,,
,Stage-IV, ,,,,,,,,,,,,,,,,,,,,,
(63.1574978),(61.2807064),,,,,,,,,,,,,,,,,,,,,,
8431,,,,,,,,,,,,,,,,,,,,,,,
,I-Non PWD / DEF, ,,,,,,,,,,,,,,,,,,,,,
(74.782248),,,,,,,,,,,,,,,,,,,,,,,
,Other Than Home University Seats,,,,,,,,,,,,,,,,,,,,,,
Other Than Home University Seats Allotted to Other Than Home University Candidates,,,,,,,,,,,,,,,,,,,,,,,
,GOPENO,,,,,,,,,,,,,,,,,,,,,,
23529,,,,,,,,,,,,,,,,,,,,,,,
Stage-I, ,,,,,,,,,,,,,,,,,,,,,,
(12.4750009),,,,,,,,,,,,,,,,,,,,,,,
,Other Than Home University Seats Allotted to Home University Candidates,,,,,,,,,,,,,,,,,,,,,,
,GOPENO, ,GSTO, ,GOBCO,,,,,,,,,,,,,,,,,,
12951,24706,,,,,,,,,,,,,,,,,,,,,,
Stage-I, ,,,,,,,,,,,,,,,,,,,,,,
(58.7911466),(5.5960152),,,,,,,,,,,,,,,,,,,,,,
12984,,,,,,,,,,,,,,,,,,,,,,,
,Stage-IV, ,,,,,,,,,,,,,,,,,,,,,
(58.7911466),,,,,,,,,,,,,,,,,,,,,,,
,State Level Seats,,,,,,,,,,,,,,,,,,,,,,
,EWS,,,,,,,,,,,,,,,,,,,,,,
8591,,,,,,,,,,,,,,,,,,,,,,,
Stage-I, ,,,,,,,,,,,,,,,,,,,,,,
(73.5368477),,,,,,,,,,,,,,,,,,,,,,,
,Legends :, ,"Legends: G-General, L-Ladies, S-State Level Seats ,PWD - Persons with Disabilities,DEF - Defence,PWDR :PWD Common Reserved Seat",,,,,,,,,,,,,,,,,,,,
"DEFR :Defense Common Reserved Seat ,* Maharashtra State Seats - Cut Off Indicates State General Merit No. ; Figures in bracket Indicates Merit Score",,,,,,,,,,,,,,,,,,,,,,,
,Page 24 of 192,,,,,,,,,,,,,,,,,,,,,,
GOVERNMENT OF MAHARASHTRA,,,,,,,,,,,,,,,,,,,,,,,
,"Directorate of Technical Education, Maharashtra State, Mumbai.",,,,,,,,,,,,,,,,,,,,,,
,Cut Off List for Maharashtra & Minority Seats of CAP Round-III for Admission to the First Year Post Graduate Technical Course in Master of Computer Applications (MCA) for the Academic Year 2025-26,,,,,,,,,,,,,,,,,,,,,,
,"2622 - Jay Bhavani Institute of Management, Badnapur, Jalna",,,,,,,,,,,,,,,,,,,,,,
,0262224110 - Master in Computer Application,,,,,,,,,,,,,,,,,,,,,,
,Status :, ,Un-Aided,,,,,,,,,,,,,,,,,,,,
,Home University Seats,,,,,,,,,,,,,,,,,,,,,,
Home University Seats Allotted to Home University Candidates,,,,,,,,,,,,,,,,,,,,,,,
,GOPENH, ,GSCH, ,GOBCH, ,GSEBCH,,,,,,,,,,,,,,,,
10737,17793,,,,,,,,,,,,,,,,,,,,,,
Stage-I, ,,,,,,,,,,,,,,,,,,,,,,
(67.3579428),(39.3989669),,,,,,,,,,,,,,,,,,,,,,
12734,13377,,,,,,,,,,,,,,,,,,,,,,
,Stage-IV, ,,,,,,,,,,,,,,,,,,,,,
(58.7911466),(56.5488095),,,,,,,,,,,,,,,,,,,,,,
,Other Than Home University Seats,,,,,,,,,,,,,,,,,,,,,,
Other Than Home University Seats Allotted to Other Than Home University Candidates,,,,,,,,,,,,,,,,,,,,,,,
,GSCO,,,,,,,,,,,,,,,,,,,,,,
21236,,,,,,,,,,,,,,,,,,,,,,,
Stage-IV, ,,,,,,,,,,,,,,,,,,,,,,
(25.4779232),,,,,,,,,,,,,,,,,,,,,,,
,Other Than Home University Seats Allotted to Home University Candidates,,,,,,,,,,,,,,,,,,,,,,
,GOBCO,,,,,,,,,,,,,,,,,,,,,,
22787,,,,,,,,,,,,,,,,,,,,,,,
Stage-I, ,,,,,,,,,,,,,,,,,,,,,,
(16.9789978),,,,,,,,,,,,,,,,,,,,,,,
,Legends :, ,"Legends: G-General, L-Ladies, S-State Level Seats ,PWD - Persons with Disabilities,DEF - Defence,PWDR :PWD Common Reserved Seat",,,,,,,,,,,,,,,,,,,,
"DEFR :Defense Common Reserved Seat ,* Maharashtra State Seats - Cut Off Indicates State General Merit No. ; Figures in bracket Indicates Merit Score",,,,,,,,,,,,,,,,,,,,,,,
,Page 25 of 192,,,,,,,,,,,,,,,,,,,,,,
GOVERNMENT OF MAHARASHTRA,,,,,,,,,,,,,,,,,,,,,,,
,"Directorate of Technical Education, Maharashtra State, Mumbai.",,,,,,,,,,,,,,,,,,,,,,
,Cut Off List for Maharashtra & Minority Seats of CAP Round-III for Admission to the First Year Post Graduate Technical Course in Master of Computer Applications (MCA) for the Academic Year 2025-26,,,,,,,,,,,,,,,,,,,,,,
,"2633 - Yashodeep Institute of Computer Application, MCA",,,,,,,,,,,,,,,,,,,,,,
,0263324110 - Master in Computer Application,,,,,,,,,,,,,,,,,,,,,,
,Status :, ,Un-Aided,,,,,,,,,,,,,,,,,,,,
,Home University Seats,,,,,,,,,,,,,,,,,,,,,,
Home University Seats Allotted to Home University Candidates,,,,,,,,,,,,,,,,,,,,,,,
,GOPENH, ,GSCH, ,GSTH, ,GNTBH, ,GOBCH, ,GSEBCH,,,,,,,,,,,,
14670,21160,20992,,,,,,,,,,,,,,,,,,,,,
Stage-I, ,,,,,,,,,,,,,,,,,,,,,,
(51.4093808),(25.4779232),(25.4779232),,,,,,,,,,,,,,,,,,,,,
19698,16699,17101,18299,,,,,,,,,,,,,,,,,,,,
,Stage-IV, ,,,,,,,,,,,,,,,,,,,,,
(31.6629561),(44.5345198),(41.4550394),(36.496736),,,,,,,,,,,,,,,,,,,,
,Other Than Home University Seats,,,,,,,,,,,,,,,,,,,,,,
Other Than Home University Seats Allotted to Other Than Home University Candidates,,,,,,,,,,,,,,,,,,,,,,,
,GOPENO,,,,,,,,,,,,,,,,,,,,,,
25266,,,,,,,,,,,,,,,,,,,,,,,
Stage-I, ,,,,,,,,,,,,,,,,,,,,,,
(2.0301121),,,,,,,,,,,,,,,,,,,,,,,
,Other Than Home University Seats Allotted to Home University Candidates,,,,,,,,,,,,,,,,,,,,,,
,GOPENO, ,GSCO, ,GSTO, ,GNTAO, ,GNTBO, ,GNTCO, ,GNTDO, ,GOBCO, ,GSEBCO,,,,,,
18969,25343,,,,,,,,,,,,,,,,,,,,,,
Stage-I, ,,,,,,,,,,,,,,,,,,,,,,
(34.5198145),(1.3498737),,,,,,,,,,,,,,,,,,,,,,
23974,23136,20070,20092,23687,22098,22720,22592,,,,,,,,,,,,,,,,
,Stage-IV, ,,,,,,,,,,,,,,,,,,,,,
(9.7430286),(13.5402134),(29.9046039),(29.9046039),(10.5199653),(19.1539942),(16.9789978),(16.9789978),,,,,,,,,,,,,,,,
,Legends :, ,"Legends: G-General, L-Ladies, S-State Level Seats ,PWD - Persons with Disabilities,DEF - Defence,PWDR :PWD Common Reserved Seat",,,,,,,,,,,,,,,,,,,,
"DEFR :Defense Common Reserved Seat ,* Maharashtra State Seats - Cut Off Indicates State General Merit No. ; Figures in bracket Indicates Merit Score",,,,,,,,,,,,,,,,,,,,,,,
,Page 26 of 192,,,,,,,,,,,,,,,,,,,,,,
GOVERNMENT OF MAHARASHTRA,,,,,,,,,,,,,,,,,,,,,,,
,"Directorate of Technical Education, Maharashtra State, Mumbai.",,,,,,,,,,,,,,,,,,,,,,
,Cut Off List for Maharashtra & Minority Seats of CAP Round-III for Admission to the First Year Post Graduate Technical Course in Master of Computer Applications (MCA) for the Academic Year 2025-26,,,,,,,,,,,,,,,,,,,,,,
,"2635 - Shri. Sambhaji College of Management & Technology, Degaon Road, Opp. Nadla Digras, Khadkut, Nanded",,,,,,,,,,,,,,,,,,,,,,
,0263524110 - Master in Computer Application,,,,,,,,,,,,,,,,,,,,,,
,Status :, ,Un-Aided,,,,,,,,,,,,,,,,,,,,
,Home University Seats,,,,,,,,,,,,,,,,,,,,,,
Home University Seats Allotted to Home University Candidates,,,,,,,,,,,,,,,,,,,,,,,
,GOPENH, ,GSCH, ,GSTH, ,GOBCH, ,PWDOPENH,,,,,,,,,,,,,,
10035,24549,25304,,,,,,,,,,,,,,,,,,,,,
Stage-I, ,,,,,,,,,,,,,,,,,,,,,,
(69.7143504),(5.9311489),(1.3622127),,,,,,,,,,,,,,,,,,,,,
17749,17858,,,,,,,,,,,,,,,,,,,,,,
,Stage-IV, ,,,,,,,,,,,,,,,,,,,,,
(39.3989669),(39.3989669),,,,,,,,,,,,,,,,,,,,,,
10230,,,,,,,,,,,,,,,,,,,,,,,
,I-Non PWD / DEF, ,,,,,,,,,,,,,,,,,,,,,
(67.3579428),,,,,,,,,,,,,,,,,,,,,,,
,Other Than Home University Seats Allotted to Home University Candidates,,,,,,,,,,,,,,,,,,,,,,
,GOPENO, ,GSCO, ,GNTBO, ,GOBCO, ,GSEBCO,,,,,,,,,,,,,,
17837,25160,20559,,,,,,,,,,,,,,,,,,,,,
Stage-I, ,,,,,,,,,,,,,,,,,,,,,,
(39.3989669),(2.8640429),(27.2744425),,,,,,,,,,,,,,,,,,,,,
18025,18060,,,,,,,,,,,,,,,,,,,,,,
,Stage-IV, ,,,,,,,,,,,,,,,,,,,,,
(39.3989669),(39.3989669),,,,,,,,,,,,,,,,,,,,,,
,State Level Seats,,,,,,,,,,,,,,,,,,,,,,
,EWS,,,,,,,,,,,,,,,,,,,,,,
23200,,,,,,,,,,,,,,,,,,,,,,,
Stage-I, ,,,,,,,,,,,,,,,,,,,,,,
(13.5402134),,,,,,,,,,,,,,,,,,,,,,,
,Legends :, ,"Legends: G-General, L-Ladies, S-State Level Seats ,PWD - Persons with Disabilities,DEF - Defence,PWDR :PWD Common Reserved Seat",,,,,,,,,,,,,,,,,,,,
"DEFR :Defense Common Reserved Seat ,* Maharashtra State Seats - Cut Off Indicates State General Merit No. ; Figures in bracket Indicates Merit Score",,,,,,,,,,,,,,,,,,,,,,,
,Page 27 of 192,,,,,,,,,,,,,,,,,,,,,,
GOVERNMENT OF MAHARASHTRA,,,,,,,,,,,,,,,,,,,,,,,
,"Directorate of Technical Education, Maharashtra State, Mumbai.",,,,,,,,,,,,,,,,,,,,,,
,Cut Off List for Maharashtra & Minority Seats of CAP Round-III for Admission to the First Year Post Graduate Technical Course in Master of Computer Applications (MCA) for the Academic Year 2025-26,,,,,,,,,,,,,,,,,,,,,,
,"2664 - Deogiri College, Chh. Sambhaji Nagar",,,,,,,,,,,,,,,,,,,,,,
,0266424110 - Master in Computer Application,,,,,,,,,,,,,,,,,,,,,,
,Status :, ,Un-Aided-Autonomous,,,,,,,,,,,,,,,,,,,,
,Home University Seats,,,,,,,,,,,,,,,,,,,,,,
Home University Seats Allotted to Home University Candidates,,,,,,,,,,,,,,,,,,,,,,,
,GOPENH, ,GSTH, ,GOBCH,,,,,,,,,,,,,,,,,,
6250,11481,,,,,,,,,,,,,,,,,,,,,,
Stage-I, ,,,,,,,,,,,,,,,,,,,,,,
(80.5399495),(63.1574978),,,,,,,,,,,,,,,,,,,,,,
6295,,,,,,,,,,,,,,,,,,,,,,,
,Stage-IV, ,,,,,,,,,,,,,,,,,,,,,
(80.5399495),,,,,,,,,,,,,,,,,,,,,,,
,Other Than Home University Seats,,,,,,,,,,,,,,,,,,,,,,
Other Than Home University Seats Allotted to Other Than Home University Candidates,,,,,,,,,,,,,,,,,,,,,,,
,GOPENO, ,GSTO, ,GOBCO,,,,,,,,,,,,,,,,,,
17700,20497,,,,,,,,,,,,,,,,,,,,,,
Stage-I, ,,,,,,,,,,,,,,,,,,,,,,
(39.3989669),(27.2744425),,,,,,,,,,,,,,,,,,,,,,
20775,,,,,,,,,,,,,,,,,,,,,,,
,Stage-IV, ,,,,,,,,,,,,,,,,,,,,,
(25.4779232),,,,,,,,,,,,,,,,,,,,,,,
,Other Than Home University Seats Allotted to Home University Candidates,,,,,,,,,,,,,,,,,,,,,,
,GSEBCO,,,,,,,,,,,,,,,,,,,,,,
13584,,,,,,,,,,,,,,,,,,,,,,,
Stage-I, ,,,,,,,,,,,,,,,,,,,,,,
(56.5488095),,,,,,,,,,,,,,,,,,,,,,,
,State Level Seats,,,,,,,,,,,,,,,,,,,,,,
,EWS,,,,,,,,,,,,,,,,,,,,,,
7703,,,,,,,,,,,,,,,,,,,,,,,
Stage-I, ,,,,,,,,,,,,,,,,,,,,,,
(76.9216256),,,,,,,,,,,,,,,,,,,,,,,
,Legends :, ,"Legends: G-General, L-Ladies, S-State Level Seats ,PWD - Persons with Disabilities,DEF - Defence,PWDR :PWD Common Reserved Seat",,,,,,,,,,,,,,,,,,,,
"DEFR :Defense Common Reserved Seat ,* Maharashtra State Seats - Cut Off Indicates State General Merit No. ; Figures in bracket Indicates Merit Score",,,,,,,,,,,,,,,,,,,,,,,
,Page 28 of 192,,,,,,,,,,,,,,,,,,,,,,
GOVERNMENT OF MAHARASHTRA,,,,,,,,,,,,,,,,,,,,,,,
,"Directorate of Technical Education, Maharashtra State, Mumbai.",,,,,,,,,,,,,,,,,,,,,,
,Cut Off List for Maharashtra & Minority Seats of CAP Round-III for Admission to the First Year Post Graduate Technical Course in Master of Computer Applications (MCA) for the Academic Year 2025-26,,,,,,,,,,,,,,,,,,,,,,
,"2665 - Royal Institute of Technical Education, Latur",,,,,,,,,,,,,,,,,,,,,,
,0266524110 - Master in Computer Application,,,,,,,,,,,,,,,,,,,,,,
,Status :, ,Un-Aided,,,,,,,,,,,,,,,,,,,,
,Home University Seats,,,,,,,,,,,,,,,,,,,,,,
Home University Seats Allotted to Home University Candidates,,,,,,,,,,,,,,,,,,,,,,,
,GOPENH, ,GSTH, ,GOBCH, ,PWDOPENH,,,,,,,,,,,,,,,,
9337,12812,,,,,,,,,,,,,,,,,,,,,,
Stage-I, ,,,,,,,,,,,,,,,,,,,,,,
(71.1549338),(58.7911466),,,,,,,,,,,,,,,,,,,,,,
12273,,,,,,,,,,,,,,,,,,,,,,,
,Stage-IV, ,,,,,,,,,,,,,,,,,,,,,
(61.2807064),,,,,,,,,,,,,,,,,,,,,,,
11872,,,,,,,,,,,,,,,,,,,,,,,
,I-Non PWD / DEF, ,,,,,,,,,,,,,,,,,,,,,
(63.1574978),,,,,,,,,,,,,,,,,,,,,,,
,Other Than Home University Seats Allotted to Home University Candidates,,,,,,,,,,,,,,,,,,,,,,
,GOBCO,,,,,,,,,,,,,,,,,,,,,,
14628,,,,,,,,,,,,,,,,,,,,,,,
Stage-I, ,,,,,,,,,,,,,,,,,,,,,,
(51.4093808),,,,,,,,,,,,,,,,,,,,,,,
,Legends :, ,"Legends: G-General, L-Ladies, S-State Level Seats ,PWD - Persons with Disabilities,DEF - Defence,PWDR :PWD Common Reserved Seat",,,,,,,,,,,,,,,,,,,,
"DEFR :Defense Common Reserved Seat ,* Maharashtra State Seats - Cut Off Indicates State General Merit No. ; Figures in bracket Indicates Merit Score",,,,,,,,,,,,,,,,,,,,,,,
,Page 29 of 192,,,,,,,,,,,,,,,,,,,,,,
GOVERNMENT OF MAHARASHTRA,,,,,,,,,,,,,,,,,,,,,,,
,"Directorate of Technical Education, Maharashtra State, Mumbai.",,,,,,,,,,,,,,,,,,,,,,
,Cut Off List for Maharashtra & Minority Seats of CAP Round-III for Admission to the First Year Post Graduate Technical Course in Master of Computer Applications (MCA) for the Academic Year 2025-26,,,,,,,,,,,,,,,,,,,,,,
,2667 - DAYANAND COLLEGE OF COMMERCE LATUR,,,,,,,,,,,,,,,,,,,,,,
,0266724270U - Master of Computer Applications,,,,,,,,,,,,,,,,,,,,,,
,Status :, ,Un-Aided,,,,,,,,,,,,,,,,,,,,
,Home University Seats,,,,,,,,,,,,,,,,,,,,,,
Home University Seats Allotted to Home University Candidates,,,,,,,,,,,,,,,,,,,,,,,
,GOPENH, ,GSTH, ,GNTCH, ,GOBCH,,,,,,,,,,,,,,,,
3603,15958,21649,,,,,,,,,,,,,,,,,,,,,
Stage-I, ,,,,,,,,,,,,,,,,,,,,,,
(89.1331398),(46.3793819),(23.1010151),,,,,,,,,,,,,,,,,,,,,
8699,,,,,,,,,,,,,,,,,,,,,,,
,Stage-IV, ,,,,,,,,,,,,,,,,,,,,,
(73.5368477),,,,,,,,,,,,,,,,,,,,,,,
,Other Than Home University Seats,,,,,,,,,,,,,,,,,,,,,,
Other Than Home University Seats Allotted to Other Than Home University Candidates,,,,,,,,,,,,,,,,,,,,,,,
,GOPENO,,,,,,,,,,,,,,,,,,,,,,
14629,,,,,,,,,,,,,,,,,,,,,,,
Stage-I, ,,,,,,,,,,,,,,,,,,,,,,
(51.4093808),,,,,,,,,,,,,,,,,,,,,,,
,Other Than Home University Seats Allotted to Home University Candidates,,,,,,,,,,,,,,,,,,,,,,
,GNTCO,,,,,,,,,,,,,,,,,,,,,,
17024,,,,,,,,,,,,,,,,,,,,,,,
Stage-I, ,,,,,,,,,,,,,,,,,,,,,,
(44.5345198),,,,,,,,,,,,,,,,,,,,,,,
,Legends :, ,"Legends: G-General, L-Ladies, S-State Level Seats ,PWD - Persons with Disabilities,DEF - Defence,PWDR :PWD Common Reserved Seat",,,,,,,,,,,,,,,,,,,,
"DEFR :Defense Common Reserved Seat ,* Maharashtra State Seats - Cut Off Indicates State General Merit No. ; Figures in bracket Indicates Merit Score",,,,,,,,,,,,,,,,,,,,,,,
,Page 30 of 192,,,,,,,,,,,,,,,,,,,,,,
GOVERNMENT OF MAHARASHTRA,,,,,,,,,,,,,,,,,,,,,,,
,"Directorate of Technical Education, Maharashtra State, Mumbai.",,,,,,,,,,,,,,,,,,,,,,
,Cut Off List for Maharashtra & Minority Seats of CAP Round-III for Admission to the First Year Post Graduate Technical Course in Master of Computer Applications (MCA) for the Academic Year 2025-26,,,,,,,,,,,,,,,,,,,,,,
,2672 - ARTS SCIENCE AND COMMERCE COLLEGE,,,,,,,,,,,,,,,,,,,,,,
,0267224170U - Master in Computer Application,,,,,,,,,,,,,,,,,,,,,,
,Status :, ,Un-Aided,,,,,,,,,,,,,,,,,,,,
,Home University Seats,,,,,,,,,,,,,,,,,,,,,,
Home University Seats Allotted to Home University Candidates,,,,,,,,,,,,,,,,,,,,,,,
,GOPENH, ,GSCH, ,GNTBH, ,GOBCH, ,GSEBCH,,,,,,,,,,,,,,
3252,19513,17401,18483,,,,,,,,,,,,,,,,,,,,
Stage-I, ,,,,,,,,,,,,,,,,,,,,,,
(89.1966341),(31.6629561),(41.4550394),(36.496736),,,,,,,,,,,,,,,,,,,,
4648,17118,19410,16209,,,,,,,,,,,,,,,,,,,,
,Stage-IV, ,,,,,,,,,,,,,,,,,,,,,
(85.3851665),(41.4550394),(31.6629561),(46.3793819),,,,,,,,,,,,,,,,,,,,
,Other Than Home University Seats,,,,,,,,,,,,,,,,,,,,,,
Other Than Home University Seats Allotted to Other Than Home University Candidates,,,,,,,,,,,,,,,,,,,,,,,
,GOPENO,,,,,,,,,,,,,,,,,,,,,,
23192,,,,,,,,,,,,,,,,,,,,,,,
Stage-I, ,,,,,,,,,,,,,,,,,,,,,,
(13.5402134),,,,,,,,,,,,,,,,,,,,,,,
,Other Than Home University Seats Allotted to Home University Candidates,,,,,,,,,,,,,,,,,,,,,,
,GSCO, ,GOBCO,,,,,,,,,,,,,,,,,,,,
19883,19746,,,,,,,,,,,,,,,,,,,,,,
Stage-IV, ,,,,,,,,,,,,,,,,,,,,,,
(29.9046039),(31.6629561),,,,,,,,,,,,,,,,,,,,,,
,State Level Seats,,,,,,,,,,,,,,,,,,,,,,
,EWS,,,,,,,,,,,,,,,,,,,,,,
18908,,,,,,,,,,,,,,,,,,,,,,,
Stage-I, ,,,,,,,,,,,,,,,,,,,,,,
(34.5198145),,,,,,,,,,,,,,,,,,,,,,,
,Legends :, ,"Legends: G-General, L-Ladies, S-State Level Seats ,PWD - Persons with Disabilities,DEF - Defence,PWDR :PWD Common Reserved Seat",,,,,,,,,,,,,,,,,,,,
"DEFR :Defense Common Reserved Seat ,* Maharashtra State Seats - Cut Off Indicates State General Merit No. ; Figures in bracket Indicates Merit Score",,,,,,,,,,,,,,,,,,,,,,,
,Page 31 of 192,,,,,,,,,,,,,,,,,,,,,,
GOVERNMENT OF MAHARASHTRA,,,,,,,,,,,,,,,,,,,,,,,
,"Directorate of Technical Education, Maharashtra State, Mumbai.",,,,,,,,,,,,,,,,,,,,,,
,Cut Off List for Maharashtra & Minority Seats of CAP Round-III for Admission to the First Year Post Graduate Technical Course in Master of Computer Applications (MCA) for the Academic Year 2025-26,,,,,,,,,,,,,,,,,,,,,,
,2674 - MAHARASHTRA MAHAVIDYALAYA NILANGA,,,,,,,,,,,,,,,,,,,,,,
,0267424270U - Master of Computer Applications,,,,,,,,,,,,,,,,,,,,,,
,Status :, ,Un-Aided,,,,,,,,,,,,,,,,,,,,
,Home University Seats,,,,,,,,,,,,,,,,,,,,,,
Home University Seats Allotted to Home University Candidates,,,,,,,,,,,,,,,,,,,,,,,
,GOPENH, ,GSTH, ,GNTDH, ,GOBCH, ,GSEBCH,,,,,,,,,,,,,,
8973,25335,24154,,,,,,,,,,,,,,,,,,,,,
Stage-I, ,,,,,,,,,,,,,,,,,,,,,,
(73.5368477),(1.3498737),(7.9446476),,,,,,,,,,,,,,,,,,,,,
16315,16574,15089,,,,,,,,,,,,,,,,,,,,,
,Stage-IV, ,,,,,,,,,,,,,,,,,,,,,
(46.3793819),(44.5345198),(51.4093808),,,,,,,,,,,,,,,,,,,,,
,Other Than Home University Seats Allotted to Home University Candidates,,,,,,,,,,,,,,,,,,,,,,
,GOPENO, ,GSTO, ,GOBCO,,,,,,,,,,,,,,,,,,
15067,,,,,,,,,,,,,,,,,,,,,,,
Stage-I, ,,,,,,,,,,,,,,,,,,,,,,
(51.4093808),,,,,,,,,,,,,,,,,,,,,,,
16636,17068,,,,,,,,,,,,,,,,,,,,,,
,Stage-IV, ,,,,,,,,,,,,,,,,,,,,,
(44.5345198),(41.4550394),,,,,,,,,,,,,,,,,,,,,,
,Legends :, ,"Legends: G-General, L-Ladies, S-State Level Seats ,PWD - Persons with Disabilities,DEF - Defence,PWDR :PWD Common Reserved Seat",,,,,,,,,,,,,,,,,,,,
"DEFR :Defense Common Reserved Seat ,* Maharashtra State Seats - Cut Off Indicates State General Merit No. ; Figures in bracket Indicates Merit Score",,,,,,,,,,,,,,,,,,,,,,,
,Page 32 of 192,,,,,,,,,,,,,,,,,,,,,,
GOVERNMENT OF MAHARASHTRA,,,,,,,,,,,,,,,,,,,,,,,
,"Directorate of Technical Education, Maharashtra State, Mumbai.",,,,,,,,,,,,,,,,,,,,,,
,Cut Off List for Maharashtra & Minority Seats of CAP Round-III for Admission to the First Year Post Graduate Technical Course in Master of Computer Applications (MCA) for the Academic Year 2025-26,,,,,,,,,,,,,,,,,,,,,,
,2694 - JAY BHARAT COLLEGE OF MCA DAPKA TQ.NILANGA DIST LATUR,,,,,,,,,,,,,,,,,,,,,,
,0269424210 - Master of Computer Applications,,,,,,,,,,,,,,,,,,,,,,
,Status :, ,Un-Aided,,,,,,,,,,,,,,,,,,,,
,Home University Seats,,,,,,,,,,,,,,,,,,,,,,
Home University Seats Allotted to Home University Candidates,,,,,,,,,,,,,,,,,,,,,,,
,GOPENH, ,GSCH, ,GSTH, ,GOBCH, ,GSEBCH,,,,,,,,,,,,,,
15433,19869,,,,,,,,,,,,,,,,,,,,,,
Stage-I, ,,,,,,,,,,,,,,,,,,,,,,
(49.3533426),(29.9046039),,,,,,,,,,,,,,,,,,,,,,
17282,15435,16845,,,,,,,,,,,,,,,,,,,,,
,Stage-IV, ,,,,,,,,,,,,,,,,,,,,,
(41.4550394),(49.3533426),(44.5345198),,,,,,,,,,,,,,,,,,,,,
,Other Than Home University Seats Allotted to Home University Candidates,,,,,,,,,,,,,,,,,,,,,,
,GOPENO, ,GSCO, ,GNTDO, ,GSEBCO,,,,,,,,,,,,,,,,
17712,,,,,,,,,,,,,,,,,,,,,,,
Stage-I, ,,,,,,,,,,,,,,,,,,,,,,
(39.3989669),,,,,,,,,,,,,,,,,,,,,,,
18017,18072,18543,,,,,,,,,,,,,,,,,,,,,
,Stage-IV, ,,,,,,,,,,,,,,,,,,,,,
(39.3989669),(39.3989669),(36.496736),,,,,,,,,,,,,,,,,,,,,
,State Level Seats,,,,,,,,,,,,,,,,,,,,,,
,EWS, ,TFWS,,,,,,,,,,,,,,,,,,,,
21958,602,,,,,,,,,,,,,,,,,,,,,,
Stage-I, ,,,,,,,,,,,,,,,,,,,,,,
(21.0059952),(97.8055126),,,,,,,,,,,,,,,,,,,,,,
,Legends :, ,"Legends: G-General, L-Ladies, S-State Level Seats ,PWD - Persons with Disabilities,DEF - Defence,PWDR :PWD Common Reserved Seat",,,,,,,,,,,,,,,,,,,,
"DEFR :Defense Common Reserved Seat ,* Maharashtra State Seats - Cut Off Indicates State General Merit No. ; Figures in bracket Indicates Merit Score",,,,,,,,,,,,,,,,,,,,,,,
,Page 33 of 192,,,,,,,,,,,,,,,,,,,,,,
GOVERNMENT OF MAHARASHTRA,,,,,,,,,,,,,,,,,,,,,,,
,"Directorate of Technical Education, Maharashtra State, Mumbai.",,,,,,,,,,,,,,,,,,,,,,
,Cut Off List for Maharashtra & Minority Seats of CAP Round-III for Admission to the First Year Post Graduate Technical Course in Master of Computer Applications (MCA) for the Academic Year 2025-26,,,,,,,,,,,,,,,,,,,,,,
,"2695 - MARATHWADA INSTITUTE OF TECHNOLOGY CIDCO ,CHHATRAPATI SAMBHAJINAGAR",,,,,,,,,,,,,,,,,,,,,,
,0269524110 - Master in Computer Application,,,,,,,,,,,,,,,,,,,,,,
,Status :, ,Un-Aided,,,,,,,,,,,,,,,,,,,,
,Home University Seats,,,,,,,,,,,,,,,,,,,,,,
Home University Seats Allotted to Home University Candidates,,,,,,,,,,,,,,,,,,,,,,,
,GOPENH, ,GSCH, ,GSTH, ,GNTDH, ,GOBCH, ,GSEBCH, ,PWDOPENH,,,,,,,,,,
16889,24784,19280,,,,,,,,,,,,,,,,,,,,,
Stage-I, ,,,,,,,,,,,,,,,,,,,,,,
(44.5345198),(4.302251),(34.5198145),,,,,,,,,,,,,,,,,,,,,
22622,22426,22390,22466,,,,,,,,,,,,,,,,,,,,
,Stage-IV, ,,,,,,,,,,,,,,,,,,,,,
(16.9789978),(19.1539942),(19.1539942),(16.9789978),,,,,,,,,,,,,,,,,,,,
16900,,,,,,,,,,,,,,,,,,,,,,,
,I-Non PWD / DEF, ,,,,,,,,,,,,,,,,,,,,,
(44.5345198),,,,,,,,,,,,,,,,,,,,,,,
,Other Than Home University Seats,,,,,,,,,,,,,,,,,,,,,,
Other Than Home University Seats Allotted to Other Than Home University Candidates,,,,,,,,,,,,,,,,,,,,,,,
,GOPENO, ,GSCO, ,GSEBCO,,,,,,,,,,,,,,,,,,
22443,24408,,,,,,,,,,,,,,,,,,,,,,
Stage-I, ,,,,,,,,,,,,,,,,,,,,,,
(19.1539942),(7.4072677),,,,,,,,,,,,,,,,,,,,,,
23169,,,,,,,,,,,,,,,,,,,,,,,
,Stage-IV, ,,,,,,,,,,,,,,,,,,,,,
(13.5402134),,,,,,,,,,,,,,,,,,,,,,,
,Other Than Home University Seats Allotted to Home University Candidates,,,,,,,,,,,,,,,,,,,,,,
,GNTBO, ,GOBCO,,,,,,,,,,,,,,,,,,,,
22838,22920,,,,,,,,,,,,,,,,,,,,,,
Stage-IV, ,,,,,,,,,,,,,,,,,,,,,,
(15.5994113),(15.5994113),,,,,,,,,,,,,,,,,,,,,,
,State Level Seats,,,,,,,,,,,,,,,,,,,,,,
,EWS, ,TFWS,,,,,,,,,,,,,,,,,,,,
7232,11459,,,,,,,,,,,,,,,,,,,,,,
Stage-I, ,,,,,,,,,,,,,,,,,,,,,,
(77.8251197),(63.1574978),,,,,,,,,,,,,,,,,,,,,,
,Legends :, ,"Legends: G-General, L-Ladies, S-State Level Seats ,PWD - Persons with Disabilities,DEF - Defence,PWDR :PWD Common Reserved Seat",,,,,,,,,,,,,,,,,,,,
"DEFR :Defense Common Reserved Seat ,* Maharashtra State Seats - Cut Off Indicates State General Merit No. ; Figures in bracket Indicates Merit Score",,,,,,,,,,,,,,,,,,,,,,,
,Page 34 of 192,,,,,,,,,,,,,,,,,,,,,,
GOVERNMENT OF MAHARASHTRA,,,,,,,,,,,,,,,,,,,,,,,
,"Directorate of Technical Education, Maharashtra State, Mumbai.",,,,,,,,,,,,,,,,,,,,,,
,Cut Off List for Maharashtra & Minority Seats of CAP Round-III for Admission to the First Year Post Graduate Technical Course in Master of Computer Applications (MCA) for the Academic Year 2025-26,,,,,,,,,,,,,,,,,,,,,,
,"3032 - S.N.D.T Women's University P.G.D. of Computer Science, Mumbai",,,,,,,,,,,,,,,,,,,,,,
,0303224150F - Master in Computer Application,,,,,,,,,,,,,,,,,,,,,,
,Status :, ,University Managed,,,,,,,,,,,,,,,,,,,,
,State Level Seats,,,,,,,,,,,,,,,,,,,,,,
,GOPENS, ,GSCS, ,GSTS, ,GNTAS, ,GNTBS, ,GNTCS, ,GNTDS, ,GOBCS, ,GSEBCS, ,TFWS,,,,
3658,11326,20641,10128,10983,783,,,,,,,,,,,,,,,,,,
Stage-I, ,,,,,,,,,,,,,,,,,,,,,,
(89.1331398),(65.8578922),(27.2744425),(69.7143504),(65.8578922),(97.0718086),,,,,,,,,,,,,,,,,,
3899,4087,4235,4391,4255,5141,,,,,,,,,,,,,,,,,,
,Stage-IV, ,,,,,,,,,,,,,,,,,,,,,
(87.3496474),(87.3496474),(87.2080299),(87.2080299),(87.2080299),(85.2118788),,,,,,,,,,,,,,,,,,
,Legends :, ,"Legends: G-General, L-Ladies, S-State Level Seats ,PWD - Persons with Disabilities,DEF - Defence,PWDR :PWD Common Reserved Seat",,,,,,,,,,,,,,,,,,,,
"DEFR :Defense Common Reserved Seat ,* Maharashtra State Seats - Cut Off Indicates State General Merit No. ; Figures in bracket Indicates Merit Score",,,,,,,,,,,,,,,,,,,,,,,
,Page 35 of 192,,,,,,,,,,,,,,,,,,,,,,
GOVERNMENT OF MAHARASHTRA,,,,,,,,,,,,,,,,,,,,,,,
,"Directorate of Technical Education, Maharashtra State, Mumbai.",,,,,,,,,,,,,,,,,,,,,,
,Cut Off List for Maharashtra & Minority Seats of CAP Round-III for Admission to the First Year Post Graduate Technical Course in Master of Computer Applications (MCA) for the Academic Year 2025-26,,,,,,,,,,,,,,,,,,,,,,
,"3033 - Dr. Babasaheb Ambedkar Technological University, Lonere",,,,,,,,,,,,,,,,,,,,,,
,0303324110 - Master in Computer Application,,,,,,,,,,,,,,,,,,,,,,
,Status :, ,University,,,,,,,,,,,,,,,,,,,,
,State Level Seats,,,,,,,,,,,,,,,,,,,,,,
,GOPENS,,,,,,,,,,,,,,,,,,,,,,
12536,,,,,,,,,,,,,,,,,,,,,,,
Stage-I, ,,,,,,,,,,,,,,,,,,,,,,
(61.2807064),,,,,,,,,,,,,,,,,,,,,,,
,Legends :, ,"Legends: G-General, L-Ladies, S-State Level Seats ,PWD - Persons with Disabilities,DEF - Defence,PWDR :PWD Common Reserved Seat",,,,,,,,,,,,,,,,,,,,
"DEFR :Defense Common Reserved Seat ,* Maharashtra State Seats - Cut Off Indicates State General Merit No. ; Figures in bracket Indicates Merit Score",,,,,,,,,,,,,,,,,,,,,,,
,Page 36 of 192,,,,,,,,,,,,,,,,,,,,,,
GOVERNMENT OF MAHARASHTRA,,,,,,,,,,,,,,,,,,,,,,,
,"Directorate of Technical Education, Maharashtra State, Mumbai.",,,,,,,,,,,,,,,,,,,,,,
,Cut Off List for Maharashtra & Minority Seats of CAP Round-III for Admission to the First Year Post Graduate Technical Course in Master of Computer Applications (MCA) for the Academic Year 2025-26,,,,,,,,,,,,,,,,,,,,,,
,"3109 - S.I.E.S. College of Management Studies, Mumbai",,,,,,,,,,,,,,,,,,,,,,
,0310924110 - Master in Computer Application,,,,,,,,,,,,,,,,,,,,,,
,Status :, ,Un-Aided-Linguistic Minority - Tamil,,,,,,,,,,,,,,,,,,,,
,Home University Seats,,,,,,,,,,,,,,,,,,,,,,
Home University Seats Allotted to Home University Candidates,,,,,,,,,,,,,,,,,,,,,,,
,GOPENH,,,,,,,,,,,,,,,,,,,,,,
691,,,,,,,,,,,,,,,,,,,,,,,
Stage-I, ,,,,,,,,,,,,,,,,,,,,,,
(97.6265047),,,,,,,,,,,,,,,,,,,,,,,
,Other Than Home University Seats,,,,,,,,,,,,,,,,,,,,,,
Other Than Home University Seats Allotted to Other Than Home University Candidates,,,,,,,,,,,,,,,,,,,,,,,
,GOPENO,,,,,,,,,,,,,,,,,,,,,,
1122,,,,,,,,,,,,,,,,,,,,,,,
Stage-I, ,,,,,,,,,,,,,,,,,,,,,,
(96.1125146),,,,,,,,,,,,,,,,,,,,,,,
,Minority Seats : Minority Seats Allotted to Minority Candidates,,,,,,,,,,,,,,,,,,,,,,
,MI,,,,,,,,,,,,,,,,,,,,,,
4420,,,,,,,,,,,,,,,,,,,,,,,
Stage-I, ,,,,,,,,,,,,,,,,,,,,,,
(87.2080299),,,,,,,,,,,,,,,,,,,,,,,
,Minority Seats : Minority Seats Allotted to Non Minority Candidates,,,,,,,,,,,,,,,,,,,,,,
,MI-MH,,,,,,,,,,,,,,,,,,,,,,
1411,,,,,,,,,,,,,,,,,,,,,,,
Stage-MI-MH, ,,,,,,,,,,,,,,,,,,,,,,
(95.2942951),,,,,,,,,,,,,,,,,,,,,,,
,Legends :, ,"Legends: G-General, L-Ladies, S-State Level Seats ,PWD - Persons with Disabilities,DEF - Defence,PWDR :PWD Common Reserved Seat",,,,,,,,,,,,,,,,,,,,
"DEFR :Defense Common Reserved Seat ,* Maharashtra State Seats - Cut Off Indicates State General Merit No. ; Figures in bracket Indicates Merit Score",,,,,,,,,,,,,,,,,,,,,,,
,Page 37 of 192,,,,,,,,,,,,,,,,,,,,,,
GOVERNMENT OF MAHARASHTRA,,,,,,,,,,,,,,,,,,,,,,,
,"Directorate of Technical Education, Maharashtra State, Mumbai.",,,,,,,,,,,,,,,,,,,,,,
,Cut Off List for Maharashtra & Minority Seats of CAP Round-III for Admission to the First Year Post Graduate Technical Course in Master of Computer Applications (MCA) for the Academic Year 2025-26,,,,,,,,,,,,,,,,,,,,,,
,"3117 - Gurunanak Institute of Management Studies, Mumbai",,,,,,,,,,,,,,,,,,,,,,
,0311724110 - Master in Computer Application,,,,,,,,,,,,,,,,,,,,,,
,Status :, ,Un-Aided-Religious Minority - Sikh,,,,,,,,,,,,,,,,,,,,
,Home University Seats,,,,,,,,,,,,,,,,,,,,,,
Home University Seats Allotted to Home University Candidates,,,,,,,,,,,,,,,,,,,,,,,
,GOPENH,,,,,,,,,,,,,,,,,,,,,,
1463,,,,,,,,,,,,,,,,,,,,,,,
Stage-I, ,,,,,,,,,,,,,,,,,,,,,,
(95.2942951),,,,,,,,,,,,,,,,,,,,,,,
,Other Than Home University Seats,,,,,,,,,,,,,,,,,,,,,,
Other Than Home University Seats Allotted to Other Than Home University Candidates,,,,,,,,,,,,,,,,,,,,,,,
,GOPENO,,,,,,,,,,,,,,,,,,,,,,
2828,,,,,,,,,,,,,,,,,,,,,,,
Stage-I, ,,,,,,,,,,,,,,,,,,,,,,
(90.9663786),,,,,,,,,,,,,,,,,,,,,,,
,State Level Seats,,,,,,,,,,,,,,,,,,,,,,
,TFWS,,,,,,,,,,,,,,,,,,,,,,
765,,,,,,,,,,,,,,,,,,,,,,,
Stage-I, ,,,,,,,,,,,,,,,,,,,,,,
(97.390747),,,,,,,,,,,,,,,,,,,,,,,
,Minority Seats : Minority Seats Allotted to Non Minority Candidates,,,,,,,,,,,,,,,,,,,,,,
,MI-MH,,,,,,,,,,,,,,,,,,,,,,
2369,,,,,,,,,,,,,,,,,,,,,,,
Stage-MI-MH, ,,,,,,,,,,,,,,,,,,,,,,
(92.3361383),,,,,,,,,,,,,,,,,,,,,,,
,Legends :, ,"Legends: G-General, L-Ladies, S-State Level Seats ,PWD - Persons with Disabilities,DEF - Defence,PWDR :PWD Common Reserved Seat",,,,,,,,,,,,,,,,,,,,
"DEFR :Defense Common Reserved Seat ,* Maharashtra State Seats - Cut Off Indicates State General Merit No. ; Figures in bracket Indicates Merit Score",,,,,,,,,,,,,,,,,,,,,,,
,Page 38 of 192,,,,,,,,,,,,,,,,,,,,,,
GOVERNMENT OF MAHARASHTRA,,,,,,,,,,,,,,,,,,,,,,,
,"Directorate of Technical Education, Maharashtra State, Mumbai.",,,,,,,,,,,,,,,,,,,,,,
,Cut Off List for Maharashtra & Minority Seats of CAP Round-III for Admission to the First Year Post Graduate Technical Course in Master of Computer Applications (MCA) for the Academic Year 2025-26,,,,,,,,,,,,,,,,,,,,,,
,"3127 - NCRD's Sterling Institute of Management Studies, Navi Mumbai",,,,,,,,,,,,,,,,,,,,,,
,0312724110 - Master in Computer Application,,,,,,,,,,,,,,,,,,,,,,
,Status :, ,Un-Aided,,,,,,,,,,,,,,,,,,,,
,Home University Seats,,,,,,,,,,,,,,,,,,,,,,
Home University Seats Allotted to Home University Candidates,,,,,,,,,,,,,,,,,,,,,,,
,GOPENH, ,GSCH, ,GSTH, ,GOBCH, ,PWDOPENH,,,,,,,,,,,,,,
2957,5052,5275,15546,,,,,,,,,,,,,,,,,,,,
Stage-I, ,,,,,,,,,,,,,,,,,,,,,,
(90.9663786),(85.2118788),(82.9644433),(49.3533426),,,,,,,,,,,,,,,,,,,,
3280,,,,,,,,,,,,,,,,,,,,,,,
,Stage-IV, ,,,,,,,,,,,,,,,,,,,,,
(89.1966341),,,,,,,,,,,,,,,,,,,,,,,
,Home University Seats Allotted to Other Than Home University Candidates,,,,,,,,,,,,,,,,,,,,,,
,GNTAH,,,,,,,,,,,,,,,,,,,,,,
12208,,,,,,,,,,,,,,,,,,,,,,,
Stage-I, ,,,,,,,,,,,,,,,,,,,,,,
(61.2807064),,,,,,,,,,,,,,,,,,,,,,,
,Other Than Home University Seats,,,,,,,,,,,,,,,,,,,,,,
Other Than Home University Seats Allotted to Other Than Home University Candidates,,,,,,,,,,,,,,,,,,,,,,,
,GOPENO, ,GSCO, ,GSTO, ,GOBCO, ,GSEBCO,,,,,,,,,,,,,,
4541,16506,10452,17389,,,,,,,,,,,,,,,,,,,,
Stage-I, ,,,,,,,,,,,,,,,,,,,,,,
(85.3851665),(44.5345198),(67.3579428),(41.4550394),,,,,,,,,,,,,,,,,,,,
4701,,,,,,,,,,,,,,,,,,,,,,,
,Stage-IV, ,,,,,,,,,,,,,,,,,,,,,
(85.3851665),,,,,,,,,,,,,,,,,,,,,,,
,State Level Seats,,,,,,,,,,,,,,,,,,,,,,
,EWS, ,TFWS,,,,,,,,,,,,,,,,,,,,
25175,1826,,,,,,,,,,,,,,,,,,,,,,
Stage-I, ,,,,,,,,,,,,,,,,,,,,,,
(2.8640429),(94.4270578),,,,,,,,,,,,,,,,,,,,,,
,Legends :, ,"Legends: G-General, L-Ladies, S-State Level Seats ,PWD - Persons with Disabilities,DEF - Defence,PWDR :PWD Common Reserved Seat",,,,,,,,,,,,,,,,,,,,
"DEFR :Defense Common Reserved Seat ,* Maharashtra State Seats - Cut Off Indicates State General Merit No. ; Figures in bracket Indicates Merit Score",,,,,,,,,,,,,,,,,,,,,,,
,Page 39 of 192,,,,,,,,,,,,,,,,,,,,,,
GOVERNMENT OF MAHARASHTRA,,,,,,,,,,,,,,,,,,,,,,,
,"Directorate of Technical Education, Maharashtra State, Mumbai.",,,,,,,,,,,,,,,,,,,,,,
,Cut Off List for Maharashtra & Minority Seats of CAP Round-III for Admission to the First Year Post Graduate Technical Course in Master of Computer Applications (MCA) for the Academic Year 2025-26,,,,,,,,,,,,,,,,,,,,,,
,"3129 - Mumbai Institute of Management & Research, Mumbai",,,,,,,,,,,,,,,,,,,,,,
,0312924210 - Master of Computer Applications,,,,,,,,,,,,,,,,,,,,,,
,Status :, ,Un-Aided,,,,,,,,,,,,,,,,,,,,
,Home University Seats,,,,,,,,,,,,,,,,,,,,,,
Home University Seats Allotted to Home University Candidates,,,,,,,,,,,,,,,,,,,,,,,
,GOPENH, ,GSCH, ,GSTH, ,GNTAH, ,GNTDH, ,GOBCH, ,GSEBCH, ,PWDOPENH,,,,,,,,
5073,17638,13607,,,,,,,,,,,,,,,,,,,,,
Stage-I, ,,,,,,,,,,,,,,,,,,,,,,
(85.2118788),(41.4550394),(56.5488095),,,,,,,,,,,,,,,,,,,,,
6050,6371,5671,6024,,,,,,,,,,,,,,,,,,,,
,Stage-IV, ,,,,,,,,,,,,,,,,,,,,,
(82.8308366),(80.5399495),(82.8308366),(82.8308366),,,,,,,,,,,,,,,,,,,,
5099,,,,,,,,,,,,,,,,,,,,,,,
,I-Non PWD / DEF, ,,,,,,,,,,,,,,,,,,,,,
(85.2118788),,,,,,,,,,,,,,,,,,,,,,,
,Home University Seats Allotted to Other Than Home University Candidates,,,,,,,,,,,,,,,,,,,,,,
,GNTBH, ,GNTCH,,,,,,,,,,,,,,,,,,,,
21906,18127,,,,,,,,,,,,,,,,,,,,,,
Stage-I, ,,,,,,,,,,,,,,,,,,,,,,
(21.0059952),(39.3989669),,,,,,,,,,,,,,,,,,,,,,
,Other Than Home University Seats,,,,,,,,,,,,,,,,,,,,,,
Other Than Home University Seats Allotted to Other Than Home University Candidates,,,,,,,,,,,,,,,,,,,,,,,
,GOPENO, ,GSCO, ,GSTO, ,GNTAO, ,GNTBO, ,GNTCO, ,GOBCO, ,GSEBCO,,,,,,,,
7998,20275,18881,16670,13483,,,,,,,,,,,,,,,,,,,
Stage-I, ,,,,,,,,,,,,,,,,,,,,,,
(74.782248),(29.9046039),(34.5198145),(44.5345198),(56.5488095),,,,,,,,,,,,,,,,,,,
10713,14051,13098,,,,,,,,,,,,,,,,,,,,,
,Stage-IV, ,,,,,,,,,,,,,,,,,,,,,
(67.3579428),(53.942159),(58.7911466),,,,,,,,,,,,,,,,,,,,,
,State Level Seats,,,,,,,,,,,,,,,,,,,,,,
,TFWS,,,,,,,,,,,,,,,,,,,,,,
6192,,,,,,,,,,,,,,,,,,,,,,,
Stage-I, ,,,,,,,,,,,,,,,,,,,,,,
(80.5399495),,,,,,,,,,,,,,,,,,,,,,,
,Legends :, ,"Legends: G-General, L-Ladies, S-State Level Seats ,PWD - Persons with Disabilities,DEF - Defence,PWDR :PWD Common Reserved Seat",,,,,,,,,,,,,,,,,,,,
"DEFR :Defense Common Reserved Seat ,* Maharashtra State Seats - Cut Off Indicates State General Merit No. ; Figures in bracket Indicates Merit Score",,,,,,,,,,,,,,,,,,,,,,,
,Page 40 of 192,,,,,,,,,,,,,,,,,,,,,,
GOVERNMENT OF MAHARASHTRA,,,,,,,,,,,,,,,,,,,,,,,
,"Directorate of Technical Education, Maharashtra State, Mumbai.",,,,,,,,,,,,,,,,,,,,,,
,Cut Off List for Maharashtra & Minority Seats of CAP Round-III for Admission to the First Year Post Graduate Technical Course in Master of Computer Applications (MCA) for the Academic Year 2025-26,,,,,,,,,,,,,,,,,,,,,,
,"3133 - Swayamsiddhi Mitra Sangh's College of Management & Research, Thane",,,,,,,,,,,,,,,,,,,,,,
,0313324110 - Master in Computer Application,,,,,,,,,,,,,,,,,,,,,,
,Status :, ,Un-Aided,,,,,,,,,,,,,,,,,,,,
,Home University Seats,,,,,,,,,,,,,,,,,,,,,,
Home University Seats Allotted to Home University Candidates,,,,,,,,,,,,,,,,,,,,,,,
,GOPENH, ,GSCH, ,GSTH, ,GNTAH, ,GNTDH, ,GOBCH, ,GSEBCH, ,PWDOPENH,,,,,,,,
6068,15576,6332,,,,,,,,,,,,,,,,,,,,,
Stage-I, ,,,,,,,,,,,,,,,,,,,,,,
(82.8308366),(49.3533426),(80.5399495),,,,,,,,,,,,,,,,,,,,,
8577,7484,7054,8293,,,,,,,,,,,,,,,,,,,,
,Stage-IV, ,,,,,,,,,,,,,,,,,,,,,
(73.5368477),(76.9216256),(77.8251197),(74.782248),,,,,,,,,,,,,,,,,,,,
6946,,,,,,,,,,,,,,,,,,,,,,,
,I-Non PWD / DEF, ,,,,,,,,,,,,,,,,,,,,,
(79.9969812),,,,,,,,,,,,,,,,,,,,,,,
,Other Than Home University Seats,,,,,,,,,,,,,,,,,,,,,,
Other Than Home University Seats Allotted to Other Than Home University Candidates,,,,,,,,,,,,,,,,,,,,,,,
,GOPENO, ,GSTO, ,GNTCO, ,GOBCO, ,GSEBCO,,,,,,,,,,,,,,
17120,21698,,,,,,,,,,,,,,,,,,,,,,
Stage-I, ,,,,,,,,,,,,,,,,,,,,,,
(41.4550394),(21.0059952),,,,,,,,,,,,,,,,,,,,,,
24466,20748,20319,,,,,,,,,,,,,,,,,,,,,
,Stage-IV, ,,,,,,,,,,,,,,,,,,,,,
(7.4072677),(27.2744425),(29.9046039),,,,,,,,,,,,,,,,,,,,,
,State Level Seats,,,,,,,,,,,,,,,,,,,,,,
,EWS,,,,,,,,,,,,,,,,,,,,,,
21316,,,,,,,,,,,,,,,,,,,,,,,
Stage-I, ,,,,,,,,,,,,,,,,,,,,,,
(23.1010151),,,,,,,,,,,,,,,,,,,,,,,
,Legends :, ,"Legends: G-General, L-Ladies, S-State Level Seats ,PWD - Persons with Disabilities,DEF - Defence,PWDR :PWD Common Reserved Seat",,,,,,,,,,,,,,,,,,,,
"DEFR :Defense Common Reserved Seat ,* Maharashtra State Seats - Cut Off Indicates State General Merit No. ; Figures in bracket Indicates Merit Score",,,,,,,,,,,,,,,,,,,,,,,
,Page 41 of 192,,,,,,,,,,,,,,,,,,,,,,
GOVERNMENT OF MAHARASHTRA,,,,,,,,,,,,,,,,,,,,,,,
,"Directorate of Technical Education, Maharashtra State, Mumbai.",,,,,,,,,,,,,,,,,,,,,,
,Cut Off List for Maharashtra & Minority Seats of CAP Round-III for Admission to the First Year Post Graduate Technical Course in Master of Computer Applications (MCA) for the Academic Year 2025-26,,,,,,,,,,,,,,,,,,,,,,
,"3162 - Bharti Vidyapeeth's Institute of Management & Information Technology, Navi Mumbai",,,,,,,,,,,,,,,,,,,,,,
,0316224110 - Master in Computer Application,,,,,,,,,,,,,,,,,,,,,,
,Status :, ,Un-Aided,,,,,,,,,,,,,,,,,,,,
,Home University Seats,,,,,,,,,,,,,,,,,,,,,,
Home University Seats Allotted to Home University Candidates,,,,,,,,,,,,,,,,,,,,,,,
,GOPENH, ,GSTH, ,GNTCH, ,GOBCH, ,PWDOPENH,,,,,,,,,,,,,,
1432,4124,2484,,,,,,,,,,,,,,,,,,,,,
Stage-I, ,,,,,,,,,,,,,,,,,,,,,,
(95.2942951),(87.3496474),(92.1797821),,,,,,,,,,,,,,,,,,,,,
1817,,,,,,,,,,,,,,,,,,,,,,,
,Stage-IV, ,,,,,,,,,,,,,,,,,,,,,
(94.4270578),,,,,,,,,,,,,,,,,,,,,,,
1797,,,,,,,,,,,,,,,,,,,,,,,
,I-Non PWD / DEF, ,,,,,,,,,,,,,,,,,,,,,
(94.4270578),,,,,,,,,,,,,,,,,,,,,,,
,Other Than Home University Seats,,,,,,,,,,,,,,,,,,,,,,
Other Than Home University Seats Allotted to Other Than Home University Candidates,,,,,,,,,,,,,,,,,,,,,,,
,GOPENO, ,GSCO, ,GOBCO,,,,,,,,,,,,,,,,,,
1690,3292,3567,,,,,,,,,,,,,,,,,,,,,
Stage-I, ,,,,,,,,,,,,,,,,,,,,,,
(94.4270578),(89.1966341),(89.1331398),,,,,,,,,,,,,,,,,,,,,
,State Level Seats,,,,,,,,,,,,,,,,,,,,,,
,EWS, ,TFWS,,,,,,,,,,,,,,,,,,,,
6219,951,,,,,,,,,,,,,,,,,,,,,,
Stage-I, ,,,,,,,,,,,,,,,,,,,,,,
(80.5399495),(96.828928),,,,,,,,,,,,,,,,,,,,,,
,Legends :, ,"Legends: G-General, L-Ladies, S-State Level Seats ,PWD - Persons with Disabilities,DEF - Defence,PWDR :PWD Common Reserved Seat",,,,,,,,,,,,,,,,,,,,
"DEFR :Defense Common Reserved Seat ,* Maharashtra State Seats - Cut Off Indicates State General Merit No. ; Figures in bracket Indicates Merit Score",,,,,,,,,,,,,,,,,,,,,,,
,Page 42 of 192,,,,,,,,,,,,,,,,,,,,,,
GOVERNMENT OF MAHARASHTRA,,,,,,,,,,,,,,,,,,,,,,,
,"Directorate of Technical Education, Maharashtra State, Mumbai.",,,,,,,,,,,,,,,,,,,,,,
,Cut Off List for Maharashtra & Minority Seats of CAP Round-III for Admission to the First Year Post Graduate Technical Course in Master of Computer Applications (MCA) for the Academic Year 2025-26,,,,,,,,,,,,,,,,,,,,,,
,"3167 - Mumbai Education Trust's Institute of Computer Science, Bandra (W), Mumbai",,,,,,,,,,,,,,,,,,,,,,
,0316724110 - Master in Computer Application,,,,,,,,,,,,,,,,,,,,,,
,Status :, ,Un-Aided,,,,,,,,,,,,,,,,,,,,
,Home University Seats,,,,,,,,,,,,,,,,,,,,,,
Home University Seats Allotted to Home University Candidates,,,,,,,,,,,,,,,,,,,,,,,
,GSTH,,,,,,,,,,,,,,,,,,,,,,
456,,,,,,,,,,,,,,,,,,,,,,,
Stage-IV, ,,,,,,,,,,,,,,,,,,,,,,
(98.2089665),,,,,,,,,,,,,,,,,,,,,,,
,Other Than Home University Seats,,,,,,,,,,,,,,,,,,,,,,
Other Than Home University Seats Allotted to Other Than Home University Candidates,,,,,,,,,,,,,,,,,,,,,,,
,GOPENO, ,GOBCO, ,GSEBCO,,,,,,,,,,,,,,,,,,
737,1360,2969,,,,,,,,,,,,,,,,,,,,,
Stage-I, ,,,,,,,,,,,,,,,,,,,,,,
(97.390747),(95.2942951),(90.9663786),,,,,,,,,,,,,,,,,,,,,
,State Level Seats,,,,,,,,,,,,,,,,,,,,,,
,EWS,,,,,,,,,,,,,,,,,,,,,,
5200,,,,,,,,,,,,,,,,,,,,,,,
Stage-I, ,,,,,,,,,,,,,,,,,,,,,,
(85.2118788),,,,,,,,,,,,,,,,,,,,,,,
,Legends :, ,"Legends: G-General, L-Ladies, S-State Level Seats ,PWD - Persons with Disabilities,DEF - Defence,PWDR :PWD Common Reserved Seat",,,,,,,,,,,,,,,,,,,,
"DEFR :Defense Common Reserved Seat ,* Maharashtra State Seats - Cut Off Indicates State General Merit No. ; Figures in bracket Indicates Merit Score",,,,,,,,,,,,,,,,,,,,,,,
,Page 43 of 192,,,,,,,,,,,,,,,,,,,,,,
GOVERNMENT OF MAHARASHTRA,,,,,,,,,,,,,,,,,,,,,,,
,"Directorate of Technical Education, Maharashtra State, Mumbai.",,,,,,,,,,,,,,,,,,,,,,
,Cut Off List for Maharashtra & Minority Seats of CAP Round-III for Admission to the First Year Post Graduate Technical Course in Master of Computer Applications (MCA) for the Academic Year 2025-26,,,,,,,,,,,,,,,,,,,,,,
,"3168 - Thakur Institute of Management Studies Career Development & Research, Kandivali (E), Mumbai",,,,,,,,,,,,,,,,,,,,,,
,0316824110 - Master in Computer Application,,,,,,,,,,,,,,,,,,,,,,
,Status :, ,Un-Aided-Autonomous-Linguistic Minority - Hindi,,,,,,,,,,,,,,,,,,,,
,Home University Seats,,,,,,,,,,,,,,,,,,,,,,
Home University Seats Allotted to Home University Candidates,,,,,,,,,,,,,,,,,,,,,,,
,GOPENH,,,,,,,,,,,,,,,,,,,,,,
1615,,,,,,,,,,,,,,,,,,,,,,,
Stage-I, ,,,,,,,,,,,,,,,,,,,,,,
(94.6454851),,,,,,,,,,,,,,,,,,,,,,,
,Other Than Home University Seats,,,,,,,,,,,,,,,,,,,,,,
Other Than Home University Seats Allotted to Other Than Home University Candidates,,,,,,,,,,,,,,,,,,,,,,,
,GOPENO,,,,,,,,,,,,,,,,,,,,,,
3535,,,,,,,,,,,,,,,,,,,,,,,
Stage-I, ,,,,,,,,,,,,,,,,,,,,,,
(89.1966341),,,,,,,,,,,,,,,,,,,,,,,
,Minority Seats : Minority Seats Allotted to Minority Candidates,,,,,,,,,,,,,,,,,,,,,,
,MI,,,,,,,,,,,,,,,,,,,,,,
18391,,,,,,,,,,,,,,,,,,,,,,,
Stage-I, ,,,,,,,,,,,,,,,,,,,,,,
(36.496736),,,,,,,,,,,,,,,,,,,,,,,
,Legends :, ,"Legends: G-General, L-Ladies, S-State Level Seats ,PWD - Persons with Disabilities,DEF - Defence,PWDR :PWD Common Reserved Seat",,,,,,,,,,,,,,,,,,,,
"DEFR :Defense Common Reserved Seat ,* Maharashtra State Seats - Cut Off Indicates State General Merit No. ; Figures in bracket Indicates Merit Score",,,,,,,,,,,,,,,,,,,,,,,
,Page 44 of 192,,,,,,,,,,,,,,,,,,,,,,
GOVERNMENT OF MAHARASHTRA,,,,,,,,,,,,,,,,,,,,,,,
,"Directorate of Technical Education, Maharashtra State, Mumbai.",,,,,,,,,,,,,,,,,,,,,,
,Cut Off List for Maharashtra & Minority Seats of CAP Round-III for Admission to the First Year Post Graduate Technical Course in Master of Computer Applications (MCA) for the Academic Year 2025-26,,,,,,,,,,,,,,,,,,,,,,
,"3169 - Late Bhausaheb Hiray S. S. Trust's Institute of Computer Application, Bandra (E), Mumbai",,,,,,,,,,,,,,,,,,,,,,
,0316924110 - Master in Computer Application,,,,,,,,,,,,,,,,,,,,,,
,Status :, ,Un-Aided,,,,,,,,,,,,,,,,,,,,
,Home University Seats,,,,,,,,,,,,,,,,,,,,,,
Home University Seats Allotted to Home University Candidates,,,,,,,,,,,,,,,,,,,,,,,
,GOPENH, ,GSCH, ,GNTBH, ,GNTCH, ,GOBCH, ,GSEBCH, ,PWDOPENH,,,,,,,,,,
3056,12296,15856,6478,,,,,,,,,,,,,,,,,,,,
Stage-I, ,,,,,,,,,,,,,,,,,,,,,,
(90.7733494),(61.2807064),(49.3533426),(80.5399495),,,,,,,,,,,,,,,,,,,,
3127,3419,3391,,,,,,,,,,,,,,,,,,,,,
,Stage-IV, ,,,,,,,,,,,,,,,,,,,,,
(90.7733494),(89.1966341),(89.1966341),,,,,,,,,,,,,,,,,,,,,
3106,,,,,,,,,,,,,,,,,,,,,,,
,I-Non PWD / DEF, ,,,,,,,,,,,,,,,,,,,,,
(90.7733494),,,,,,,,,,,,,,,,,,,,,,,
,Other Than Home University Seats,,,,,,,,,,,,,,,,,,,,,,
Other Than Home University Seats Allotted to Other Than Home University Candidates,,,,,,,,,,,,,,,,,,,,,,,
,GOPENO, ,GSCO, ,GSTO, ,GNTAO, ,GOBCO, ,GSEBCO,,,,,,,,,,,,
17772,17900,21663,,,,,,,,,,,,,,,,,,,,,
Stage-I, ,,,,,,,,,,,,,,,,,,,,,,
(39.3989669),(39.3989669),(21.0059952),,,,,,,,,,,,,,,,,,,,,
21730,20239,22225,,,,,,,,,,,,,,,,,,,,,
,Stage-IV, ,,,,,,,,,,,,,,,,,,,,,
(21.0059952),(29.9046039),(19.1539942),,,,,,,,,,,,,,,,,,,,,
,Other Than Home University Seats Allotted to Home University Candidates,,,,,,,,,,,,,,,,,,,,,,
,GSCO, ,GNTDO,,,,,,,,,,,,,,,,,,,,
13239,,,,,,,,,,,,,,,,,,,,,,,
Stage-I, ,,,,,,,,,,,,,,,,,,,,,,
(58.7911466),,,,,,,,,,,,,,,,,,,,,,,
3522,,,,,,,,,,,,,,,,,,,,,,,
,Stage-IV, ,,,,,,,,,,,,,,,,,,,,,
(89.1966341),,,,,,,,,,,,,,,,,,,,,,,
,Legends :, ,"Legends: G-General, L-Ladies, S-State Level Seats ,PWD - Persons with Disabilities,DEF - Defence,PWDR :PWD Common Reserved Seat",,,,,,,,,,,,,,,,,,,,
"DEFR :Defense Common Reserved Seat ,* Maharashtra State Seats - Cut Off Indicates State General Merit No. ; Figures in bracket Indicates Merit Score",,,,,,,,,,,,,,,,,,,,,,,
,Page 45 of 192,,,,,,,,,,,,,,,,,,,,,,
GOVERNMENT OF MAHARASHTRA,,,,,,,,,,,,,,,,,,,,,,,
,"Directorate of Technical Education, Maharashtra State, Mumbai.",,,,,,,,,,,,,,,,,,,,,,
,Cut Off List for Maharashtra & Minority Seats of CAP Round-III for Admission to the First Year Post Graduate Technical Course in Master of Computer Applications (MCA) for the Academic Year 2025-26,,,,,,,,,,,,,,,,,,,,,,
,"3169 - Late Bhausaheb Hiray S. S. Trust's Institute of Computer Application, Bandra (E), Mumbai",,,,,,,,,,,,,,,,,,,,,,
,0316924110 - Master in Computer Application,,,,,,,,,,,,,,,,,,,,,,
,Status :, ,Un-Aided,,,,,,,,,,,,,,,,,,,,
,State Level Seats,,,,,,,,,,,,,,,,,,,,,,
,TFWS,,,,,,,,,,,,,,,,,,,,,,
1304,,,,,,,,,,,,,,,,,,,,,,,
Stage-I, ,,,,,,,,,,,,,,,,,,,,,,
(95.5548847),,,,,,,,,,,,,,,,,,,,,,,
,Legends :, ,"Legends: G-General, L-Ladies, S-State Level Seats ,PWD - Persons with Disabilities,DEF - Defence,PWDR :PWD Common Reserved Seat",,,,,,,,,,,,,,,,,,,,
"DEFR :Defense Common Reserved Seat ,* Maharashtra State Seats - Cut Off Indicates State General Merit No. ; Figures in bracket Indicates Merit Score",,,,,,,,,,,,,,,,,,,,,,,
,Page 46 of 192,,,,,,,,,,,,,,,,,,,,,,
GOVERNMENT OF MAHARASHTRA,,,,,,,,,,,,,,,,,,,,,,,
,"Directorate of Technical Education, Maharashtra State, Mumbai.",,,,,,,,,,,,,,,,,,,,,,
,Cut Off List for Maharashtra & Minority Seats of CAP Round-III for Admission to the First Year Post Graduate Technical Course in Master of Computer Applications (MCA) for the Academic Year 2025-26,,,,,,,,,,,,,,,,,,,,,,
,"3173 - Deccan Education Society's Navinchandra Mehta Institute of Technology & Development, Dadar, Mumbai",,,,,,,,,,,,,,,,,,,,,,
,0317324110 - Master in Computer Application,,,,,,,,,,,,,,,,,,,,,,
,Status :, ,Un-Aided,,,,,,,,,,,,,,,,,,,,
,Home University Seats,,,,,,,,,,,,,,,,,,,,,,
Home University Seats Allotted to Home University Candidates,,,,,,,,,,,,,,,,,,,,,,,
,GOPENH, ,GSCH, ,GSTH, ,GNTCH, ,GNTDH, ,GOBCH, ,PWDOPENH,,,,,,,,,,
2425,5594,17035,4818,,,,,,,,,,,,,,,,,,,,
Stage-I, ,,,,,,,,,,,,,,,,,,,,,,
(92.3361383),(82.9644433),(44.5345198),(85.3851665),,,,,,,,,,,,,,,,,,,,
2750,2698,,,,,,,,,,,,,,,,,,,,,,
,Stage-IV, ,,,,,,,,,,,,,,,,,,,,,
(90.9663786),(90.9663786),,,,,,,,,,,,,,,,,,,,,,
2597,,,,,,,,,,,,,,,,,,,,,,,
,I-Non PWD / DEF, ,,,,,,,,,,,,,,,,,,,,,
(92.1797821),,,,,,,,,,,,,,,,,,,,,,,
,Other Than Home University Seats,,,,,,,,,,,,,,,,,,,,,,
Other Than Home University Seats Allotted to Other Than Home University Candidates,,,,,,,,,,,,,,,,,,,,,,,
,GOPENO, ,GSCO, ,GSTO, ,GNTAO, ,GNTCO, ,GNTDO, ,GOBCO, ,GSEBCO,,,,,,,,
5831,10988,12024,7980,16940,,,,,,,,,,,,,,,,,,,
Stage-I, ,,,,,,,,,,,,,,,,,,,,,,
(82.8308366),(65.8578922),(63.1574978),(74.782248),(44.5345198),,,,,,,,,,,,,,,,,,,
10889,8778,8022,,,,,,,,,,,,,,,,,,,,,
,Stage-IV, ,,,,,,,,,,,,,,,,,,,,,
(65.8578922),(73.5368477),(74.782248),,,,,,,,,,,,,,,,,,,,,
,State Level Seats,,,,,,,,,,,,,,,,,,,,,,
,EWS,,,,,,,,,,,,,,,,,,,,,,
10196,,,,,,,,,,,,,,,,,,,,,,,
Stage-I, ,,,,,,,,,,,,,,,,,,,,,,
(67.3579428),,,,,,,,,,,,,,,,,,,,,,,
,Legends :, ,"Legends: G-General, L-Ladies, S-State Level Seats ,PWD - Persons with Disabilities,DEF - Defence,PWDR :PWD Common Reserved Seat",,,,,,,,,,,,,,,,,,,,
"DEFR :Defense Common Reserved Seat ,* Maharashtra State Seats - Cut Off Indicates State General Merit No. ; Figures in bracket Indicates Merit Score",,,,,,,,,,,,,,,,,,,,,,,
,Page 47 of 192,,,,,,,,,,,,,,,,,,,,,,
GOVERNMENT OF MAHARASHTRA,,,,,,,,,,,,,,,,,,,,,,,
,"Directorate of Technical Education, Maharashtra State, Mumbai.",,,,,,,,,,,,,,,,,,,,,,
,Cut Off List for Maharashtra & Minority Seats of CAP Round-III for Admission to the First Year Post Graduate Technical Course in Master of Computer Applications (MCA) for the Academic Year 2025-26,,,,,,,,,,,,,,,,,,,,,,
,"3176 - Thakur College of Engineering and Technology, Kandivali, Mumbai",,,,,,,,,,,,,,,,,,,,,,
,0317624210 - Master of Computer Applications,,,,,,,,,,,,,,,,,,,,,,
,Status :, ,Un-Aided-Autonomous-Linguistic Minority - Hindi,,,,,,,,,,,,,,,,,,,,
,Home University Seats,,,,,,,,,,,,,,,,,,,,,,
Home University Seats Allotted to Home University Candidates,,,,,,,,,,,,,,,,,,,,,,,
,GOPENH,,,,,,,,,,,,,,,,,,,,,,
675,,,,,,,,,,,,,,,,,,,,,,,
Stage-I, ,,,,,,,,,,,,,,,,,,,,,,
(97.6265047),,,,,,,,,,,,,,,,,,,,,,,
,Other Than Home University Seats,,,,,,,,,,,,,,,,,,,,,,
Other Than Home University Seats Allotted to Other Than Home University Candidates,,,,,,,,,,,,,,,,,,,,,,,
,GOPENO,,,,,,,,,,,,,,,,,,,,,,
4182,,,,,,,,,,,,,,,,,,,,,,,
Stage-I, ,,,,,,,,,,,,,,,,,,,,,,
(87.2080299),,,,,,,,,,,,,,,,,,,,,,,
,Minority Seats : Minority Seats Allotted to Minority Candidates,,,,,,,,,,,,,,,,,,,,,,
,MI,,,,,,,,,,,,,,,,,,,,,,
6826,,,,,,,,,,,,,,,,,,,,,,,
Stage-I, ,,,,,,,,,,,,,,,,,,,,,,
(79.9969812),,,,,,,,,,,,,,,,,,,,,,,
,Legends :, ,"Legends: G-General, L-Ladies, S-State Level Seats ,PWD - Persons with Disabilities,DEF - Defence,PWDR :PWD Common Reserved Seat",,,,,,,,,,,,,,,,,,,,
"DEFR :Defense Common Reserved Seat ,* Maharashtra State Seats - Cut Off Indicates State General Merit No. ; Figures in bracket Indicates Merit Score",,,,,,,,,,,,,,,,,,,,,,,
,Page 48 of 192,,,,,,,,,,,,,,,,,,,,,,
GOVERNMENT OF MAHARASHTRA,,,,,,,,,,,,,,,,,,,,,,,
,"Directorate of Technical Education, Maharashtra State, Mumbai.",,,,,,,,,,,,,,,,,,,,,,
,Cut Off List for Maharashtra & Minority Seats of CAP Round-III for Admission to the First Year Post Graduate Technical Course in Master of Computer Applications (MCA) for the Academic Year 2025-26,,,,,,,,,,,,,,,,,,,,,,
,"3185 - Vivekanand Education Society's Institute of Technology, Chembur, Mumbai",,,,,,,,,,,,,,,,,,,,,,
,0318524210 - Master of Computer Applications,,,,,,,,,,,,,,,,,,,,,,
,Status :, ,Un-Aided-Autonomous-Linguistic Minority - Sindhi,,,,,,,,,,,,,,,,,,,,
,Home University Seats,,,,,,,,,,,,,,,,,,,,,,
Home University Seats Allotted to Home University Candidates,,,,,,,,,,,,,,,,,,,,,,,
,GOPENH,,,,,,,,,,,,,,,,,,,,,,
321,,,,,,,,,,,,,,,,,,,,,,,
Stage-I, ,,,,,,,,,,,,,,,,,,,,,,
(98.6717482),,,,,,,,,,,,,,,,,,,,,,,
,Other Than Home University Seats,,,,,,,,,,,,,,,,,,,,,,
Other Than Home University Seats Allotted to Other Than Home University Candidates,,,,,,,,,,,,,,,,,,,,,,,
,GOPENO,,,,,,,,,,,,,,,,,,,,,,
308,,,,,,,,,,,,,,,,,,,,,,,
Stage-I, ,,,,,,,,,,,,,,,,,,,,,,
(98.7632442),,,,,,,,,,,,,,,,,,,,,,,
,State Level Seats,,,,,,,,,,,,,,,,,,,,,,
,TFWS,,,,,,,,,,,,,,,,,,,,,,
217,,,,,,,,,,,,,,,,,,,,,,,
Stage-I, ,,,,,,,,,,,,,,,,,,,,,,
(99.113241),,,,,,,,,,,,,,,,,,,,,,,
,Minority Seats : Minority Seats Allotted to Minority Candidates,,,,,,,,,,,,,,,,,,,,,,
,MI,,,,,,,,,,,,,,,,,,,,,,
12294,,,,,,,,,,,,,,,,,,,,,,,
Stage-I, ,,,,,,,,,,,,,,,,,,,,,,
(61.2807064),,,,,,,,,,,,,,,,,,,,,,,
,Legends :, ,"Legends: G-General, L-Ladies, S-State Level Seats ,PWD - Persons with Disabilities,DEF - Defence,PWDR :PWD Common Reserved Seat",,,,,,,,,,,,,,,,,,,,
"DEFR :Defense Common Reserved Seat ,* Maharashtra State Seats - Cut Off Indicates State General Merit No. ; Figures in bracket Indicates Merit Score",,,,,,,,,,,,,,,,,,,,,,,
,Page 49 of 192,,,,,,,,,,,,,,,,,,,,,,
GOVERNMENT OF MAHARASHTRA,,,,,,,,,,,,,,,,,,,,,,,
,"Directorate of Technical Education, Maharashtra State, Mumbai.",,,,,,,,,,,,,,,,,,,,,,
,Cut Off List for Maharashtra & Minority Seats of CAP Round-III for Admission to the First Year Post Graduate Technical Course in Master of Computer Applications (MCA) for the Academic Year 2025-26,,,,,,,,,,,,,,,,,,,,,,
,"3185 - Vivekanand Education Society's Institute of Technology, Chembur, Mumbai",,,,,,,,,,,,,,,,,,,,,,
,0318524210 - Master of Computer Applications,,,,,,,,,,,,,,,,,,,,,,
,Status :, ,Un-Aided-Autonomous-Linguistic Minority - Sindhi,,,,,,,,,,,,,,,,,,,,
,Minority Seats : Minority Seats Allotted to Non Minority Candidates,,,,,,,,,,,,,,,,,,,,,,
,MI-MH,,,,,,,,,,,,,,,,,,,,,,
365,,,,,,,,,,,,,,,,,,,,,,,
Stage-MI-MH, ,,,,,,,,,,,,,,,,,,,,,,
(98.5181554),,,,,,,,,,,,,,,,,,,,,,,
,Legends :, ,"Legends: G-General, L-Ladies, S-State Level Seats ,PWD - Persons with Disabilities,DEF - Defence,PWDR :PWD Common Reserved Seat",,,,,,,,,,,,,,,,,,,,
"DEFR :Defense Common Reserved Seat ,* Maharashtra State Seats - Cut Off Indicates State General Merit No. ; Figures in bracket Indicates Merit Score",,,,,,,,,,,,,,,,,,,,,,,
,Page 50 of 192,,,,,,,,,,,,,,,,,,,,,,
GOVERNMENT OF MAHARASHTRA,,,,,,,,,,,,,,,,,,,,,,,
,"Directorate of Technical Education, Maharashtra State, Mumbai.",,,,,,,,,,,,,,,,,,,,,,
,Cut Off List for Maharashtra & Minority Seats of CAP Round-III for Admission to the First Year Post Graduate Technical Course in Master of Computer Applications (MCA) for the Academic Year 2025-26,,,,,,,,,,,,,,,,,,,,,,
,"3200 - Hope Foundation and research center's Finolex Academy of Management and Technology, Ratnagiri",,,,,,,,,,,,,,,,,,,,,,
,0320024110 - Master in Computer Application,,,,,,,,,,,,,,,,,,,,,,
,Status :, ,Un-Aided,,,,,,,,,,,,,,,,,,,,
,Home University Seats,,,,,,,,,,,,,,,,,,,,,,
Home University Seats Allotted to Home University Candidates,,,,,,,,,,,,,,,,,,,,,,,
,GOPENH, ,GNTBH, ,PWDOPENH,,,,,,,,,,,,,,,,,,
6412,,,,,,,,,,,,,,,,,,,,,,,
Stage-I, ,,,,,,,,,,,,,,,,,,,,,,
(80.5399495),,,,,,,,,,,,,,,,,,,,,,,
15486,,,,,,,,,,,,,,,,,,,,,,,
,Stage-IV, ,,,,,,,,,,,,,,,,,,,,,
(49.3533426),,,,,,,,,,,,,,,,,,,,,,,
11219,,,,,,,,,,,,,,,,,,,,,,,
,I-Non PWD / DEF, ,,,,,,,,,,,,,,,,,,,,,
(65.8578922),,,,,,,,,,,,,,,,,,,,,,,
,Other Than Home University Seats,,,,,,,,,,,,,,,,,,,,,,
Other Than Home University Seats Allotted to Other Than Home University Candidates,,,,,,,,,,,,,,,,,,,,,,,
,GOPENO,,,,,,,,,,,,,,,,,,,,,,
19223,,,,,,,,,,,,,,,,,,,,,,,
Stage-I, ,,,,,,,,,,,,,,,,,,,,,,
(34.5198145),,,,,,,,,,,,,,,,,,,,,,,
,State Level Seats,,,,,,,,,,,,,,,,,,,,,,
,EWS,,,,,,,,,,,,,,,,,,,,,,
8283,,,,,,,,,,,,,,,,,,,,,,,
Stage-I, ,,,,,,,,,,,,,,,,,,,,,,
(74.782248),,,,,,,,,,,,,,,,,,,,,,,
,Legends :, ,"Legends: G-General, L-Ladies, S-State Level Seats ,PWD - Persons with Disabilities,DEF - Defence,PWDR :PWD Common Reserved Seat",,,,,,,,,,,,,,,,,,,,
"DEFR :Defense Common Reserved Seat ,* Maharashtra State Seats - Cut Off Indicates State General Merit No. ; Figures in bracket Indicates Merit Score",,,,,,,,,,,,,,,,,,,,,,,
,Page 51 of 192,,,,,,,,,,,,,,,,,,,,,,
GOVERNMENT OF MAHARASHTRA,,,,,,,,,,,,,,,,,,,,,,,
,"Directorate of Technical Education, Maharashtra State, Mumbai.",,,,,,,,,,,,,,,,,,,,,,
,Cut Off List for Maharashtra & Minority Seats of CAP Round-III for Admission to the First Year Post Graduate Technical Course in Master of Computer Applications (MCA) for the Academic Year 2025-26,,,,,,,,,,,,,,,,,,,,,,
,"3215 - Bhartiya Vidya Bhavan's Sardar Patel Institute of Technology , Andheri, Mumbai",,,,,,,,,,,,,,,,,,,,,,
,0321524110 - Master in Computer Application,,,,,,,,,,,,,,,,,,,,,,
,Status :, ,Un-Aided-Autonomous,,,,,,,,,,,,,,,,,,,,
,Home University Seats,,,,,,,,,,,,,,,,,,,,,,
Home University Seats Allotted to Home University Candidates,,,,,,,,,,,,,,,,,,,,,,,
,GOPENH,,,,,,,,,,,,,,,,,,,,,,
85,,,,,,,,,,,,,,,,,,,,,,,
Stage-I, ,,,,,,,,,,,,,,,,,,,,,,
(99.5814637),,,,,,,,,,,,,,,,,,,,,,,
,Other Than Home University Seats,,,,,,,,,,,,,,,,,,,,,,
Other Than Home University Seats Allotted to Other Than Home University Candidates,,,,,,,,,,,,,,,,,,,,,,,
,GOBCO,,,,,,,,,,,,,,,,,,,,,,
197,,,,,,,,,,,,,,,,,,,,,,,
Stage-I, ,,,,,,,,,,,,,,,,,,,,,,
(99.113241),,,,,,,,,,,,,,,,,,,,,,,
,Legends :, ,"Legends: G-General, L-Ladies, S-State Level Seats ,PWD - Persons with Disabilities,DEF - Defence,PWDR :PWD Common Reserved Seat",,,,,,,,,,,,,,,,,,,,
"DEFR :Defense Common Reserved Seat ,* Maharashtra State Seats - Cut Off Indicates State General Merit No. ; Figures in bracket Indicates Merit Score",,,,,,,,,,,,,,,,,,,,,,,
,Page 52 of 192,,,,,,,,,,,,,,,,,,,,,,
GOVERNMENT OF MAHARASHTRA,,,,,,,,,,,,,,,,,,,,,,,
,"Directorate of Technical Education, Maharashtra State, Mumbai.",,,,,,,,,,,,,,,,,,,,,,
,Cut Off List for Maharashtra & Minority Seats of CAP Round-III for Admission to the First Year Post Graduate Technical Course in Master of Computer Applications (MCA) for the Academic Year 2025-26,,,,,,,,,,,,,,,,,,,,,,
,"3216 - Gharda Foundation's Gharda Institute of Technology,Khed, Ratnagiri",,,,,,,,,,,,,,,,,,,,,,
,0321624210 - Master of Computer Applications,,,,,,,,,,,,,,,,,,,,,,
,Status :, ,Un-Aided,,,,,,,,,,,,,,,,,,,,
,Home University Seats,,,,,,,,,,,,,,,,,,,,,,
Home University Seats Allotted to Home University Candidates,,,,,,,,,,,,,,,,,,,,,,,
,GOPENH,,,,,,,,,,,,,,,,,,,,,,
16235,,,,,,,,,,,,,,,,,,,,,,,
Stage-I, ,,,,,,,,,,,,,,,,,,,,,,
(46.3793819),,,,,,,,,,,,,,,,,,,,,,,
,Other Than Home University Seats,,,,,,,,,,,,,,,,,,,,,,
Other Than Home University Seats Allotted to Other Than Home University Candidates,,,,,,,,,,,,,,,,,,,,,,,
,GOPENO,,,,,,,,,,,,,,,,,,,,,,
23980,,,,,,,,,,,,,,,,,,,,,,,
Stage-I, ,,,,,,,,,,,,,,,,,,,,,,
(9.7430286),,,,,,,,,,,,,,,,,,,,,,,
,State Level Seats,,,,,,,,,,,,,,,,,,,,,,
,TFWS,,,,,,,,,,,,,,,,,,,,,,
10101,,,,,,,,,,,,,,,,,,,,,,,
Stage-I, ,,,,,,,,,,,,,,,,,,,,,,
(69.7143504),,,,,,,,,,,,,,,,,,,,,,,
,Legends :, ,"Legends: G-General, L-Ladies, S-State Level Seats ,PWD - Persons with Disabilities,DEF - Defence,PWDR :PWD Common Reserved Seat",,,,,,,,,,,,,,,,,,,,
"DEFR :Defense Common Reserved Seat ,* Maharashtra State Seats - Cut Off Indicates State General Merit No. ; Figures in bracket Indicates Merit Score",,,,,,,,,,,,,,,,,,,,,,,
,Page 53 of 192,,,,,,,,,,,,,,,,,,,,,,
GOVERNMENT OF MAHARASHTRA,,,,,,,,,,,,,,,,,,,,,,,
,"Directorate of Technical Education, Maharashtra State, Mumbai.",,,,,,,,,,,,,,,,,,,,,,
,Cut Off List for Maharashtra & Minority Seats of CAP Round-III for Admission to the First Year Post Graduate Technical Course in Master of Computer Applications (MCA) for the Academic Year 2025-26,,,,,,,,,,,,,,,,,,,,,,
,"3218 - Aldel Education Trust's St. John College of Engineering & Management, Vevoor, Palghar",,,,,,,,,,,,,,,,,,,,,,
,0321824110 - Master in Computer Application,,,,,,,,,,,,,,,,,,,,,,
,Status :, ,Un-Aided-Autonomous-Religious Minority - Christian,,,,,,,,,,,,,,,,,,,,
,Home University Seats,,,,,,,,,,,,,,,,,,,,,,
Home University Seats Allotted to Home University Candidates,,,,,,,,,,,,,,,,,,,,,,,
,GOPENH,,,,,,,,,,,,,,,,,,,,,,
12470,,,,,,,,,,,,,,,,,,,,,,,
Stage-I, ,,,,,,,,,,,,,,,,,,,,,,
(61.2807064),,,,,,,,,,,,,,,,,,,,,,,
,Other Than Home University Seats,,,,,,,,,,,,,,,,,,,,,,
Other Than Home University Seats Allotted to Other Than Home University Candidates,,,,,,,,,,,,,,,,,,,,,,,
,GOPENO,,,,,,,,,,,,,,,,,,,,,,
19655,,,,,,,,,,,,,,,,,,,,,,,
Stage-I, ,,,,,,,,,,,,,,,,,,,,,,
(31.6629561),,,,,,,,,,,,,,,,,,,,,,,
,Other Than Home University Seats Allotted to Home University Candidates,,,,,,,,,,,,,,,,,,,,,,
,GOPENO,,,,,,,,,,,,,,,,,,,,,,
21420,,,,,,,,,,,,,,,,,,,,,,,
Stage-I, ,,,,,,,,,,,,,,,,,,,,,,
(23.1010151),,,,,,,,,,,,,,,,,,,,,,,
,Legends :, ,"Legends: G-General, L-Ladies, S-State Level Seats ,PWD - Persons with Disabilities,DEF - Defence,PWDR :PWD Common Reserved Seat",,,,,,,,,,,,,,,,,,,,
"DEFR :Defense Common Reserved Seat ,* Maharashtra State Seats - Cut Off Indicates State General Merit No. ; Figures in bracket Indicates Merit Score",,,,,,,,,,,,,,,,,,,,,,,
,Page 54 of 192,,,,,,,,,,,,,,,,,,,,,,
GOVERNMENT OF MAHARASHTRA,,,,,,,,,,,,,,,,,,,,,,,
,"Directorate of Technical Education, Maharashtra State, Mumbai.",,,,,,,,,,,,,,,,,,,,,,
,Cut Off List for Maharashtra & Minority Seats of CAP Round-III for Admission to the First Year Post Graduate Technical Course in Master of Computer Applications (MCA) for the Academic Year 2025-26,,,,,,,,,,,,,,,,,,,,,,
,"3221 - Vishnu Waman Thakur Charitable Trust's VIVA Institute of Technology, Virar",,,,,,,,,,,,,,,,,,,,,,
,0322124110 - Master in Computer Application,,,,,,,,,,,,,,,,,,,,,,
,Status :, ,Un-Aided,,,,,,,,,,,,,,,,,,,,
,Home University Seats,,,,,,,,,,,,,,,,,,,,,,
Home University Seats Allotted to Home University Candidates,,,,,,,,,,,,,,,,,,,,,,,
,GOPENH, ,GSCH, ,GSTH, ,GNTAH, ,GNTDH, ,GOBCH, ,GSEBCH, ,PWDOPENH,,,,,,,,
10677,,,,,,,,,,,,,,,,,,,,,,,
Stage-I, ,,,,,,,,,,,,,,,,,,,,,,
(67.3579428),,,,,,,,,,,,,,,,,,,,,,,
15961,11503,12539,12928,15195,14800,,,,,,,,,,,,,,,,,,
,Stage-IV, ,,,,,,,,,,,,,,,,,,,,,
(46.3793819),(63.1574978),(61.2807064),(58.7911466),(51.4093808),(51.4093808),,,,,,,,,,,,,,,,,,
11449,,,,,,,,,,,,,,,,,,,,,,,
,I-Non PWD / DEF, ,,,,,,,,,,,,,,,,,,,,,
(63.1574978),,,,,,,,,,,,,,,,,,,,,,,
,Other Than Home University Seats,,,,,,,,,,,,,,,,,,,,,,
Other Than Home University Seats Allotted to Other Than Home University Candidates,,,,,,,,,,,,,,,,,,,,,,,
,GOPENO,,,,,,,,,,,,,,,,,,,,,,
21002,,,,,,,,,,,,,,,,,,,,,,,
Stage-I, ,,,,,,,,,,,,,,,,,,,,,,
(25.4779232),,,,,,,,,,,,,,,,,,,,,,,
,Other Than Home University Seats Allotted to Home University Candidates,,,,,,,,,,,,,,,,,,,,,,
,GOPENO, ,GSTO, ,GNTAO, ,GOBCO,,,,,,,,,,,,,,,,
16274,,,,,,,,,,,,,,,,,,,,,,,
Stage-I, ,,,,,,,,,,,,,,,,,,,,,,
(46.3793819),,,,,,,,,,,,,,,,,,,,,,,
16547,17086,17216,,,,,,,,,,,,,,,,,,,,,
,Stage-IV, ,,,,,,,,,,,,,,,,,,,,,
(44.5345198),(41.4550394),(41.4550394),,,,,,,,,,,,,,,,,,,,,
,State Level Seats,,,,,,,,,,,,,,,,,,,,,,
,TFWS,,,,,,,,,,,,,,,,,,,,,,
19455,,,,,,,,,,,,,,,,,,,,,,,
Stage-I, ,,,,,,,,,,,,,,,,,,,,,,
(31.6629561),,,,,,,,,,,,,,,,,,,,,,,
,Legends :, ,"Legends: G-General, L-Ladies, S-State Level Seats ,PWD - Persons with Disabilities,DEF - Defence,PWDR :PWD Common Reserved Seat",,,,,,,,,,,,,,,,,,,,
"DEFR :Defense Common Reserved Seat ,* Maharashtra State Seats - Cut Off Indicates State General Merit No. ; Figures in bracket Indicates Merit Score",,,,,,,,,,,,,,,,,,,,,,,
,Page 55 of 192,,,,,,,,,,,,,,,,,,,,,,
GOVERNMENT OF MAHARASHTRA,,,,,,,,,,,,,,,,,,,,,,,
,"Directorate of Technical Education, Maharashtra State, Mumbai.",,,,,,,,,,,,,,,,,,,,,,
,Cut Off List for Maharashtra & Minority Seats of CAP Round-III for Admission to the First Year Post Graduate Technical Course in Master of Computer Applications (MCA) for the Academic Year 2025-26,,,,,,,,,,,,,,,,,,,,,,
,"3223 - Mahatma Education Society's Pillai HOC College of Engineering & Technology, Tal. Khalapur. Dist. Raigad",,,,,,,,,,,,,,,,,,,,,,
,0322324210 - Master of Computer Applications,,,,,,,,,,,,,,,,,,,,,,
,Status :, ,Un-Aided-Autonomous-Linguistic Minority - Malyalam,,,,,,,,,,,,,,,,,,,,
,Home University Seats,,,,,,,,,,,,,,,,,,,,,,
Home University Seats Allotted to Home University Candidates,,,,,,,,,,,,,,,,,,,,,,,
,GOPENH,,,,,,,,,,,,,,,,,,,,,,
9342,,,,,,,,,,,,,,,,,,,,,,,
Stage-I, ,,,,,,,,,,,,,,,,,,,,,,
(71.1549338),,,,,,,,,,,,,,,,,,,,,,,
,Other Than Home University Seats,,,,,,,,,,,,,,,,,,,,,,
Other Than Home University Seats Allotted to Other Than Home University Candidates,,,,,,,,,,,,,,,,,,,,,,,
,GOPENO,,,,,,,,,,,,,,,,,,,,,,
19243,,,,,,,,,,,,,,,,,,,,,,,
Stage-I, ,,,,,,,,,,,,,,,,,,,,,,
(34.5198145),,,,,,,,,,,,,,,,,,,,,,,
,Minority Seats : Minority Seats Allotted to Non Minority Candidates,,,,,,,,,,,,,,,,,,,,,,
,MI-MH,,,,,,,,,,,,,,,,,,,,,,
20054,,,,,,,,,,,,,,,,,,,,,,,
Stage-MI-MH, ,,,,,,,,,,,,,,,,,,,,,,
(29.9046039),,,,,,,,,,,,,,,,,,,,,,,
,Legends :, ,"Legends: G-General, L-Ladies, S-State Level Seats ,PWD - Persons with Disabilities,DEF - Defence,PWDR :PWD Common Reserved Seat",,,,,,,,,,,,,,,,,,,,
"DEFR :Defense Common Reserved Seat ,* Maharashtra State Seats - Cut Off Indicates State General Merit No. ; Figures in bracket Indicates Merit Score",,,,,,,,,,,,,,,,,,,,,,,
,Page 56 of 192,,,,,,,,,,,,,,,,,,,,,,
GOVERNMENT OF MAHARASHTRA,,,,,,,,,,,,,,,,,,,,,,,
,"Directorate of Technical Education, Maharashtra State, Mumbai.",,,,,,,,,,,,,,,,,,,,,,
,Cut Off List for Maharashtra & Minority Seats of CAP Round-III for Admission to the First Year Post Graduate Technical Course in Master of Computer Applications (MCA) for the Academic Year 2025-26,,,,,,,,,,,,,,,,,,,,,,
,"3438 - Aditya Institute of Management Studies & Research, Borivali",,,,,,,,,,,,,,,,,,,,,,
,0343824110 - Master in Computer Application,,,,,,,,,,,,,,,,,,,,,,
,Status :, ,Un-Aided-Linguistic Minority - Hindi,,,,,,,,,,,,,,,,,,,,
,Home University Seats,,,,,,,,,,,,,,,,,,,,,,
Home University Seats Allotted to Home University Candidates,,,,,,,,,,,,,,,,,,,,,,,
,GOPENH,,,,,,,,,,,,,,,,,,,,,,
3821,,,,,,,,,,,,,,,,,,,,,,,
Stage-I, ,,,,,,,,,,,,,,,,,,,,,,
(89.1331398),,,,,,,,,,,,,,,,,,,,,,,
,Other Than Home University Seats,,,,,,,,,,,,,,,,,,,,,,
Other Than Home University Seats Allotted to Other Than Home University Candidates,,,,,,,,,,,,,,,,,,,,,,,
,GOPENO,,,,,,,,,,,,,,,,,,,,,,
5487,,,,,,,,,,,,,,,,,,,,,,,
Stage-I, ,,,,,,,,,,,,,,,,,,,,,,
(82.9644433),,,,,,,,,,,,,,,,,,,,,,,
,State Level Seats,,,,,,,,,,,,,,,,,,,,,,
,TFWS,,,,,,,,,,,,,,,,,,,,,,
3098,,,,,,,,,,,,,,,,,,,,,,,
Stage-I, ,,,,,,,,,,,,,,,,,,,,,,
(90.7733494),,,,,,,,,,,,,,,,,,,,,,,
,Minority Seats : Minority Seats Allotted to Minority Candidates,,,,,,,,,,,,,,,,,,,,,,
,MI,,,,,,,,,,,,,,,,,,,,,,
21630,,,,,,,,,,,,,,,,,,,,,,,
Stage-I, ,,,,,,,,,,,,,,,,,,,,,,
(23.1010151),,,,,,,,,,,,,,,,,,,,,,,
,Legends :, ,"Legends: G-General, L-Ladies, S-State Level Seats ,PWD - Persons with Disabilities,DEF - Defence,PWDR :PWD Common Reserved Seat",,,,,,,,,,,,,,,,,,,,
"DEFR :Defense Common Reserved Seat ,* Maharashtra State Seats - Cut Off Indicates State General Merit No. ; Figures in bracket Indicates Merit Score",,,,,,,,,,,,,,,,,,,,,,,
,Page 57 of 192,,,,,,,,,,,,,,,,,,,,,,
GOVERNMENT OF MAHARASHTRA,,,,,,,,,,,,,,,,,,,,,,,
,"Directorate of Technical Education, Maharashtra State, Mumbai.",,,,,,,,,,,,,,,,,,,,,,
,Cut Off List for Maharashtra & Minority Seats of CAP Round-III for Admission to the First Year Post Graduate Technical Course in Master of Computer Applications (MCA) for the Academic Year 2025-26,,,,,,,,,,,,,,,,,,,,,,
,"3438 - Aditya Institute of Management Studies & Research, Borivali",,,,,,,,,,,,,,,,,,,,,,
,0343824110 - Master in Computer Application,,,,,,,,,,,,,,,,,,,,,,
,Status :, ,Un-Aided-Linguistic Minority - Hindi,,,,,,,,,,,,,,,,,,,,
,Minority Seats : Minority Seats Allotted to Non Minority Candidates,,,,,,,,,,,,,,,,,,,,,,
,MI-MH,,,,,,,,,,,,,,,,,,,,,,
6866,,,,,,,,,,,,,,,,,,,,,,,
Stage-MI-MH, ,,,,,,,,,,,,,,,,,,,,,,
(79.9969812),,,,,,,,,,,,,,,,,,,,,,,
,Legends :, ,"Legends: G-General, L-Ladies, S-State Level Seats ,PWD - Persons with Disabilities,DEF - Defence,PWDR :PWD Common Reserved Seat",,,,,,,,,,,,,,,,,,,,
"DEFR :Defense Common Reserved Seat ,* Maharashtra State Seats - Cut Off Indicates State General Merit No. ; Figures in bracket Indicates Merit Score",,,,,,,,,,,,,,,,,,,,,,,
,Page 58 of 192,,,,,,,,,,,,,,,,,,,,,,
GOVERNMENT OF MAHARASHTRA,,,,,,,,,,,,,,,,,,,,,,,
,"Directorate of Technical Education, Maharashtra State, Mumbai.",,,,,,,,,,,,,,,,,,,,,,
,Cut Off List for Maharashtra & Minority Seats of CAP Round-III for Admission to the First Year Post Graduate Technical Course in Master of Computer Applications (MCA) for the Academic Year 2025-26,,,,,,,,,,,,,,,,,,,,,,
,"3539 - St. Wilfred's College of Computer Sciences, Mira Road(E)",,,,,,,,,,,,,,,,,,,,,,
,0353924110 - Master in Computer Application,,,,,,,,,,,,,,,,,,,,,,
,Status :, ,Un-Aided,,,,,,,,,,,,,,,,,,,,
,Home University Seats,,,,,,,,,,,,,,,,,,,,,,
Home University Seats Allotted to Home University Candidates,,,,,,,,,,,,,,,,,,,,,,,
,GOPENH, ,GSCH, ,GSTH, ,GNTAH, ,GNTCH, ,GNTDH, ,GOBCH, ,GSEBCH, ,PWDOPENH,,,,,,
11946,19691,21124,2536,,,,,,,,,,,,,,,,,,,,
Stage-I, ,,,,,,,,,,,,,,,,,,,,,,
(63.1574978),(31.6629561),(25.4779232),(92.1797821),,,,,,,,,,,,,,,,,,,,
13800,14488,15613,15854,18768,23095,25292,,,,,,,,,,,,,,,,,
,Stage-IV, ,,,,,,,,,,,,,,,,,,,,,
(56.5488095),(53.942159),(49.3533426),(49.3533426),(36.496736),(15.5994113),(2.0301121),,,,,,,,,,,,,,,,,
12967,,,,,,,,,,,,,,,,,,,,,,,
,I-Non PWD / DEF, ,,,,,,,,,,,,,,,,,,,,,
(58.7911466),,,,,,,,,,,,,,,,,,,,,,,
,Other Than Home University Seats,,,,,,,,,,,,,,,,,,,,,,
Other Than Home University Seats Allotted to Other Than Home University Candidates,,,,,,,,,,,,,,,,,,,,,,,
,GOPENO,,,,,,,,,,,,,,,,,,,,,,
21581,,,,,,,,,,,,,,,,,,,,,,,
Stage-I, ,,,,,,,,,,,,,,,,,,,,,,
(23.1010151),,,,,,,,,,,,,,,,,,,,,,,
,Other Than Home University Seats Allotted to Home University Candidates,,,,,,,,,,,,,,,,,,,,,,
,GOPENO,,,,,,,,,,,,,,,,,,,,,,
22062,,,,,,,,,,,,,,,,,,,,,,,
Stage-I, ,,,,,,,,,,,,,,,,,,,,,,
(21.0059952),,,,,,,,,,,,,,,,,,,,,,,
,Legends :, ,"Legends: G-General, L-Ladies, S-State Level Seats ,PWD - Persons with Disabilities,DEF - Defence,PWDR :PWD Common Reserved Seat",,,,,,,,,,,,,,,,,,,,
"DEFR :Defense Common Reserved Seat ,* Maharashtra State Seats - Cut Off Indicates State General Merit No. ; Figures in bracket Indicates Merit Score",,,,,,,,,,,,,,,,,,,,,,,
,Page 59 of 192,,,,,,,,,,,,,,,,,,,,,,
GOVERNMENT OF MAHARASHTRA,,,,,,,,,,,,,,,,,,,,,,,
,"Directorate of Technical Education, Maharashtra State, Mumbai.",,,,,,,,,,,,,,,,,,,,,,
,Cut Off List for Maharashtra & Minority Seats of CAP Round-III for Admission to the First Year Post Graduate Technical Course in Master of Computer Applications (MCA) for the Academic Year 2025-26,,,,,,,,,,,,,,,,,,,,,,
,3651 - KANDIVLI EDUCATION SOCIETY'S B K SHROFF COLLEGE OF ARTS AND M H SHROFF COLLEGE OF COMMERCE,,,,,,,,,,,,,,,,,,,,,,
,0365124110 - Master in Computer Application,,,,,,,,,,,,,,,,,,,,,,
,Status :, ,Un-Aided-Autonomous-Linguistic Minority - Gujarathi,,,,,,,,,,,,,,,,,,,,
,Home University Seats,,,,,,,,,,,,,,,,,,,,,,
Home University Seats Allotted to Home University Candidates,,,,,,,,,,,,,,,,,,,,,,,
,GOPENH,,,,,,,,,,,,,,,,,,,,,,
1964,,,,,,,,,,,,,,,,,,,,,,,
Stage-I, ,,,,,,,,,,,,,,,,,,,,,,
(93.5511867),,,,,,,,,,,,,,,,,,,,,,,
,Other Than Home University Seats,,,,,,,,,,,,,,,,,,,,,,
Other Than Home University Seats Allotted to Other Than Home University Candidates,,,,,,,,,,,,,,,,,,,,,,,
,GOPENO,,,,,,,,,,,,,,,,,,,,,,
9846,,,,,,,,,,,,,,,,,,,,,,,
Stage-I, ,,,,,,,,,,,,,,,,,,,,,,
(69.7143504),,,,,,,,,,,,,,,,,,,,,,,
,Minority Seats : Minority Seats Allotted to Minority Candidates,,,,,,,,,,,,,,,,,,,,,,
,MI,,,,,,,,,,,,,,,,,,,,,,
683A,,,,,,,,,,,,,,,,,,,,,,,
Stage-I, ,,,,,,,,,,,,,,,,,,,,,,
(97.6265047),,,,,,,,,,,,,,,,,,,,,,,
,Minority Seats : Minority Seats Allotted to Non Minority Candidates,,,,,,,,,,,,,,,,,,,,,,
,MI-MH,,,,,,,,,,,,,,,,,,,,,,
6639,,,,,,,,,,,,,,,,,,,,,,,
Stage-MI-MH, ,,,,,,,,,,,,,,,,,,,,,,
(79.9969812),,,,,,,,,,,,,,,,,,,,,,,
,Legends :, ,"Legends: G-General, L-Ladies, S-State Level Seats ,PWD - Persons with Disabilities,DEF - Defence,PWDR :PWD Common Reserved Seat",,,,,,,,,,,,,,,,,,,,
"DEFR :Defense Common Reserved Seat ,* Maharashtra State Seats - Cut Off Indicates State General Merit No. ; Figures in bracket Indicates Merit Score",,,,,,,,,,,,,,,,,,,,,,,
,Page 60 of 192,,,,,,,,,,,,,,,,,,,,,,
GOVERNMENT OF MAHARASHTRA,,,,,,,,,,,,,,,,,,,,,,,
,"Directorate of Technical Education, Maharashtra State, Mumbai.",,,,,,,,,,,,,,,,,,,,,,
,Cut Off List for Maharashtra & Minority Seats of CAP Round-III for Admission to the First Year Post Graduate Technical Course in Master of Computer Applications (MCA) for the Academic Year 2025-26,,,,,,,,,,,,,,,,,,,,,,
,"4003 - Inter Institutional Computer Center and Dept. of Computer Science & Electronics, RTM Nagpur University",,,,,,,,,,,,,,,,,,,,,,
,0400324110 - Master in Computer Application,,,,,,,,,,,,,,,,,,,,,,
,Status :, ,University Department,,,,,,,,,,,,,,,,,,,,
,Home University Seats,,,,,,,,,,,,,,,,,,,,,,
Home University Seats Allotted to Home University Candidates,,,,,,,,,,,,,,,,,,,,,,,
,GSCH, ,GOBCH,,,,,,,,,,,,,,,,,,,,
1495,4909,,,,,,,,,,,,,,,,,,,,,,
Stage-I, ,,,,,,,,,,,,,,,,,,,,,,
(94.6454851),(85.2118788),,,,,,,,,,,,,,,,,,,,,,
,Home University Seats Allotted to Other Than Home University Candidates,,,,,,,,,,,,,,,,,,,,,,
,GSEBCH,,,,,,,,,,,,,,,,,,,,,,
15232,,,,,,,,,,,,,,,,,,,,,,,
Stage-I, ,,,,,,,,,,,,,,,,,,,,,,
(49.3533426),,,,,,,,,,,,,,,,,,,,,,,
,Other Than Home University Seats,,,,,,,,,,,,,,,,,,,,,,
Other Than Home University Seats Allotted to Other Than Home University Candidates,,,,,,,,,,,,,,,,,,,,,,,
,GOPENO, ,GSCO,,,,,,,,,,,,,,,,,,,,
2434,4174,,,,,,,,,,,,,,,,,,,,,,
Stage-I, ,,,,,,,,,,,,,,,,,,,,,,
(92.1797821),(87.2080299),,,,,,,,,,,,,,,,,,,,,,
,State Level Seats,,,,,,,,,,,,,,,,,,,,,,
,EWS,,,,,,,,,,,,,,,,,,,,,,
12236,,,,,,,,,,,,,,,,,,,,,,,
Stage-I, ,,,,,,,,,,,,,,,,,,,,,,
(61.2807064),,,,,,,,,,,,,,,,,,,,,,,
,Legends :, ,"Legends: G-General, L-Ladies, S-State Level Seats ,PWD - Persons with Disabilities,DEF - Defence,PWDR :PWD Common Reserved Seat",,,,,,,,,,,,,,,,,,,,
"DEFR :Defense Common Reserved Seat ,* Maharashtra State Seats - Cut Off Indicates State General Merit No. ; Figures in bracket Indicates Merit Score",,,,,,,,,,,,,,,,,,,,,,,
,Page 61 of 192,,,,,,,,,,,,,,,,,,,,,,
GOVERNMENT OF MAHARASHTRA,,,,,,,,,,,,,,,,,,,,,,,
,"Directorate of Technical Education, Maharashtra State, Mumbai.",,,,,,,,,,,,,,,,,,,,,,
,Cut Off List for Maharashtra & Minority Seats of CAP Round-III for Admission to the First Year Post Graduate Technical Course in Master of Computer Applications (MCA) for the Academic Year 2025-26,,,,,,,,,,,,,,,,,,,,,,
,"4124 - Amar Seva Mandal's Kamla Nehru Mahavidyalaya, Nagpur",,,,,,,,,,,,,,,,,,,,,,
,0412424110 - Master in Computer Application,,,,,,,,,,,,,,,,,,,,,,
,Status :, ,Un-Aided,,,,,,,,,,,,,,,,,,,,
,Home University Seats,,,,,,,,,,,,,,,,,,,,,,
Home University Seats Allotted to Home University Candidates,,,,,,,,,,,,,,,,,,,,,,,
,GOPENH, ,GSCH, ,GSTH, ,GNTCH, ,GOBCH, ,GSEBCH,,,,,,,,,,,,
15425,18775,18075,,,,,,,,,,,,,,,,,,,,,
Stage-I, ,,,,,,,,,,,,,,,,,,,,,,
(49.3533426),(36.496736),(39.3989669),,,,,,,,,,,,,,,,,,,,,
19125,16976,19599,,,,,,,,,,,,,,,,,,,,,
,Stage-IV, ,,,,,,,,,,,,,,,,,,,,,
(34.5198145),(44.5345198),(31.6629561),,,,,,,,,,,,,,,,,,,,,
,Other Than Home University Seats,,,,,,,,,,,,,,,,,,,,,,
Other Than Home University Seats Allotted to Other Than Home University Candidates,,,,,,,,,,,,,,,,,,,,,,,
,GOPENO, ,GSTO, ,GNTCO, ,GOBCO, ,GSEBCO,,,,,,,,,,,,,,
21149,23646,,,,,,,,,,,,,,,,,,,,,,
Stage-I, ,,,,,,,,,,,,,,,,,,,,,,
(25.4779232),(12.4750009),,,,,,,,,,,,,,,,,,,,,,
23823,24146,24443,,,,,,,,,,,,,,,,,,,,,
,Stage-IV, ,,,,,,,,,,,,,,,,,,,,,
(10.5199653),(7.9446476),(7.4072677),,,,,,,,,,,,,,,,,,,,,
,Other Than Home University Seats Allotted to Home University Candidates,,,,,,,,,,,,,,,,,,,,,,
,GSCO,,,,,,,,,,,,,,,,,,,,,,
20130,,,,,,,,,,,,,,,,,,,,,,,
Stage-I, ,,,,,,,,,,,,,,,,,,,,,,
(29.9046039),,,,,,,,,,,,,,,,,,,,,,,
,Legends :, ,"Legends: G-General, L-Ladies, S-State Level Seats ,PWD - Persons with Disabilities,DEF - Defence,PWDR :PWD Common Reserved Seat",,,,,,,,,,,,,,,,,,,,
"DEFR :Defense Common Reserved Seat ,* Maharashtra State Seats - Cut Off Indicates State General Merit No. ; Figures in bracket Indicates Merit Score",,,,,,,,,,,,,,,,,,,,,,,
,Page 62 of 192,,,,,,,,,,,,,,,,,,,,,,
GOVERNMENT OF MAHARASHTRA,,,,,,,,,,,,,,,,,,,,,,,
,"Directorate of Technical Education, Maharashtra State, Mumbai.",,,,,,,,,,,,,,,,,,,,,,
,Cut Off List for Maharashtra & Minority Seats of CAP Round-III for Admission to the First Year Post Graduate Technical Course in Master of Computer Applications (MCA) for the Academic Year 2025-26,,,,,,,,,,,,,,,,,,,,,,
,"4128 - Ranibai Agnihotri Institute of Computer Information Technology, Wardha",,,,,,,,,,,,,,,,,,,,,,
,0412824110 - Master in Computer Application,,,,,,,,,,,,,,,,,,,,,,
,Status :, ,Un-Aided,,,,,,,,,,,,,,,,,,,,
,Home University Seats,,,,,,,,,,,,,,,,,,,,,,
Home University Seats Allotted to Home University Candidates,,,,,,,,,,,,,,,,,,,,,,,
,GSEBCH,,,,,,,,,,,,,,,,,,,,,,
22970,,,,,,,,,,,,,,,,,,,,,,,
Stage-IV, ,,,,,,,,,,,,,,,,,,,,,,
(15.5994113),,,,,,,,,,,,,,,,,,,,,,,
,Other Than Home University Seats,,,,,,,,,,,,,,,,,,,,,,
Other Than Home University Seats Allotted to Other Than Home University Candidates,,,,,,,,,,,,,,,,,,,,,,,
,GSTO, ,GNTBO, ,GOBCO, ,GSEBCO,,,,,,,,,,,,,,,,
20151,22580,24603,,,,,,,,,,,,,,,,,,,,,
Stage-IV, ,,,,,,,,,,,,,,,,,,,,,,
(29.9046039),(16.9789978),(5.9311489),,,,,,,,,,,,,,,,,,,,,
19360,,,,,,,,,,,,,,,,,,,,,,,
,Stage-I, ,,,,,,,,,,,,,,,,,,,,,
(31.6629561),,,,,,,,,,,,,,,,,,,,,,,
,Legends :, ,"Legends: G-General, L-Ladies, S-State Level Seats ,PWD - Persons with Disabilities,DEF - Defence,PWDR :PWD Common Reserved Seat",,,,,,,,,,,,,,,,,,,,
"DEFR :Defense Common Reserved Seat ,* Maharashtra State Seats - Cut Off Indicates State General Merit No. ; Figures in bracket Indicates Merit Score",,,,,,,,,,,,,,,,,,,,,,,
,Page 63 of 192,,,,,,,,,,,,,,,,,,,,,,
GOVERNMENT OF MAHARASHTRA,,,,,,,,,,,,,,,,,,,,,,,
,"Directorate of Technical Education, Maharashtra State, Mumbai.",,,,,,,,,,,,,,,,,,,,,,
,Cut Off List for Maharashtra & Minority Seats of CAP Round-III for Admission to the First Year Post Graduate Technical Course in Master of Computer Applications (MCA) for the Academic Year 2025-26,,,,,,,,,,,,,,,,,,,,,,
,"4133 - Sanmarg Shikshan Sanstha's Smt. Radhikatai Pandav College of Engineering, Nagpur",,,,,,,,,,,,,,,,,,,,,,
,0413324110 - Master in Computer Application,,,,,,,,,,,,,,,,,,,,,,
,Status :, ,Un-Aided,,,,,,,,,,,,,,,,,,,,
,Home University Seats,,,,,,,,,,,,,,,,,,,,,,
Home University Seats Allotted to Home University Candidates,,,,,,,,,,,,,,,,,,,,,,,
,GOPENH, ,GSTH, ,GNTBH, ,GOBCH,,,,,,,,,,,,,,,,
16232,22243,18428,,,,,,,,,,,,,,,,,,,,,
Stage-I, ,,,,,,,,,,,,,,,,,,,,,,
(46.3793819),(19.1539942),(36.496736),,,,,,,,,,,,,,,,,,,,,
16556,,,,,,,,,,,,,,,,,,,,,,,
,Stage-IV, ,,,,,,,,,,,,,,,,,,,,,
(44.5345198),,,,,,,,,,,,,,,,,,,,,,,
,Other Than Home University Seats,,,,,,,,,,,,,,,,,,,,,,
Other Than Home University Seats Allotted to Other Than Home University Candidates,,,,,,,,,,,,,,,,,,,,,,,
,GOPENO, ,GSCO, ,GNTAO,,,,,,,,,,,,,,,,,,
14870,22581,,,,,,,,,,,,,,,,,,,,,,
Stage-I, ,,,,,,,,,,,,,,,,,,,,,,
(51.4093808),(16.9789978),,,,,,,,,,,,,,,,,,,,,,
19690,,,,,,,,,,,,,,,,,,,,,,,
,Stage-IV, ,,,,,,,,,,,,,,,,,,,,,
(31.6629561),,,,,,,,,,,,,,,,,,,,,,,
,Legends :, ,"Legends: G-General, L-Ladies, S-State Level Seats ,PWD - Persons with Disabilities,DEF - Defence,PWDR :PWD Common Reserved Seat",,,,,,,,,,,,,,,,,,,,
"DEFR :Defense Common Reserved Seat ,* Maharashtra State Seats - Cut Off Indicates State General Merit No. ; Figures in bracket Indicates Merit Score",,,,,,,,,,,,,,,,,,,,,,,
,Page 64 of 192,,,,,,,,,,,,,,,,,,,,,,
GOVERNMENT OF MAHARASHTRA,,,,,,,,,,,,,,,,,,,,,,,
,"Directorate of Technical Education, Maharashtra State, Mumbai.",,,,,,,,,,,,,,,,,,,,,,
,Cut Off List for Maharashtra & Minority Seats of CAP Round-III for Admission to the First Year Post Graduate Technical Course in Master of Computer Applications (MCA) for the Academic Year 2025-26,,,,,,,,,,,,,,,,,,,,,,
,"4137 - Sir Shantilal Badjate Charitable Trust's S. B. Jain Institute of technology, Management & Research, Nagpur",,,,,,,,,,,,,,,,,,,,,,
,0413724210 - Master of Computer Applications,,,,,,,,,,,,,,,,,,,,,,
,Status :, ,Un-Aided-Autonomous-Linguistic Minority - Hindi,,,,,,,,,,,,,,,,,,,,
,Home University Seats,,,,,,,,,,,,,,,,,,,,,,
Home University Seats Allotted to Home University Candidates,,,,,,,,,,,,,,,,,,,,,,,
,GOPENH,,,,,,,,,,,,,,,,,,,,,,
15221,,,,,,,,,,,,,,,,,,,,,,,
Stage-I, ,,,,,,,,,,,,,,,,,,,,,,
(51.4093808),,,,,,,,,,,,,,,,,,,,,,,
,Other Than Home University Seats,,,,,,,,,,,,,,,,,,,,,,
Other Than Home University Seats Allotted to Other Than Home University Candidates,,,,,,,,,,,,,,,,,,,,,,,
,GOPENO,,,,,,,,,,,,,,,,,,,,,,
19968,,,,,,,,,,,,,,,,,,,,,,,
Stage-I, ,,,,,,,,,,,,,,,,,,,,,,
(29.9046039),,,,,,,,,,,,,,,,,,,,,,,
,Minority Seats : Minority Seats Allotted to Non Minority Candidates,,,,,,,,,,,,,,,,,,,,,,
,MI-MH,,,,,,,,,,,,,,,,,,,,,,
15770,,,,,,,,,,,,,,,,,,,,,,,
Stage-MI-MH, ,,,,,,,,,,,,,,,,,,,,,,
(49.3533426),,,,,,,,,,,,,,,,,,,,,,,
,Legends :, ,"Legends: G-General, L-Ladies, S-State Level Seats ,PWD - Persons with Disabilities,DEF - Defence,PWDR :PWD Common Reserved Seat",,,,,,,,,,,,,,,,,,,,
"DEFR :Defense Common Reserved Seat ,* Maharashtra State Seats - Cut Off Indicates State General Merit No. ; Figures in bracket Indicates Merit Score",,,,,,,,,,,,,,,,,,,,,,,
,Page 65 of 192,,,,,,,,,,,,,,,,,,,,,,
GOVERNMENT OF MAHARASHTRA,,,,,,,,,,,,,,,,,,,,,,,
,"Directorate of Technical Education, Maharashtra State, Mumbai.",,,,,,,,,,,,,,,,,,,,,,
,Cut Off List for Maharashtra & Minority Seats of CAP Round-III for Admission to the First Year Post Graduate Technical Course in Master of Computer Applications (MCA) for the Academic Year 2025-26,,,,,,,,,,,,,,,,,,,,,,
,"4138 - Jaidev Education Society, J D College of Engineering and Management, Nagpur",,,,,,,,,,,,,,,,,,,,,,
,0413824110 - Master in Computer Application,,,,,,,,,,,,,,,,,,,,,,
,Status :, ,Un-Aided-Autonomous-Linguistic Minority - Hindi,,,,,,,,,,,,,,,,,,,,
,Home University Seats,,,,,,,,,,,,,,,,,,,,,,
Home University Seats Allotted to Home University Candidates,,,,,,,,,,,,,,,,,,,,,,,
,GOPENH,,,,,,,,,,,,,,,,,,,,,,
16910,,,,,,,,,,,,,,,,,,,,,,,
Stage-I, ,,,,,,,,,,,,,,,,,,,,,,
(44.5345198),,,,,,,,,,,,,,,,,,,,,,,
,Other Than Home University Seats,,,,,,,,,,,,,,,,,,,,,,
Other Than Home University Seats Allotted to Other Than Home University Candidates,,,,,,,,,,,,,,,,,,,,,,,
,GOPENO,,,,,,,,,,,,,,,,,,,,,,
22871,,,,,,,,,,,,,,,,,,,,,,,
Stage-I, ,,,,,,,,,,,,,,,,,,,,,,
(15.5994113),,,,,,,,,,,,,,,,,,,,,,,
,State Level Seats,,,,,,,,,,,,,,,,,,,,,,
,TFWS,,,,,,,,,,,,,,,,,,,,,,
24004,,,,,,,,,,,,,,,,,,,,,,,
Stage-I, ,,,,,,,,,,,,,,,,,,,,,,
(9.7430286),,,,,,,,,,,,,,,,,,,,,,,
,Minority Seats : Minority Seats Allotted to Non Minority Candidates,,,,,,,,,,,,,,,,,,,,,,
,MI-MH,,,,,,,,,,,,,,,,,,,,,,
22951,,,,,,,,,,,,,,,,,,,,,,,
Stage-MI-MH, ,,,,,,,,,,,,,,,,,,,,,,
(15.5994113),,,,,,,,,,,,,,,,,,,,,,,
,Legends :, ,"Legends: G-General, L-Ladies, S-State Level Seats ,PWD - Persons with Disabilities,DEF - Defence,PWDR :PWD Common Reserved Seat",,,,,,,,,,,,,,,,,,,,
"DEFR :Defense Common Reserved Seat ,* Maharashtra State Seats - Cut Off Indicates State General Merit No. ; Figures in bracket Indicates Merit Score",,,,,,,,,,,,,,,,,,,,,,,
,Page 66 of 192,,,,,,,,,,,,,,,,,,,,,,
GOVERNMENT OF MAHARASHTRA,,,,,,,,,,,,,,,,,,,,,,,
,"Directorate of Technical Education, Maharashtra State, Mumbai.",,,,,,,,,,,,,,,,,,,,,,
,Cut Off List for Maharashtra & Minority Seats of CAP Round-III for Admission to the First Year Post Graduate Technical Course in Master of Computer Applications (MCA) for the Academic Year 2025-26,,,,,,,,,,,,,,,,,,,,,,
,"4142 - G H Raisoni College of Engineering & Management, Nagpur",,,,,,,,,,,,,,,,,,,,,,
,0414224110 - Master in Computer Application,,,,,,,,,,,,,,,,,,,,,,
,Status :, ,Un-Aided-Autonomous-Linguistic Minority - Hindi,,,,,,,,,,,,,,,,,,,,
,Home University Seats,,,,,,,,,,,,,,,,,,,,,,
Home University Seats Allotted to Home University Candidates,,,,,,,,,,,,,,,,,,,,,,,
,GOPENH,,,,,,,,,,,,,,,,,,,,,,
3988,,,,,,,,,,,,,,,,,,,,,,,
Stage-I, ,,,,,,,,,,,,,,,,,,,,,,
(87.3496474),,,,,,,,,,,,,,,,,,,,,,,
,Other Than Home University Seats,,,,,,,,,,,,,,,,,,,,,,
Other Than Home University Seats Allotted to Other Than Home University Candidates,,,,,,,,,,,,,,,,,,,,,,,
,GOPENO,,,,,,,,,,,,,,,,,,,,,,
8521,,,,,,,,,,,,,,,,,,,,,,,
Stage-I, ,,,,,,,,,,,,,,,,,,,,,,
(73.5368477),,,,,,,,,,,,,,,,,,,,,,,
,State Level Seats,,,,,,,,,,,,,,,,,,,,,,
,TFWS,,,,,,,,,,,,,,,,,,,,,,
2840,,,,,,,,,,,,,,,,,,,,,,,
Stage-I, ,,,,,,,,,,,,,,,,,,,,,,
(90.9663786),,,,,,,,,,,,,,,,,,,,,,,
,Minority Seats : Minority Seats Allotted to Non Minority Candidates,,,,,,,,,,,,,,,,,,,,,,
,MI-MH,,,,,,,,,,,,,,,,,,,,,,
13206,,,,,,,,,,,,,,,,,,,,,,,
Stage-MI-MH, ,,,,,,,,,,,,,,,,,,,,,,
(58.7911466),,,,,,,,,,,,,,,,,,,,,,,
,Legends :, ,"Legends: G-General, L-Ladies, S-State Level Seats ,PWD - Persons with Disabilities,DEF - Defence,PWDR :PWD Common Reserved Seat",,,,,,,,,,,,,,,,,,,,
"DEFR :Defense Common Reserved Seat ,* Maharashtra State Seats - Cut Off Indicates State General Merit No. ; Figures in bracket Indicates Merit Score",,,,,,,,,,,,,,,,,,,,,,,
,Page 67 of 192,,,,,,,,,,,,,,,,,,,,,,
GOVERNMENT OF MAHARASHTRA,,,,,,,,,,,,,,,,,,,,,,,
,"Directorate of Technical Education, Maharashtra State, Mumbai.",,,,,,,,,,,,,,,,,,,,,,
,Cut Off List for Maharashtra & Minority Seats of CAP Round-III for Admission to the First Year Post Graduate Technical Course in Master of Computer Applications (MCA) for the Academic Year 2025-26,,,,,,,,,,,,,,,,,,,,,,
,"4145 - Wainganga College of Engineering and Management, Dongargaon, Nagpur",,,,,,,,,,,,,,,,,,,,,,
,0414524110 - Master in Computer Application,,,,,,,,,,,,,,,,,,,,,,
,Status :, ,Un-Aided-Autonomous,,,,,,,,,,,,,,,,,,,,
,Home University Seats,,,,,,,,,,,,,,,,,,,,,,
Home University Seats Allotted to Home University Candidates,,,,,,,,,,,,,,,,,,,,,,,
,GOPENH, ,GSCH, ,GSTH, ,GNTCH, ,GNTDH, ,GOBCH, ,GSEBCH, ,PWDOBCH,,,,,,,,
17054,20353,20645,,,,,,,,,,,,,,,,,,,,,
Stage-I, ,,,,,,,,,,,,,,,,,,,,,,
(41.4550394),(27.2744425),(27.2744425),,,,,,,,,,,,,,,,,,,,,
22388,22379,18532,22316,,,,,,,,,,,,,,,,,,,,
,Stage-IV, ,,,,,,,,,,,,,,,,,,,,,
(19.1539942),(19.1539942),(36.496736),(19.1539942),,,,,,,,,,,,,,,,,,,,
21191,,,,,,,,,,,,,,,,,,,,,,,
,I-Non PWD / DEF, ,,,,,,,,,,,,,,,,,,,,,
(25.4779232),,,,,,,,,,,,,,,,,,,,,,,
,Other Than Home University Seats,,,,,,,,,,,,,,,,,,,,,,
Other Than Home University Seats Allotted to Other Than Home University Candidates,,,,,,,,,,,,,,,,,,,,,,,
,GSTO, ,GNTBO, ,GOBCO, ,GSEBCO,,,,,,,,,,,,,,,,
11207,18416,,,,,,,,,,,,,,,,,,,,,,
Stage-IV, ,,,,,,,,,,,,,,,,,,,,,,
(65.8578922),(36.496736),,,,,,,,,,,,,,,,,,,,,,
23198,6266,,,,,,,,,,,,,,,,,,,,,,
,Stage-I, ,,,,,,,,,,,,,,,,,,,,,
(13.5402134),(80.5399495),,,,,,,,,,,,,,,,,,,,,,
,State Level Seats,,,,,,,,,,,,,,,,,,,,,,
,TFWS,,,,,,,,,,,,,,,,,,,,,,
24081,,,,,,,,,,,,,,,,,,,,,,,
Stage-I, ,,,,,,,,,,,,,,,,,,,,,,
(9.7430286),,,,,,,,,,,,,,,,,,,,,,,
,Legends :, ,"Legends: G-General, L-Ladies, S-State Level Seats ,PWD - Persons with Disabilities,DEF - Defence,PWDR :PWD Common Reserved Seat",,,,,,,,,,,,,,,,,,,,
"DEFR :Defense Common Reserved Seat ,* Maharashtra State Seats - Cut Off Indicates State General Merit No. ; Figures in bracket Indicates Merit Score",,,,,,,,,,,,,,,,,,,,,,,
,Page 68 of 192,,,,,,,,,,,,,,,,,,,,,,
GOVERNMENT OF MAHARASHTRA,,,,,,,,,,,,,,,,,,,,,,,
,"Directorate of Technical Education, Maharashtra State, Mumbai.",,,,,,,,,,,,,,,,,,,,,,
,Cut Off List for Maharashtra & Minority Seats of CAP Round-III for Admission to the First Year Post Graduate Technical Course in Master of Computer Applications (MCA) for the Academic Year 2025-26,,,,,,,,,,,,,,,,,,,,,,
,"4147 - K.D.K. College of Engineering, Nagpur",,,,,,,,,,,,,,,,,,,,,,
,0414724110 - Master in Computer Application,,,,,,,,,,,,,,,,,,,,,,
,Status :, ,Un-Aided-Autonomous,,,,,,,,,,,,,,,,,,,,
,Home University Seats,,,,,,,,,,,,,,,,,,,,,,
Home University Seats Allotted to Home University Candidates,,,,,,,,,,,,,,,,,,,,,,,
,GOPENH, ,GNTAH, ,GNTDH, ,GOBCH,,,,,,,,,,,,,,,,
5088,9073,,,,,,,,,,,,,,,,,,,,,,
Stage-I, ,,,,,,,,,,,,,,,,,,,,,,
(85.2118788),(71.1549338),,,,,,,,,,,,,,,,,,,,,,
13370,13379,,,,,,,,,,,,,,,,,,,,,,
,Stage-IV, ,,,,,,,,,,,,,,,,,,,,,
(56.5488095),(56.5488095),,,,,,,,,,,,,,,,,,,,,,
,Other Than Home University Seats,,,,,,,,,,,,,,,,,,,,,,
Other Than Home University Seats Allotted to Other Than Home University Candidates,,,,,,,,,,,,,,,,,,,,,,,
,GOPENO, ,GSCO, ,GSTO, ,GNTDO, ,GOBCO, ,GSEBCO,,,,,,,,,,,,
10776,15414,19482,14854,,,,,,,,,,,,,,,,,,,,
Stage-I, ,,,,,,,,,,,,,,,,,,,,,,
(67.3579428),(49.3533426),(31.6629561),(51.4093808),,,,,,,,,,,,,,,,,,,,
17073,17200,,,,,,,,,,,,,,,,,,,,,,
,Stage-IV, ,,,,,,,,,,,,,,,,,,,,,
(41.4550394),(41.4550394),,,,,,,,,,,,,,,,,,,,,,
,State Level Seats,,,,,,,,,,,,,,,,,,,,,,
,TFWS,,,,,,,,,,,,,,,,,,,,,,
14674,,,,,,,,,,,,,,,,,,,,,,,
Stage-I, ,,,,,,,,,,,,,,,,,,,,,,
(51.4093808),,,,,,,,,,,,,,,,,,,,,,,
,Legends :, ,"Legends: G-General, L-Ladies, S-State Level Seats ,PWD - Persons with Disabilities,DEF - Defence,PWDR :PWD Common Reserved Seat",,,,,,,,,,,,,,,,,,,,
"DEFR :Defense Common Reserved Seat ,* Maharashtra State Seats - Cut Off Indicates State General Merit No. ; Figures in bracket Indicates Merit Score",,,,,,,,,,,,,,,,,,,,,,,
,Page 69 of 192,,,,,,,,,,,,,,,,,,,,,,
GOVERNMENT OF MAHARASHTRA,,,,,,,,,,,,,,,,,,,,,,,
,"Directorate of Technical Education, Maharashtra State, Mumbai.",,,,,,,,,,,,,,,,,,,,,,
,Cut Off List for Maharashtra & Minority Seats of CAP Round-III for Admission to the First Year Post Graduate Technical Course in Master of Computer Applications (MCA) for the Academic Year 2025-26,,,,,,,,,,,,,,,,,,,,,,
,"4151 - Tulsiramji Gaikwad Patil College of Engineering & Technology, Nagpur",,,,,,,,,,,,,,,,,,,,,,
,0415124110 - Master in Computer Application,,,,,,,,,,,,,,,,,,,,,,
,Status :, ,Un-Aided-Autonomous,,,,,,,,,,,,,,,,,,,,
,Home University Seats,,,,,,,,,,,,,,,,,,,,,,
Home University Seats Allotted to Home University Candidates,,,,,,,,,,,,,,,,,,,,,,,
,GOPENH, ,GSCH, ,GSTH, ,GNTBH, ,GNTCH, ,GNTDH, ,GOBCH, ,GSEBCH, ,PWDOPENH,,,,,,
18436,22771,21251,20425,,,,,,,,,,,,,,,,,,,,
Stage-I, ,,,,,,,,,,,,,,,,,,,,,,
(36.496736),(16.9789978),(23.1010151),(27.2744425),,,,,,,,,,,,,,,,,,,,
21162,21137,21218,21085,,,,,,,,,,,,,,,,,,,,
,Stage-IV, ,,,,,,,,,,,,,,,,,,,,,
(25.4779232),(25.4779232),(25.4779232),(25.4779232),,,,,,,,,,,,,,,,,,,,
20699,,,,,,,,,,,,,,,,,,,,,,,
,I-Non PWD / DEF, ,,,,,,,,,,,,,,,,,,,,,
(27.2744425),,,,,,,,,,,,,,,,,,,,,,,
,Home University Seats Allotted to Other Than Home University Candidates,,,,,,,,,,,,,,,,,,,,,,
,GNTAH,,,,,,,,,,,,,,,,,,,,,,
23479,,,,,,,,,,,,,,,,,,,,,,,
Stage-I, ,,,,,,,,,,,,,,,,,,,,,,
(12.4750009),,,,,,,,,,,,,,,,,,,,,,,
,Other Than Home University Seats,,,,,,,,,,,,,,,,,,,,,,
Other Than Home University Seats Allotted to Other Than Home University Candidates,,,,,,,,,,,,,,,,,,,,,,,
,GOPENO, ,GSCO, ,GSTO, ,GOBCO, ,GSEBCO,,,,,,,,,,,,,,
8681,21811,17916,,,,,,,,,,,,,,,,,,,,,
Stage-I, ,,,,,,,,,,,,,,,,,,,,,,
(73.5368477),(21.0059952),(39.3989669),,,,,,,,,,,,,,,,,,,,,
19643,19709,,,,,,,,,,,,,,,,,,,,,,
,Stage-IV, ,,,,,,,,,,,,,,,,,,,,,
(31.6629561),(31.6629561),,,,,,,,,,,,,,,,,,,,,,
,State Level Seats,,,,,,,,,,,,,,,,,,,,,,
,TFWS,,,,,,,,,,,,,,,,,,,,,,
20068,,,,,,,,,,,,,,,,,,,,,,,
Stage-I, ,,,,,,,,,,,,,,,,,,,,,,
(29.9046039),,,,,,,,,,,,,,,,,,,,,,,
,Legends :, ,"Legends: G-General, L-Ladies, S-State Level Seats ,PWD - Persons with Disabilities,DEF - Defence,PWDR :PWD Common Reserved Seat",,,,,,,,,,,,,,,,,,,,
"DEFR :Defense Common Reserved Seat ,* Maharashtra State Seats - Cut Off Indicates State General Merit No. ; Figures in bracket Indicates Merit Score",,,,,,,,,,,,,,,,,,,,,,,
,Page 70 of 192,,,,,,,,,,,,,,,,,,,,,,
GOVERNMENT OF MAHARASHTRA,,,,,,,,,,,,,,,,,,,,,,,
,"Directorate of Technical Education, Maharashtra State, Mumbai.",,,,,,,,,,,,,,,,,,,,,,
,Cut Off List for Maharashtra & Minority Seats of CAP Round-III for Admission to the First Year Post Graduate Technical Course in Master of Computer Applications (MCA) for the Academic Year 2025-26,,,,,,,,,,,,,,,,,,,,,,
,"4152 - Shri Shivaji Education Society Amravati's Science College (MCA), Nagpur",,,,,,,,,,,,,,,,,,,,,,
,0415224110 - Master in Computer Application,,,,,,,,,,,,,,,,,,,,,,
,Status :, ,Un-Aided,,,,,,,,,,,,,,,,,,,,
,Home University Seats,,,,,,,,,,,,,,,,,,,,,,
Home University Seats Allotted to Home University Candidates,,,,,,,,,,,,,,,,,,,,,,,
,GOPENH, ,GSCH, ,GOBCH,,,,,,,,,,,,,,,,,,
9560,9619,9955,,,,,,,,,,,,,,,,,,,,,
Stage-I, ,,,,,,,,,,,,,,,,,,,,,,
(71.1549338),(69.7143504),(69.7143504),,,,,,,,,,,,,,,,,,,,,
,Other Than Home University Seats,,,,,,,,,,,,,,,,,,,,,,
Other Than Home University Seats Allotted to Other Than Home University Candidates,,,,,,,,,,,,,,,,,,,,,,,
,GOPENO, ,GNTAO, ,GOBCO,,,,,,,,,,,,,,,,,,
3994,10445,,,,,,,,,,,,,,,,,,,,,,
Stage-I, ,,,,,,,,,,,,,,,,,,,,,,
(87.3496474),(67.3579428),,,,,,,,,,,,,,,,,,,,,,
9030,,,,,,,,,,,,,,,,,,,,,,,
,Stage-IV, ,,,,,,,,,,,,,,,,,,,,,
(73.5368477),,,,,,,,,,,,,,,,,,,,,,,
,Legends :, ,"Legends: G-General, L-Ladies, S-State Level Seats ,PWD - Persons with Disabilities,DEF - Defence,PWDR :PWD Common Reserved Seat",,,,,,,,,,,,,,,,,,,,
"DEFR :Defense Common Reserved Seat ,* Maharashtra State Seats - Cut Off Indicates State General Merit No. ; Figures in bracket Indicates Merit Score",,,,,,,,,,,,,,,,,,,,,,,
,Page 71 of 192,,,,,,,,,,,,,,,,,,,,,,
GOVERNMENT OF MAHARASHTRA,,,,,,,,,,,,,,,,,,,,,,,
,"Directorate of Technical Education, Maharashtra State, Mumbai.",,,,,,,,,,,,,,,,,,,,,,
,Cut Off List for Maharashtra & Minority Seats of CAP Round-III for Admission to the First Year Post Graduate Technical Course in Master of Computer Applications (MCA) for the Academic Year 2025-26,,,,,,,,,,,,,,,,,,,,,,
,"4153 - Sarvodaya Shikshan Mandal's Sardar Patel Mahavidayalaya, Dept. of Computer Studies & Research, Chandrapur",,,,,,,,,,,,,,,,,,,,,,
,0415324110 - Master in Computer Application,,,,,,,,,,,,,,,,,,,,,,
,Status :, ,Un-Aided,,,,,,,,,,,,,,,,,,,,
,Other Than Home University Seats Allotted to Home University Candidates,,,,,,,,,,,,,,,,,,,,,,
,GOPENO,,,,,,,,,,,,,,,,,,,,,,
23963,,,,,,,,,,,,,,,,,,,,,,,
Stage-I, ,,,,,,,,,,,,,,,,,,,,,,
(9.7430286),,,,,,,,,,,,,,,,,,,,,,,
,Legends :, ,"Legends: G-General, L-Ladies, S-State Level Seats ,PWD - Persons with Disabilities,DEF - Defence,PWDR :PWD Common Reserved Seat",,,,,,,,,,,,,,,,,,,,
"DEFR :Defense Common Reserved Seat ,* Maharashtra State Seats - Cut Off Indicates State General Merit No. ; Figures in bracket Indicates Merit Score",,,,,,,,,,,,,,,,,,,,,,,
,Page 72 of 192,,,,,,,,,,,,,,,,,,,,,,
GOVERNMENT OF MAHARASHTRA,,,,,,,,,,,,,,,,,,,,,,,
,"Directorate of Technical Education, Maharashtra State, Mumbai.",,,,,,,,,,,,,,,,,,,,,,
,Cut Off List for Maharashtra & Minority Seats of CAP Round-III for Admission to the First Year Post Graduate Technical Course in Master of Computer Applications (MCA) for the Academic Year 2025-26,,,,,,,,,,,,,,,,,,,,,,
,"4157 - V. M. Vasant Commerce, J.M. Thakar Arts & J.J. Patel Science College,Nagpur",,,,,,,,,,,,,,,,,,,,,,
,0415724110 - Master in Computer Application,,,,,,,,,,,,,,,,,,,,,,
,Status :, ,Un-Aided-Linguistic Minority - Gujarathi,,,,,,,,,,,,,,,,,,,,
,Home University Seats,,,,,,,,,,,,,,,,,,,,,,
Home University Seats Allotted to Home University Candidates,,,,,,,,,,,,,,,,,,,,,,,
,GOPENH,,,,,,,,,,,,,,,,,,,,,,
15630,,,,,,,,,,,,,,,,,,,,,,,
Stage-I, ,,,,,,,,,,,,,,,,,,,,,,
(49.3533426),,,,,,,,,,,,,,,,,,,,,,,
,Other Than Home University Seats,,,,,,,,,,,,,,,,,,,,,,
Other Than Home University Seats Allotted to Other Than Home University Candidates,,,,,,,,,,,,,,,,,,,,,,,
,GOPENO,,,,,,,,,,,,,,,,,,,,,,
25449,,,,,,,,,,,,,,,,,,,,,,,
Stage-I, ,,,,,,,,,,,,,,,,,,,,,,
(0.3660239),,,,,,,,,,,,,,,,,,,,,,,
,State Level Seats,,,,,,,,,,,,,,,,,,,,,,
,TFWS,,,,,,,,,,,,,,,,,,,,,,
5799,,,,,,,,,,,,,,,,,,,,,,,
Stage-I, ,,,,,,,,,,,,,,,,,,,,,,
(82.8308366),,,,,,,,,,,,,,,,,,,,,,,
,Minority Seats : Minority Seats Allotted to Non Minority Candidates,,,,,,,,,,,,,,,,,,,,,,
,MI-MH,,,,,,,,,,,,,,,,,,,,,,
25340,,,,,,,,,,,,,,,,,,,,,,,
Stage-MI-MH, ,,,,,,,,,,,,,,,,,,,,,,
(1.3498737),,,,,,,,,,,,,,,,,,,,,,,
,Legends :, ,"Legends: G-General, L-Ladies, S-State Level Seats ,PWD - Persons with Disabilities,DEF - Defence,PWDR :PWD Common Reserved Seat",,,,,,,,,,,,,,,,,,,,
"DEFR :Defense Common Reserved Seat ,* Maharashtra State Seats - Cut Off Indicates State General Merit No. ; Figures in bracket Indicates Merit Score",,,,,,,,,,,,,,,,,,,,,,,
,Page 73 of 192,,,,,,,,,,,,,,,,,,,,,,
GOVERNMENT OF MAHARASHTRA,,,,,,,,,,,,,,,,,,,,,,,
,"Directorate of Technical Education, Maharashtra State, Mumbai.",,,,,,,,,,,,,,,,,,,,,,
,Cut Off List for Maharashtra & Minority Seats of CAP Round-III for Admission to the First Year Post Graduate Technical Course in Master of Computer Applications (MCA) for the Academic Year 2025-26,,,,,,,,,,,,,,,,,,,,,,
,"4613 - Suryodaya College of Engineering & Technology, Nagpur",,,,,,,,,,,,,,,,,,,,,,
,0461324110 - Master in Computer Application,,,,,,,,,,,,,,,,,,,,,,
,Status :, ,Un-Aided-Autonomous,,,,,,,,,,,,,,,,,,,,
,Home University Seats,,,,,,,,,,,,,,,,,,,,,,
Home University Seats Allotted to Home University Candidates,,,,,,,,,,,,,,,,,,,,,,,
,GOPENH, ,GSCH, ,GNTCH, ,GOBCH, ,GSEBCH, ,PWDOPENH,,,,,,,,,,,,
13636,17137,13927,,,,,,,,,,,,,,,,,,,,,
Stage-I, ,,,,,,,,,,,,,,,,,,,,,,
(56.5488095),(41.4550394),(56.5488095),,,,,,,,,,,,,,,,,,,,,
14630,14775,,,,,,,,,,,,,,,,,,,,,,
,Stage-IV, ,,,,,,,,,,,,,,,,,,,,,
(51.4093808),(51.4093808),,,,,,,,,,,,,,,,,,,,,,
14026,,,,,,,,,,,,,,,,,,,,,,,
,I-Non PWD / DEF, ,,,,,,,,,,,,,,,,,,,,,
(53.942159),,,,,,,,,,,,,,,,,,,,,,,
,Other Than Home University Seats,,,,,,,,,,,,,,,,,,,,,,
Other Than Home University Seats Allotted to Other Than Home University Candidates,,,,,,,,,,,,,,,,,,,,,,,
,GOPENO, ,GNTAO, ,GNTCO, ,GNTDO, ,GOBCO,,,,,,,,,,,,,,
13298,18398,,,,,,,,,,,,,,,,,,,,,,
Stage-I, ,,,,,,,,,,,,,,,,,,,,,,
(58.7911466),(36.496736),,,,,,,,,,,,,,,,,,,,,,
14951,16836,18727,,,,,,,,,,,,,,,,,,,,,
,Stage-IV, ,,,,,,,,,,,,,,,,,,,,,
(51.4093808),(44.5345198),(36.496736),,,,,,,,,,,,,,,,,,,,,
,Other Than Home University Seats Allotted to Home University Candidates,,,,,,,,,,,,,,,,,,,,,,
,GSCO,,,,,,,,,,,,,,,,,,,,,,
17965,,,,,,,,,,,,,,,,,,,,,,,
Stage-I, ,,,,,,,,,,,,,,,,,,,,,,
(39.3989669),,,,,,,,,,,,,,,,,,,,,,,
,State Level Seats,,,,,,,,,,,,,,,,,,,,,,
,EWS, ,TFWS,,,,,,,,,,,,,,,,,,,,
13830,7547,,,,,,,,,,,,,,,,,,,,,,
Stage-I, ,,,,,,,,,,,,,,,,,,,,,,
(56.5488095),(76.9216256),,,,,,,,,,,,,,,,,,,,,,
,Legends :, ,"Legends: G-General, L-Ladies, S-State Level Seats ,PWD - Persons with Disabilities,DEF - Defence,PWDR :PWD Common Reserved Seat",,,,,,,,,,,,,,,,,,,,
"DEFR :Defense Common Reserved Seat ,* Maharashtra State Seats - Cut Off Indicates State General Merit No. ; Figures in bracket Indicates Merit Score",,,,,,,,,,,,,,,,,,,,,,,
,Page 74 of 192,,,,,,,,,,,,,,,,,,,,,,
GOVERNMENT OF MAHARASHTRA,,,,,,,,,,,,,,,,,,,,,,,
,"Directorate of Technical Education, Maharashtra State, Mumbai.",,,,,,,,,,,,,,,,,,,,,,
,Cut Off List for Maharashtra & Minority Seats of CAP Round-III for Admission to the First Year Post Graduate Technical Course in Master of Computer Applications (MCA) for the Academic Year 2025-26,,,,,,,,,,,,,,,,,,,,,,
,"4679 - Karanjekar College of Engineering & Management, Sakoli",,,,,,,,,,,,,,,,,,,,,,
,0467924110 - Master in Computer Application,,,,,,,,,,,,,,,,,,,,,,
,Status :, ,Un-Aided,,,,,,,,,,,,,,,,,,,,
,Home University Seats,,,,,,,,,,,,,,,,,,,,,,
Home University Seats Allotted to Home University Candidates,,,,,,,,,,,,,,,,,,,,,,,
,GSTH,,,,,,,,,,,,,,,,,,,,,,
23580,,,,,,,,,,,,,,,,,,,,,,,
Stage-IV, ,,,,,,,,,,,,,,,,,,,,,,
(12.4750009),,,,,,,,,,,,,,,,,,,,,,,
,Home University Seats Allotted to Other Than Home University Candidates,,,,,,,,,,,,,,,,,,,,,,
,GNTDH, ,GSEBCH,,,,,,,,,,,,,,,,,,,,
25272,25328,,,,,,,,,,,,,,,,,,,,,,
Stage-IV, ,,,,,,,,,,,,,,,,,,,,,,
(2.0301121),(1.3622127),,,,,,,,,,,,,,,,,,,,,,
,Other Than Home University Seats,,,,,,,,,,,,,,,,,,,,,,
Other Than Home University Seats Allotted to Other Than Home University Candidates,,,,,,,,,,,,,,,,,,,,,,,
,GOPENO, ,GSCO, ,GSTO, ,GNTDO, ,GSEBCO,,,,,,,,,,,,,,
20221,,,,,,,,,,,,,,,,,,,,,,,
Stage-I, ,,,,,,,,,,,,,,,,,,,,,,
(29.9046039),,,,,,,,,,,,,,,,,,,,,,,
24949,24043,24431,24563,,,,,,,,,,,,,,,,,,,,
,Stage-IV, ,,,,,,,,,,,,,,,,,,,,,
(4.067771),(9.7430286),(7.4072677),(5.9311489),,,,,,,,,,,,,,,,,,,,
,Legends :, ,"Legends: G-General, L-Ladies, S-State Level Seats ,PWD - Persons with Disabilities,DEF - Defence,PWDR :PWD Common Reserved Seat",,,,,,,,,,,,,,,,,,,,
"DEFR :Defense Common Reserved Seat ,* Maharashtra State Seats - Cut Off Indicates State General Merit No. ; Figures in bracket Indicates Merit Score",,,,,,,,,,,,,,,,,,,,,,,
,Page 75 of 192,,,,,,,,,,,,,,,,,,,,,,
GOVERNMENT OF MAHARASHTRA,,,,,,,,,,,,,,,,,,,,,,,
,"Directorate of Technical Education, Maharashtra State, Mumbai.",,,,,,,,,,,,,,,,,,,,,,
,Cut Off List for Maharashtra & Minority Seats of CAP Round-III for Admission to the First Year Post Graduate Technical Course in Master of Computer Applications (MCA) for the Academic Year 2025-26,,,,,,,,,,,,,,,,,,,,,,
,"4701 - Dr.S.C. Gulhane Prerna College of Management and Technology, Nagpur",,,,,,,,,,,,,,,,,,,,,,
,0470124110 - Master in Computer Application,,,,,,,,,,,,,,,,,,,,,,
,Status :, ,Un-Aided,,,,,,,,,,,,,,,,,,,,
,Home University Seats,,,,,,,,,,,,,,,,,,,,,,
Home University Seats Allotted to Home University Candidates,,,,,,,,,,,,,,,,,,,,,,,
,GOPENH, ,GSCH, ,GNTCH, ,GNTDH, ,GSEBCH, ,PWDOPENH,,,,,,,,,,,,
15167,18786,,,,,,,,,,,,,,,,,,,,,,
Stage-I, ,,,,,,,,,,,,,,,,,,,,,,
(51.4093808),(36.496736),,,,,,,,,,,,,,,,,,,,,,
15962,15772,16038,,,,,,,,,,,,,,,,,,,,,
,Stage-IV, ,,,,,,,,,,,,,,,,,,,,,
(46.3793819),(49.3533426),(46.3793819),,,,,,,,,,,,,,,,,,,,,
15320,,,,,,,,,,,,,,,,,,,,,,,
,I-Non PWD / DEF, ,,,,,,,,,,,,,,,,,,,,,
(49.3533426),,,,,,,,,,,,,,,,,,,,,,,
,Other Than Home University Seats,,,,,,,,,,,,,,,,,,,,,,
Other Than Home University Seats Allotted to Other Than Home University Candidates,,,,,,,,,,,,,,,,,,,,,,,
,GOPENO, ,GSCO, ,GSTO, ,GNTCO, ,GSEBCO,,,,,,,,,,,,,,
21759,23563,,,,,,,,,,,,,,,,,,,,,,
Stage-I, ,,,,,,,,,,,,,,,,,,,,,,
(21.0059952),(12.4750009),,,,,,,,,,,,,,,,,,,,,,
23123,21834,22836,,,,,,,,,,,,,,,,,,,,,
,Stage-IV, ,,,,,,,,,,,,,,,,,,,,,
(13.5402134),(21.0059952),(15.5994113),,,,,,,,,,,,,,,,,,,,,
,State Level Seats,,,,,,,,,,,,,,,,,,,,,,
,TFWS,,,,,,,,,,,,,,,,,,,,,,
3799,,,,,,,,,,,,,,,,,,,,,,,
Stage-I, ,,,,,,,,,,,,,,,,,,,,,,
(89.1331398),,,,,,,,,,,,,,,,,,,,,,,
,Legends :, ,"Legends: G-General, L-Ladies, S-State Level Seats ,PWD - Persons with Disabilities,DEF - Defence,PWDR :PWD Common Reserved Seat",,,,,,,,,,,,,,,,,,,,
"DEFR :Defense Common Reserved Seat ,* Maharashtra State Seats - Cut Off Indicates State General Merit No. ; Figures in bracket Indicates Merit Score",,,,,,,,,,,,,,,,,,,,,,,
,Page 76 of 192,,,,,,,,,,,,,,,,,,,,,,
GOVERNMENT OF MAHARASHTRA,,,,,,,,,,,,,,,,,,,,,,,
,"Directorate of Technical Education, Maharashtra State, Mumbai.",,,,,,,,,,,,,,,,,,,,,,
,Cut Off List for Maharashtra & Minority Seats of CAP Round-III for Admission to the First Year Post Graduate Technical Course in Master of Computer Applications (MCA) for the Academic Year 2025-26,,,,,,,,,,,,,,,,,,,,,,
,"5002 - Department of Computer Science, North Maharashtra University, Jalgaon",,,,,,,,,,,,,,,,,,,,,,
,0500224110 - Master in Computer Application,,,,,,,,,,,,,,,,,,,,,,
,Status :, ,University Department,,,,,,,,,,,,,,,,,,,,
,Home University Seats,,,,,,,,,,,,,,,,,,,,,,
Home University Seats Allotted to Home University Candidates,,,,,,,,,,,,,,,,,,,,,,,
,GSCH, ,GSTH, ,GSEBCH, ,PWDOPENH,,,,,,,,,,,,,,,,
6684,6411,,,,,,,,,,,,,,,,,,,,,,
Stage-IV, ,,,,,,,,,,,,,,,,,,,,,,
(79.9969812),(80.5399495),,,,,,,,,,,,,,,,,,,,,,
1900,20449,,,,,,,,,,,,,,,,,,,,,,
,Stage-I, ,,,,,,,,,,,,,,,,,,,,,
(93.5511867),(27.2744425),,,,,,,,,,,,,,,,,,,,,,
4021,,,,,,,,,,,,,,,,,,,,,,,
,I-Non PWD / DEF, ,,,,,,,,,,,,,,,,,,,,,
(87.3496474),,,,,,,,,,,,,,,,,,,,,,,
,Other Than Home University Seats,,,,,,,,,,,,,,,,,,,,,,
Other Than Home University Seats Allotted to Other Than Home University Candidates,,,,,,,,,,,,,,,,,,,,,,,
,GOPENO, ,GSCO, ,GSEBCO,,,,,,,,,,,,,,,,,,
14713,19644,,,,,,,,,,,,,,,,,,,,,,
Stage-I, ,,,,,,,,,,,,,,,,,,,,,,
(51.4093808),(31.6629561),,,,,,,,,,,,,,,,,,,,,,
17130,,,,,,,,,,,,,,,,,,,,,,,
,Stage-IV, ,,,,,,,,,,,,,,,,,,,,,
(41.4550394),,,,,,,,,,,,,,,,,,,,,,,
,Legends :, ,"Legends: G-General, L-Ladies, S-State Level Seats ,PWD - Persons with Disabilities,DEF - Defence,PWDR :PWD Common Reserved Seat",,,,,,,,,,,,,,,,,,,,
"DEFR :Defense Common Reserved Seat ,* Maharashtra State Seats - Cut Off Indicates State General Merit No. ; Figures in bracket Indicates Merit Score",,,,,,,,,,,,,,,,,,,,,,,
,Page 77 of 192,,,,,,,,,,,,,,,,,,,,,,
GOVERNMENT OF MAHARASHTRA,,,,,,,,,,,,,,,,,,,,,,,
,"Directorate of Technical Education, Maharashtra State, Mumbai.",,,,,,,,,,,,,,,,,,,,,,
,Cut Off List for Maharashtra & Minority Seats of CAP Round-III for Admission to the First Year Post Graduate Technical Course in Master of Computer Applications (MCA) for the Academic Year 2025-26,,,,,,,,,,,,,,,,,,,,,,
,"5101 - Khandesh College Education Society's Institute of Management & Research, Jalgaon",,,,,,,,,,,,,,,,,,,,,,
,0510124110 - Master in Computer Application,,,,,,,,,,,,,,,,,,,,,,
,Status :, ,Un-Aided-Autonomous,,,,,,,,,,,,,,,,,,,,
,Home University Seats,,,,,,,,,,,,,,,,,,,,,,
Home University Seats Allotted to Home University Candidates,,,,,,,,,,,,,,,,,,,,,,,
,GOPENH, ,GSCH, ,GSTH, ,GNTBH, ,GOBCH, ,PWDROBCH,,,,,,,,,,,,
11594,11700,14044,19515,,,,,,,,,,,,,,,,,,,,
Stage-I, ,,,,,,,,,,,,,,,,,,,,,,
(63.1574978),(63.1574978),(53.942159),(31.6629561),,,,,,,,,,,,,,,,,,,,
14889,14188,,,,,,,,,,,,,,,,,,,,,,
,Stage-IV, ,,,,,,,,,,,,,,,,,,,,,
(51.4093808),(53.942159),,,,,,,,,,,,,,,,,,,,,,
,Other Than Home University Seats,,,,,,,,,,,,,,,,,,,,,,
Other Than Home University Seats Allotted to Other Than Home University Candidates,,,,,,,,,,,,,,,,,,,,,,,
,GOPENO, ,GOBCO,,,,,,,,,,,,,,,,,,,,
22925,23470,,,,,,,,,,,,,,,,,,,,,,
Stage-I, ,,,,,,,,,,,,,,,,,,,,,,
(15.5994113),(12.4750009),,,,,,,,,,,,,,,,,,,,,,
,Other Than Home University Seats Allotted to Home University Candidates,,,,,,,,,,,,,,,,,,,,,,
,GNTAO, ,GNTDO, ,GSEBCO,,,,,,,,,,,,,,,,,,
14821,,,,,,,,,,,,,,,,,,,,,,,
Stage-I, ,,,,,,,,,,,,,,,,,,,,,,
(51.4093808),,,,,,,,,,,,,,,,,,,,,,,
15267,15035,,,,,,,,,,,,,,,,,,,,,,
,Stage-IV, ,,,,,,,,,,,,,,,,,,,,,
(49.3533426),(51.4093808),,,,,,,,,,,,,,,,,,,,,,
,State Level Seats,,,,,,,,,,,,,,,,,,,,,,
,EWS,,,,,,,,,,,,,,,,,,,,,,
24973,,,,,,,,,,,,,,,,,,,,,,,
Stage-I, ,,,,,,,,,,,,,,,,,,,,,,
(4.067771),,,,,,,,,,,,,,,,,,,,,,,
,Legends :, ,"Legends: G-General, L-Ladies, S-State Level Seats ,PWD - Persons with Disabilities,DEF - Defence,PWDR :PWD Common Reserved Seat",,,,,,,,,,,,,,,,,,,,
"DEFR :Defense Common Reserved Seat ,* Maharashtra State Seats - Cut Off Indicates State General Merit No. ; Figures in bracket Indicates Merit Score",,,,,,,,,,,,,,,,,,,,,,,
,Page 78 of 192,,,,,,,,,,,,,,,,,,,,,,
GOVERNMENT OF MAHARASHTRA,,,,,,,,,,,,,,,,,,,,,,,
,"Directorate of Technical Education, Maharashtra State, Mumbai.",,,,,,,,,,,,,,,,,,,,,,
,Cut Off List for Maharashtra & Minority Seats of CAP Round-III for Admission to the First Year Post Graduate Technical Course in Master of Computer Applications (MCA) for the Academic Year 2025-26,,,,,,,,,,,,,,,,,,,,,,
,"5102 - Godavari Institute of Management & Research, Jalgaon",,,,,,,,,,,,,,,,,,,,,,
,0510224110 - Master in Computer Application,,,,,,,,,,,,,,,,,,,,,,
,Status :, ,Un-Aided,,,,,,,,,,,,,,,,,,,,
,Home University Seats,,,,,,,,,,,,,,,,,,,,,,
Home University Seats Allotted to Home University Candidates,,,,,,,,,,,,,,,,,,,,,,,
,GOPENH, ,GSCH, ,GSTH, ,GNTCH, ,GOBCH, ,GSEBCH,,,,,,,,,,,,
11490,19010,14796,,,,,,,,,,,,,,,,,,,,,
Stage-I, ,,,,,,,,,,,,,,,,,,,,,,
(63.1574978),(34.5198145),(51.4093808),,,,,,,,,,,,,,,,,,,,,
15987,16143,15688,15528,,,,,,,,,,,,,,,,,,,,
,Stage-IV, ,,,,,,,,,,,,,,,,,,,,,
(46.3793819),(46.3793819),(49.3533426),(49.3533426),,,,,,,,,,,,,,,,,,,,
,Other Than Home University Seats,,,,,,,,,,,,,,,,,,,,,,
Other Than Home University Seats Allotted to Other Than Home University Candidates,,,,,,,,,,,,,,,,,,,,,,,
,GOPENO,,,,,,,,,,,,,,,,,,,,,,
24379,,,,,,,,,,,,,,,,,,,,,,,
Stage-I, ,,,,,,,,,,,,,,,,,,,,,,
(7.4072677),,,,,,,,,,,,,,,,,,,,,,,
,Other Than Home University Seats Allotted to Home University Candidates,,,,,,,,,,,,,,,,,,,,,,
,GOPENO, ,GOBCO, ,GSEBCO,,,,,,,,,,,,,,,,,,
15318,16502,,,,,,,,,,,,,,,,,,,,,,
Stage-I, ,,,,,,,,,,,,,,,,,,,,,,
(49.3533426),(44.5345198),,,,,,,,,,,,,,,,,,,,,,
16828,,,,,,,,,,,,,,,,,,,,,,,
,Stage-IV, ,,,,,,,,,,,,,,,,,,,,,
(44.5345198),,,,,,,,,,,,,,,,,,,,,,,
,Legends :, ,"Legends: G-General, L-Ladies, S-State Level Seats ,PWD - Persons with Disabilities,DEF - Defence,PWDR :PWD Common Reserved Seat",,,,,,,,,,,,,,,,,,,,
"DEFR :Defense Common Reserved Seat ,* Maharashtra State Seats - Cut Off Indicates State General Merit No. ; Figures in bracket Indicates Merit Score",,,,,,,,,,,,,,,,,,,,,,,
,Page 79 of 192,,,,,,,,,,,,,,,,,,,,,,
GOVERNMENT OF MAHARASHTRA,,,,,,,,,,,,,,,,,,,,,,,
,"Directorate of Technical Education, Maharashtra State, Mumbai.",,,,,,,,,,,,,,,,,,,,,,
,Cut Off List for Maharashtra & Minority Seats of CAP Round-III for Admission to the First Year Post Graduate Technical Course in Master of Computer Applications (MCA) for the Academic Year 2025-26,,,,,,,,,,,,,,,,,,,,,,
,"5104 - Shramsadhana Bombay Trust, College of Engineering & Technology, Jalgaon",,,,,,,,,,,,,,,,,,,,,,
,0510424110 - Master in Computer Application,,,,,,,,,,,,,,,,,,,,,,
,Status :, ,Un-Aided,,,,,,,,,,,,,,,,,,,,
,Home University Seats,,,,,,,,,,,,,,,,,,,,,,
Home University Seats Allotted to Home University Candidates,,,,,,,,,,,,,,,,,,,,,,,
,GOPENH, ,GSTH, ,GNTBH, ,GOBCH, ,GSEBCH,,,,,,,,,,,,,,
8762,17691,10384,,,,,,,,,,,,,,,,,,,,,
Stage-I, ,,,,,,,,,,,,,,,,,,,,,,
(73.5368477),(39.3989669),(67.3579428),,,,,,,,,,,,,,,,,,,,,
14635,14030,,,,,,,,,,,,,,,,,,,,,,
,Stage-IV, ,,,,,,,,,,,,,,,,,,,,,
(51.4093808),(53.942159),,,,,,,,,,,,,,,,,,,,,,
,Legends :, ,"Legends: G-General, L-Ladies, S-State Level Seats ,PWD - Persons with Disabilities,DEF - Defence,PWDR :PWD Common Reserved Seat",,,,,,,,,,,,,,,,,,,,
"DEFR :Defense Common Reserved Seat ,* Maharashtra State Seats - Cut Off Indicates State General Merit No. ; Figures in bracket Indicates Merit Score",,,,,,,,,,,,,,,,,,,,,,,
,Page 80 of 192,,,,,,,,,,,,,,,,,,,,,,
GOVERNMENT OF MAHARASHTRA,,,,,,,,,,,,,,,,,,,,,,,
,"Directorate of Technical Education, Maharashtra State, Mumbai.",,,,,,,,,,,,,,,,,,,,,,
,Cut Off List for Maharashtra & Minority Seats of CAP Round-III for Admission to the First Year Post Graduate Technical Course in Master of Computer Applications (MCA) for the Academic Year 2025-26,,,,,,,,,,,,,,,,,,,,,,
,"5109 - Sandip Foundation, Sandip Institute of Technology and Research Centre, Mahiravani, Nashik",,,,,,,,,,,,,,,,,,,,,,
,0510924110 - Master in Computer Application,,,,,,,,,,,,,,,,,,,,,,
,Status :, ,Un-Aided-Autonomous,,,,,,,,,,,,,,,,,,,,
,Home University Seats,,,,,,,,,,,,,,,,,,,,,,
Home University Seats Allotted to Home University Candidates,,,,,,,,,,,,,,,,,,,,,,,
,GOPENH, ,GNTCH, ,GOBCH, ,GSEBCH, ,PWDOPENH,,,,,,,,,,,,,,
10722,24213,14706,,,,,,,,,,,,,,,,,,,,,
Stage-I, ,,,,,,,,,,,,,,,,,,,,,,
(67.3579428),(7.9446476),(51.4093808),,,,,,,,,,,,,,,,,,,,,
14375,,,,,,,,,,,,,,,,,,,,,,,
,Stage-IV, ,,,,,,,,,,,,,,,,,,,,,
(53.942159),,,,,,,,,,,,,,,,,,,,,,,
11737,,,,,,,,,,,,,,,,,,,,,,,
,I-Non PWD / DEF, ,,,,,,,,,,,,,,,,,,,,,
(63.1574978),,,,,,,,,,,,,,,,,,,,,,,
,Home University Seats Allotted to Other Than Home University Candidates,,,,,,,,,,,,,,,,,,,,,,
,GSCH,,,,,,,,,,,,,,,,,,,,,,
16552,,,,,,,,,,,,,,,,,,,,,,,
Stage-I, ,,,,,,,,,,,,,,,,,,,,,,
(44.5345198),,,,,,,,,,,,,,,,,,,,,,,
,Other Than Home University Seats,,,,,,,,,,,,,,,,,,,,,,
Other Than Home University Seats Allotted to Other Than Home University Candidates,,,,,,,,,,,,,,,,,,,,,,,
,GOPENO, ,GSCO, ,GNTAO, ,GOBCO, ,GSEBCO,,,,,,,,,,,,,,
7215,7303,13342,11402,,,,,,,,,,,,,,,,,,,,
Stage-I, ,,,,,,,,,,,,,,,,,,,,,,
(77.8251197),(77.8251197),(58.7911466),(65.8578922),,,,,,,,,,,,,,,,,,,,
11641,,,,,,,,,,,,,,,,,,,,,,,
,Stage-IV, ,,,,,,,,,,,,,,,,,,,,,
(63.1574978),,,,,,,,,,,,,,,,,,,,,,,
,Other Than Home University Seats Allotted to Home University Candidates,,,,,,,,,,,,,,,,,,,,,,
,GSTO,,,,,,,,,,,,,,,,,,,,,,
11794,,,,,,,,,,,,,,,,,,,,,,,
Stage-I, ,,,,,,,,,,,,,,,,,,,,,,
(63.1574978),,,,,,,,,,,,,,,,,,,,,,,
,Legends :, ,"Legends: G-General, L-Ladies, S-State Level Seats ,PWD - Persons with Disabilities,DEF - Defence,PWDR :PWD Common Reserved Seat",,,,,,,,,,,,,,,,,,,,
"DEFR :Defense Common Reserved Seat ,* Maharashtra State Seats - Cut Off Indicates State General Merit No. ; Figures in bracket Indicates Merit Score",,,,,,,,,,,,,,,,,,,,,,,
,Page 81 of 192,,,,,,,,,,,,,,,,,,,,,,
GOVERNMENT OF MAHARASHTRA,,,,,,,,,,,,,,,,,,,,,,,
,"Directorate of Technical Education, Maharashtra State, Mumbai.",,,,,,,,,,,,,,,,,,,,,,
,Cut Off List for Maharashtra & Minority Seats of CAP Round-III for Admission to the First Year Post Graduate Technical Course in Master of Computer Applications (MCA) for the Academic Year 2025-26,,,,,,,,,,,,,,,,,,,,,,
,"5109 - Sandip Foundation, Sandip Institute of Technology and Research Centre, Mahiravani, Nashik",,,,,,,,,,,,,,,,,,,,,,
,0510924110 - Master in Computer Application,,,,,,,,,,,,,,,,,,,,,,
,Status :, ,Un-Aided-Autonomous,,,,,,,,,,,,,,,,,,,,
,State Level Seats,,,,,,,,,,,,,,,,,,,,,,
,EWS,,,,,,,,,,,,,,,,,,,,,,
14122,,,,,,,,,,,,,,,,,,,,,,,
Stage-I, ,,,,,,,,,,,,,,,,,,,,,,
(53.942159),,,,,,,,,,,,,,,,,,,,,,,
,Legends :, ,"Legends: G-General, L-Ladies, S-State Level Seats ,PWD - Persons with Disabilities,DEF - Defence,PWDR :PWD Common Reserved Seat",,,,,,,,,,,,,,,,,,,,
"DEFR :Defense Common Reserved Seat ,* Maharashtra State Seats - Cut Off Indicates State General Merit No. ; Figures in bracket Indicates Merit Score",,,,,,,,,,,,,,,,,,,,,,,
,Page 82 of 192,,,,,,,,,,,,,,,,,,,,,,
GOVERNMENT OF MAHARASHTRA,,,,,,,,,,,,,,,,,,,,,,,
,"Directorate of Technical Education, Maharashtra State, Mumbai.",,,,,,,,,,,,,,,,,,,,,,
,Cut Off List for Maharashtra & Minority Seats of CAP Round-III for Admission to the First Year Post Graduate Technical Course in Master of Computer Applications (MCA) for the Academic Year 2025-26,,,,,,,,,,,,,,,,,,,,,,
,"5111 - B. P. Hivale Education Society's Institute of Management Studies Career Development Research, Ahmednagar",,,,,,,,,,,,,,,,,,,,,,
,0511124110 - Master in Computer Application,,,,,,,,,,,,,,,,,,,,,,
,Status :, ,Un-Aided-Religious Minority - Christian,,,,,,,,,,,,,,,,,,,,
,Home University Seats,,,,,,,,,,,,,,,,,,,,,,
Home University Seats Allotted to Home University Candidates,,,,,,,,,,,,,,,,,,,,,,,
,GOPENH,,,,,,,,,,,,,,,,,,,,,,
10374,,,,,,,,,,,,,,,,,,,,,,,
Stage-I, ,,,,,,,,,,,,,,,,,,,,,,
(67.3579428),,,,,,,,,,,,,,,,,,,,,,,
,Other Than Home University Seats,,,,,,,,,,,,,,,,,,,,,,
Other Than Home University Seats Allotted to Other Than Home University Candidates,,,,,,,,,,,,,,,,,,,,,,,
,GOPENO,,,,,,,,,,,,,,,,,,,,,,
25114,,,,,,,,,,,,,,,,,,,,,,,
Stage-I, ,,,,,,,,,,,,,,,,,,,,,,
(2.8640429),,,,,,,,,,,,,,,,,,,,,,,
,State Level Seats,,,,,,,,,,,,,,,,,,,,,,
,TFWS,,,,,,,,,,,,,,,,,,,,,,
7237,,,,,,,,,,,,,,,,,,,,,,,
Stage-I, ,,,,,,,,,,,,,,,,,,,,,,
(77.8251197),,,,,,,,,,,,,,,,,,,,,,,
,Minority Seats : Minority Seats Allotted to Non Minority Candidates,,,,,,,,,,,,,,,,,,,,,,
,MI-MH,,,,,,,,,,,,,,,,,,,,,,
15515,,,,,,,,,,,,,,,,,,,,,,,
Stage-MI-MH, ,,,,,,,,,,,,,,,,,,,,,,
(49.3533426),,,,,,,,,,,,,,,,,,,,,,,
,Legends :, ,"Legends: G-General, L-Ladies, S-State Level Seats ,PWD - Persons with Disabilities,DEF - Defence,PWDR :PWD Common Reserved Seat",,,,,,,,,,,,,,,,,,,,
"DEFR :Defense Common Reserved Seat ,* Maharashtra State Seats - Cut Off Indicates State General Merit No. ; Figures in bracket Indicates Merit Score",,,,,,,,,,,,,,,,,,,,,,,
,Page 83 of 192,,,,,,,,,,,,,,,,,,,,,,
GOVERNMENT OF MAHARASHTRA,,,,,,,,,,,,,,,,,,,,,,,
,"Directorate of Technical Education, Maharashtra State, Mumbai.",,,,,,,,,,,,,,,,,,,,,,
,Cut Off List for Maharashtra & Minority Seats of CAP Round-III for Admission to the First Year Post Graduate Technical Course in Master of Computer Applications (MCA) for the Academic Year 2025-26,,,,,,,,,,,,,,,,,,,,,,
,"5112 - Padmashree Dr. Vithalrao Vikhe Patil Foundation's Institute of Business Management & Rural Development, Ahmednagar",,,,,,,,,,,,,,,,,,,,,,
,0511224110 - Master in Computer Application,,,,,,,,,,,,,,,,,,,,,,
,Status :, ,Un-Aided,,,,,,,,,,,,,,,,,,,,
,Home University Seats,,,,,,,,,,,,,,,,,,,,,,
Home University Seats Allotted to Home University Candidates,,,,,,,,,,,,,,,,,,,,,,,
,GOPENH, ,GSTH, ,GOBCH, ,GSEBCH,,,,,,,,,,,,,,,,
8058,9439,19353,,,,,,,,,,,,,,,,,,,,,
Stage-I, ,,,,,,,,,,,,,,,,,,,,,,
(74.782248),(71.1549338),(31.6629561),,,,,,,,,,,,,,,,,,,,,
11940,,,,,,,,,,,,,,,,,,,,,,,
,Stage-IV, ,,,,,,,,,,,,,,,,,,,,,
(63.1574978),,,,,,,,,,,,,,,,,,,,,,,
,Other Than Home University Seats,,,,,,,,,,,,,,,,,,,,,,
Other Than Home University Seats Allotted to Other Than Home University Candidates,,,,,,,,,,,,,,,,,,,,,,,
,GOPENO, ,GSTO, ,GSEBCO,,,,,,,,,,,,,,,,,,
23476,,,,,,,,,,,,,,,,,,,,,,,
Stage-I, ,,,,,,,,,,,,,,,,,,,,,,
(12.4750009),,,,,,,,,,,,,,,,,,,,,,,
24879,24616,,,,,,,,,,,,,,,,,,,,,,
,Stage-IV, ,,,,,,,,,,,,,,,,,,,,,
(4.067771),(5.9311489),,,,,,,,,,,,,,,,,,,,,,
,Other Than Home University Seats Allotted to Home University Candidates,,,,,,,,,,,,,,,,,,,,,,
,GOBCO,,,,,,,,,,,,,,,,,,,,,,
14512,,,,,,,,,,,,,,,,,,,,,,,
Stage-I, ,,,,,,,,,,,,,,,,,,,,,,
(53.942159),,,,,,,,,,,,,,,,,,,,,,,
,State Level Seats,,,,,,,,,,,,,,,,,,,,,,
,EWS,,,,,,,,,,,,,,,,,,,,,,
23371,,,,,,,,,,,,,,,,,,,,,,,
Stage-I, ,,,,,,,,,,,,,,,,,,,,,,
(13.5402134),,,,,,,,,,,,,,,,,,,,,,,
,Legends :, ,"Legends: G-General, L-Ladies, S-State Level Seats ,PWD - Persons with Disabilities,DEF - Defence,PWDR :PWD Common Reserved Seat",,,,,,,,,,,,,,,,,,,,
"DEFR :Defense Common Reserved Seat ,* Maharashtra State Seats - Cut Off Indicates State General Merit No. ; Figures in bracket Indicates Merit Score",,,,,,,,,,,,,,,,,,,,,,,
,Page 84 of 192,,,,,,,,,,,,,,,,,,,,,,
GOVERNMENT OF MAHARASHTRA,,,,,,,,,,,,,,,,,,,,,,,
,"Directorate of Technical Education, Maharashtra State, Mumbai.",,,,,,,,,,,,,,,,,,,,,,
,Cut Off List for Maharashtra & Minority Seats of CAP Round-III for Admission to the First Year Post Graduate Technical Course in Master of Computer Applications (MCA) for the Academic Year 2025-26,,,,,,,,,,,,,,,,,,,,,,
,"5113 - Nashik District Maratha Vidya Prasarak Samaj's Institute of Management Research & Technology, Nashik",,,,,,,,,,,,,,,,,,,,,,
,0511324110 - Master in Computer Application,,,,,,,,,,,,,,,,,,,,,,
,Status :, ,Un-Aided,,,,,,,,,,,,,,,,,,,,
,Home University Seats,,,,,,,,,,,,,,,,,,,,,,
Home University Seats Allotted to Home University Candidates,,,,,,,,,,,,,,,,,,,,,,,
,GOPENH, ,GSCH, ,GSTH, ,GNTDH, ,GOBCH, ,GSEBCH, ,PWDOPENH,,,,,,,,,,
17460,23045,18615,,,,,,,,,,,,,,,,,,,,,
Stage-I, ,,,,,,,,,,,,,,,,,,,,,,
(41.4550394),(15.5994113),(36.496736),,,,,,,,,,,,,,,,,,,,,
18617,18918,18665,,,,,,,,,,,,,,,,,,,,,
,Stage-IV, ,,,,,,,,,,,,,,,,,,,,,
(36.496736),(34.5198145),(36.496736),,,,,,,,,,,,,,,,,,,,,
17619,,,,,,,,,,,,,,,,,,,,,,,
,I-Non PWD / DEF, ,,,,,,,,,,,,,,,,,,,,,
(41.4550394),,,,,,,,,,,,,,,,,,,,,,,
,Home University Seats Allotted to Other Than Home University Candidates,,,,,,,,,,,,,,,,,,,,,,
,GNTCH, ,GSEBCH,,,,,,,,,,,,,,,,,,,,
20026,16559,,,,,,,,,,,,,,,,,,,,,,
Stage-I, ,,,,,,,,,,,,,,,,,,,,,,
(29.9046039),(44.5345198),,,,,,,,,,,,,,,,,,,,,,
,Other Than Home University Seats,,,,,,,,,,,,,,,,,,,,,,
Other Than Home University Seats Allotted to Other Than Home University Candidates,,,,,,,,,,,,,,,,,,,,,,,
,GOPENO,,,,,,,,,,,,,,,,,,,,,,
11045,,,,,,,,,,,,,,,,,,,,,,,
Stage-I, ,,,,,,,,,,,,,,,,,,,,,,
(65.8578922),,,,,,,,,,,,,,,,,,,,,,,
,State Level Seats,,,,,,,,,,,,,,,,,,,,,,
,TFWS,,,,,,,,,,,,,,,,,,,,,,
17188,,,,,,,,,,,,,,,,,,,,,,,
Stage-I, ,,,,,,,,,,,,,,,,,,,,,,
(41.4550394),,,,,,,,,,,,,,,,,,,,,,,
,Legends :, ,"Legends: G-General, L-Ladies, S-State Level Seats ,PWD - Persons with Disabilities,DEF - Defence,PWDR :PWD Common Reserved Seat",,,,,,,,,,,,,,,,,,,,
"DEFR :Defense Common Reserved Seat ,* Maharashtra State Seats - Cut Off Indicates State General Merit No. ; Figures in bracket Indicates Merit Score",,,,,,,,,,,,,,,,,,,,,,,
,Page 85 of 192,,,,,,,,,,,,,,,,,,,,,,
GOVERNMENT OF MAHARASHTRA,,,,,,,,,,,,,,,,,,,,,,,
,"Directorate of Technical Education, Maharashtra State, Mumbai.",,,,,,,,,,,,,,,,,,,,,,
,Cut Off List for Maharashtra & Minority Seats of CAP Round-III for Admission to the First Year Post Graduate Technical Course in Master of Computer Applications (MCA) for the Academic Year 2025-26,,,,,,,,,,,,,,,,,,,,,,
,5117 - Pirens Institute Of Business Management And Administration (IBMA) Loni (BK),,,,,,,,,,,,,,,,,,,,,,
,0511724110 - Master in Computer Application,,,,,,,,,,,,,,,,,,,,,,
,Status :, ,Un-Aided,,,,,,,,,,,,,,,,,,,,
,Home University Seats,,,,,,,,,,,,,,,,,,,,,,
Home University Seats Allotted to Home University Candidates,,,,,,,,,,,,,,,,,,,,,,,
,GOPENH, ,GSCH, ,GSTH, ,GNTBH, ,GOBCH, ,PWDOPENH,,,,,,,,,,,,
8285,22874,21496,15079,,,,,,,,,,,,,,,,,,,,
Stage-I, ,,,,,,,,,,,,,,,,,,,,,,
(74.782248),(15.5994113),(23.1010151),(51.4093808),,,,,,,,,,,,,,,,,,,,
17342,16105,,,,,,,,,,,,,,,,,,,,,,
,Stage-IV, ,,,,,,,,,,,,,,,,,,,,,
(41.4550394),(46.3793819),,,,,,,,,,,,,,,,,,,,,,
14386,,,,,,,,,,,,,,,,,,,,,,,
,I-Non PWD / DEF, ,,,,,,,,,,,,,,,,,,,,,
(53.942159),,,,,,,,,,,,,,,,,,,,,,,
,Other Than Home University Seats,,,,,,,,,,,,,,,,,,,,,,
Other Than Home University Seats Allotted to Other Than Home University Candidates,,,,,,,,,,,,,,,,,,,,,,,
,GOPENO,,,,,,,,,,,,,,,,,,,,,,
25248,,,,,,,,,,,,,,,,,,,,,,,
Stage-I, ,,,,,,,,,,,,,,,,,,,,,,
(2.0301121),,,,,,,,,,,,,,,,,,,,,,,
,Other Than Home University Seats Allotted to Home University Candidates,,,,,,,,,,,,,,,,,,,,,,
,GOPENO, ,GSCO, ,GSTO, ,GNTBO, ,GNTCO, ,GOBCO,,,,,,,,,,,,
17637,24409,19129,18016,,,,,,,,,,,,,,,,,,,,
Stage-I, ,,,,,,,,,,,,,,,,,,,,,,
(41.4550394),(7.4072677),(34.5198145),(39.3989669),,,,,,,,,,,,,,,,,,,,
18164,18282,,,,,,,,,,,,,,,,,,,,,,
,Stage-IV, ,,,,,,,,,,,,,,,,,,,,,
(39.3989669),(36.496736),,,,,,,,,,,,,,,,,,,,,,
,State Level Seats,,,,,,,,,,,,,,,,,,,,,,
,TFWS,,,,,,,,,,,,,,,,,,,,,,
6199,,,,,,,,,,,,,,,,,,,,,,,
Stage-I, ,,,,,,,,,,,,,,,,,,,,,,
(80.5399495),,,,,,,,,,,,,,,,,,,,,,,
,Legends :, ,"Legends: G-General, L-Ladies, S-State Level Seats ,PWD - Persons with Disabilities,DEF - Defence,PWDR :PWD Common Reserved Seat",,,,,,,,,,,,,,,,,,,,
"DEFR :Defense Common Reserved Seat ,* Maharashtra State Seats - Cut Off Indicates State General Merit No. ; Figures in bracket Indicates Merit Score",,,,,,,,,,,,,,,,,,,,,,,
,Page 86 of 192,,,,,,,,,,,,,,,,,,,,,,
GOVERNMENT OF MAHARASHTRA,,,,,,,,,,,,,,,,,,,,,,,
,"Directorate of Technical Education, Maharashtra State, Mumbai.",,,,,,,,,,,,,,,,,,,,,,
,Cut Off List for Maharashtra & Minority Seats of CAP Round-III for Admission to the First Year Post Graduate Technical Course in Master of Computer Applications (MCA) for the Academic Year 2025-26,,,,,,,,,,,,,,,,,,,,,,
,"5119 - C.H.M.E. Society's Dr. Moonje Institute for Management & Computer Studies, Nashik",,,,,,,,,,,,,,,,,,,,,,
,0511924110 - Master in Computer Application,,,,,,,,,,,,,,,,,,,,,,
,Status :, ,Un-Aided,,,,,,,,,,,,,,,,,,,,
,Home University Seats,,,,,,,,,,,,,,,,,,,,,,
Home University Seats Allotted to Home University Candidates,,,,,,,,,,,,,,,,,,,,,,,
,GOPENH, ,GSTH,,,,,,,,,,,,,,,,,,,,
6746,,,,,,,,,,,,,,,,,,,,,,,
Stage-I, ,,,,,,,,,,,,,,,,,,,,,,
(79.9969812),,,,,,,,,,,,,,,,,,,,,,,
7732,,,,,,,,,,,,,,,,,,,,,,,
,Stage-IV, ,,,,,,,,,,,,,,,,,,,,,
(76.9216256),,,,,,,,,,,,,,,,,,,,,,,
,Other Than Home University Seats,,,,,,,,,,,,,,,,,,,,,,
Other Than Home University Seats Allotted to Other Than Home University Candidates,,,,,,,,,,,,,,,,,,,,,,,
,GOPENO, ,GSCO, ,GSTO,,,,,,,,,,,,,,,,,,
14773,18422,,,,,,,,,,,,,,,,,,,,,,
Stage-I, ,,,,,,,,,,,,,,,,,,,,,,
(51.4093808),(36.496736),,,,,,,,,,,,,,,,,,,,,,
16963,,,,,,,,,,,,,,,,,,,,,,,
,Stage-IV, ,,,,,,,,,,,,,,,,,,,,,
(44.5345198),,,,,,,,,,,,,,,,,,,,,,,
,Legends :, ,"Legends: G-General, L-Ladies, S-State Level Seats ,PWD - Persons with Disabilities,DEF - Defence,PWDR :PWD Common Reserved Seat",,,,,,,,,,,,,,,,,,,,
"DEFR :Defense Common Reserved Seat ,* Maharashtra State Seats - Cut Off Indicates State General Merit No. ; Figures in bracket Indicates Merit Score",,,,,,,,,,,,,,,,,,,,,,,
,Page 87 of 192,,,,,,,,,,,,,,,,,,,,,,
GOVERNMENT OF MAHARASHTRA,,,,,,,,,,,,,,,,,,,,,,,
,"Directorate of Technical Education, Maharashtra State, Mumbai.",,,,,,,,,,,,,,,,,,,,,,
,Cut Off List for Maharashtra & Minority Seats of CAP Round-III for Admission to the First Year Post Graduate Technical Course in Master of Computer Applications (MCA) for the Academic Year 2025-26,,,,,,,,,,,,,,,,,,,,,,
,"5120 - MET's Institute of Management, Adgaon, Nashik",,,,,,,,,,,,,,,,,,,,,,
,0512024110 - Master in Computer Application,,,,,,,,,,,,,,,,,,,,,,
,Status :, ,Un-Aided,,,,,,,,,,,,,,,,,,,,
,Home University Seats,,,,,,,,,,,,,,,,,,,,,,
Home University Seats Allotted to Home University Candidates,,,,,,,,,,,,,,,,,,,,,,,
,GOPENH, ,GSTH,,,,,,,,,,,,,,,,,,,,
7485,,,,,,,,,,,,,,,,,,,,,,,
Stage-I, ,,,,,,,,,,,,,,,,,,,,,,
(76.9216256),,,,,,,,,,,,,,,,,,,,,,,
8996,,,,,,,,,,,,,,,,,,,,,,,
,Stage-IV, ,,,,,,,,,,,,,,,,,,,,,
(73.5368477),,,,,,,,,,,,,,,,,,,,,,,
,Home University Seats Allotted to Other Than Home University Candidates,,,,,,,,,,,,,,,,,,,,,,
,GSEBCH,,,,,,,,,,,,,,,,,,,,,,
14325,,,,,,,,,,,,,,,,,,,,,,,
Stage-I, ,,,,,,,,,,,,,,,,,,,,,,
(53.942159),,,,,,,,,,,,,,,,,,,,,,,
,Other Than Home University Seats,,,,,,,,,,,,,,,,,,,,,,
Other Than Home University Seats Allotted to Other Than Home University Candidates,,,,,,,,,,,,,,,,,,,,,,,
,GOPENO, ,GSTO, ,GOBCO,,,,,,,,,,,,,,,,,,
7160,7282,,,,,,,,,,,,,,,,,,,,,,
Stage-I, ,,,,,,,,,,,,,,,,,,,,,,
(77.8251197),(77.8251197),,,,,,,,,,,,,,,,,,,,,,
8193,,,,,,,,,,,,,,,,,,,,,,,
,Stage-IV, ,,,,,,,,,,,,,,,,,,,,,
(74.782248),,,,,,,,,,,,,,,,,,,,,,,
,State Level Seats,,,,,,,,,,,,,,,,,,,,,,
,EWS,,,,,,,,,,,,,,,,,,,,,,
19122,,,,,,,,,,,,,,,,,,,,,,,
Stage-I, ,,,,,,,,,,,,,,,,,,,,,,
(34.5198145),,,,,,,,,,,,,,,,,,,,,,,
,Legends :, ,"Legends: G-General, L-Ladies, S-State Level Seats ,PWD - Persons with Disabilities,DEF - Defence,PWDR :PWD Common Reserved Seat",,,,,,,,,,,,,,,,,,,,
"DEFR :Defense Common Reserved Seat ,* Maharashtra State Seats - Cut Off Indicates State General Merit No. ; Figures in bracket Indicates Merit Score",,,,,,,,,,,,,,,,,,,,,,,
,Page 88 of 192,,,,,,,,,,,,,,,,,,,,,,
GOVERNMENT OF MAHARASHTRA,,,,,,,,,,,,,,,,,,,,,,,
,"Directorate of Technical Education, Maharashtra State, Mumbai.",,,,,,,,,,,,,,,,,,,,,,
,Cut Off List for Maharashtra & Minority Seats of CAP Round-III for Admission to the First Year Post Graduate Technical Course in Master of Computer Applications (MCA) for the Academic Year 2025-26,,,,,,,,,,,,,,,,,,,,,,
,"5121 - K. K. Wagh Institute of Engineering Education and Research, Nashik",,,,,,,,,,,,,,,,,,,,,,
,0512124110 - Master in Computer Application,,,,,,,,,,,,,,,,,,,,,,
,Status :, ,Un-Aided-Autonomous,,,,,,,,,,,,,,,,,,,,
,Home University Seats,,,,,,,,,,,,,,,,,,,,,,
Home University Seats Allotted to Home University Candidates,,,,,,,,,,,,,,,,,,,,,,,
,GOPENH, ,GOBCH,,,,,,,,,,,,,,,,,,,,
2502,4450,,,,,,,,,,,,,,,,,,,,,,
Stage-I, ,,,,,,,,,,,,,,,,,,,,,,
(92.1797821),(85.3851665),,,,,,,,,,,,,,,,,,,,,,
,Other Than Home University Seats,,,,,,,,,,,,,,,,,,,,,,
Other Than Home University Seats Allotted to Other Than Home University Candidates,,,,,,,,,,,,,,,,,,,,,,,
,GOPENO,,,,,,,,,,,,,,,,,,,,,,
3721,,,,,,,,,,,,,,,,,,,,,,,
Stage-I, ,,,,,,,,,,,,,,,,,,,,,,
(89.1331398),,,,,,,,,,,,,,,,,,,,,,,
,Legends :, ,"Legends: G-General, L-Ladies, S-State Level Seats ,PWD - Persons with Disabilities,DEF - Defence,PWDR :PWD Common Reserved Seat",,,,,,,,,,,,,,,,,,,,
"DEFR :Defense Common Reserved Seat ,* Maharashtra State Seats - Cut Off Indicates State General Merit No. ; Figures in bracket Indicates Merit Score",,,,,,,,,,,,,,,,,,,,,,,
,Page 89 of 192,,,,,,,,,,,,,,,,,,,,,,
GOVERNMENT OF MAHARASHTRA,,,,,,,,,,,,,,,,,,,,,,,
,"Directorate of Technical Education, Maharashtra State, Mumbai.",,,,,,,,,,,,,,,,,,,,,,
,Cut Off List for Maharashtra & Minority Seats of CAP Round-III for Admission to the First Year Post Graduate Technical Course in Master of Computer Applications (MCA) for the Academic Year 2025-26,,,,,,,,,,,,,,,,,,,,,,
,"5124 - Jagadamba Education Soc. Nashik's S.N.D. College of Engineering & Reserch, Babulgaon",,,,,,,,,,,,,,,,,,,,,,
,0512424210 - Master of Computer Applications,,,,,,,,,,,,,,,,,,,,,,
,Status :, ,Un-Aided,,,,,,,,,,,,,,,,,,,,
,Home University Seats,,,,,,,,,,,,,,,,,,,,,,
Home University Seats Allotted to Home University Candidates,,,,,,,,,,,,,,,,,,,,,,,
,GNTDH, ,GSEBCH,,,,,,,,,,,,,,,,,,,,
19610,12881,,,,,,,,,,,,,,,,,,,,,,
Stage-IV, ,,,,,,,,,,,,,,,,,,,,,,
(31.6629561),(58.7911466),,,,,,,,,,,,,,,,,,,,,,
,Other Than Home University Seats,,,,,,,,,,,,,,,,,,,,,,
Other Than Home University Seats Allotted to Other Than Home University Candidates,,,,,,,,,,,,,,,,,,,,,,,
,GSCO, ,GNTBO, ,GSEBCO,,,,,,,,,,,,,,,,,,
20480,,,,,,,,,,,,,,,,,,,,,,,
Stage-I, ,,,,,,,,,,,,,,,,,,,,,,
(27.2744425),,,,,,,,,,,,,,,,,,,,,,,
4677,16003,,,,,,,,,,,,,,,,,,,,,,
,Stage-IV, ,,,,,,,,,,,,,,,,,,,,,
(85.3851665),(46.3793819),,,,,,,,,,,,,,,,,,,,,,
,Legends :, ,"Legends: G-General, L-Ladies, S-State Level Seats ,PWD - Persons with Disabilities,DEF - Defence,PWDR :PWD Common Reserved Seat",,,,,,,,,,,,,,,,,,,,
"DEFR :Defense Common Reserved Seat ,* Maharashtra State Seats - Cut Off Indicates State General Merit No. ; Figures in bracket Indicates Merit Score",,,,,,,,,,,,,,,,,,,,,,,
,Page 90 of 192,,,,,,,,,,,,,,,,,,,,,,
GOVERNMENT OF MAHARASHTRA,,,,,,,,,,,,,,,,,,,,,,,
,"Directorate of Technical Education, Maharashtra State, Mumbai.",,,,,,,,,,,,,,,,,,,,,,
,Cut Off List for Maharashtra & Minority Seats of CAP Round-III for Admission to the First Year Post Graduate Technical Course in Master of Computer Applications (MCA) for the Academic Year 2025-26,,,,,,,,,,,,,,,,,,,,,,
,"5131 - C.H.M.E. Society's Dr. Moonje Institute of Management & Information Technology, Nashik",,,,,,,,,,,,,,,,,,,,,,
,0513124110 - Master in Computer Application,,,,,,,,,,,,,,,,,,,,,,
,Status :, ,Un-Aided,,,,,,,,,,,,,,,,,,,,
,Home University Seats,,,,,,,,,,,,,,,,,,,,,,
Home University Seats Allotted to Home University Candidates,,,,,,,,,,,,,,,,,,,,,,,
,GOPENH,,,,,,,,,,,,,,,,,,,,,,
10652,,,,,,,,,,,,,,,,,,,,,,,
Stage-I, ,,,,,,,,,,,,,,,,,,,,,,
(67.3579428),,,,,,,,,,,,,,,,,,,,,,,
,Other Than Home University Seats,,,,,,,,,,,,,,,,,,,,,,
Other Than Home University Seats Allotted to Other Than Home University Candidates,,,,,,,,,,,,,,,,,,,,,,,
,GOPENO, ,GNTAO, ,GOBCO, ,GSEBCO,,,,,,,,,,,,,,,,
16047,17149,,,,,,,,,,,,,,,,,,,,,,
Stage-I, ,,,,,,,,,,,,,,,,,,,,,,
(46.3793819),(41.4550394),,,,,,,,,,,,,,,,,,,,,,
18313,17932,,,,,,,,,,,,,,,,,,,,,,
,Stage-IV, ,,,,,,,,,,,,,,,,,,,,,
(36.496736),(39.3989669),,,,,,,,,,,,,,,,,,,,,,
,Legends :, ,"Legends: G-General, L-Ladies, S-State Level Seats ,PWD - Persons with Disabilities,DEF - Defence,PWDR :PWD Common Reserved Seat",,,,,,,,,,,,,,,,,,,,
"DEFR :Defense Common Reserved Seat ,* Maharashtra State Seats - Cut Off Indicates State General Merit No. ; Figures in bracket Indicates Merit Score",,,,,,,,,,,,,,,,,,,,,,,
,Page 91 of 192,,,,,,,,,,,,,,,,,,,,,,
GOVERNMENT OF MAHARASHTRA,,,,,,,,,,,,,,,,,,,,,,,
,"Directorate of Technical Education, Maharashtra State, Mumbai.",,,,,,,,,,,,,,,,,,,,,,
,Cut Off List for Maharashtra & Minority Seats of CAP Round-III for Admission to the First Year Post Graduate Technical Course in Master of Computer Applications (MCA) for the Academic Year 2025-26,,,,,,,,,,,,,,,,,,,,,,
,"5150 - R.C. Patel Educational Trust, Institute of Management Reasearch & Development, Shirpur",,,,,,,,,,,,,,,,,,,,,,
,0515024110 - Master in Computer Application,,,,,,,,,,,,,,,,,,,,,,
,Status :, ,Un-Aided-Linguistic Minority - Gujarathi,,,,,,,,,,,,,,,,,,,,
,Home University Seats,,,,,,,,,,,,,,,,,,,,,,
Home University Seats Allotted to Home University Candidates,,,,,,,,,,,,,,,,,,,,,,,
,GOPENH,,,,,,,,,,,,,,,,,,,,,,
11666,,,,,,,,,,,,,,,,,,,,,,,
Stage-I, ,,,,,,,,,,,,,,,,,,,,,,
(63.1574978),,,,,,,,,,,,,,,,,,,,,,,
,Other Than Home University Seats,,,,,,,,,,,,,,,,,,,,,,
Other Than Home University Seats Allotted to Other Than Home University Candidates,,,,,,,,,,,,,,,,,,,,,,,
,GOPENO,,,,,,,,,,,,,,,,,,,,,,
23724,,,,,,,,,,,,,,,,,,,,,,,
Stage-I, ,,,,,,,,,,,,,,,,,,,,,,
(10.5199653),,,,,,,,,,,,,,,,,,,,,,,
,Minority Seats : Minority Seats Allotted to Non Minority Candidates,,,,,,,,,,,,,,,,,,,,,,
,MI-MH,,,,,,,,,,,,,,,,,,,,,,
14078,,,,,,,,,,,,,,,,,,,,,,,
Stage-MI-MH, ,,,,,,,,,,,,,,,,,,,,,,
(53.942159),,,,,,,,,,,,,,,,,,,,,,,
,Legends :, ,"Legends: G-General, L-Ladies, S-State Level Seats ,PWD - Persons with Disabilities,DEF - Defence,PWDR :PWD Common Reserved Seat",,,,,,,,,,,,,,,,,,,,
"DEFR :Defense Common Reserved Seat ,* Maharashtra State Seats - Cut Off Indicates State General Merit No. ; Figures in bracket Indicates Merit Score",,,,,,,,,,,,,,,,,,,,,,,
,Page 92 of 192,,,,,,,,,,,,,,,,,,,,,,
GOVERNMENT OF MAHARASHTRA,,,,,,,,,,,,,,,,,,,,,,,
,"Directorate of Technical Education, Maharashtra State, Mumbai.",,,,,,,,,,,,,,,,,,,,,,
,Cut Off List for Maharashtra & Minority Seats of CAP Round-III for Admission to the First Year Post Graduate Technical Course in Master of Computer Applications (MCA) for the Academic Year 2025-26,,,,,,,,,,,,,,,,,,,,,,
,"5151 - MET Bhujbal Knowledge City MET League's Engineering College, Adgaon, Nashik.",,,,,,,,,,,,,,,,,,,,,,
,0515124110 - Master in Computer Application,,,,,,,,,,,,,,,,,,,,,,
,Status :, ,Un-Aided,,,,,,,,,,,,,,,,,,,,
,Home University Seats,,,,,,,,,,,,,,,,,,,,,,
Home University Seats Allotted to Home University Candidates,,,,,,,,,,,,,,,,,,,,,,,
,PWDOPENH,,,,,,,,,,,,,,,,,,,,,,
5100,,,,,,,,,,,,,,,,,,,,,,,
I-Non PWD / DEF, ,,,,,,,,,,,,,,,,,,,,,,
(85.2118788),,,,,,,,,,,,,,,,,,,,,,,
,Other Than Home University Seats,,,,,,,,,,,,,,,,,,,,,,
Other Than Home University Seats Allotted to Other Than Home University Candidates,,,,,,,,,,,,,,,,,,,,,,,
,GOPENO, ,GSTO, ,GOBCO,,,,,,,,,,,,,,,,,,
5425,24167,5930,,,,,,,,,,,,,,,,,,,,,
Stage-I, ,,,,,,,,,,,,,,,,,,,,,,
(82.9644433),(7.9446476),(82.8308366),,,,,,,,,,,,,,,,,,,,,
,State Level Seats,,,,,,,,,,,,,,,,,,,,,,
,TFWS,,,,,,,,,,,,,,,,,,,,,,
4268,,,,,,,,,,,,,,,,,,,,,,,
Stage-I, ,,,,,,,,,,,,,,,,,,,,,,
(87.2080299),,,,,,,,,,,,,,,,,,,,,,,
,Legends :, ,"Legends: G-General, L-Ladies, S-State Level Seats ,PWD - Persons with Disabilities,DEF - Defence,PWDR :PWD Common Reserved Seat",,,,,,,,,,,,,,,,,,,,
"DEFR :Defense Common Reserved Seat ,* Maharashtra State Seats - Cut Off Indicates State General Merit No. ; Figures in bracket Indicates Merit Score",,,,,,,,,,,,,,,,,,,,,,,
,Page 93 of 192,,,,,,,,,,,,,,,,,,,,,,
GOVERNMENT OF MAHARASHTRA,,,,,,,,,,,,,,,,,,,,,,,
,"Directorate of Technical Education, Maharashtra State, Mumbai.",,,,,,,,,,,,,,,,,,,,,,
,Cut Off List for Maharashtra & Minority Seats of CAP Round-III for Admission to the First Year Post Graduate Technical Course in Master of Computer Applications (MCA) for the Academic Year 2025-26,,,,,,,,,,,,,,,,,,,,,,
,"5152 - G H Raisoni College of Engineering and Management, Jalgaon",,,,,,,,,,,,,,,,,,,,,,
,0515224110 - Master in Computer Application,,,,,,,,,,,,,,,,,,,,,,
,Status :, ,Un-Aided-Autonomous-Linguistic Minority - Hindi,,,,,,,,,,,,,,,,,,,,
,Home University Seats,,,,,,,,,,,,,,,,,,,,,,
Home University Seats Allotted to Home University Candidates,,,,,,,,,,,,,,,,,,,,,,,
,GOPENH,,,,,,,,,,,,,,,,,,,,,,
7952,,,,,,,,,,,,,,,,,,,,,,,
Stage-I, ,,,,,,,,,,,,,,,,,,,,,,
(74.782248),,,,,,,,,,,,,,,,,,,,,,,
,Other Than Home University Seats,,,,,,,,,,,,,,,,,,,,,,
Other Than Home University Seats Allotted to Other Than Home University Candidates,,,,,,,,,,,,,,,,,,,,,,,
,GOPENO,,,,,,,,,,,,,,,,,,,,,,
21681,,,,,,,,,,,,,,,,,,,,,,,
Stage-I, ,,,,,,,,,,,,,,,,,,,,,,
(21.0059952),,,,,,,,,,,,,,,,,,,,,,,
,Minority Seats : Minority Seats Allotted to Non Minority Candidates,,,,,,,,,,,,,,,,,,,,,,
,MI-MH,,,,,,,,,,,,,,,,,,,,,,
15258,,,,,,,,,,,,,,,,,,,,,,,
Stage-MI-MH, ,,,,,,,,,,,,,,,,,,,,,,
(49.3533426),,,,,,,,,,,,,,,,,,,,,,,
,Legends :, ,"Legends: G-General, L-Ladies, S-State Level Seats ,PWD - Persons with Disabilities,DEF - Defence,PWDR :PWD Common Reserved Seat",,,,,,,,,,,,,,,,,,,,
"DEFR :Defense Common Reserved Seat ,* Maharashtra State Seats - Cut Off Indicates State General Merit No. ; Figures in bracket Indicates Merit Score",,,,,,,,,,,,,,,,,,,,,,,
,Page 94 of 192,,,,,,,,,,,,,,,,,,,,,,
GOVERNMENT OF MAHARASHTRA,,,,,,,,,,,,,,,,,,,,,,,
,"Directorate of Technical Education, Maharashtra State, Mumbai.",,,,,,,,,,,,,,,,,,,,,,
,Cut Off List for Maharashtra & Minority Seats of CAP Round-III for Admission to the First Year Post Graduate Technical Course in Master of Computer Applications (MCA) for the Academic Year 2025-26,,,,,,,,,,,,,,,,,,,,,,
,"5153 - West Khandesh Bhagini Seva Mandal's Dr. Suryakanta R. Ajmera M.C.A. College for Women, Dhule",,,,,,,,,,,,,,,,,,,,,,
,0515324150F - Master in Computer Application,,,,,,,,,,,,,,,,,,,,,,
,Status :, ,Un-Aided-Linguistic Minority - Hindi,,,,,,,,,,,,,,,,,,,,
,Minority Seats : Minority Seats Allotted to Non Minority Candidates,,,,,,,,,,,,,,,,,,,,,,
,MI-MH,,,,,,,,,,,,,,,,,,,,,,
14055,,,,,,,,,,,,,,,,,,,,,,,
Stage-MI-MH, ,,,,,,,,,,,,,,,,,,,,,,
(53.942159),,,,,,,,,,,,,,,,,,,,,,,
,Legends :, ,"Legends: G-General, L-Ladies, S-State Level Seats ,PWD - Persons with Disabilities,DEF - Defence,PWDR :PWD Common Reserved Seat",,,,,,,,,,,,,,,,,,,,
"DEFR :Defense Common Reserved Seat ,* Maharashtra State Seats - Cut Off Indicates State General Merit No. ; Figures in bracket Indicates Merit Score",,,,,,,,,,,,,,,,,,,,,,,
,Page 95 of 192,,,,,,,,,,,,,,,,,,,,,,
GOVERNMENT OF MAHARASHTRA,,,,,,,,,,,,,,,,,,,,,,,
,"Directorate of Technical Education, Maharashtra State, Mumbai.",,,,,,,,,,,,,,,,,,,,,,
,Cut Off List for Maharashtra & Minority Seats of CAP Round-III for Admission to the First Year Post Graduate Technical Course in Master of Computer Applications (MCA) for the Academic Year 2025-26,,,,,,,,,,,,,,,,,,,,,,
,"5170 - Hindi Seva Mandal's Shri Sant Gadgebaba College of Engineering & Technology, Bhusawal",,,,,,,,,,,,,,,,,,,,,,
,0517024110 - Master in Computer Application,,,,,,,,,,,,,,,,,,,,,,
,Status :, ,Un-Aided-Autonomous-Linguistic Minority - Hindi,,,,,,,,,,,,,,,,,,,,
,Other Than Home University Seats Allotted to Home University Candidates,,,,,,,,,,,,,,,,,,,,,,
,GOPENO,,,,,,,,,,,,,,,,,,,,,,
11075,,,,,,,,,,,,,,,,,,,,,,,
Stage-I, ,,,,,,,,,,,,,,,,,,,,,,
(65.8578922),,,,,,,,,,,,,,,,,,,,,,,
,Minority Seats : Minority Seats Allotted to Non Minority Candidates,,,,,,,,,,,,,,,,,,,,,,
,MI-MH,,,,,,,,,,,,,,,,,,,,,,
20995,,,,,,,,,,,,,,,,,,,,,,,
Stage-MI-MH, ,,,,,,,,,,,,,,,,,,,,,,
(25.4779232),,,,,,,,,,,,,,,,,,,,,,,
,Legends :, ,"Legends: G-General, L-Ladies, S-State Level Seats ,PWD - Persons with Disabilities,DEF - Defence,PWDR :PWD Common Reserved Seat",,,,,,,,,,,,,,,,,,,,
"DEFR :Defense Common Reserved Seat ,* Maharashtra State Seats - Cut Off Indicates State General Merit No. ; Figures in bracket Indicates Merit Score",,,,,,,,,,,,,,,,,,,,,,,
,Page 96 of 192,,,,,,,,,,,,,,,,,,,,,,
GOVERNMENT OF MAHARASHTRA,,,,,,,,,,,,,,,,,,,,,,,
,"Directorate of Technical Education, Maharashtra State, Mumbai.",,,,,,,,,,,,,,,,,,,,,,
,Cut Off List for Maharashtra & Minority Seats of CAP Round-III for Admission to the First Year Post Graduate Technical Course in Master of Computer Applications (MCA) for the Academic Year 2025-26,,,,,,,,,,,,,,,,,,,,,,
,"5177 - Matoshri College of Engineering and Research Centre, Eklahare, Nashik",,,,,,,,,,,,,,,,,,,,,,
,0517724110 - Master in Computer Application,,,,,,,,,,,,,,,,,,,,,,
,Status :, ,Un-Aided-Autonomous,,,,,,,,,,,,,,,,,,,,
,Home University Seats,,,,,,,,,,,,,,,,,,,,,,
Home University Seats Allotted to Home University Candidates,,,,,,,,,,,,,,,,,,,,,,,
,GOPENH, ,GSCH, ,GSTH, ,GNTCH, ,GOBCH, ,GSEBCH,,,,,,,,,,,,
12773,23009,16300,,,,,,,,,,,,,,,,,,,,,
Stage-I, ,,,,,,,,,,,,,,,,,,,,,,
(58.7911466),(15.5994113),(46.3793819),,,,,,,,,,,,,,,,,,,,,
15888,17100,17028,,,,,,,,,,,,,,,,,,,,,
,Stage-IV, ,,,,,,,,,,,,,,,,,,,,,
(46.3793819),(41.4550394),(44.5345198),,,,,,,,,,,,,,,,,,,,,
,Other Than Home University Seats,,,,,,,,,,,,,,,,,,,,,,
Other Than Home University Seats Allotted to Other Than Home University Candidates,,,,,,,,,,,,,,,,,,,,,,,
,GOPENO, ,GSTO,,,,,,,,,,,,,,,,,,,,
10257,,,,,,,,,,,,,,,,,,,,,,,
Stage-I, ,,,,,,,,,,,,,,,,,,,,,,
(67.3579428),,,,,,,,,,,,,,,,,,,,,,,
12425,,,,,,,,,,,,,,,,,,,,,,,
,Stage-IV, ,,,,,,,,,,,,,,,,,,,,,
(61.2807064),,,,,,,,,,,,,,,,,,,,,,,
,State Level Seats,,,,,,,,,,,,,,,,,,,,,,
,EWS,,,,,,,,,,,,,,,,,,,,,,
18926,,,,,,,,,,,,,,,,,,,,,,,
Stage-I, ,,,,,,,,,,,,,,,,,,,,,,
(34.5198145),,,,,,,,,,,,,,,,,,,,,,,
,Legends :, ,"Legends: G-General, L-Ladies, S-State Level Seats ,PWD - Persons with Disabilities,DEF - Defence,PWDR :PWD Common Reserved Seat",,,,,,,,,,,,,,,,,,,,
"DEFR :Defense Common Reserved Seat ,* Maharashtra State Seats - Cut Off Indicates State General Merit No. ; Figures in bracket Indicates Merit Score",,,,,,,,,,,,,,,,,,,,,,,
,Page 97 of 192,,,,,,,,,,,,,,,,,,,,,,
GOVERNMENT OF MAHARASHTRA,,,,,,,,,,,,,,,,,,,,,,,
,"Directorate of Technical Education, Maharashtra State, Mumbai.",,,,,,,,,,,,,,,,,,,,,,
,Cut Off List for Maharashtra & Minority Seats of CAP Round-III for Admission to the First Year Post Graduate Technical Course in Master of Computer Applications (MCA) for the Academic Year 2025-26,,,,,,,,,,,,,,,,,,,,,,
,"5181 - Gokhale Education Society's, R.H. Sapat College of Engineering, Management Studies and Research, Nashik",,,,,,,,,,,,,,,,,,,,,,
,0518124110 - Master in Computer Application,,,,,,,,,,,,,,,,,,,,,,
,Status :, ,Un-Aided,,,,,,,,,,,,,,,,,,,,
,Home University Seats,,,,,,,,,,,,,,,,,,,,,,
Home University Seats Allotted to Home University Candidates,,,,,,,,,,,,,,,,,,,,,,,
,GOPENH, ,GSTH, ,GNTCH, ,GOBCH, ,GSEBCH,,,,,,,,,,,,,,
8154,10494,,,,,,,,,,,,,,,,,,,,,,
Stage-I, ,,,,,,,,,,,,,,,,,,,,,,
(74.782248),(67.3579428),,,,,,,,,,,,,,,,,,,,,,
10999,8652,11240,,,,,,,,,,,,,,,,,,,,,
,Stage-IV, ,,,,,,,,,,,,,,,,,,,,,
(65.8578922),(73.5368477),(65.8578922),,,,,,,,,,,,,,,,,,,,,
,Other Than Home University Seats,,,,,,,,,,,,,,,,,,,,,,
Other Than Home University Seats Allotted to Other Than Home University Candidates,,,,,,,,,,,,,,,,,,,,,,,
,GOPENO, ,GNTCO, ,GSEBCO,,,,,,,,,,,,,,,,,,
6129,22255,10008,,,,,,,,,,,,,,,,,,,,,
Stage-I, ,,,,,,,,,,,,,,,,,,,,,,
(80.5399495),(19.1539942),(69.7143504),,,,,,,,,,,,,,,,,,,,,
,Legends :, ,"Legends: G-General, L-Ladies, S-State Level Seats ,PWD - Persons with Disabilities,DEF - Defence,PWDR :PWD Common Reserved Seat",,,,,,,,,,,,,,,,,,,,
"DEFR :Defense Common Reserved Seat ,* Maharashtra State Seats - Cut Off Indicates State General Merit No. ; Figures in bracket Indicates Merit Score",,,,,,,,,,,,,,,,,,,,,,,
,Page 98 of 192,,,,,,,,,,,,,,,,,,,,,,
GOVERNMENT OF MAHARASHTRA,,,,,,,,,,,,,,,,,,,,,,,
,"Directorate of Technical Education, Maharashtra State, Mumbai.",,,,,,,,,,,,,,,,,,,,,,
,Cut Off List for Maharashtra & Minority Seats of CAP Round-III for Admission to the First Year Post Graduate Technical Course in Master of Computer Applications (MCA) for the Academic Year 2025-26,,,,,,,,,,,,,,,,,,,,,,
,"5303 - Hon. Shri. Babanrao Pachpute Vichardhara Trust, Group of Institutions (Integrated Campus)-Parikrama, Kashti Shrigondha,",,,,,,,,,,,,,,,,,,,,,,
,0530324110 - Master in Computer Application,,,,,,,,,,,,,,,,,,,,,,
,Status :, ,Un-Aided,,,,,,,,,,,,,,,,,,,,
,Home University Seats,,,,,,,,,,,,,,,,,,,,,,
Home University Seats Allotted to Home University Candidates,,,,,,,,,,,,,,,,,,,,,,,
,GSTH, ,GNTAH,,,,,,,,,,,,,,,,,,,,
14462,9892,,,,,,,,,,,,,,,,,,,,,,
Stage-IV, ,,,,,,,,,,,,,,,,,,,,,,
(53.942159),(69.7143504),,,,,,,,,,,,,,,,,,,,,,
,Other Than Home University Seats,,,,,,,,,,,,,,,,,,,,,,
Other Than Home University Seats Allotted to Other Than Home University Candidates,,,,,,,,,,,,,,,,,,,,,,,
,GOPENO,,,,,,,,,,,,,,,,,,,,,,
25240,,,,,,,,,,,,,,,,,,,,,,,
Stage-I, ,,,,,,,,,,,,,,,,,,,,,,
(2.0301121),,,,,,,,,,,,,,,,,,,,,,,
,Legends :, ,"Legends: G-General, L-Ladies, S-State Level Seats ,PWD - Persons with Disabilities,DEF - Defence,PWDR :PWD Common Reserved Seat",,,,,,,,,,,,,,,,,,,,
"DEFR :Defense Common Reserved Seat ,* Maharashtra State Seats - Cut Off Indicates State General Merit No. ; Figures in bracket Indicates Merit Score",,,,,,,,,,,,,,,,,,,,,,,
,Page 99 of 192,,,,,,,,,,,,,,,,,,,,,,
GOVERNMENT OF MAHARASHTRA,,,,,,,,,,,,,,,,,,,,,,,
,"Directorate of Technical Education, Maharashtra State, Mumbai.",,,,,,,,,,,,,,,,,,,,,,
,Cut Off List for Maharashtra & Minority Seats of CAP Round-III for Admission to the First Year Post Graduate Technical Course in Master of Computer Applications (MCA) for the Academic Year 2025-26,,,,,,,,,,,,,,,,,,,,,,
,"5331 - Sandip Foundation's, Sandip Institute of Engineering & Management, Nashik",,,,,,,,,,,,,,,,,,,,,,
,0533124110 - Master in Computer Application,,,,,,,,,,,,,,,,,,,,,,
,Status :, ,Un-Aided,,,,,,,,,,,,,,,,,,,,
,Home University Seats,,,,,,,,,,,,,,,,,,,,,,
Home University Seats Allotted to Home University Candidates,,,,,,,,,,,,,,,,,,,,,,,
,GOPENH, ,GSTH, ,GNTCH, ,GSEBCH, ,PWDOPENH,,,,,,,,,,,,,,
11407,22988,,,,,,,,,,,,,,,,,,,,,,
Stage-I, ,,,,,,,,,,,,,,,,,,,,,,
(65.8578922),(15.5994113),,,,,,,,,,,,,,,,,,,,,,
13335,15456,,,,,,,,,,,,,,,,,,,,,,
,Stage-IV, ,,,,,,,,,,,,,,,,,,,,,
(58.7911466),(49.3533426),,,,,,,,,,,,,,,,,,,,,,
11828,,,,,,,,,,,,,,,,,,,,,,,
,I-Non PWD / DEF, ,,,,,,,,,,,,,,,,,,,,,
(63.1574978),,,,,,,,,,,,,,,,,,,,,,,
,Home University Seats Allotted to Other Than Home University Candidates,,,,,,,,,,,,,,,,,,,,,,
,GSCH,,,,,,,,,,,,,,,,,,,,,,
25275,,,,,,,,,,,,,,,,,,,,,,,
Stage-I, ,,,,,,,,,,,,,,,,,,,,,,
(2.0301121),,,,,,,,,,,,,,,,,,,,,,,
,Other Than Home University Seats,,,,,,,,,,,,,,,,,,,,,,
Other Than Home University Seats Allotted to Other Than Home University Candidates,,,,,,,,,,,,,,,,,,,,,,,
,GOPENO, ,GSTO,,,,,,,,,,,,,,,,,,,,
14151,,,,,,,,,,,,,,,,,,,,,,,
Stage-I, ,,,,,,,,,,,,,,,,,,,,,,
(53.942159),,,,,,,,,,,,,,,,,,,,,,,
14984,,,,,,,,,,,,,,,,,,,,,,,
,Stage-IV, ,,,,,,,,,,,,,,,,,,,,,
(51.4093808),,,,,,,,,,,,,,,,,,,,,,,
,State Level Seats,,,,,,,,,,,,,,,,,,,,,,
,EWS,,,,,,,,,,,,,,,,,,,,,,
19994,,,,,,,,,,,,,,,,,,,,,,,
Stage-I, ,,,,,,,,,,,,,,,,,,,,,,
(29.9046039),,,,,,,,,,,,,,,,,,,,,,,
,Legends :, ,"Legends: G-General, L-Ladies, S-State Level Seats ,PWD - Persons with Disabilities,DEF - Defence,PWDR :PWD Common Reserved Seat",,,,,,,,,,,,,,,,,,,,
"DEFR :Defense Common Reserved Seat ,* Maharashtra State Seats - Cut Off Indicates State General Merit No. ; Figures in bracket Indicates Merit Score",,,,,,,,,,,,,,,,,,,,,,,
,Page 100 of 192,,,,,,,,,,,,,,,,,,,,,,
GOVERNMENT OF MAHARASHTRA,,,,,,,,,,,,,,,,,,,,,,,
,"Directorate of Technical Education, Maharashtra State, Mumbai.",,,,,,,,,,,,,,,,,,,,,,
,Cut Off List for Maharashtra & Minority Seats of CAP Round-III for Admission to the First Year Post Graduate Technical Course in Master of Computer Applications (MCA) for the Academic Year 2025-26,,,,,,,,,,,,,,,,,,,,,,
,"5380 - Adsul's Technical Campus, Chas Dist. Ahmednagar",,,,,,,,,,,,,,,,,,,,,,
,0538024110 - Master in Computer Application,,,,,,,,,,,,,,,,,,,,,,
,Status :, ,Un-Aided,,,,,,,,,,,,,,,,,,,,
,Home University Seats,,,,,,,,,,,,,,,,,,,,,,
Home University Seats Allotted to Home University Candidates,,,,,,,,,,,,,,,,,,,,,,,
,GOPENH, ,GSTH, ,GSEBCH,,,,,,,,,,,,,,,,,,
13477,23549,,,,,,,,,,,,,,,,,,,,,,
Stage-I, ,,,,,,,,,,,,,,,,,,,,,,
(56.5488095),(12.4750009),,,,,,,,,,,,,,,,,,,,,,
13484,,,,,,,,,,,,,,,,,,,,,,,
,Stage-IV, ,,,,,,,,,,,,,,,,,,,,,
(56.5488095),,,,,,,,,,,,,,,,,,,,,,,
,Other Than Home University Seats,,,,,,,,,,,,,,,,,,,,,,
Other Than Home University Seats Allotted to Other Than Home University Candidates,,,,,,,,,,,,,,,,,,,,,,,
,GOPENO,,,,,,,,,,,,,,,,,,,,,,
25119,,,,,,,,,,,,,,,,,,,,,,,
Stage-I, ,,,,,,,,,,,,,,,,,,,,,,
(2.8640429),,,,,,,,,,,,,,,,,,,,,,,
,Other Than Home University Seats Allotted to Home University Candidates,,,,,,,,,,,,,,,,,,,,,,
,GSTO, ,GOBCO, ,GSEBCO,,,,,,,,,,,,,,,,,,
13753,14257,,,,,,,,,,,,,,,,,,,,,,
Stage-IV, ,,,,,,,,,,,,,,,,,,,,,,
(56.5488095),(53.942159),,,,,,,,,,,,,,,,,,,,,,
14260,,,,,,,,,,,,,,,,,,,,,,,
,Stage-I, ,,,,,,,,,,,,,,,,,,,,,
(53.942159),,,,,,,,,,,,,,,,,,,,,,,
,Legends :, ,"Legends: G-General, L-Ladies, S-State Level Seats ,PWD - Persons with Disabilities,DEF - Defence,PWDR :PWD Common Reserved Seat",,,,,,,,,,,,,,,,,,,,
"DEFR :Defense Common Reserved Seat ,* Maharashtra State Seats - Cut Off Indicates State General Merit No. ; Figures in bracket Indicates Merit Score",,,,,,,,,,,,,,,,,,,,,,,
,Page 101 of 192,,,,,,,,,,,,,,,,,,,,,,
GOVERNMENT OF MAHARASHTRA,,,,,,,,,,,,,,,,,,,,,,,
,"Directorate of Technical Education, Maharashtra State, Mumbai.",,,,,,,,,,,,,,,,,,,,,,
,Cut Off List for Maharashtra & Minority Seats of CAP Round-III for Admission to the First Year Post Graduate Technical Course in Master of Computer Applications (MCA) for the Academic Year 2025-26,,,,,,,,,,,,,,,,,,,,,,
,"5381 - Shri. Jaykumar Rawal Institute of Technology, Dondaicha.",,,,,,,,,,,,,,,,,,,,,,
,0538124110 - Master in Computer Application,,,,,,,,,,,,,,,,,,,,,,
,Status :, ,Un-Aided,,,,,,,,,,,,,,,,,,,,
,Home University Seats,,,,,,,,,,,,,,,,,,,,,,
Home University Seats Allotted to Home University Candidates,,,,,,,,,,,,,,,,,,,,,,,
,GOPENH, ,GSTH, ,GSEBCH,,,,,,,,,,,,,,,,,,
12265,20029,25033,,,,,,,,,,,,,,,,,,,,,
Stage-I, ,,,,,,,,,,,,,,,,,,,,,,
(61.2807064),(29.9046039),(3.0466423),,,,,,,,,,,,,,,,,,,,,
13504,,,,,,,,,,,,,,,,,,,,,,,
,Stage-IV, ,,,,,,,,,,,,,,,,,,,,,
(56.5488095),,,,,,,,,,,,,,,,,,,,,,,
,Other Than Home University Seats,,,,,,,,,,,,,,,,,,,,,,
Other Than Home University Seats Allotted to Other Than Home University Candidates,,,,,,,,,,,,,,,,,,,,,,,
,GSCO,,,,,,,,,,,,,,,,,,,,,,
20482,,,,,,,,,,,,,,,,,,,,,,,
Stage-IV, ,,,,,,,,,,,,,,,,,,,,,,
(27.2744425),,,,,,,,,,,,,,,,,,,,,,,
,Other Than Home University Seats Allotted to Home University Candidates,,,,,,,,,,,,,,,,,,,,,,
,GNTDO,,,,,,,,,,,,,,,,,,,,,,
14668,,,,,,,,,,,,,,,,,,,,,,,
Stage-IV, ,,,,,,,,,,,,,,,,,,,,,,
(51.4093808),,,,,,,,,,,,,,,,,,,,,,,
,Legends :, ,"Legends: G-General, L-Ladies, S-State Level Seats ,PWD - Persons with Disabilities,DEF - Defence,PWDR :PWD Common Reserved Seat",,,,,,,,,,,,,,,,,,,,
"DEFR :Defense Common Reserved Seat ,* Maharashtra State Seats - Cut Off Indicates State General Merit No. ; Figures in bracket Indicates Merit Score",,,,,,,,,,,,,,,,,,,,,,,
,Page 102 of 192,,,,,,,,,,,,,,,,,,,,,,
GOVERNMENT OF MAHARASHTRA,,,,,,,,,,,,,,,,,,,,,,,
,"Directorate of Technical Education, Maharashtra State, Mumbai.",,,,,,,,,,,,,,,,,,,,,,
,Cut Off List for Maharashtra & Minority Seats of CAP Round-III for Admission to the First Year Post Graduate Technical Course in Master of Computer Applications (MCA) for the Academic Year 2025-26,,,,,,,,,,,,,,,,,,,,,,
,"5385 - Akole Taluka Education Society,s Agasti Institute of Management, Computer Application & Research, Akole, Ahmednagar",,,,,,,,,,,,,,,,,,,,,,
,0538524110 - Master in Computer Application,,,,,,,,,,,,,,,,,,,,,,
,Status :, ,Un-Aided,,,,,,,,,,,,,,,,,,,,
,Home University Seats,,,,,,,,,,,,,,,,,,,,,,
Home University Seats Allotted to Home University Candidates,,,,,,,,,,,,,,,,,,,,,,,
,GSCH, ,GSTH, ,GNTBH, ,GNTCH, ,GOBCH, ,GSEBCH, ,PWDOPENH,,,,,,,,,,
20966,20098,20726,21844,,,,,,,,,,,,,,,,,,,,
Stage-IV, ,,,,,,,,,,,,,,,,,,,,,,
(25.4779232),(29.9046039),(27.2744425),(21.0059952),,,,,,,,,,,,,,,,,,,,
19660,17508,,,,,,,,,,,,,,,,,,,,,,
,Stage-I, ,,,,,,,,,,,,,,,,,,,,,
(31.6629561),(41.4550394),,,,,,,,,,,,,,,,,,,,,,
17334,,,,,,,,,,,,,,,,,,,,,,,
,I-Non PWD / DEF, ,,,,,,,,,,,,,,,,,,,,,
(41.4550394),,,,,,,,,,,,,,,,,,,,,,,
,Other Than Home University Seats,,,,,,,,,,,,,,,,,,,,,,
Other Than Home University Seats Allotted to Other Than Home University Candidates,,,,,,,,,,,,,,,,,,,,,,,
,GOPENO, ,GSEBCO,,,,,,,,,,,,,,,,,,,,
21419,,,,,,,,,,,,,,,,,,,,,,,
Stage-I, ,,,,,,,,,,,,,,,,,,,,,,
(23.1010151),,,,,,,,,,,,,,,,,,,,,,,
22095,,,,,,,,,,,,,,,,,,,,,,,
,Stage-IV, ,,,,,,,,,,,,,,,,,,,,,
(19.1539942),,,,,,,,,,,,,,,,,,,,,,,
,Other Than Home University Seats Allotted to Home University Candidates,,,,,,,,,,,,,,,,,,,,,,
,GOBCO,,,,,,,,,,,,,,,,,,,,,,
18609,,,,,,,,,,,,,,,,,,,,,,,
Stage-I, ,,,,,,,,,,,,,,,,,,,,,,
(36.496736),,,,,,,,,,,,,,,,,,,,,,,
,Legends :, ,"Legends: G-General, L-Ladies, S-State Level Seats ,PWD - Persons with Disabilities,DEF - Defence,PWDR :PWD Common Reserved Seat",,,,,,,,,,,,,,,,,,,,
"DEFR :Defense Common Reserved Seat ,* Maharashtra State Seats - Cut Off Indicates State General Merit No. ; Figures in bracket Indicates Merit Score",,,,,,,,,,,,,,,,,,,,,,,
,Page 103 of 192,,,,,,,,,,,,,,,,,,,,,,
GOVERNMENT OF MAHARASHTRA,,,,,,,,,,,,,,,,,,,,,,,
,"Directorate of Technical Education, Maharashtra State, Mumbai.",,,,,,,,,,,,,,,,,,,,,,
,Cut Off List for Maharashtra & Minority Seats of CAP Round-III for Admission to the First Year Post Graduate Technical Course in Master of Computer Applications (MCA) for the Academic Year 2025-26,,,,,,,,,,,,,,,,,,,,,,
,"5386 - Dr. B.V. Hiray College of Management & Research Centre, Malegaon.",,,,,,,,,,,,,,,,,,,,,,
,0538624110 - Master in Computer Application,,,,,,,,,,,,,,,,,,,,,,
,Status :, ,Un-Aided,,,,,,,,,,,,,,,,,,,,
,Other Than Home University Seats,,,,,,,,,,,,,,,,,,,,,,
Other Than Home University Seats Allotted to Other Than Home University Candidates,,,,,,,,,,,,,,,,,,,,,,,
,GSCO,,,,,,,,,,,,,,,,,,,,,,
15524,,,,,,,,,,,,,,,,,,,,,,,
Stage-IV, ,,,,,,,,,,,,,,,,,,,,,,
(49.3533426),,,,,,,,,,,,,,,,,,,,,,,
,Other Than Home University Seats Allotted to Home University Candidates,,,,,,,,,,,,,,,,,,,,,,
,GNTCO,,,,,,,,,,,,,,,,,,,,,,
14940,,,,,,,,,,,,,,,,,,,,,,,
Stage-I, ,,,,,,,,,,,,,,,,,,,,,,
(51.4093808),,,,,,,,,,,,,,,,,,,,,,,
,Legends :, ,"Legends: G-General, L-Ladies, S-State Level Seats ,PWD - Persons with Disabilities,DEF - Defence,PWDR :PWD Common Reserved Seat",,,,,,,,,,,,,,,,,,,,
"DEFR :Defense Common Reserved Seat ,* Maharashtra State Seats - Cut Off Indicates State General Merit No. ; Figures in bracket Indicates Merit Score",,,,,,,,,,,,,,,,,,,,,,,
,Page 104 of 192,,,,,,,,,,,,,,,,,,,,,,
GOVERNMENT OF MAHARASHTRA,,,,,,,,,,,,,,,,,,,,,,,
,"Directorate of Technical Education, Maharashtra State, Mumbai.",,,,,,,,,,,,,,,,,,,,,,
,Cut Off List for Maharashtra & Minority Seats of CAP Round-III for Admission to the First Year Post Graduate Technical Course in Master of Computer Applications (MCA) for the Academic Year 2025-26,,,,,,,,,,,,,,,,,,,,,,
,"5509 - Shri Swami Samarth Institute of Management and Technology, Malwadi-Bota",,,,,,,,,,,,,,,,,,,,,,
,0550924110 - Master in Computer Application,,,,,,,,,,,,,,,,,,,,,,
,Status :, ,Un-Aided,,,,,,,,,,,,,,,,,,,,
,Home University Seats,,,,,,,,,,,,,,,,,,,,,,
Home University Seats Allotted to Home University Candidates,,,,,,,,,,,,,,,,,,,,,,,
,GOPENH, ,GSCH, ,GSTH, ,GNTBH, ,GNTDH, ,GOBCH, ,GSEBCH, ,PWDOPENH, ,PWDSCH,,,,,,
15142,18965,16481,18981,,,,,,,,,,,,,,,,,,,,
Stage-I, ,,,,,,,,,,,,,,,,,,,,,,
(51.4093808),(34.5198145),(44.5345198),(34.5198145),,,,,,,,,,,,,,,,,,,,
18657,18737,19103,17647,18983,,,,,,,,,,,,,,,,,,,
,Stage-IV, ,,,,,,,,,,,,,,,,,,,,,
(36.496736),(36.496736),(34.5198145),(41.4550394),(34.5198145),,,,,,,,,,,,,,,,,,,
16860,,,,,,,,,,,,,,,,,,,,,,,
,I-Non PWD / DEF, ,,,,,,,,,,,,,,,,,,,,,
(44.5345198),,,,,,,,,,,,,,,,,,,,,,,
,Other Than Home University Seats,,,,,,,,,,,,,,,,,,,,,,
Other Than Home University Seats Allotted to Other Than Home University Candidates,,,,,,,,,,,,,,,,,,,,,,,
,GOPENO, ,GSCO, ,GSTO, ,GNTBO, ,GOBCO, ,GSEBCO,,,,,,,,,,,,
18494,18676,23844,,,,,,,,,,,,,,,,,,,,,
Stage-I, ,,,,,,,,,,,,,,,,,,,,,,
(36.496736),(36.496736),(10.5199653),,,,,,,,,,,,,,,,,,,,,
23672,23939,22888,,,,,,,,,,,,,,,,,,,,,
,Stage-IV, ,,,,,,,,,,,,,,,,,,,,,
(10.5199653),(9.7430286),(15.5994113),,,,,,,,,,,,,,,,,,,,,
,State Level Seats,,,,,,,,,,,,,,,,,,,,,,
,TFWS,,,,,,,,,,,,,,,,,,,,,,
6365,,,,,,,,,,,,,,,,,,,,,,,
Stage-I, ,,,,,,,,,,,,,,,,,,,,,,
(80.5399495),,,,,,,,,,,,,,,,,,,,,,,
,Legends :, ,"Legends: G-General, L-Ladies, S-State Level Seats ,PWD - Persons with Disabilities,DEF - Defence,PWDR :PWD Common Reserved Seat",,,,,,,,,,,,,,,,,,,,
"DEFR :Defense Common Reserved Seat ,* Maharashtra State Seats - Cut Off Indicates State General Merit No. ; Figures in bracket Indicates Merit Score",,,,,,,,,,,,,,,,,,,,,,,
,Page 105 of 192,,,,,,,,,,,,,,,,,,,,,,
GOVERNMENT OF MAHARASHTRA,,,,,,,,,,,,,,,,,,,,,,,
,"Directorate of Technical Education, Maharashtra State, Mumbai.",,,,,,,,,,,,,,,,,,,,,,
,Cut Off List for Maharashtra & Minority Seats of CAP Round-III for Admission to the First Year Post Graduate Technical Course in Master of Computer Applications (MCA) for the Academic Year 2025-26,,,,,,,,,,,,,,,,,,,,,,
,5550 - BHUSAWAL ARTS SCIENCE AND P O NAHATA COMMERCE COLLEGE BHUSAWAL,,,,,,,,,,,,,,,,,,,,,,
,0555024170U - Master in Computer Application,,,,,,,,,,,,,,,,,,,,,,
,Status :, ,Un-Aided,,,,,,,,,,,,,,,,,,,,
,Home University Seats,,,,,,,,,,,,,,,,,,,,,,
Home University Seats Allotted to Home University Candidates,,,,,,,,,,,,,,,,,,,,,,,
,GOPENH, ,GSTH, ,GNTBH, ,GSEBCH,,,,,,,,,,,,,,,,
10643,23278,,,,,,,,,,,,,,,,,,,,,,
Stage-I, ,,,,,,,,,,,,,,,,,,,,,,
(67.3579428),(13.5402134),,,,,,,,,,,,,,,,,,,,,,
20901,21077,,,,,,,,,,,,,,,,,,,,,,
,Stage-IV, ,,,,,,,,,,,,,,,,,,,,,
(25.4779232),(25.4779232),,,,,,,,,,,,,,,,,,,,,,
,Other Than Home University Seats,,,,,,,,,,,,,,,,,,,,,,
Other Than Home University Seats Allotted to Other Than Home University Candidates,,,,,,,,,,,,,,,,,,,,,,,
,GOPENO,,,,,,,,,,,,,,,,,,,,,,
24700,,,,,,,,,,,,,,,,,,,,,,,
Stage-I, ,,,,,,,,,,,,,,,,,,,,,,
(5.5960152),,,,,,,,,,,,,,,,,,,,,,,
,Other Than Home University Seats Allotted to Home University Candidates,,,,,,,,,,,,,,,,,,,,,,
,GOPENO, ,GSCO, ,GNTAO, ,GOBCO, ,GSEBCO,,,,,,,,,,,,,,
20586,22972,21060,,,,,,,,,,,,,,,,,,,,,
Stage-I, ,,,,,,,,,,,,,,,,,,,,,,
(27.2744425),(15.5994113),(25.4779232),,,,,,,,,,,,,,,,,,,,,
21079,21278,,,,,,,,,,,,,,,,,,,,,,
,Stage-IV, ,,,,,,,,,,,,,,,,,,,,,
(25.4779232),(23.1010151),,,,,,,,,,,,,,,,,,,,,,
,Legends :, ,"Legends: G-General, L-Ladies, S-State Level Seats ,PWD - Persons with Disabilities,DEF - Defence,PWDR :PWD Common Reserved Seat",,,,,,,,,,,,,,,,,,,,
"DEFR :Defense Common Reserved Seat ,* Maharashtra State Seats - Cut Off Indicates State General Merit No. ; Figures in bracket Indicates Merit Score",,,,,,,,,,,,,,,,,,,,,,,
,Page 106 of 192,,,,,,,,,,,,,,,,,,,,,,
GOVERNMENT OF MAHARASHTRA,,,,,,,,,,,,,,,,,,,,,,,
,"Directorate of Technical Education, Maharashtra State, Mumbai.",,,,,,,,,,,,,,,,,,,,,,
,Cut Off List for Maharashtra & Minority Seats of CAP Round-III for Admission to the First Year Post Graduate Technical Course in Master of Computer Applications (MCA) for the Academic Year 2025-26,,,,,,,,,,,,,,,,,,,,,,
,5556 - DADASAHEB DR.SURESH G.PATIL COLLEGE CHOPDA,,,,,,,,,,,,,,,,,,,,,,
,0555624170U - Master in Computer Application,,,,,,,,,,,,,,,,,,,,,,
,Status :, ,Un-Aided,,,,,,,,,,,,,,,,,,,,
,Other Than Home University Seats Allotted to Home University Candidates,,,,,,,,,,,,,,,,,,,,,,
,GSEBCO,,,,,,,,,,,,,,,,,,,,,,
5885,,,,,,,,,,,,,,,,,,,,,,,
Stage-IV, ,,,,,,,,,,,,,,,,,,,,,,
(82.8308366),,,,,,,,,,,,,,,,,,,,,,,
,State Level Seats,,,,,,,,,,,,,,,,,,,,,,
,EWS,,,,,,,,,,,,,,,,,,,,,,
14794,,,,,,,,,,,,,,,,,,,,,,,
Stage-I, ,,,,,,,,,,,,,,,,,,,,,,
(51.4093808),,,,,,,,,,,,,,,,,,,,,,,
,Legends :, ,"Legends: G-General, L-Ladies, S-State Level Seats ,PWD - Persons with Disabilities,DEF - Defence,PWDR :PWD Common Reserved Seat",,,,,,,,,,,,,,,,,,,,
"DEFR :Defense Common Reserved Seat ,* Maharashtra State Seats - Cut Off Indicates State General Merit No. ; Figures in bracket Indicates Merit Score",,,,,,,,,,,,,,,,,,,,,,,
,Page 107 of 192,,,,,,,,,,,,,,,,,,,,,,
GOVERNMENT OF MAHARASHTRA,,,,,,,,,,,,,,,,,,,,,,,
,"Directorate of Technical Education, Maharashtra State, Mumbai.",,,,,,,,,,,,,,,,,,,,,,
,Cut Off List for Maharashtra & Minority Seats of CAP Round-III for Admission to the First Year Post Graduate Technical Course in Master of Computer Applications (MCA) for the Academic Year 2025-26,,,,,,,,,,,,,,,,,,,,,,
,5569 - SHRI SHIVAJI VIDYA PRASARAK SANSTHA L.K.DR.P.R.GHOGREY SCIENCE COLLEGE DHULE,,,,,,,,,,,,,,,,,,,,,,
,0556924170U - Master in Computer Application,,,,,,,,,,,,,,,,,,,,,,
,Status :, ,Un-Aided,,,,,,,,,,,,,,,,,,,,
,Home University Seats,,,,,,,,,,,,,,,,,,,,,,
Home University Seats Allotted to Home University Candidates,,,,,,,,,,,,,,,,,,,,,,,
,GOPENH, ,GSCH, ,GSTH, ,GNTBH,,,,,,,,,,,,,,,,
14620,16270,,,,,,,,,,,,,,,,,,,,,,
Stage-I, ,,,,,,,,,,,,,,,,,,,,,,
(51.4093808),(46.3793819),,,,,,,,,,,,,,,,,,,,,,
14637,14752,,,,,,,,,,,,,,,,,,,,,,
,Stage-IV, ,,,,,,,,,,,,,,,,,,,,,
(51.4093808),(51.4093808),,,,,,,,,,,,,,,,,,,,,,
,Other Than Home University Seats,,,,,,,,,,,,,,,,,,,,,,
Other Than Home University Seats Allotted to Other Than Home University Candidates,,,,,,,,,,,,,,,,,,,,,,,
,GOPENO,,,,,,,,,,,,,,,,,,,,,,
23746,,,,,,,,,,,,,,,,,,,,,,,
Stage-I, ,,,,,,,,,,,,,,,,,,,,,,
(10.5199653),,,,,,,,,,,,,,,,,,,,,,,
,Other Than Home University Seats Allotted to Home University Candidates,,,,,,,,,,,,,,,,,,,,,,
,GSTO, ,GNTCO, ,GSEBCO,,,,,,,,,,,,,,,,,,
15354,14806,14778,,,,,,,,,,,,,,,,,,,,,
Stage-IV, ,,,,,,,,,,,,,,,,,,,,,,
(49.3533426),(51.4093808),(51.4093808),,,,,,,,,,,,,,,,,,,,,
,State Level Seats,,,,,,,,,,,,,,,,,,,,,,
,EWS,,,,,,,,,,,,,,,,,,,,,,
20859,,,,,,,,,,,,,,,,,,,,,,,
Stage-I, ,,,,,,,,,,,,,,,,,,,,,,
(25.4779232),,,,,,,,,,,,,,,,,,,,,,,
,Legends :, ,"Legends: G-General, L-Ladies, S-State Level Seats ,PWD - Persons with Disabilities,DEF - Defence,PWDR :PWD Common Reserved Seat",,,,,,,,,,,,,,,,,,,,
"DEFR :Defense Common Reserved Seat ,* Maharashtra State Seats - Cut Off Indicates State General Merit No. ; Figures in bracket Indicates Merit Score",,,,,,,,,,,,,,,,,,,,,,,
,Page 108 of 192,,,,,,,,,,,,,,,,,,,,,,
GOVERNMENT OF MAHARASHTRA,,,,,,,,,,,,,,,,,,,,,,,
,"Directorate of Technical Education, Maharashtra State, Mumbai.",,,,,,,,,,,,,,,,,,,,,,
,Cut Off List for Maharashtra & Minority Seats of CAP Round-III for Admission to the First Year Post Graduate Technical Course in Master of Computer Applications (MCA) for the Academic Year 2025-26,,,,,,,,,,,,,,,,,,,,,,
,5597 - VAMANRAO ITHAPE COLLEGE OF ENGINEERING AND MANAGEMENT,,,,,,,,,,,,,,,,,,,,,,
,0559724110 - Master in Computer Application,,,,,,,,,,,,,,,,,,,,,,
,Status :, ,Un-Aided,,,,,,,,,,,,,,,,,,,,
,Home University Seats,,,,,,,,,,,,,,,,,,,,,,
Home University Seats Allotted to Home University Candidates,,,,,,,,,,,,,,,,,,,,,,,
,GOPENH, ,GSCH, ,GSTH, ,GNTCH, ,GOBCH, ,PWDOPENH,,,,,,,,,,,,
15157,18885,20441,,,,,,,,,,,,,,,,,,,,,
Stage-I, ,,,,,,,,,,,,,,,,,,,,,,
(51.4093808),(34.5198145),(27.2744425),,,,,,,,,,,,,,,,,,,,,
20164,19411,,,,,,,,,,,,,,,,,,,,,,
,Stage-IV, ,,,,,,,,,,,,,,,,,,,,,
(29.9046039),(31.6629561),,,,,,,,,,,,,,,,,,,,,,
18672,,,,,,,,,,,,,,,,,,,,,,,
,I-Non PWD / DEF, ,,,,,,,,,,,,,,,,,,,,,
(36.496736),,,,,,,,,,,,,,,,,,,,,,,
,Other Than Home University Seats,,,,,,,,,,,,,,,,,,,,,,
Other Than Home University Seats Allotted to Other Than Home University Candidates,,,,,,,,,,,,,,,,,,,,,,,
,GOPENO,,,,,,,,,,,,,,,,,,,,,,
20653,,,,,,,,,,,,,,,,,,,,,,,
Stage-I, ,,,,,,,,,,,,,,,,,,,,,,
(27.2744425),,,,,,,,,,,,,,,,,,,,,,,
,Other Than Home University Seats Allotted to Home University Candidates,,,,,,,,,,,,,,,,,,,,,,
,GOPENO, ,GSCO, ,GSTO, ,GNTAO, ,GNTCO, ,GOBCO, ,GSEBCO,,,,,,,,,,
19450,20116,20628,,,,,,,,,,,,,,,,,,,,,
Stage-I, ,,,,,,,,,,,,,,,,,,,,,,
(31.6629561),(29.9046039),(27.2744425),,,,,,,,,,,,,,,,,,,,,
21780,20715,21381,21574,,,,,,,,,,,,,,,,,,,,
,Stage-IV, ,,,,,,,,,,,,,,,,,,,,,
(21.0059952),(27.2744425),(23.1010151),(23.1010151),,,,,,,,,,,,,,,,,,,,
,Legends :, ,"Legends: G-General, L-Ladies, S-State Level Seats ,PWD - Persons with Disabilities,DEF - Defence,PWDR :PWD Common Reserved Seat",,,,,,,,,,,,,,,,,,,,
"DEFR :Defense Common Reserved Seat ,* Maharashtra State Seats - Cut Off Indicates State General Merit No. ; Figures in bracket Indicates Merit Score",,,,,,,,,,,,,,,,,,,,,,,
,Page 109 of 192,,,,,,,,,,,,,,,,,,,,,,
GOVERNMENT OF MAHARASHTRA,,,,,,,,,,,,,,,,,,,,,,,
,"Directorate of Technical Education, Maharashtra State, Mumbai.",,,,,,,,,,,,,,,,,,,,,,
,Cut Off List for Maharashtra & Minority Seats of CAP Round-III for Admission to the First Year Post Graduate Technical Course in Master of Computer Applications (MCA) for the Academic Year 2025-26,,,,,,,,,,,,,,,,,,,,,,
,5619 - COMMERCE MANAGEMENT AND COMPUTER SCIENCE COLLEGE,,,,,,,,,,,,,,,,,,,,,,
,0561924110 - Master in Computer Application,,,,,,,,,,,,,,,,,,,,,,
,Status :, ,Un-Aided,,,,,,,,,,,,,,,,,,,,
,Home University Seats,,,,,,,,,,,,,,,,,,,,,,
Home University Seats Allotted to Home University Candidates,,,,,,,,,,,,,,,,,,,,,,,
,GOPENH, ,GSCH, ,GNTDH, ,GOBCH, ,GSEBCH,,,,,,,,,,,,,,
15984,24300,19027,,,,,,,,,,,,,,,,,,,,,
Stage-I, ,,,,,,,,,,,,,,,,,,,,,,
(46.3793819),(7.9446476),(34.5198145),,,,,,,,,,,,,,,,,,,,,
19112,18001,,,,,,,,,,,,,,,,,,,,,,
,Stage-IV, ,,,,,,,,,,,,,,,,,,,,,
(34.5198145),(39.3989669),,,,,,,,,,,,,,,,,,,,,,
,Other Than Home University Seats,,,,,,,,,,,,,,,,,,,,,,
Other Than Home University Seats Allotted to Other Than Home University Candidates,,,,,,,,,,,,,,,,,,,,,,,
,GOPENO, ,GSCO,,,,,,,,,,,,,,,,,,,,
17407,,,,,,,,,,,,,,,,,,,,,,,
Stage-I, ,,,,,,,,,,,,,,,,,,,,,,
(41.4550394),,,,,,,,,,,,,,,,,,,,,,,
20820,,,,,,,,,,,,,,,,,,,,,,,
,Stage-IV, ,,,,,,,,,,,,,,,,,,,,,
(25.4779232),,,,,,,,,,,,,,,,,,,,,,,
,State Level Seats,,,,,,,,,,,,,,,,,,,,,,
,TFWS,,,,,,,,,,,,,,,,,,,,,,
7208,,,,,,,,,,,,,,,,,,,,,,,
Stage-I, ,,,,,,,,,,,,,,,,,,,,,,
(77.8251197),,,,,,,,,,,,,,,,,,,,,,,
,Legends :, ,"Legends: G-General, L-Ladies, S-State Level Seats ,PWD - Persons with Disabilities,DEF - Defence,PWDR :PWD Common Reserved Seat",,,,,,,,,,,,,,,,,,,,
"DEFR :Defense Common Reserved Seat ,* Maharashtra State Seats - Cut Off Indicates State General Merit No. ; Figures in bracket Indicates Merit Score",,,,,,,,,,,,,,,,,,,,,,,
,Page 110 of 192,,,,,,,,,,,,,,,,,,,,,,
GOVERNMENT OF MAHARASHTRA,,,,,,,,,,,,,,,,,,,,,,,
,"Directorate of Technical Education, Maharashtra State, Mumbai.",,,,,,,,,,,,,,,,,,,,,,
,Cut Off List for Maharashtra & Minority Seats of CAP Round-III for Admission to the First Year Post Graduate Technical Course in Master of Computer Applications (MCA) for the Academic Year 2025-26,,,,,,,,,,,,,,,,,,,,,,
,5665 - Vidya Niketan Institute of Management And Computer Applications,,,,,,,,,,,,,,,,,,,,,,
,0566524210 - Master of Computer Applications,,,,,,,,,,,,,,,,,,,,,,
,Status :, ,Un-Aided,,,,,,,,,,,,,,,,,,,,
,Home University Seats,,,,,,,,,,,,,,,,,,,,,,
Home University Seats Allotted to Home University Candidates,,,,,,,,,,,,,,,,,,,,,,,
,GOPENH, ,GSCH, ,GSTH, ,GNTBH, ,GNTCH, ,GOBCH, ,GSEBCH,,,,,,,,,,
17361,22483,17420,,,,,,,,,,,,,,,,,,,,,
Stage-I, ,,,,,,,,,,,,,,,,,,,,,,
(41.4550394),(16.9789978),(41.4550394),,,,,,,,,,,,,,,,,,,,,
17476,17516,17435,17524,,,,,,,,,,,,,,,,,,,,
,Stage-IV, ,,,,,,,,,,,,,,,,,,,,,
(41.4550394),(41.4550394),(41.4550394),(41.4550394),,,,,,,,,,,,,,,,,,,,
,Other Than Home University Seats,,,,,,,,,,,,,,,,,,,,,,
Other Than Home University Seats Allotted to Other Than Home University Candidates,,,,,,,,,,,,,,,,,,,,,,,
,GOPENO, ,GSCO, ,GSTO, ,GOBCO,,,,,,,,,,,,,,,,
19800,20112,,,,,,,,,,,,,,,,,,,,,,
Stage-I, ,,,,,,,,,,,,,,,,,,,,,,
(31.6629561),(29.9046039),,,,,,,,,,,,,,,,,,,,,,
25321,24604,,,,,,,,,,,,,,,,,,,,,,
,Stage-IV, ,,,,,,,,,,,,,,,,,,,,,
(1.3622127),(5.9311489),,,,,,,,,,,,,,,,,,,,,,
,Other Than Home University Seats Allotted to Home University Candidates,,,,,,,,,,,,,,,,,,,,,,
,GNTAO,,,,,,,,,,,,,,,,,,,,,,
17814,,,,,,,,,,,,,,,,,,,,,,,
Stage-IV, ,,,,,,,,,,,,,,,,,,,,,,
(39.3989669),,,,,,,,,,,,,,,,,,,,,,,
,Legends :, ,"Legends: G-General, L-Ladies, S-State Level Seats ,PWD - Persons with Disabilities,DEF - Defence,PWDR :PWD Common Reserved Seat",,,,,,,,,,,,,,,,,,,,
"DEFR :Defense Common Reserved Seat ,* Maharashtra State Seats - Cut Off Indicates State General Merit No. ; Figures in bracket Indicates Merit Score",,,,,,,,,,,,,,,,,,,,,,,
,Page 111 of 192,,,,,,,,,,,,,,,,,,,,,,
GOVERNMENT OF MAHARASHTRA,,,,,,,,,,,,,,,,,,,,,,,
,"Directorate of Technical Education, Maharashtra State, Mumbai.",,,,,,,,,,,,,,,,,,,,,,
,Cut Off List for Maharashtra & Minority Seats of CAP Round-III for Admission to the First Year Post Graduate Technical Course in Master of Computer Applications (MCA) for the Academic Year 2025-26,,,,,,,,,,,,,,,,,,,,,,
,"5674 - Khandesh Education Society's Institute of Management and Technology, Amalner",,,,,,,,,,,,,,,,,,,,,,
,0567424110 - Master in Computer Application,,,,,,,,,,,,,,,,,,,,,,
,Status :, ,Un-Aided,,,,,,,,,,,,,,,,,,,,
,Home University Seats,,,,,,,,,,,,,,,,,,,,,,
Home University Seats Allotted to Home University Candidates,,,,,,,,,,,,,,,,,,,,,,,
,GOPENH,,,,,,,,,,,,,,,,,,,,,,
5784,,,,,,,,,,,,,,,,,,,,,,,
Stage-I, ,,,,,,,,,,,,,,,,,,,,,,
(82.8308366),,,,,,,,,,,,,,,,,,,,,,,
,Legends :, ,"Legends: G-General, L-Ladies, S-State Level Seats ,PWD - Persons with Disabilities,DEF - Defence,PWDR :PWD Common Reserved Seat",,,,,,,,,,,,,,,,,,,,
"DEFR :Defense Common Reserved Seat ,* Maharashtra State Seats - Cut Off Indicates State General Merit No. ; Figures in bracket Indicates Merit Score",,,,,,,,,,,,,,,,,,,,,,,
,Page 112 of 192,,,,,,,,,,,,,,,,,,,,,,
GOVERNMENT OF MAHARASHTRA,,,,,,,,,,,,,,,,,,,,,,,
,"Directorate of Technical Education, Maharashtra State, Mumbai.",,,,,,,,,,,,,,,,,,,,,,
,Cut Off List for Maharashtra & Minority Seats of CAP Round-III for Admission to the First Year Post Graduate Technical Course in Master of Computer Applications (MCA) for the Academic Year 2025-26,,,,,,,,,,,,,,,,,,,,,,
,"6005 - Government College of Engineering, Karad",,,,,,,,,,,,,,,,,,,,,,
,0600524110 - Master in Computer Application,,,,,,,,,,,,,,,,,,,,,,
,Status :, ,Government-Autonomous,,,,,,,,,,,,,,,,,,,,
,Other Than Home University Seats,,,,,,,,,,,,,,,,,,,,,,
Other Than Home University Seats Allotted to Other Than Home University Candidates,,,,,,,,,,,,,,,,,,,,,,,
,GSCO, ,GSTO,,,,,,,,,,,,,,,,,,,,
1246,,,,,,,,,,,,,,,,,,,,,,,
Stage-I, ,,,,,,,,,,,,,,,,,,,,,,
(95.5548847),,,,,,,,,,,,,,,,,,,,,,,
2158,,,,,,,,,,,,,,,,,,,,,,,
,Stage-IV, ,,,,,,,,,,,,,,,,,,,,,
(93.405226),,,,,,,,,,,,,,,,,,,,,,,
,Legends :, ,"Legends: G-General, L-Ladies, S-State Level Seats ,PWD - Persons with Disabilities,DEF - Defence,PWDR :PWD Common Reserved Seat",,,,,,,,,,,,,,,,,,,,
"DEFR :Defense Common Reserved Seat ,* Maharashtra State Seats - Cut Off Indicates State General Merit No. ; Figures in bracket Indicates Merit Score",,,,,,,,,,,,,,,,,,,,,,,
,Page 113 of 192,,,,,,,,,,,,,,,,,,,,,,
GOVERNMENT OF MAHARASHTRA,,,,,,,,,,,,,,,,,,,,,,,
,"Directorate of Technical Education, Maharashtra State, Mumbai.",,,,,,,,,,,,,,,,,,,,,,
,Cut Off List for Maharashtra & Minority Seats of CAP Round-III for Admission to the First Year Post Graduate Technical Course in Master of Computer Applications (MCA) for the Academic Year 2025-26,,,,,,,,,,,,,,,,,,,,,,
,"6029 - Yashwantrao Chavan School of Rural Development, Kolhapur",,,,,,,,,,,,,,,,,,,,,,
,0602924110 - Master in Computer Application,,,,,,,,,,,,,,,,,,,,,,
,Status :, ,University Department,,,,,,,,,,,,,,,,,,,,
,Home University Seats,,,,,,,,,,,,,,,,,,,,,,
Home University Seats Allotted to Home University Candidates,,,,,,,,,,,,,,,,,,,,,,,
,GOPENH, ,GSCH, ,GSTH, ,GNTCH, ,GOBCH, ,GSEBCH, ,PWDOPENH,,,,,,,,,,
7905,22864,21105,22366,9422,,,,,,,,,,,,,,,,,,,
Stage-I, ,,,,,,,,,,,,,,,,,,,,,,
(76.9216256),(15.5994113),(25.4779232),(19.1539942),(71.1549338),,,,,,,,,,,,,,,,,,,
11316,,,,,,,,,,,,,,,,,,,,,,,
,Stage-IV, ,,,,,,,,,,,,,,,,,,,,,
(65.8578922),,,,,,,,,,,,,,,,,,,,,,,
9939,,,,,,,,,,,,,,,,,,,,,,,
,I-Non PWD / DEF, ,,,,,,,,,,,,,,,,,,,,,
(69.7143504),,,,,,,,,,,,,,,,,,,,,,,
,Other Than Home University Seats,,,,,,,,,,,,,,,,,,,,,,
Other Than Home University Seats Allotted to Other Than Home University Candidates,,,,,,,,,,,,,,,,,,,,,,,
,GOPENO, ,GNTCO,,,,,,,,,,,,,,,,,,,,
15261,,,,,,,,,,,,,,,,,,,,,,,
Stage-I, ,,,,,,,,,,,,,,,,,,,,,,
(49.3533426),,,,,,,,,,,,,,,,,,,,,,,
23575,,,,,,,,,,,,,,,,,,,,,,,
,Stage-IV, ,,,,,,,,,,,,,,,,,,,,,
(12.4750009),,,,,,,,,,,,,,,,,,,,,,,
,State Level Seats,,,,,,,,,,,,,,,,,,,,,,
,TFWS,,,,,,,,,,,,,,,,,,,,,,
3984,,,,,,,,,,,,,,,,,,,,,,,
Stage-I, ,,,,,,,,,,,,,,,,,,,,,,
(87.3496474),,,,,,,,,,,,,,,,,,,,,,,
,Legends :, ,"Legends: G-General, L-Ladies, S-State Level Seats ,PWD - Persons with Disabilities,DEF - Defence,PWDR :PWD Common Reserved Seat",,,,,,,,,,,,,,,,,,,,
"DEFR :Defense Common Reserved Seat ,* Maharashtra State Seats - Cut Off Indicates State General Merit No. ; Figures in bracket Indicates Merit Score",,,,,,,,,,,,,,,,,,,,,,,
,Page 114 of 192,,,,,,,,,,,,,,,,,,,,,,
GOVERNMENT OF MAHARASHTRA,,,,,,,,,,,,,,,,,,,,,,,
,"Directorate of Technical Education, Maharashtra State, Mumbai.",,,,,,,,,,,,,,,,,,,,,,
,Cut Off List for Maharashtra & Minority Seats of CAP Round-III for Admission to the First Year Post Graduate Technical Course in Master of Computer Applications (MCA) for the Academic Year 2025-26,,,,,,,,,,,,,,,,,,,,,,
,"6031 - Punyashlok Ahilyadevi Holkar Solapur University, Solapur",,,,,,,,,,,,,,,,,,,,,,
,0603124110 - Master in Computer Application,,,,,,,,,,,,,,,,,,,,,,
,Status :, ,University Managed,,,,,,,,,,,,,,,,,,,,
,Other Than Home University Seats,,,,,,,,,,,,,,,,,,,,,,
Other Than Home University Seats Allotted to Other Than Home University Candidates,,,,,,,,,,,,,,,,,,,,,,,
,GOPENO, ,GSTO, ,GNTCO, ,GNTDO, ,GSEBCO,,,,,,,,,,,,,,
18375,23379,,,,,,,,,,,,,,,,,,,,,,
Stage-I, ,,,,,,,,,,,,,,,,,,,,,,
(36.496736),(13.5402134),,,,,,,,,,,,,,,,,,,,,,
18641,19251,24857,,,,,,,,,,,,,,,,,,,,,
,Stage-IV, ,,,,,,,,,,,,,,,,,,,,,
(36.496736),(34.5198145),(4.302251),,,,,,,,,,,,,,,,,,,,,
,Other Than Home University Seats Allotted to Home University Candidates,,,,,,,,,,,,,,,,,,,,,,
,GSCO, ,GNTAO, ,GOBCO,,,,,,,,,,,,,,,,,,
11572,11417,,,,,,,,,,,,,,,,,,,,,,
Stage-IV, ,,,,,,,,,,,,,,,,,,,,,,
(63.1574978),(63.1574978),,,,,,,,,,,,,,,,,,,,,,
24621,15720,,,,,,,,,,,,,,,,,,,,,,
,Stage-I, ,,,,,,,,,,,,,,,,,,,,,
(5.9311489),(49.3533426),,,,,,,,,,,,,,,,,,,,,,
,State Level Seats,,,,,,,,,,,,,,,,,,,,,,
,EWS, ,TFWS,,,,,,,,,,,,,,,,,,,,
21248,19979,,,,,,,,,,,,,,,,,,,,,,
Stage-I, ,,,,,,,,,,,,,,,,,,,,,,
(25.4779232),(29.9046039),,,,,,,,,,,,,,,,,,,,,,
,Legends :, ,"Legends: G-General, L-Ladies, S-State Level Seats ,PWD - Persons with Disabilities,DEF - Defence,PWDR :PWD Common Reserved Seat",,,,,,,,,,,,,,,,,,,,
"DEFR :Defense Common Reserved Seat ,* Maharashtra State Seats - Cut Off Indicates State General Merit No. ; Figures in bracket Indicates Merit Score",,,,,,,,,,,,,,,,,,,,,,,
,Page 115 of 192,,,,,,,,,,,,,,,,,,,,,,
GOVERNMENT OF MAHARASHTRA,,,,,,,,,,,,,,,,,,,,,,,
,"Directorate of Technical Education, Maharashtra State, Mumbai.",,,,,,,,,,,,,,,,,,,,,,
,Cut Off List for Maharashtra & Minority Seats of CAP Round-III for Admission to the First Year Post Graduate Technical Course in Master of Computer Applications (MCA) for the Academic Year 2025-26,,,,,,,,,,,,,,,,,,,,,,
,"6033 - Department of Computer Science, Savitribai Phule Pune University, Pune",,,,,,,,,,,,,,,,,,,,,,
,0603324110 - Master in Computer Application,,,,,,,,,,,,,,,,,,,,,,
,Status :, ,University Department,,,,,,,,,,,,,,,,,,,,
,Other Than Home University Seats,,,,,,,,,,,,,,,,,,,,,,
Other Than Home University Seats Allotted to Other Than Home University Candidates,,,,,,,,,,,,,,,,,,,,,,,
,GOBCO,,,,,,,,,,,,,,,,,,,,,,
224,,,,,,,,,,,,,,,,,,,,,,,
Stage-I, ,,,,,,,,,,,,,,,,,,,,,,
(99.008333),,,,,,,,,,,,,,,,,,,,,,,
,Legends :, ,"Legends: G-General, L-Ladies, S-State Level Seats ,PWD - Persons with Disabilities,DEF - Defence,PWDR :PWD Common Reserved Seat",,,,,,,,,,,,,,,,,,,,
"DEFR :Defense Common Reserved Seat ,* Maharashtra State Seats - Cut Off Indicates State General Merit No. ; Figures in bracket Indicates Merit Score",,,,,,,,,,,,,,,,,,,,,,,
,Page 116 of 192,,,,,,,,,,,,,,,,,,,,,,
GOVERNMENT OF MAHARASHTRA,,,,,,,,,,,,,,,,,,,,,,,
,"Directorate of Technical Education, Maharashtra State, Mumbai.",,,,,,,,,,,,,,,,,,,,,,
,Cut Off List for Maharashtra & Minority Seats of CAP Round-III for Admission to the First Year Post Graduate Technical Course in Master of Computer Applications (MCA) for the Academic Year 2025-26,,,,,,,,,,,,,,,,,,,,,,
,"6120 - Shri. Khanderai Pratishthans Dnyansagar Institute of Management and Research, Balewadi, Pune",,,,,,,,,,,,,,,,,,,,,,
,0612024110 - Master in Computer Application,,,,,,,,,,,,,,,,,,,,,,
,Status :, ,Un-Aided,,,,,,,,,,,,,,,,,,,,
,Home University Seats,,,,,,,,,,,,,,,,,,,,,,
Home University Seats Allotted to Home University Candidates,,,,,,,,,,,,,,,,,,,,,,,
,GOPENH, ,GSCH, ,GSTH, ,GNTCH, ,GNTDH, ,GOBCH, ,GSEBCH, ,PWDOPENH,,,,,,,,
11399,22878,16365,15785,15233,18709,,,,,,,,,,,,,,,,,,
Stage-I, ,,,,,,,,,,,,,,,,,,,,,,
(65.8578922),(15.5994113),(46.3793819),(49.3533426),(49.3533426),(36.496736),,,,,,,,,,,,,,,,,,
11908,,,,,,,,,,,,,,,,,,,,,,,
,Stage-IV, ,,,,,,,,,,,,,,,,,,,,,
(63.1574978),,,,,,,,,,,,,,,,,,,,,,,
11440,,,,,,,,,,,,,,,,,,,,,,,
,I-Non PWD / DEF, ,,,,,,,,,,,,,,,,,,,,,
(63.1574978),,,,,,,,,,,,,,,,,,,,,,,
,Home University Seats Allotted to Other Than Home University Candidates,,,,,,,,,,,,,,,,,,,,,,
,GNTAH,,,,,,,,,,,,,,,,,,,,,,
21501,,,,,,,,,,,,,,,,,,,,,,,
Stage-I, ,,,,,,,,,,,,,,,,,,,,,,
(23.1010151),,,,,,,,,,,,,,,,,,,,,,,
,Other Than Home University Seats,,,,,,,,,,,,,,,,,,,,,,
Other Than Home University Seats Allotted to Other Than Home University Candidates,,,,,,,,,,,,,,,,,,,,,,,
,GOPENO, ,GSCO, ,GSTO, ,GNTAO, ,GNTCO, ,GNTDO, ,GOBCO,,,,,,,,,,
9082,10897,20987,12260,10188,,,,,,,,,,,,,,,,,,,
Stage-I, ,,,,,,,,,,,,,,,,,,,,,,
(71.1549338),(65.8578922),(25.4779232),(61.2807064),(67.3579428),,,,,,,,,,,,,,,,,,,
9364,9333,,,,,,,,,,,,,,,,,,,,,,
,Stage-IV, ,,,,,,,,,,,,,,,,,,,,,
(71.1549338),(71.1549338),,,,,,,,,,,,,,,,,,,,,,
,State Level Seats,,,,,,,,,,,,,,,,,,,,,,
,TFWS,,,,,,,,,,,,,,,,,,,,,,
1910,,,,,,,,,,,,,,,,,,,,,,,
Stage-I, ,,,,,,,,,,,,,,,,,,,,,,
(93.5511867),,,,,,,,,,,,,,,,,,,,,,,
,Legends :, ,"Legends: G-General, L-Ladies, S-State Level Seats ,PWD - Persons with Disabilities,DEF - Defence,PWDR :PWD Common Reserved Seat",,,,,,,,,,,,,,,,,,,,
"DEFR :Defense Common Reserved Seat ,* Maharashtra State Seats - Cut Off Indicates State General Merit No. ; Figures in bracket Indicates Merit Score",,,,,,,,,,,,,,,,,,,,,,,
,Page 117 of 192,,,,,,,,,,,,,,,,,,,,,,
GOVERNMENT OF MAHARASHTRA,,,,,,,,,,,,,,,,,,,,,,,
,"Directorate of Technical Education, Maharashtra State, Mumbai.",,,,,,,,,,,,,,,,,,,,,,
,Cut Off List for Maharashtra & Minority Seats of CAP Round-III for Admission to the First Year Post Graduate Technical Course in Master of Computer Applications (MCA) for the Academic Year 2025-26,,,,,,,,,,,,,,,,,,,,,,
,"6129 - Jayawant Shikshan Prasarak Mandal's Jayawant Institute of Management Studies, Tathawade Pune-411033",,,,,,,,,,,,,,,,,,,,,,
,0612924110 - Master in Computer Application,,,,,,,,,,,,,,,,,,,,,,
,Status :, ,Un-Aided,,,,,,,,,,,,,,,,,,,,
,Home University Seats,,,,,,,,,,,,,,,,,,,,,,
Home University Seats Allotted to Home University Candidates,,,,,,,,,,,,,,,,,,,,,,,
,GOPENH, ,GSCH, ,GNTAH, ,GNTDH, ,GOBCH, ,PWDOPENH,,,,,,,,,,,,
1443,8415,16059,5229,2004,,,,,,,,,,,,,,,,,,,
Stage-I, ,,,,,,,,,,,,,,,,,,,,,,
(95.2942951),(74.782248),(46.3793819),(82.9644433),(93.5511867),,,,,,,,,,,,,,,,,,,
1991,,,,,,,,,,,,,,,,,,,,,,,
,I-Non PWD / DEF, ,,,,,,,,,,,,,,,,,,,,,
(93.5511867),,,,,,,,,,,,,,,,,,,,,,,
,Other Than Home University Seats,,,,,,,,,,,,,,,,,,,,,,
Other Than Home University Seats Allotted to Other Than Home University Candidates,,,,,,,,,,,,,,,,,,,,,,,
,GOPENO, ,GOBCO,,,,,,,,,,,,,,,,,,,,
1380,1651,,,,,,,,,,,,,,,,,,,,,,
Stage-I, ,,,,,,,,,,,,,,,,,,,,,,
(95.2942951),(94.6454851),,,,,,,,,,,,,,,,,,,,,,
,State Level Seats,,,,,,,,,,,,,,,,,,,,,,
,EWS, ,TFWS,,,,,,,,,,,,,,,,,,,,
2950,766,,,,,,,,,,,,,,,,,,,,,,
Stage-I, ,,,,,,,,,,,,,,,,,,,,,,
(90.9663786),(97.390747),,,,,,,,,,,,,,,,,,,,,,
,Legends :, ,"Legends: G-General, L-Ladies, S-State Level Seats ,PWD - Persons with Disabilities,DEF - Defence,PWDR :PWD Common Reserved Seat",,,,,,,,,,,,,,,,,,,,
"DEFR :Defense Common Reserved Seat ,* Maharashtra State Seats - Cut Off Indicates State General Merit No. ; Figures in bracket Indicates Merit Score",,,,,,,,,,,,,,,,,,,,,,,
,Page 118 of 192,,,,,,,,,,,,,,,,,,,,,,
GOVERNMENT OF MAHARASHTRA,,,,,,,,,,,,,,,,,,,,,,,
,"Directorate of Technical Education, Maharashtra State, Mumbai.",,,,,,,,,,,,,,,,,,,,,,
,Cut Off List for Maharashtra & Minority Seats of CAP Round-III for Admission to the First Year Post Graduate Technical Course in Master of Computer Applications (MCA) for the Academic Year 2025-26,,,,,,,,,,,,,,,,,,,,,,
,"6137 - Vidya Pratishthan Institute of Information Technology, Baramati, Pune",,,,,,,,,,,,,,,,,,,,,,
,0613724110 - Master in Computer Application,,,,,,,,,,,,,,,,,,,,,,
,Status :, ,Un-Aided,,,,,,,,,,,,,,,,,,,,
,Home University Seats,,,,,,,,,,,,,,,,,,,,,,
Home University Seats Allotted to Home University Candidates,,,,,,,,,,,,,,,,,,,,,,,
,GOPENH, ,GSCH, ,GSTH,,,,,,,,,,,,,,,,,,
8050,16436,,,,,,,,,,,,,,,,,,,,,,
Stage-I, ,,,,,,,,,,,,,,,,,,,,,,
(74.782248),(44.5345198),,,,,,,,,,,,,,,,,,,,,,
8826,,,,,,,,,,,,,,,,,,,,,,,
,Stage-IV, ,,,,,,,,,,,,,,,,,,,,,
(73.5368477),,,,,,,,,,,,,,,,,,,,,,,
,Other Than Home University Seats,,,,,,,,,,,,,,,,,,,,,,
Other Than Home University Seats Allotted to Other Than Home University Candidates,,,,,,,,,,,,,,,,,,,,,,,
,GSCO, ,GSTO, ,GSEBCO,,,,,,,,,,,,,,,,,,
5350,5990,,,,,,,,,,,,,,,,,,,,,,
Stage-I, ,,,,,,,,,,,,,,,,,,,,,,
(82.9644433),(82.8308366),,,,,,,,,,,,,,,,,,,,,,
4525,,,,,,,,,,,,,,,,,,,,,,,
,Stage-IV, ,,,,,,,,,,,,,,,,,,,,,
(85.3851665),,,,,,,,,,,,,,,,,,,,,,,
,State Level Seats,,,,,,,,,,,,,,,,,,,,,,
,TFWS,,,,,,,,,,,,,,,,,,,,,,
2803,,,,,,,,,,,,,,,,,,,,,,,
Stage-I, ,,,,,,,,,,,,,,,,,,,,,,
(90.9663786),,,,,,,,,,,,,,,,,,,,,,,
,Legends :, ,"Legends: G-General, L-Ladies, S-State Level Seats ,PWD - Persons with Disabilities,DEF - Defence,PWDR :PWD Common Reserved Seat",,,,,,,,,,,,,,,,,,,,
"DEFR :Defense Common Reserved Seat ,* Maharashtra State Seats - Cut Off Indicates State General Merit No. ; Figures in bracket Indicates Merit Score",,,,,,,,,,,,,,,,,,,,,,,
,Page 119 of 192,,,,,,,,,,,,,,,,,,,,,,
GOVERNMENT OF MAHARASHTRA,,,,,,,,,,,,,,,,,,,,,,,
,"Directorate of Technical Education, Maharashtra State, Mumbai.",,,,,,,,,,,,,,,,,,,,,,
,Cut Off List for Maharashtra & Minority Seats of CAP Round-III for Admission to the First Year Post Graduate Technical Course in Master of Computer Applications (MCA) for the Academic Year 2025-26,,,,,,,,,,,,,,,,,,,,,,
,"6138 - Genba Sopanrao Moze Trust Parvatibai Genba Moze College of Engineering,Wagholi, Pune",,,,,,,,,,,,,,,,,,,,,,
,0613824110 - Master in Computer Application,,,,,,,,,,,,,,,,,,,,,,
,Status :, ,Un-Aided,,,,,,,,,,,,,,,,,,,,
,Home University Seats,,,,,,,,,,,,,,,,,,,,,,
Home University Seats Allotted to Home University Candidates,,,,,,,,,,,,,,,,,,,,,,,
,GOPENH, ,GSCH, ,GSTH, ,GNTBH, ,PWDOPENH,,,,,,,,,,,,,,
3790,19007,16328,,,,,,,,,,,,,,,,,,,,,
Stage-I, ,,,,,,,,,,,,,,,,,,,,,,
(89.1331398),(34.5198145),(46.3793819),,,,,,,,,,,,,,,,,,,,,
7913,,,,,,,,,,,,,,,,,,,,,,,
,Stage-IV, ,,,,,,,,,,,,,,,,,,,,,
(76.9216256),,,,,,,,,,,,,,,,,,,,,,,
7400,,,,,,,,,,,,,,,,,,,,,,,
,I-Non PWD / DEF, ,,,,,,,,,,,,,,,,,,,,,
(77.8251197),,,,,,,,,,,,,,,,,,,,,,,
,Other Than Home University Seats,,,,,,,,,,,,,,,,,,,,,,
Other Than Home University Seats Allotted to Other Than Home University Candidates,,,,,,,,,,,,,,,,,,,,,,,
,GOPENO, ,GSCO, ,GSTO, ,GOBCO,,,,,,,,,,,,,,,,
6607,9017,7128,,,,,,,,,,,,,,,,,,,,,
Stage-I, ,,,,,,,,,,,,,,,,,,,,,,
(79.9969812),(73.5368477),(77.8251197),,,,,,,,,,,,,,,,,,,,,
7449,,,,,,,,,,,,,,,,,,,,,,,
,Stage-IV, ,,,,,,,,,,,,,,,,,,,,,
(76.9216256),,,,,,,,,,,,,,,,,,,,,,,
,State Level Seats,,,,,,,,,,,,,,,,,,,,,,
,TFWS,,,,,,,,,,,,,,,,,,,,,,
2387,,,,,,,,,,,,,,,,,,,,,,,
Stage-I, ,,,,,,,,,,,,,,,,,,,,,,
(92.3361383),,,,,,,,,,,,,,,,,,,,,,,
,Legends :, ,"Legends: G-General, L-Ladies, S-State Level Seats ,PWD - Persons with Disabilities,DEF - Defence,PWDR :PWD Common Reserved Seat",,,,,,,,,,,,,,,,,,,,
"DEFR :Defense Common Reserved Seat ,* Maharashtra State Seats - Cut Off Indicates State General Merit No. ; Figures in bracket Indicates Merit Score",,,,,,,,,,,,,,,,,,,,,,,
,Page 120 of 192,,,,,,,,,,,,,,,,,,,,,,
GOVERNMENT OF MAHARASHTRA,,,,,,,,,,,,,,,,,,,,,,,
,"Directorate of Technical Education, Maharashtra State, Mumbai.",,,,,,,,,,,,,,,,,,,,,,
,Cut Off List for Maharashtra & Minority Seats of CAP Round-III for Admission to the First Year Post Graduate Technical Course in Master of Computer Applications (MCA) for the Academic Year 2025-26,,,,,,,,,,,,,,,,,,,,,,
,"6139 - Progressive Education Society's Modern College of Engineering, Pune",,,,,,,,,,,,,,,,,,,,,,
,0613924110 - Master in Computer Application,,,,,,,,,,,,,,,,,,,,,,
,Status :, ,Un-Aided-Autonomous,,,,,,,,,,,,,,,,,,,,
,Home University Seats,,,,,,,,,,,,,,,,,,,,,,
Home University Seats Allotted to Home University Candidates,,,,,,,,,,,,,,,,,,,,,,,
,GOPENH, ,GSTH, ,GNTCH, ,GOBCH, ,GSEBCH,,,,,,,,,,,,,,
1326,3170,1882,3200,,,,,,,,,,,,,,,,,,,,
Stage-I, ,,,,,,,,,,,,,,,,,,,,,,
(95.5548847),(90.7733494),(93.5511867),(90.7733494),,,,,,,,,,,,,,,,,,,,
1442,,,,,,,,,,,,,,,,,,,,,,,
,Stage-IV, ,,,,,,,,,,,,,,,,,,,,,
(95.2942951),,,,,,,,,,,,,,,,,,,,,,,
,Other Than Home University Seats,,,,,,,,,,,,,,,,,,,,,,
Other Than Home University Seats Allotted to Other Than Home University Candidates,,,,,,,,,,,,,,,,,,,,,,,
,GOPENO, ,GSCO, ,GSTO, ,GNTAO, ,GOBCO, ,GSEBCO,,,,,,,,,,,,
969,1437,21238,1542,1540,1105,,,,,,,,,,,,,,,,,,
Stage-I, ,,,,,,,,,,,,,,,,,,,,,,
(96.828928),(95.2942951),(25.4779232),(94.6454851),(94.6454851),(96.1125146),,,,,,,,,,,,,,,,,,
,State Level Seats,,,,,,,,,,,,,,,,,,,,,,
,EWS,,,,,,,,,,,,,,,,,,,,,,
2538,,,,,,,,,,,,,,,,,,,,,,,
Stage-I, ,,,,,,,,,,,,,,,,,,,,,,
(92.1797821),,,,,,,,,,,,,,,,,,,,,,,
,Legends :, ,"Legends: G-General, L-Ladies, S-State Level Seats ,PWD - Persons with Disabilities,DEF - Defence,PWDR :PWD Common Reserved Seat",,,,,,,,,,,,,,,,,,,,
"DEFR :Defense Common Reserved Seat ,* Maharashtra State Seats - Cut Off Indicates State General Merit No. ; Figures in bracket Indicates Merit Score",,,,,,,,,,,,,,,,,,,,,,,
,Page 121 of 192,,,,,,,,,,,,,,,,,,,,,,
GOVERNMENT OF MAHARASHTRA,,,,,,,,,,,,,,,,,,,,,,,
,"Directorate of Technical Education, Maharashtra State, Mumbai.",,,,,,,,,,,,,,,,,,,,,,
,Cut Off List for Maharashtra & Minority Seats of CAP Round-III for Admission to the First Year Post Graduate Technical Course in Master of Computer Applications (MCA) for the Academic Year 2025-26,,,,,,,,,,,,,,,,,,,,,,
,"6140 - Dnyan Kala Krida & Krishi Prathishtan's Maharashtra Institute of Management, Kalamb, Pune",,,,,,,,,,,,,,,,,,,,,,
,0614024110 - Master in Computer Application,,,,,,,,,,,,,,,,,,,,,,
,Status :, ,Un-Aided,,,,,,,,,,,,,,,,,,,,
,Home University Seats,,,,,,,,,,,,,,,,,,,,,,
Home University Seats Allotted to Home University Candidates,,,,,,,,,,,,,,,,,,,,,,,
,GOPENH, ,GSCH, ,GSTH, ,GNTAH, ,GOBCH, ,PWDOPENH,,,,,,,,,,,,
13332,22502,17365,,,,,,,,,,,,,,,,,,,,,
Stage-I, ,,,,,,,,,,,,,,,,,,,,,,
(58.7911466),(16.9789978),(41.4550394),,,,,,,,,,,,,,,,,,,,,
14115,14723,,,,,,,,,,,,,,,,,,,,,,
,Stage-IV, ,,,,,,,,,,,,,,,,,,,,,
(53.942159),(51.4093808),,,,,,,,,,,,,,,,,,,,,,
13703,,,,,,,,,,,,,,,,,,,,,,,
,I-Non PWD / DEF, ,,,,,,,,,,,,,,,,,,,,,
(56.5488095),,,,,,,,,,,,,,,,,,,,,,,
,Home University Seats Allotted to Other Than Home University Candidates,,,,,,,,,,,,,,,,,,,,,,
,GSEBCH,,,,,,,,,,,,,,,,,,,,,,
14443,,,,,,,,,,,,,,,,,,,,,,,
Stage-I, ,,,,,,,,,,,,,,,,,,,,,,
(53.942159),,,,,,,,,,,,,,,,,,,,,,,
,Other Than Home University Seats,,,,,,,,,,,,,,,,,,,,,,
Other Than Home University Seats Allotted to Other Than Home University Candidates,,,,,,,,,,,,,,,,,,,,,,,
,GOPENO, ,GSCO, ,GSTO, ,GOBCO, ,GSEBCO,,,,,,,,,,,,,,
10879,14413,11954,11523,,,,,,,,,,,,,,,,,,,,
Stage-I, ,,,,,,,,,,,,,,,,,,,,,,
(65.8578922),(53.942159),(63.1574978),(63.1574978),,,,,,,,,,,,,,,,,,,,
10997,,,,,,,,,,,,,,,,,,,,,,,
,Stage-IV, ,,,,,,,,,,,,,,,,,,,,,
(65.8578922),,,,,,,,,,,,,,,,,,,,,,,
,Other Than Home University Seats Allotted to Home University Candidates,,,,,,,,,,,,,,,,,,,,,,
,GNTBO,,,,,,,,,,,,,,,,,,,,,,
23801,,,,,,,,,,,,,,,,,,,,,,,
Stage-I, ,,,,,,,,,,,,,,,,,,,,,,
(10.5199653),,,,,,,,,,,,,,,,,,,,,,,
,Legends :, ,"Legends: G-General, L-Ladies, S-State Level Seats ,PWD - Persons with Disabilities,DEF - Defence,PWDR :PWD Common Reserved Seat",,,,,,,,,,,,,,,,,,,,
"DEFR :Defense Common Reserved Seat ,* Maharashtra State Seats - Cut Off Indicates State General Merit No. ; Figures in bracket Indicates Merit Score",,,,,,,,,,,,,,,,,,,,,,,
,Page 122 of 192,,,,,,,,,,,,,,,,,,,,,,
GOVERNMENT OF MAHARASHTRA,,,,,,,,,,,,,,,,,,,,,,,
,"Directorate of Technical Education, Maharashtra State, Mumbai.",,,,,,,,,,,,,,,,,,,,,,
,Cut Off List for Maharashtra & Minority Seats of CAP Round-III for Admission to the First Year Post Graduate Technical Course in Master of Computer Applications (MCA) for the Academic Year 2025-26,,,,,,,,,,,,,,,,,,,,,,
,"6141 - Jaywant Shikshan Prasarak Mandal's,Rajarshi Shahu College of Engineering, Tathawade, Pune",,,,,,,,,,,,,,,,,,,,,,
,0614124110 - Master in Computer Application,,,,,,,,,,,,,,,,,,,,,,
,Status :, ,Un-Aided-Autonomous,,,,,,,,,,,,,,,,,,,,
,Home University Seats,,,,,,,,,,,,,,,,,,,,,,
Home University Seats Allotted to Home University Candidates,,,,,,,,,,,,,,,,,,,,,,,
,GOPENH,,,,,,,,,,,,,,,,,,,,,,
746,,,,,,,,,,,,,,,,,,,,,,,
Stage-I, ,,,,,,,,,,,,,,,,,,,,,,
(97.390747),,,,,,,,,,,,,,,,,,,,,,,
,Other Than Home University Seats,,,,,,,,,,,,,,,,,,,,,,
Other Than Home University Seats Allotted to Other Than Home University Candidates,,,,,,,,,,,,,,,,,,,,,,,
,GOPENO, ,GNTCO, ,GOBCO,,,,,,,,,,,,,,,,,,
700,1759,1147,,,,,,,,,,,,,,,,,,,,,
Stage-I, ,,,,,,,,,,,,,,,,,,,,,,
(97.390747),(94.4270578),(96.1125146),,,,,,,,,,,,,,,,,,,,,
,Legends :, ,"Legends: G-General, L-Ladies, S-State Level Seats ,PWD - Persons with Disabilities,DEF - Defence,PWDR :PWD Common Reserved Seat",,,,,,,,,,,,,,,,,,,,
"DEFR :Defense Common Reserved Seat ,* Maharashtra State Seats - Cut Off Indicates State General Merit No. ; Figures in bracket Indicates Merit Score",,,,,,,,,,,,,,,,,,,,,,,
,Page 123 of 192,,,,,,,,,,,,,,,,,,,,,,
GOVERNMENT OF MAHARASHTRA,,,,,,,,,,,,,,,,,,,,,,,
,"Directorate of Technical Education, Maharashtra State, Mumbai.",,,,,,,,,,,,,,,,,,,,,,
,Cut Off List for Maharashtra & Minority Seats of CAP Round-III for Admission to the First Year Post Graduate Technical Course in Master of Computer Applications (MCA) for the Academic Year 2025-26,,,,,,,,,,,,,,,,,,,,,,
,"6144 - Genba Sopanrao Moze College of Engineering, Baner-Balewadi, Pune",,,,,,,,,,,,,,,,,,,,,,
,0614424110 - Master in Computer Application,,,,,,,,,,,,,,,,,,,,,,
,Status :, ,Un-Aided,,,,,,,,,,,,,,,,,,,,
,Home University Seats,,,,,,,,,,,,,,,,,,,,,,
Home University Seats Allotted to Home University Candidates,,,,,,,,,,,,,,,,,,,,,,,
,GOPENH, ,GSCH, ,GNTCH, ,GOBCH, ,GSEBCH,,,,,,,,,,,,,,
6191,23622,14783,7049,9863,,,,,,,,,,,,,,,,,,,
Stage-I, ,,,,,,,,,,,,,,,,,,,,,,
(80.5399495),(12.4750009),(51.4093808),(77.8251197),(69.7143504),,,,,,,,,,,,,,,,,,,
,Other Than Home University Seats,,,,,,,,,,,,,,,,,,,,,,
Other Than Home University Seats Allotted to Other Than Home University Candidates,,,,,,,,,,,,,,,,,,,,,,,
,GSCO, ,GOBCO,,,,,,,,,,,,,,,,,,,,
11350,3723,,,,,,,,,,,,,,,,,,,,,,
Stage-I, ,,,,,,,,,,,,,,,,,,,,,,
(65.8578922),(89.1331398),,,,,,,,,,,,,,,,,,,,,,
,Legends :, ,"Legends: G-General, L-Ladies, S-State Level Seats ,PWD - Persons with Disabilities,DEF - Defence,PWDR :PWD Common Reserved Seat",,,,,,,,,,,,,,,,,,,,
"DEFR :Defense Common Reserved Seat ,* Maharashtra State Seats - Cut Off Indicates State General Merit No. ; Figures in bracket Indicates Merit Score",,,,,,,,,,,,,,,,,,,,,,,
,Page 124 of 192,,,,,,,,,,,,,,,,,,,,,,
GOVERNMENT OF MAHARASHTRA,,,,,,,,,,,,,,,,,,,,,,,
,"Directorate of Technical Education, Maharashtra State, Mumbai.",,,,,,,,,,,,,,,,,,,,,,
,Cut Off List for Maharashtra & Minority Seats of CAP Round-III for Admission to the First Year Post Graduate Technical Course in Master of Computer Applications (MCA) for the Academic Year 2025-26,,,,,,,,,,,,,,,,,,,,,,
,"6145 - JSPM'S Jaywantrao Sawant College of Engineering,Pune",,,,,,,,,,,,,,,,,,,,,,
,0614524110 - Master in Computer Application,,,,,,,,,,,,,,,,,,,,,,
,Status :, ,Un-Aided,,,,,,,,,,,,,,,,,,,,
,Home University Seats,,,,,,,,,,,,,,,,,,,,,,
Home University Seats Allotted to Home University Candidates,,,,,,,,,,,,,,,,,,,,,,,
,GOPENH, ,GSTH, ,GOBCH, ,PWDOPENH,,,,,,,,,,,,,,,,
2219,2563,,,,,,,,,,,,,,,,,,,,,,
Stage-I, ,,,,,,,,,,,,,,,,,,,,,,
(92.3361383),(92.1797821),,,,,,,,,,,,,,,,,,,,,,
2540,,,,,,,,,,,,,,,,,,,,,,,
,Stage-IV, ,,,,,,,,,,,,,,,,,,,,,
(92.1797821),,,,,,,,,,,,,,,,,,,,,,,
2320,,,,,,,,,,,,,,,,,,,,,,,
,I-Non PWD / DEF, ,,,,,,,,,,,,,,,,,,,,,
(92.3361383),,,,,,,,,,,,,,,,,,,,,,,
,Other Than Home University Seats,,,,,,,,,,,,,,,,,,,,,,
Other Than Home University Seats Allotted to Other Than Home University Candidates,,,,,,,,,,,,,,,,,,,,,,,
,GOPENO, ,GSCO, ,GNTCO, ,GOBCO, ,GSEBCO,,,,,,,,,,,,,,
1735,1850,4004,1809,1921,,,,,,,,,,,,,,,,,,,
Stage-I, ,,,,,,,,,,,,,,,,,,,,,,
(94.4270578),(93.5511867),(87.3496474),(94.4270578),(93.5511867),,,,,,,,,,,,,,,,,,,
,State Level Seats,,,,,,,,,,,,,,,,,,,,,,
,EWS, ,TFWS,,,,,,,,,,,,,,,,,,,,
3446,1510,,,,,,,,,,,,,,,,,,,,,,
Stage-I, ,,,,,,,,,,,,,,,,,,,,,,
(89.1966341),(94.6454851),,,,,,,,,,,,,,,,,,,,,,
,Legends :, ,"Legends: G-General, L-Ladies, S-State Level Seats ,PWD - Persons with Disabilities,DEF - Defence,PWDR :PWD Common Reserved Seat",,,,,,,,,,,,,,,,,,,,
"DEFR :Defense Common Reserved Seat ,* Maharashtra State Seats - Cut Off Indicates State General Merit No. ; Figures in bracket Indicates Merit Score",,,,,,,,,,,,,,,,,,,,,,,
,Page 125 of 192,,,,,,,,,,,,,,,,,,,,,,
GOVERNMENT OF MAHARASHTRA,,,,,,,,,,,,,,,,,,,,,,,
,"Directorate of Technical Education, Maharashtra State, Mumbai.",,,,,,,,,,,,,,,,,,,,,,
,Cut Off List for Maharashtra & Minority Seats of CAP Round-III for Admission to the First Year Post Graduate Technical Course in Master of Computer Applications (MCA) for the Academic Year 2025-26,,,,,,,,,,,,,,,,,,,,,,
,"6152 - Zeal Education Society's Zeal Institute of Business Administration, Computer Application and Research, Pune",,,,,,,,,,,,,,,,,,,,,,
,0615224110 - Master in Computer Application,,,,,,,,,,,,,,,,,,,,,,
,Status :, ,Un-Aided,,,,,,,,,,,,,,,,,,,,
,Home University Seats,,,,,,,,,,,,,,,,,,,,,,
Home University Seats Allotted to Home University Candidates,,,,,,,,,,,,,,,,,,,,,,,
,GOPENH, ,GSCH, ,GSTH, ,GNTAH, ,GNTBH, ,GNTCH, ,GNTDH, ,GOBCH, ,GSEBCH, ,PWDOPENH, ,PWDSCH, ,PWDOBCH
8855,19589,15695,16907,17021,11058,12626,15684,,,,,,,,,,,,,,,,
Stage-I, ,,,,,,,,,,,,,,,,,,,,,,
(73.5368477),(31.6629561),(49.3533426),(44.5345198),(44.5345198),(65.8578922),(61.2807064),(49.3533426),,,,,,,,,,,,,,,,
9575,,,,,,,,,,,,,,,,,,,,,,,
,Stage-IV, ,,,,,,,,,,,,,,,,,,,,,
(71.1549338),,,,,,,,,,,,,,,,,,,,,,,
9013,19600,12933,,,,,,,,,,,,,,,,,,,,,
,I-Non PWD / DEF, ,,,,,,,,,,,,,,,,,,,,,
(73.5368477),(31.6629561),(58.7911466),,,,,,,,,,,,,,,,,,,,,
,Other Than Home University Seats,,,,,,,,,,,,,,,,,,,,,,
Other Than Home University Seats Allotted to Other Than Home University Candidates,,,,,,,,,,,,,,,,,,,,,,,
,GOPENO, ,GSCO, ,GSTO, ,GNTBO, ,GNTCO, ,GNTDO, ,GOBCO, ,GSEBCO,,,,,,,,
4903,7921,5283,7995,22107,7316,5204,,,,,,,,,,,,,,,,,
Stage-I, ,,,,,,,,,,,,,,,,,,,,,,
(85.2118788),(76.9216256),(82.9644433),(74.782248),(19.1539942),(77.8251197),(85.2118788),,,,,,,,,,,,,,,,,
6165,,,,,,,,,,,,,,,,,,,,,,,
,Stage-IV, ,,,,,,,,,,,,,,,,,,,,,
(80.5399495),,,,,,,,,,,,,,,,,,,,,,,
,State Level Seats,,,,,,,,,,,,,,,,,,,,,,
,EWS, ,TFWS,,,,,,,,,,,,,,,,,,,,
22840,3195,,,,,,,,,,,,,,,,,,,,,,
Stage-I, ,,,,,,,,,,,,,,,,,,,,,,
(15.5994113),(90.7733494),,,,,,,,,,,,,,,,,,,,,,
,Legends :, ,"Legends: G-General, L-Ladies, S-State Level Seats ,PWD - Persons with Disabilities,DEF - Defence,PWDR :PWD Common Reserved Seat",,,,,,,,,,,,,,,,,,,,
"DEFR :Defense Common Reserved Seat ,* Maharashtra State Seats - Cut Off Indicates State General Merit No. ; Figures in bracket Indicates Merit Score",,,,,,,,,,,,,,,,,,,,,,,
,Page 126 of 192,,,,,,,,,,,,,,,,,,,,,,
GOVERNMENT OF MAHARASHTRA,,,,,,,,,,,,,,,,,,,,,,,
,"Directorate of Technical Education, Maharashtra State, Mumbai.",,,,,,,,,,,,,,,,,,,,,,
,Cut Off List for Maharashtra & Minority Seats of CAP Round-III for Admission to the First Year Post Graduate Technical Course in Master of Computer Applications (MCA) for the Academic Year 2025-26,,,,,,,,,,,,,,,,,,,,,,
,"6154 - Institute of Industrial & Computer Management & Research, Nigdi, Pune",,,,,,,,,,,,,,,,,,,,,,
,0615424110 - Master in Computer Application,,,,,,,,,,,,,,,,,,,,,,
,Status :, ,Un-Aided-Linguistic Minority - Konkani,,,,,,,,,,,,,,,,,,,,
,Home University Seats,,,,,,,,,,,,,,,,,,,,,,
Home University Seats Allotted to Home University Candidates,,,,,,,,,,,,,,,,,,,,,,,
,GOPENH,,,,,,,,,,,,,,,,,,,,,,
2042,,,,,,,,,,,,,,,,,,,,,,,
Stage-I, ,,,,,,,,,,,,,,,,,,,,,,
(93.405226),,,,,,,,,,,,,,,,,,,,,,,
,Other Than Home University Seats,,,,,,,,,,,,,,,,,,,,,,
Other Than Home University Seats Allotted to Other Than Home University Candidates,,,,,,,,,,,,,,,,,,,,,,,
,GOPENO,,,,,,,,,,,,,,,,,,,,,,
1784,,,,,,,,,,,,,,,,,,,,,,,
Stage-I, ,,,,,,,,,,,,,,,,,,,,,,
(94.4270578),,,,,,,,,,,,,,,,,,,,,,,
,State Level Seats,,,,,,,,,,,,,,,,,,,,,,
,TFWS,,,,,,,,,,,,,,,,,,,,,,
1518,,,,,,,,,,,,,,,,,,,,,,,
Stage-I, ,,,,,,,,,,,,,,,,,,,,,,
(94.6454851),,,,,,,,,,,,,,,,,,,,,,,
,Minority Seats : Minority Seats Allotted to Non Minority Candidates,,,,,,,,,,,,,,,,,,,,,,
,MI-MH,,,,,,,,,,,,,,,,,,,,,,
3824,,,,,,,,,,,,,,,,,,,,,,,
Stage-MI-MH, ,,,,,,,,,,,,,,,,,,,,,,
(89.1331398),,,,,,,,,,,,,,,,,,,,,,,
,Legends :, ,"Legends: G-General, L-Ladies, S-State Level Seats ,PWD - Persons with Disabilities,DEF - Defence,PWDR :PWD Common Reserved Seat",,,,,,,,,,,,,,,,,,,,
"DEFR :Defense Common Reserved Seat ,* Maharashtra State Seats - Cut Off Indicates State General Merit No. ; Figures in bracket Indicates Merit Score",,,,,,,,,,,,,,,,,,,,,,,
,Page 127 of 192,,,,,,,,,,,,,,,,,,,,,,
GOVERNMENT OF MAHARASHTRA,,,,,,,,,,,,,,,,,,,,,,,
,"Directorate of Technical Education, Maharashtra State, Mumbai.",,,,,,,,,,,,,,,,,,,,,,
,Cut Off List for Maharashtra & Minority Seats of CAP Round-III for Admission to the First Year Post Graduate Technical Course in Master of Computer Applications (MCA) for the Academic Year 2025-26,,,,,,,,,,,,,,,,,,,,,,
,"6155 - G.H.Raisoni College of Engineering & Management, Wagholi, Pune",,,,,,,,,,,,,,,,,,,,,,
,0615524110 - Master in Computer Application,,,,,,,,,,,,,,,,,,,,,,
,Status :, ,Un-Aided-Autonomous-Linguistic Minority - Hindi,,,,,,,,,,,,,,,,,,,,
,Home University Seats,,,,,,,,,,,,,,,,,,,,,,
Home University Seats Allotted to Home University Candidates,,,,,,,,,,,,,,,,,,,,,,,
,GOPENH,,,,,,,,,,,,,,,,,,,,,,
5269,,,,,,,,,,,,,,,,,,,,,,,
Stage-I, ,,,,,,,,,,,,,,,,,,,,,,
(82.9644433),,,,,,,,,,,,,,,,,,,,,,,
,Other Than Home University Seats,,,,,,,,,,,,,,,,,,,,,,
Other Than Home University Seats Allotted to Other Than Home University Candidates,,,,,,,,,,,,,,,,,,,,,,,
,GOPENO,,,,,,,,,,,,,,,,,,,,,,
4208,,,,,,,,,,,,,,,,,,,,,,,
Stage-I, ,,,,,,,,,,,,,,,,,,,,,,
(87.2080299),,,,,,,,,,,,,,,,,,,,,,,
,Minority Seats : Minority Seats Allotted to Non Minority Candidates,,,,,,,,,,,,,,,,,,,,,,
,MI-MH,,,,,,,,,,,,,,,,,,,,,,
5699,,,,,,,,,,,,,,,,,,,,,,,
Stage-MI-MH, ,,,,,,,,,,,,,,,,,,,,,,
(82.8308366),,,,,,,,,,,,,,,,,,,,,,,
,Legends :, ,"Legends: G-General, L-Ladies, S-State Level Seats ,PWD - Persons with Disabilities,DEF - Defence,PWDR :PWD Common Reserved Seat",,,,,,,,,,,,,,,,,,,,
"DEFR :Defense Common Reserved Seat ,* Maharashtra State Seats - Cut Off Indicates State General Merit No. ; Figures in bracket Indicates Merit Score",,,,,,,,,,,,,,,,,,,,,,,
,Page 128 of 192,,,,,,,,,,,,,,,,,,,,,,
GOVERNMENT OF MAHARASHTRA,,,,,,,,,,,,,,,,,,,,,,,
,"Directorate of Technical Education, Maharashtra State, Mumbai.",,,,,,,,,,,,,,,,,,,,,,
,Cut Off List for Maharashtra & Minority Seats of CAP Round-III for Admission to the First Year Post Graduate Technical Course in Master of Computer Applications (MCA) for the Academic Year 2025-26,,,,,,,,,,,,,,,,,,,,,,
,"6158 - Rajmata Jijau Shikshan Prasarak Mandal's Institute of Computer and Management Research, Dudulgaon, Pune",,,,,,,,,,,,,,,,,,,,,,
,0615824110 - Master in Computer Application,,,,,,,,,,,,,,,,,,,,,,
,Status :, ,Un-Aided,,,,,,,,,,,,,,,,,,,,
,Home University Seats,,,,,,,,,,,,,,,,,,,,,,
Home University Seats Allotted to Home University Candidates,,,,,,,,,,,,,,,,,,,,,,,
,GOPENH, ,GSCH, ,GSTH, ,GNTCH, ,GOBCH, ,GSEBCH,,,,,,,,,,,,
8325,17761,17634,9539,20369,,,,,,,,,,,,,,,,,,,
Stage-I, ,,,,,,,,,,,,,,,,,,,,,,
(74.782248),(39.3989669),(41.4550394),(71.1549338),(27.2744425),,,,,,,,,,,,,,,,,,,
10093,,,,,,,,,,,,,,,,,,,,,,,
,Stage-IV, ,,,,,,,,,,,,,,,,,,,,,
(69.7143504),,,,,,,,,,,,,,,,,,,,,,,
,Other Than Home University Seats,,,,,,,,,,,,,,,,,,,,,,
Other Than Home University Seats Allotted to Other Than Home University Candidates,,,,,,,,,,,,,,,,,,,,,,,
,GOPENO, ,GSCO, ,GNTDO, ,GOBCO, ,GSEBCO,,,,,,,,,,,,,,
7065,8525,8894,7996,,,,,,,,,,,,,,,,,,,,
Stage-I, ,,,,,,,,,,,,,,,,,,,,,,
(77.8251197),(73.5368477),(73.5368477),(74.782248),,,,,,,,,,,,,,,,,,,,
8546,,,,,,,,,,,,,,,,,,,,,,,
,Stage-IV, ,,,,,,,,,,,,,,,,,,,,,
(73.5368477),,,,,,,,,,,,,,,,,,,,,,,
,State Level Seats,,,,,,,,,,,,,,,,,,,,,,
,EWS,,,,,,,,,,,,,,,,,,,,,,
18448,,,,,,,,,,,,,,,,,,,,,,,
Stage-I, ,,,,,,,,,,,,,,,,,,,,,,
(36.496736),,,,,,,,,,,,,,,,,,,,,,,
,Legends :, ,"Legends: G-General, L-Ladies, S-State Level Seats ,PWD - Persons with Disabilities,DEF - Defence,PWDR :PWD Common Reserved Seat",,,,,,,,,,,,,,,,,,,,
"DEFR :Defense Common Reserved Seat ,* Maharashtra State Seats - Cut Off Indicates State General Merit No. ; Figures in bracket Indicates Merit Score",,,,,,,,,,,,,,,,,,,,,,,
,Page 129 of 192,,,,,,,,,,,,,,,,,,,,,,
GOVERNMENT OF MAHARASHTRA,,,,,,,,,,,,,,,,,,,,,,,
,"Directorate of Technical Education, Maharashtra State, Mumbai.",,,,,,,,,,,,,,,,,,,,,,
,Cut Off List for Maharashtra & Minority Seats of CAP Round-III for Admission to the First Year Post Graduate Technical Course in Master of Computer Applications (MCA) for the Academic Year 2025-26,,,,,,,,,,,,,,,,,,,,,,
,"6164 - Psd Shastri Educational Foundation's Asma Institute Of Management, Pune",,,,,,,,,,,,,,,,,,,,,,
,0616424110 - Master in Computer Application,,,,,,,,,,,,,,,,,,,,,,
,Status :, ,Un-Aided-Linguistic Minority - Hindi,,,,,,,,,,,,,,,,,,,,
,Home University Seats,,,,,,,,,,,,,,,,,,,,,,
Home University Seats Allotted to Home University Candidates,,,,,,,,,,,,,,,,,,,,,,,
,GOPENH,,,,,,,,,,,,,,,,,,,,,,
11065,,,,,,,,,,,,,,,,,,,,,,,
Stage-I, ,,,,,,,,,,,,,,,,,,,,,,
(65.8578922),,,,,,,,,,,,,,,,,,,,,,,
,Other Than Home University Seats,,,,,,,,,,,,,,,,,,,,,,
Other Than Home University Seats Allotted to Other Than Home University Candidates,,,,,,,,,,,,,,,,,,,,,,,
,GOPENO,,,,,,,,,,,,,,,,,,,,,,
6507,,,,,,,,,,,,,,,,,,,,,,,
Stage-I, ,,,,,,,,,,,,,,,,,,,,,,
(79.9969812),,,,,,,,,,,,,,,,,,,,,,,
,State Level Seats,,,,,,,,,,,,,,,,,,,,,,
,TFWS,,,,,,,,,,,,,,,,,,,,,,
10285,,,,,,,,,,,,,,,,,,,,,,,
Stage-I, ,,,,,,,,,,,,,,,,,,,,,,
(67.3579428),,,,,,,,,,,,,,,,,,,,,,,
,Minority Seats : Minority Seats Allotted to Non Minority Candidates,,,,,,,,,,,,,,,,,,,,,,
,MI-MH,,,,,,,,,,,,,,,,,,,,,,
11777,,,,,,,,,,,,,,,,,,,,,,,
Stage-MI-MH, ,,,,,,,,,,,,,,,,,,,,,,
(63.1574978),,,,,,,,,,,,,,,,,,,,,,,
,Legends :, ,"Legends: G-General, L-Ladies, S-State Level Seats ,PWD - Persons with Disabilities,DEF - Defence,PWDR :PWD Common Reserved Seat",,,,,,,,,,,,,,,,,,,,
"DEFR :Defense Common Reserved Seat ,* Maharashtra State Seats - Cut Off Indicates State General Merit No. ; Figures in bracket Indicates Merit Score",,,,,,,,,,,,,,,,,,,,,,,
,Page 130 of 192,,,,,,,,,,,,,,,,,,,,,,
GOVERNMENT OF MAHARASHTRA,,,,,,,,,,,,,,,,,,,,,,,
,"Directorate of Technical Education, Maharashtra State, Mumbai.",,,,,,,,,,,,,,,,,,,,,,
,Cut Off List for Maharashtra & Minority Seats of CAP Round-III for Admission to the First Year Post Graduate Technical Course in Master of Computer Applications (MCA) for the Academic Year 2025-26,,,,,,,,,,,,,,,,,,,,,,
,"6167 - Kamla Education Society's Pratibha Institute of Business Management, Chinchwad, Pune",,,,,,,,,,,,,,,,,,,,,,
,0616724110 - Master in Computer Application,,,,,,,,,,,,,,,,,,,,,,
,Status :, ,Un-Aided,,,,,,,,,,,,,,,,,,,,
,Home University Seats,,,,,,,,,,,,,,,,,,,,,,
Home University Seats Allotted to Home University Candidates,,,,,,,,,,,,,,,,,,,,,,,
,GOPENH, ,GSTH, ,GOBCH,,,,,,,,,,,,,,,,,,
2120,6408,,,,,,,,,,,,,,,,,,,,,,
Stage-I, ,,,,,,,,,,,,,,,,,,,,,,
(93.405226),(80.5399495),,,,,,,,,,,,,,,,,,,,,,
2357,,,,,,,,,,,,,,,,,,,,,,,
,Stage-IV, ,,,,,,,,,,,,,,,,,,,,,
(92.3361383),,,,,,,,,,,,,,,,,,,,,,,
,Home University Seats Allotted to Other Than Home University Candidates,,,,,,,,,,,,,,,,,,,,,,
,GNTAH,,,,,,,,,,,,,,,,,,,,,,
15149,,,,,,,,,,,,,,,,,,,,,,,
Stage-I, ,,,,,,,,,,,,,,,,,,,,,,
(51.4093808),,,,,,,,,,,,,,,,,,,,,,,
,Other Than Home University Seats,,,,,,,,,,,,,,,,,,,,,,
Other Than Home University Seats Allotted to Other Than Home University Candidates,,,,,,,,,,,,,,,,,,,,,,,
,GOPENO, ,GSCO, ,GSTO, ,GNTAO, ,GNTCO, ,GOBCO, ,GSEBCO,,,,,,,,,,
3874,7774,11285,8265,5860,7137,,,,,,,,,,,,,,,,,,
Stage-I, ,,,,,,,,,,,,,,,,,,,,,,
(87.3496474),(76.9216256),(65.8578922),(74.782248),(82.8308366),(77.8251197),,,,,,,,,,,,,,,,,,
4488,,,,,,,,,,,,,,,,,,,,,,,
,Stage-IV, ,,,,,,,,,,,,,,,,,,,,,
(85.3851665),,,,,,,,,,,,,,,,,,,,,,,
,State Level Seats,,,,,,,,,,,,,,,,,,,,,,
,EWS,,,,,,,,,,,,,,,,,,,,,,
6765,,,,,,,,,,,,,,,,,,,,,,,
Stage-I, ,,,,,,,,,,,,,,,,,,,,,,
(79.9969812),,,,,,,,,,,,,,,,,,,,,,,
,Legends :, ,"Legends: G-General, L-Ladies, S-State Level Seats ,PWD - Persons with Disabilities,DEF - Defence,PWDR :PWD Common Reserved Seat",,,,,,,,,,,,,,,,,,,,
"DEFR :Defense Common Reserved Seat ,* Maharashtra State Seats - Cut Off Indicates State General Merit No. ; Figures in bracket Indicates Merit Score",,,,,,,,,,,,,,,,,,,,,,,
,Page 131 of 192,,,,,,,,,,,,,,,,,,,,,,
GOVERNMENT OF MAHARASHTRA,,,,,,,,,,,,,,,,,,,,,,,
,"Directorate of Technical Education, Maharashtra State, Mumbai.",,,,,,,,,,,,,,,,,,,,,,
,Cut Off List for Maharashtra & Minority Seats of CAP Round-III for Admission to the First Year Post Graduate Technical Course in Master of Computer Applications (MCA) for the Academic Year 2025-26,,,,,,,,,,,,,,,,,,,,,,
,"6168 - Shikshan Maharshi Dr. D.Y. Patil Centre for Management & Research, Chikhali , Pune",,,,,,,,,,,,,,,,,,,,,,
,0616824110 - Master in Computer Application,,,,,,,,,,,,,,,,,,,,,,
,Status :, ,Un-Aided,,,,,,,,,,,,,,,,,,,,
,Home University Seats,,,,,,,,,,,,,,,,,,,,,,
Home University Seats Allotted to Home University Candidates,,,,,,,,,,,,,,,,,,,,,,,
,GOPENH, ,GSCH, ,GSTH, ,GSEBCH, ,PWDOPENH,,,,,,,,,,,,,,
5809,12788,13516,,,,,,,,,,,,,,,,,,,,,
Stage-I, ,,,,,,,,,,,,,,,,,,,,,,
(82.8308366),(58.7911466),(56.5488095),,,,,,,,,,,,,,,,,,,,,
8053,,,,,,,,,,,,,,,,,,,,,,,
,Stage-IV, ,,,,,,,,,,,,,,,,,,,,,
(74.782248),,,,,,,,,,,,,,,,,,,,,,,
6865,,,,,,,,,,,,,,,,,,,,,,,
,I-Non PWD / DEF, ,,,,,,,,,,,,,,,,,,,,,
(79.9969812),,,,,,,,,,,,,,,,,,,,,,,
,Other Than Home University Seats,,,,,,,,,,,,,,,,,,,,,,
Other Than Home University Seats Allotted to Other Than Home University Candidates,,,,,,,,,,,,,,,,,,,,,,,
,GOPENO, ,GSTO, ,GNTDO, ,GOBCO, ,GSEBCO,,,,,,,,,,,,,,
4842,14756,6055,5346,,,,,,,,,,,,,,,,,,,,
Stage-I, ,,,,,,,,,,,,,,,,,,,,,,
(85.2118788),(51.4093808),(82.8308366),(82.9644433),,,,,,,,,,,,,,,,,,,,
6067,,,,,,,,,,,,,,,,,,,,,,,
,Stage-IV, ,,,,,,,,,,,,,,,,,,,,,
(82.8308366),,,,,,,,,,,,,,,,,,,,,,,
,State Level Seats,,,,,,,,,,,,,,,,,,,,,,
,EWS,,,,,,,,,,,,,,,,,,,,,,
10272,,,,,,,,,,,,,,,,,,,,,,,
Stage-I, ,,,,,,,,,,,,,,,,,,,,,,
(67.3579428),,,,,,,,,,,,,,,,,,,,,,,
,Legends :, ,"Legends: G-General, L-Ladies, S-State Level Seats ,PWD - Persons with Disabilities,DEF - Defence,PWDR :PWD Common Reserved Seat",,,,,,,,,,,,,,,,,,,,
"DEFR :Defense Common Reserved Seat ,* Maharashtra State Seats - Cut Off Indicates State General Merit No. ; Figures in bracket Indicates Merit Score",,,,,,,,,,,,,,,,,,,,,,,
,Page 132 of 192,,,,,,,,,,,,,,,,,,,,,,
GOVERNMENT OF MAHARASHTRA,,,,,,,,,,,,,,,,,,,,,,,
,"Directorate of Technical Education, Maharashtra State, Mumbai.",,,,,,,,,,,,,,,,,,,,,,
,Cut Off List for Maharashtra & Minority Seats of CAP Round-III for Admission to the First Year Post Graduate Technical Course in Master of Computer Applications (MCA) for the Academic Year 2025-26,,,,,,,,,,,,,,,,,,,,,,
,"6170 - Abhinav Education Society's Institute of Management and Research, Haveli, Pune",,,,,,,,,,,,,,,,,,,,,,
,0617024110 - Master in Computer Application,,,,,,,,,,,,,,,,,,,,,,
,Status :, ,Un-Aided,,,,,,,,,,,,,,,,,,,,
,Home University Seats,,,,,,,,,,,,,,,,,,,,,,
Home University Seats Allotted to Home University Candidates,,,,,,,,,,,,,,,,,,,,,,,
,GOPENH, ,GSCH, ,GSTH, ,GNTDH, ,GOBCH, ,PWDOPENH,,,,,,,,,,,,
9456,20096,22711,13786,,,,,,,,,,,,,,,,,,,,
Stage-I, ,,,,,,,,,,,,,,,,,,,,,,
(71.1549338),(29.9046039),(16.9789978),(56.5488095),,,,,,,,,,,,,,,,,,,,
9996,,,,,,,,,,,,,,,,,,,,,,,
,Stage-IV, ,,,,,,,,,,,,,,,,,,,,,
(69.7143504),,,,,,,,,,,,,,,,,,,,,,,
9651,,,,,,,,,,,,,,,,,,,,,,,
,I-Non PWD / DEF, ,,,,,,,,,,,,,,,,,,,,,
(69.7143504),,,,,,,,,,,,,,,,,,,,,,,
,Other Than Home University Seats,,,,,,,,,,,,,,,,,,,,,,
Other Than Home University Seats Allotted to Other Than Home University Candidates,,,,,,,,,,,,,,,,,,,,,,,
,GOPENO, ,GSCO, ,GSTO, ,GSEBCO,,,,,,,,,,,,,,,,
8289,10169,8488,,,,,,,,,,,,,,,,,,,,,
Stage-I, ,,,,,,,,,,,,,,,,,,,,,,
(74.782248),(69.7143504),(73.5368477),,,,,,,,,,,,,,,,,,,,,
8441,,,,,,,,,,,,,,,,,,,,,,,
,Stage-IV, ,,,,,,,,,,,,,,,,,,,,,
(74.782248),,,,,,,,,,,,,,,,,,,,,,,
,State Level Seats,,,,,,,,,,,,,,,,,,,,,,
,TFWS,,,,,,,,,,,,,,,,,,,,,,
4100,,,,,,,,,,,,,,,,,,,,,,,
Stage-I, ,,,,,,,,,,,,,,,,,,,,,,
(87.3496474),,,,,,,,,,,,,,,,,,,,,,,
,Legends :, ,"Legends: G-General, L-Ladies, S-State Level Seats ,PWD - Persons with Disabilities,DEF - Defence,PWDR :PWD Common Reserved Seat",,,,,,,,,,,,,,,,,,,,
"DEFR :Defense Common Reserved Seat ,* Maharashtra State Seats - Cut Off Indicates State General Merit No. ; Figures in bracket Indicates Merit Score",,,,,,,,,,,,,,,,,,,,,,,
,Page 133 of 192,,,,,,,,,,,,,,,,,,,,,,
GOVERNMENT OF MAHARASHTRA,,,,,,,,,,,,,,,,,,,,,,,
,"Directorate of Technical Education, Maharashtra State, Mumbai.",,,,,,,,,,,,,,,,,,,,,,
,Cut Off List for Maharashtra & Minority Seats of CAP Round-III for Admission to the First Year Post Graduate Technical Course in Master of Computer Applications (MCA) for the Academic Year 2025-26,,,,,,,,,,,,,,,,,,,,,,
,"6179 - Indira College of Engineering & Management, Pune",,,,,,,,,,,,,,,,,,,,,,
,0617924110 - Master in Computer Application,,,,,,,,,,,,,,,,,,,,,,
,Status :, ,Un-Aided-Autonomous,,,,,,,,,,,,,,,,,,,,
,Home University Seats,,,,,,,,,,,,,,,,,,,,,,
Home University Seats Allotted to Home University Candidates,,,,,,,,,,,,,,,,,,,,,,,
,GOPENH, ,GSTH, ,GOBCH, ,PWDOPENH,,,,,,,,,,,,,,,,
528,9221,863,4945,,,,,,,,,,,,,,,,,,,,
Stage-I, ,,,,,,,,,,,,,,,,,,,,,,
(98.0566771),(71.1549338),(97.0718086),(85.2118788),,,,,,,,,,,,,,,,,,,,
,Other Than Home University Seats,,,,,,,,,,,,,,,,,,,,,,
Other Than Home University Seats Allotted to Other Than Home University Candidates,,,,,,,,,,,,,,,,,,,,,,,
,GOPENO, ,GSCO, ,GOBCO,,,,,,,,,,,,,,,,,,
485,1456,584,,,,,,,,,,,,,,,,,,,,,
Stage-I, ,,,,,,,,,,,,,,,,,,,,,,
(98.2089665),(95.2942951),(97.8055126),,,,,,,,,,,,,,,,,,,,,
,State Level Seats,,,,,,,,,,,,,,,,,,,,,,
,EWS,,,,,,,,,,,,,,,,,,,,,,
2035,,,,,,,,,,,,,,,,,,,,,,,
Stage-I, ,,,,,,,,,,,,,,,,,,,,,,
(93.405226),,,,,,,,,,,,,,,,,,,,,,,
,Legends :, ,"Legends: G-General, L-Ladies, S-State Level Seats ,PWD - Persons with Disabilities,DEF - Defence,PWDR :PWD Common Reserved Seat",,,,,,,,,,,,,,,,,,,,
"DEFR :Defense Common Reserved Seat ,* Maharashtra State Seats - Cut Off Indicates State General Merit No. ; Figures in bracket Indicates Merit Score",,,,,,,,,,,,,,,,,,,,,,,
,Page 134 of 192,,,,,,,,,,,,,,,,,,,,,,
GOVERNMENT OF MAHARASHTRA,,,,,,,,,,,,,,,,,,,,,,,
,"Directorate of Technical Education, Maharashtra State, Mumbai.",,,,,,,,,,,,,,,,,,,,,,
,Cut Off List for Maharashtra & Minority Seats of CAP Round-III for Admission to the First Year Post Graduate Technical Course in Master of Computer Applications (MCA) for the Academic Year 2025-26,,,,,,,,,,,,,,,,,,,,,,
,"6201 - Dr. D. Y. Patil School Of MCA, Lohegaon,Pune",,,,,,,,,,,,,,,,,,,,,,
,0620124110 - Master in Computer Application,,,,,,,,,,,,,,,,,,,,,,
,Status :, ,Un-Aided,,,,,,,,,,,,,,,,,,,,
,Home University Seats,,,,,,,,,,,,,,,,,,,,,,
Home University Seats Allotted to Home University Candidates,,,,,,,,,,,,,,,,,,,,,,,
,GOPENH, ,GSTH, ,GNTBH, ,GNTCH, ,GOBCH, ,GSEBCH,,,,,,,,,,,,
3588,10801,10064,5825,8507,,,,,,,,,,,,,,,,,,,
Stage-I, ,,,,,,,,,,,,,,,,,,,,,,
(89.1331398),(65.8578922),(69.7143504),(82.8308366),(73.5368477),,,,,,,,,,,,,,,,,,,
4490,,,,,,,,,,,,,,,,,,,,,,,
,Stage-IV, ,,,,,,,,,,,,,,,,,,,,,
(85.3851665),,,,,,,,,,,,,,,,,,,,,,,
,Other Than Home University Seats,,,,,,,,,,,,,,,,,,,,,,
Other Than Home University Seats Allotted to Other Than Home University Candidates,,,,,,,,,,,,,,,,,,,,,,,
,GOPENO, ,GSTO, ,GNTCO, ,GOBCO, ,GSEBCO,,,,,,,,,,,,,,
3015,5540,3532,4018,,,,,,,,,,,,,,,,,,,,
Stage-I, ,,,,,,,,,,,,,,,,,,,,,,
(90.7733494),(82.9644433),(89.1966341),(87.3496474),,,,,,,,,,,,,,,,,,,,
3245,,,,,,,,,,,,,,,,,,,,,,,
,Stage-IV, ,,,,,,,,,,,,,,,,,,,,,
(89.1966341),,,,,,,,,,,,,,,,,,,,,,,
,State Level Seats,,,,,,,,,,,,,,,,,,,,,,
,EWS,,,,,,,,,,,,,,,,,,,,,,
5186,,,,,,,,,,,,,,,,,,,,,,,
Stage-I, ,,,,,,,,,,,,,,,,,,,,,,
(85.2118788),,,,,,,,,,,,,,,,,,,,,,,
,Legends :, ,"Legends: G-General, L-Ladies, S-State Level Seats ,PWD - Persons with Disabilities,DEF - Defence,PWDR :PWD Common Reserved Seat",,,,,,,,,,,,,,,,,,,,
"DEFR :Defense Common Reserved Seat ,* Maharashtra State Seats - Cut Off Indicates State General Merit No. ; Figures in bracket Indicates Merit Score",,,,,,,,,,,,,,,,,,,,,,,
,Page 135 of 192,,,,,,,,,,,,,,,,,,,,,,
GOVERNMENT OF MAHARASHTRA,,,,,,,,,,,,,,,,,,,,,,,
,"Directorate of Technical Education, Maharashtra State, Mumbai.",,,,,,,,,,,,,,,,,,,,,,
,Cut Off List for Maharashtra & Minority Seats of CAP Round-III for Admission to the First Year Post Graduate Technical Course in Master of Computer Applications (MCA) for the Academic Year 2025-26,,,,,,,,,,,,,,,,,,,,,,
,"6206 - Pune District Education Association's College of Engineering, Manjari(Bk), Hadapsar, Pune",,,,,,,,,,,,,,,,,,,,,,
,0620624110 - Master in Computer Application,,,,,,,,,,,,,,,,,,,,,,
,Status :, ,Un-Aided,,,,,,,,,,,,,,,,,,,,
,Home University Seats,,,,,,,,,,,,,,,,,,,,,,
Home University Seats Allotted to Home University Candidates,,,,,,,,,,,,,,,,,,,,,,,
,GOPENH, ,GSCH, ,GSTH, ,GNTAH, ,GOBCH, ,GSEBCH, ,PWDOPENH,,,,,,,,,,
8490,9190,19321,9473,12135,,,,,,,,,,,,,,,,,,,
Stage-I, ,,,,,,,,,,,,,,,,,,,,,,
(73.5368477),(71.1549338),(34.5198145),(71.1549338),(61.2807064),,,,,,,,,,,,,,,,,,,
9816,,,,,,,,,,,,,,,,,,,,,,,
,Stage-IV, ,,,,,,,,,,,,,,,,,,,,,
(69.7143504),,,,,,,,,,,,,,,,,,,,,,,
8947,,,,,,,,,,,,,,,,,,,,,,,
,I-Non PWD / DEF, ,,,,,,,,,,,,,,,,,,,,,
(73.5368477),,,,,,,,,,,,,,,,,,,,,,,
,Other Than Home University Seats,,,,,,,,,,,,,,,,,,,,,,
Other Than Home University Seats Allotted to Other Than Home University Candidates,,,,,,,,,,,,,,,,,,,,,,,
,GOPENO, ,GSTO, ,GOBCO,,,,,,,,,,,,,,,,,,
7041,7417,,,,,,,,,,,,,,,,,,,,,,
Stage-I, ,,,,,,,,,,,,,,,,,,,,,,
(77.8251197),(76.9216256),,,,,,,,,,,,,,,,,,,,,,
7077,,,,,,,,,,,,,,,,,,,,,,,
,Stage-IV, ,,,,,,,,,,,,,,,,,,,,,
(77.8251197),,,,,,,,,,,,,,,,,,,,,,,
,State Level Seats,,,,,,,,,,,,,,,,,,,,,,
,EWS,,,,,,,,,,,,,,,,,,,,,,
24506,,,,,,,,,,,,,,,,,,,,,,,
Stage-I, ,,,,,,,,,,,,,,,,,,,,,,
(5.9311489),,,,,,,,,,,,,,,,,,,,,,,
,Legends :, ,"Legends: G-General, L-Ladies, S-State Level Seats ,PWD - Persons with Disabilities,DEF - Defence,PWDR :PWD Common Reserved Seat",,,,,,,,,,,,,,,,,,,,
"DEFR :Defense Common Reserved Seat ,* Maharashtra State Seats - Cut Off Indicates State General Merit No. ; Figures in bracket Indicates Merit Score",,,,,,,,,,,,,,,,,,,,,,,
,Page 136 of 192,,,,,,,,,,,,,,,,,,,,,,
GOVERNMENT OF MAHARASHTRA,,,,,,,,,,,,,,,,,,,,,,,
,"Directorate of Technical Education, Maharashtra State, Mumbai.",,,,,,,,,,,,,,,,,,,,,,
,Cut Off List for Maharashtra & Minority Seats of CAP Round-III for Admission to the First Year Post Graduate Technical Course in Master of Computer Applications (MCA) for the Academic Year 2025-26,,,,,,,,,,,,,,,,,,,,,,
,"6208 - Deccan Education Society's Chintamanrao Institute of Management Development & Research, Sangli",,,,,,,,,,,,,,,,,,,,,,
,0620824110 - Master in Computer Application,,,,,,,,,,,,,,,,,,,,,,
,Status :, ,Un-Aided,,,,,,,,,,,,,,,,,,,,
,Home University Seats,,,,,,,,,,,,,,,,,,,,,,
Home University Seats Allotted to Home University Candidates,,,,,,,,,,,,,,,,,,,,,,,
,GOPENH, ,GSCH, ,GSTH,,,,,,,,,,,,,,,,,,
15583,21605,,,,,,,,,,,,,,,,,,,,,,
Stage-I, ,,,,,,,,,,,,,,,,,,,,,,
(49.3533426),(23.1010151),,,,,,,,,,,,,,,,,,,,,,
18682,,,,,,,,,,,,,,,,,,,,,,,
,Stage-IV, ,,,,,,,,,,,,,,,,,,,,,
(36.496736),,,,,,,,,,,,,,,,,,,,,,,
,Other Than Home University Seats,,,,,,,,,,,,,,,,,,,,,,
Other Than Home University Seats Allotted to Other Than Home University Candidates,,,,,,,,,,,,,,,,,,,,,,,
,GOPENO,,,,,,,,,,,,,,,,,,,,,,
18233,,,,,,,,,,,,,,,,,,,,,,,
Stage-I, ,,,,,,,,,,,,,,,,,,,,,,
(39.3989669),,,,,,,,,,,,,,,,,,,,,,,
,Other Than Home University Seats Allotted to Home University Candidates,,,,,,,,,,,,,,,,,,,,,,
,GOPENO, ,GSCO, ,GNTBO, ,GOBCO, ,GSEBCO,,,,,,,,,,,,,,
16326,18715,,,,,,,,,,,,,,,,,,,,,,
Stage-I, ,,,,,,,,,,,,,,,,,,,,,,
(46.3793819),(36.496736),,,,,,,,,,,,,,,,,,,,,,
19127,18719,19202,,,,,,,,,,,,,,,,,,,,,
,Stage-IV, ,,,,,,,,,,,,,,,,,,,,,
(34.5198145),(36.496736),(34.5198145),,,,,,,,,,,,,,,,,,,,,
,State Level Seats,,,,,,,,,,,,,,,,,,,,,,
,TFWS,,,,,,,,,,,,,,,,,,,,,,
19248,,,,,,,,,,,,,,,,,,,,,,,
Stage-I, ,,,,,,,,,,,,,,,,,,,,,,
(34.5198145),,,,,,,,,,,,,,,,,,,,,,,
,Legends :, ,"Legends: G-General, L-Ladies, S-State Level Seats ,PWD - Persons with Disabilities,DEF - Defence,PWDR :PWD Common Reserved Seat",,,,,,,,,,,,,,,,,,,,
"DEFR :Defense Common Reserved Seat ,* Maharashtra State Seats - Cut Off Indicates State General Merit No. ; Figures in bracket Indicates Merit Score",,,,,,,,,,,,,,,,,,,,,,,
,Page 137 of 192,,,,,,,,,,,,,,,,,,,,,,
GOVERNMENT OF MAHARASHTRA,,,,,,,,,,,,,,,,,,,,,,,
,"Directorate of Technical Education, Maharashtra State, Mumbai.",,,,,,,,,,,,,,,,,,,,,,
,Cut Off List for Maharashtra & Minority Seats of CAP Round-III for Admission to the First Year Post Graduate Technical Course in Master of Computer Applications (MCA) for the Academic Year 2025-26,,,,,,,,,,,,,,,,,,,,,,
,"6212 - KIT's Institute of Management Education & Research, Kolhapur",,,,,,,,,,,,,,,,,,,,,,
,0621224110 - Master in Computer Application,,,,,,,,,,,,,,,,,,,,,,
,Status :, ,Un-Aided-Autonomous,,,,,,,,,,,,,,,,,,,,
,Home University Seats,,,,,,,,,,,,,,,,,,,,,,
Home University Seats Allotted to Home University Candidates,,,,,,,,,,,,,,,,,,,,,,,
,GOPENH, ,GSTH, ,GSEBCH,,,,,,,,,,,,,,,,,,
3484,4009,,,,,,,,,,,,,,,,,,,,,,
Stage-I, ,,,,,,,,,,,,,,,,,,,,,,
(89.1966341),(87.3496474),,,,,,,,,,,,,,,,,,,,,,
4728,,,,,,,,,,,,,,,,,,,,,,,
,Stage-IV, ,,,,,,,,,,,,,,,,,,,,,
(85.3851665),,,,,,,,,,,,,,,,,,,,,,,
,Other Than Home University Seats,,,,,,,,,,,,,,,,,,,,,,
Other Than Home University Seats Allotted to Other Than Home University Candidates,,,,,,,,,,,,,,,,,,,,,,,
,GNTAO, ,GNTDO, ,GOBCO, ,GSEBCO,,,,,,,,,,,,,,,,
16966,10739,,,,,,,,,,,,,,,,,,,,,,
Stage-IV, ,,,,,,,,,,,,,,,,,,,,,,
(44.5345198),(67.3579428),,,,,,,,,,,,,,,,,,,,,,
10612,17320,,,,,,,,,,,,,,,,,,,,,,
,Stage-I, ,,,,,,,,,,,,,,,,,,,,,
(67.3579428),(41.4550394),,,,,,,,,,,,,,,,,,,,,,
,Legends :, ,"Legends: G-General, L-Ladies, S-State Level Seats ,PWD - Persons with Disabilities,DEF - Defence,PWDR :PWD Common Reserved Seat",,,,,,,,,,,,,,,,,,,,
"DEFR :Defense Common Reserved Seat ,* Maharashtra State Seats - Cut Off Indicates State General Merit No. ; Figures in bracket Indicates Merit Score",,,,,,,,,,,,,,,,,,,,,,,
,Page 138 of 192,,,,,,,,,,,,,,,,,,,,,,
GOVERNMENT OF MAHARASHTRA,,,,,,,,,,,,,,,,,,,,,,,
,"Directorate of Technical Education, Maharashtra State, Mumbai.",,,,,,,,,,,,,,,,,,,,,,
,Cut Off List for Maharashtra & Minority Seats of CAP Round-III for Admission to the First Year Post Graduate Technical Course in Master of Computer Applications (MCA) for the Academic Year 2025-26,,,,,,,,,,,,,,,,,,,,,,
,"6213 - Chh. Shahu Institute Of Business Edu And Res Vasantraodada Patil Institute Of Management Studies & Research, Sangli",,,,,,,,,,,,,,,,,,,,,,
,0621324110 - Master in Computer Application,,,,,,,,,,,,,,,,,,,,,,
,Status :, ,Un-Aided-Autonomous,,,,,,,,,,,,,,,,,,,,
,Home University Seats,,,,,,,,,,,,,,,,,,,,,,
Home University Seats Allotted to Home University Candidates,,,,,,,,,,,,,,,,,,,,,,,
,GOPENH, ,GSCH, ,GSTH, ,GOBCH, ,GSEBCH, ,PWDOPENH,,,,,,,,,,,,
3494,10419,15726,,,,,,,,,,,,,,,,,,,,,
Stage-I, ,,,,,,,,,,,,,,,,,,,,,,
(89.1966341),(67.3579428),(49.3533426),,,,,,,,,,,,,,,,,,,,,
14294,14604,,,,,,,,,,,,,,,,,,,,,,
,Stage-IV, ,,,,,,,,,,,,,,,,,,,,,
(53.942159),(51.4093808),,,,,,,,,,,,,,,,,,,,,,
13502,,,,,,,,,,,,,,,,,,,,,,,
,I-Non PWD / DEF, ,,,,,,,,,,,,,,,,,,,,,
(56.5488095),,,,,,,,,,,,,,,,,,,,,,,
,Other Than Home University Seats Allotted to Home University Candidates,,,,,,,,,,,,,,,,,,,,,,
,GOPENO, ,GSCO, ,GSTO, ,GNTAO, ,GSEBCO,,,,,,,,,,,,,,
14973,15748,,,,,,,,,,,,,,,,,,,,,,
Stage-I, ,,,,,,,,,,,,,,,,,,,,,,
(51.4093808),(49.3533426),,,,,,,,,,,,,,,,,,,,,,
15087,15669,15816,,,,,,,,,,,,,,,,,,,,,
,Stage-IV, ,,,,,,,,,,,,,,,,,,,,,
(51.4093808),(49.3533426),(49.3533426),,,,,,,,,,,,,,,,,,,,,
,State Level Seats,,,,,,,,,,,,,,,,,,,,,,
,TFWS,,,,,,,,,,,,,,,,,,,,,,
2891,,,,,,,,,,,,,,,,,,,,,,,
Stage-I, ,,,,,,,,,,,,,,,,,,,,,,
(90.9663786),,,,,,,,,,,,,,,,,,,,,,,
,Legends :, ,"Legends: G-General, L-Ladies, S-State Level Seats ,PWD - Persons with Disabilities,DEF - Defence,PWDR :PWD Common Reserved Seat",,,,,,,,,,,,,,,,,,,,
"DEFR :Defense Common Reserved Seat ,* Maharashtra State Seats - Cut Off Indicates State General Merit No. ; Figures in bracket Indicates Merit Score",,,,,,,,,,,,,,,,,,,,,,,
,Page 139 of 192,,,,,,,,,,,,,,,,,,,,,,
GOVERNMENT OF MAHARASHTRA,,,,,,,,,,,,,,,,,,,,,,,
,"Directorate of Technical Education, Maharashtra State, Mumbai.",,,,,,,,,,,,,,,,,,,,,,
,Cut Off List for Maharashtra & Minority Seats of CAP Round-III for Admission to the First Year Post Graduate Technical Course in Master of Computer Applications (MCA) for the Academic Year 2025-26,,,,,,,,,,,,,,,,,,,,,,
,"6214 - K. E. Society's Rajarambapu Institute of Technology, Walwa, Sangli",,,,,,,,,,,,,,,,,,,,,,
,0621424110 - Master in Computer Application,,,,,,,,,,,,,,,,,,,,,,
,Status :, ,Un-Aided-Autonomous,,,,,,,,,,,,,,,,,,,,
,Home University Seats,,,,,,,,,,,,,,,,,,,,,,
Home University Seats Allotted to Home University Candidates,,,,,,,,,,,,,,,,,,,,,,,
,GOPENH, ,GSCH, ,GSTH, ,GNTBH, ,GOBCH,,,,,,,,,,,,,,
3964,9374,19908,11072,,,,,,,,,,,,,,,,,,,,
Stage-I, ,,,,,,,,,,,,,,,,,,,,,,
(87.3496474),(71.1549338),(29.9046039),(65.8578922),,,,,,,,,,,,,,,,,,,,
7734,,,,,,,,,,,,,,,,,,,,,,,
,Stage-IV, ,,,,,,,,,,,,,,,,,,,,,
(76.9216256),,,,,,,,,,,,,,,,,,,,,,,
,Other Than Home University Seats Allotted to Home University Candidates,,,,,,,,,,,,,,,,,,,,,,
,GOPENO,,,,,,,,,,,,,,,,,,,,,,
7831,,,,,,,,,,,,,,,,,,,,,,,
Stage-I, ,,,,,,,,,,,,,,,,,,,,,,
(76.9216256),,,,,,,,,,,,,,,,,,,,,,,
,Legends :, ,"Legends: G-General, L-Ladies, S-State Level Seats ,PWD - Persons with Disabilities,DEF - Defence,PWDR :PWD Common Reserved Seat",,,,,,,,,,,,,,,,,,,,
"DEFR :Defense Common Reserved Seat ,* Maharashtra State Seats - Cut Off Indicates State General Merit No. ; Figures in bracket Indicates Merit Score",,,,,,,,,,,,,,,,,,,,,,,
,Page 140 of 192,,,,,,,,,,,,,,,,,,,,,,
GOVERNMENT OF MAHARASHTRA,,,,,,,,,,,,,,,,,,,,,,,
,"Directorate of Technical Education, Maharashtra State, Mumbai.",,,,,,,,,,,,,,,,,,,,,,
,Cut Off List for Maharashtra & Minority Seats of CAP Round-III for Admission to the First Year Post Graduate Technical Course in Master of Computer Applications (MCA) for the Academic Year 2025-26,,,,,,,,,,,,,,,,,,,,,,
,"6219 - KSGBS's Bharat- Ratna Indira Gandhi College of Engineering, Kegaon, Solapur",,,,,,,,,,,,,,,,,,,,,,
,0621924110 - Master in Computer Application,,,,,,,,,,,,,,,,,,,,,,
,Status :, ,Un-Aided,,,,,,,,,,,,,,,,,,,,
,Other Than Home University Seats,,,,,,,,,,,,,,,,,,,,,,
Other Than Home University Seats Allotted to Other Than Home University Candidates,,,,,,,,,,,,,,,,,,,,,,,
,GOPENO,,,,,,,,,,,,,,,,,,,,,,
24387,,,,,,,,,,,,,,,,,,,,,,,
Stage-I, ,,,,,,,,,,,,,,,,,,,,,,
(7.4072677),,,,,,,,,,,,,,,,,,,,,,,
,Other Than Home University Seats Allotted to Home University Candidates,,,,,,,,,,,,,,,,,,,,,,
,GOPENO, ,GSTO,,,,,,,,,,,,,,,,,,,,
14749,,,,,,,,,,,,,,,,,,,,,,,
Stage-I, ,,,,,,,,,,,,,,,,,,,,,,
(51.4093808),,,,,,,,,,,,,,,,,,,,,,,
15202,,,,,,,,,,,,,,,,,,,,,,,
,Stage-IV, ,,,,,,,,,,,,,,,,,,,,,
(51.4093808),,,,,,,,,,,,,,,,,,,,,,,
,Legends :, ,"Legends: G-General, L-Ladies, S-State Level Seats ,PWD - Persons with Disabilities,DEF - Defence,PWDR :PWD Common Reserved Seat",,,,,,,,,,,,,,,,,,,,
"DEFR :Defense Common Reserved Seat ,* Maharashtra State Seats - Cut Off Indicates State General Merit No. ; Figures in bracket Indicates Merit Score",,,,,,,,,,,,,,,,,,,,,,,
,Page 141 of 192,,,,,,,,,,,,,,,,,,,,,,
GOVERNMENT OF MAHARASHTRA,,,,,,,,,,,,,,,,,,,,,,,
,"Directorate of Technical Education, Maharashtra State, Mumbai.",,,,,,,,,,,,,,,,,,,,,,
,Cut Off List for Maharashtra & Minority Seats of CAP Round-III for Admission to the First Year Post Graduate Technical Course in Master of Computer Applications (MCA) for the Academic Year 2025-26,,,,,,,,,,,,,,,,,,,,,,
,"6220 - SVERI's College of Engineering, Pandharpur",,,,,,,,,,,,,,,,,,,,,,
,0622024110 - Master in Computer Application,,,,,,,,,,,,,,,,,,,,,,
,Status :, ,Un-Aided-Autonomous,,,,,,,,,,,,,,,,,,,,
,Home University Seats,,,,,,,,,,,,,,,,,,,,,,
Home University Seats Allotted to Home University Candidates,,,,,,,,,,,,,,,,,,,,,,,
,GOPENH, ,GSCH, ,GSTH, ,GOBCH,,,,,,,,,,,,,,,,
11335,22133,,,,,,,,,,,,,,,,,,,,,,
Stage-I, ,,,,,,,,,,,,,,,,,,,,,,
(65.8578922),(19.1539942),,,,,,,,,,,,,,,,,,,,,,
14850,17400,,,,,,,,,,,,,,,,,,,,,,
,Stage-IV, ,,,,,,,,,,,,,,,,,,,,,
(51.4093808),(41.4550394),,,,,,,,,,,,,,,,,,,,,,
,Other Than Home University Seats Allotted to Home University Candidates,,,,,,,,,,,,,,,,,,,,,,
,GOPENO, ,GSTO, ,GNTBO,,,,,,,,,,,,,,,,,,
17866,,,,,,,,,,,,,,,,,,,,,,,
Stage-I, ,,,,,,,,,,,,,,,,,,,,,,
(39.3989669),,,,,,,,,,,,,,,,,,,,,,,
22763,24335,,,,,,,,,,,,,,,,,,,,,,
,Stage-IV, ,,,,,,,,,,,,,,,,,,,,,
(16.9789978),(7.4072677),,,,,,,,,,,,,,,,,,,,,,
,State Level Seats,,,,,,,,,,,,,,,,,,,,,,
,TFWS,,,,,,,,,,,,,,,,,,,,,,
4207,,,,,,,,,,,,,,,,,,,,,,,
Stage-I, ,,,,,,,,,,,,,,,,,,,,,,
(87.2080299),,,,,,,,,,,,,,,,,,,,,,,
,Legends :, ,"Legends: G-General, L-Ladies, S-State Level Seats ,PWD - Persons with Disabilities,DEF - Defence,PWDR :PWD Common Reserved Seat",,,,,,,,,,,,,,,,,,,,
"DEFR :Defense Common Reserved Seat ,* Maharashtra State Seats - Cut Off Indicates State General Merit No. ; Figures in bracket Indicates Merit Score",,,,,,,,,,,,,,,,,,,,,,,
,Page 142 of 192,,,,,,,,,,,,,,,,,,,,,,
GOVERNMENT OF MAHARASHTRA,,,,,,,,,,,,,,,,,,,,,,,
,"Directorate of Technical Education, Maharashtra State, Mumbai.",,,,,,,,,,,,,,,,,,,,,,
,Cut Off List for Maharashtra & Minority Seats of CAP Round-III for Admission to the First Year Post Graduate Technical Course in Master of Computer Applications (MCA) for the Academic Year 2025-26,,,,,,,,,,,,,,,,,,,,,,
,"6222 - Dattajirao Kadam Technical Education Society's Textile & Engineering Institute, Ichalkaranji.",,,,,,,,,,,,,,,,,,,,,,
,0622224110 - Master in Computer Application,,,,,,,,,,,,,,,,,,,,,,
,Status :, ,Un-Aided-Autonomous,,,,,,,,,,,,,,,,,,,,
,Home University Seats,,,,,,,,,,,,,,,,,,,,,,
Home University Seats Allotted to Home University Candidates,,,,,,,,,,,,,,,,,,,,,,,
,GSTH, ,PWDOPENH,,,,,,,,,,,,,,,,,,,,
10103,,,,,,,,,,,,,,,,,,,,,,,
Stage-IV, ,,,,,,,,,,,,,,,,,,,,,,
(69.7143504),,,,,,,,,,,,,,,,,,,,,,,
5311,,,,,,,,,,,,,,,,,,,,,,,
,I-Non PWD / DEF, ,,,,,,,,,,,,,,,,,,,,,
(82.9644433),,,,,,,,,,,,,,,,,,,,,,,
,Other Than Home University Seats,,,,,,,,,,,,,,,,,,,,,,
Other Than Home University Seats Allotted to Other Than Home University Candidates,,,,,,,,,,,,,,,,,,,,,,,
,GSTO,,,,,,,,,,,,,,,,,,,,,,
20326,,,,,,,,,,,,,,,,,,,,,,,
Stage-IV, ,,,,,,,,,,,,,,,,,,,,,,
(27.2744425),,,,,,,,,,,,,,,,,,,,,,,
,Legends :, ,"Legends: G-General, L-Ladies, S-State Level Seats ,PWD - Persons with Disabilities,DEF - Defence,PWDR :PWD Common Reserved Seat",,,,,,,,,,,,,,,,,,,,
"DEFR :Defense Common Reserved Seat ,* Maharashtra State Seats - Cut Off Indicates State General Merit No. ; Figures in bracket Indicates Merit Score",,,,,,,,,,,,,,,,,,,,,,,
,Page 143 of 192,,,,,,,,,,,,,,,,,,,,,,
GOVERNMENT OF MAHARASHTRA,,,,,,,,,,,,,,,,,,,,,,,
,"Directorate of Technical Education, Maharashtra State, Mumbai.",,,,,,,,,,,,,,,,,,,,,,
,Cut Off List for Maharashtra & Minority Seats of CAP Round-III for Admission to the First Year Post Graduate Technical Course in Master of Computer Applications (MCA) for the Academic Year 2025-26,,,,,,,,,,,,,,,,,,,,,,
,"6228 - Dr. D. Y. Patil Pratishthan's D.Y.Patil Institute of Master of Computer Applications and Management, Akurdi, Pune",,,,,,,,,,,,,,,,,,,,,,
,0622824110 - Master in Computer Application,,,,,,,,,,,,,,,,,,,,,,
,Status :, ,Un-Aided,,,,,,,,,,,,,,,,,,,,
,Home University Seats,,,,,,,,,,,,,,,,,,,,,,
Home University Seats Allotted to Home University Candidates,,,,,,,,,,,,,,,,,,,,,,,
,GOPENH, ,GSCH, ,GSTH, ,GNTAH, ,GNTBH, ,GNTDH, ,GOBCH, ,GSEBCH,,,,,,,,
1046,4739,12675,3602,1655,4761,1634,3888,,,,,,,,,,,,,,,,
Stage-I, ,,,,,,,,,,,,,,,,,,,,,,
(96.392589),(85.3851665),(61.2807064),(89.1331398),(94.4270578),(85.3851665),(94.6454851),(87.3496474),,,,,,,,,,,,,,,,
,Other Than Home University Seats,,,,,,,,,,,,,,,,,,,,,,
Other Than Home University Seats Allotted to Other Than Home University Candidates,,,,,,,,,,,,,,,,,,,,,,,
,GOPENO, ,GSCO, ,GSTO,,,,,,,,,,,,,,,,,,
557,958,5546,,,,,,,,,,,,,,,,,,,,,
Stage-I, ,,,,,,,,,,,,,,,,,,,,,,
(97.8055126),(96.828928),(82.9644433),,,,,,,,,,,,,,,,,,,,,
,State Level Seats,,,,,,,,,,,,,,,,,,,,,,
,EWS,,,,,,,,,,,,,,,,,,,,,,
2459,,,,,,,,,,,,,,,,,,,,,,,
Stage-I, ,,,,,,,,,,,,,,,,,,,,,,
(92.1797821),,,,,,,,,,,,,,,,,,,,,,,
,Legends :, ,"Legends: G-General, L-Ladies, S-State Level Seats ,PWD - Persons with Disabilities,DEF - Defence,PWDR :PWD Common Reserved Seat",,,,,,,,,,,,,,,,,,,,
"DEFR :Defense Common Reserved Seat ,* Maharashtra State Seats - Cut Off Indicates State General Merit No. ; Figures in bracket Indicates Merit Score",,,,,,,,,,,,,,,,,,,,,,,
,Page 144 of 192,,,,,,,,,,,,,,,,,,,,,,
GOVERNMENT OF MAHARASHTRA,,,,,,,,,,,,,,,,,,,,,,,
,"Directorate of Technical Education, Maharashtra State, Mumbai.",,,,,,,,,,,,,,,,,,,,,,
,Cut Off List for Maharashtra & Minority Seats of CAP Round-III for Admission to the First Year Post Graduate Technical Course in Master of Computer Applications (MCA) for the Academic Year 2025-26,,,,,,,,,,,,,,,,,,,,,,
,"6231 - Sinhgad Technical Education Society's Sinhgad Institute of Management ,Vadgaon(Budruk),Pune",,,,,,,,,,,,,,,,,,,,,,
,0623124110 - Master in Computer Application,,,,,,,,,,,,,,,,,,,,,,
,Status :, ,Un-Aided,,,,,,,,,,,,,,,,,,,,
,Home University Seats,,,,,,,,,,,,,,,,,,,,,,
Home University Seats Allotted to Home University Candidates,,,,,,,,,,,,,,,,,,,,,,,
,GOPENH, ,GSCH, ,GNTCH, ,GNTDH, ,GOBCH, ,GSEBCH, ,PWDOPENH, ,PWDSCH, ,PWDOBCH,,,,,,
2195,10193,4133,7174,2992,7846,17953,,,,,,,,,,,,,,,,,
Stage-I, ,,,,,,,,,,,,,,,,,,,,,,
(93.405226),(67.3579428),(87.3496474),(77.8251197),(90.7733494),(76.9216256),(39.3989669),,,,,,,,,,,,,,,,,
2257,10986,3919,,,,,,,,,,,,,,,,,,,,,
,I-Non PWD / DEF, ,,,,,,,,,,,,,,,,,,,,,
(92.3361383),(65.8578922),(87.3496474),,,,,,,,,,,,,,,,,,,,,
,Other Than Home University Seats,,,,,,,,,,,,,,,,,,,,,,
Other Than Home University Seats Allotted to Other Than Home University Candidates,,,,,,,,,,,,,,,,,,,,,,,
,GOPENO, ,GSCO, ,GNTBO, ,GOBCO, ,GSEBCO,,,,,,,,,,,,,,
2252,5179,5478,2843,2629,,,,,,,,,,,,,,,,,,,
Stage-I, ,,,,,,,,,,,,,,,,,,,,,,
(92.3361383),(85.2118788),(82.9644433),(90.9663786),(92.1797821),,,,,,,,,,,,,,,,,,,
,State Level Seats,,,,,,,,,,,,,,,,,,,,,,
,EWS, ,TFWS,,,,,,,,,,,,,,,,,,,,
3140,1424,,,,,,,,,,,,,,,,,,,,,,
Stage-I, ,,,,,,,,,,,,,,,,,,,,,,
(90.7733494),(95.2942951),,,,,,,,,,,,,,,,,,,,,,
,Legends :, ,"Legends: G-General, L-Ladies, S-State Level Seats ,PWD - Persons with Disabilities,DEF - Defence,PWDR :PWD Common Reserved Seat",,,,,,,,,,,,,,,,,,,,
"DEFR :Defense Common Reserved Seat ,* Maharashtra State Seats - Cut Off Indicates State General Merit No. ; Figures in bracket Indicates Merit Score",,,,,,,,,,,,,,,,,,,,,,,
,Page 145 of 192,,,,,,,,,,,,,,,,,,,,,,
GOVERNMENT OF MAHARASHTRA,,,,,,,,,,,,,,,,,,,,,,,
,"Directorate of Technical Education, Maharashtra State, Mumbai.",,,,,,,,,,,,,,,,,,,,,,
,Cut Off List for Maharashtra & Minority Seats of CAP Round-III for Admission to the First Year Post Graduate Technical Course in Master of Computer Applications (MCA) for the Academic Year 2025-26,,,,,,,,,,,,,,,,,,,,,,
,"6232 - Maharashtra Education Society's Institute of Management and Career Courses (IMCC), Pune",,,,,,,,,,,,,,,,,,,,,,
,0623224110 - Master in Computer Application,,,,,,,,,,,,,,,,,,,,,,
,Status :, ,Un-Aided-Autonomous,,,,,,,,,,,,,,,,,,,,
,Home University Seats,,,,,,,,,,,,,,,,,,,,,,
Home University Seats Allotted to Home University Candidates,,,,,,,,,,,,,,,,,,,,,,,
,GOPENH, ,GSCH, ,GSTH, ,GNTDH, ,GOBCH, ,GSEBCH, ,PWDOBCH,,,,,,,,,,
1514,6144,4776,1896,3194,,,,,,,,,,,,,,,,,,,
Stage-I, ,,,,,,,,,,,,,,,,,,,,,,
(94.6454851),(80.5399495),(85.3851665),(93.5511867),(90.7733494),,,,,,,,,,,,,,,,,,,
1568,,,,,,,,,,,,,,,,,,,,,,,
,Stage-IV, ,,,,,,,,,,,,,,,,,,,,,
(94.6454851),,,,,,,,,,,,,,,,,,,,,,,
1908,,,,,,,,,,,,,,,,,,,,,,,
,I-Non PWD / DEF, ,,,,,,,,,,,,,,,,,,,,,
(93.5511867),,,,,,,,,,,,,,,,,,,,,,,
,Other Than Home University Seats,,,,,,,,,,,,,,,,,,,,,,
Other Than Home University Seats Allotted to Other Than Home University Candidates,,,,,,,,,,,,,,,,,,,,,,,
,GOPENO, ,GSCO, ,GSTO, ,GSEBCO,,,,,,,,,,,,,,,,
946,1798,1270,,,,,,,,,,,,,,,,,,,,,
Stage-I, ,,,,,,,,,,,,,,,,,,,,,,
(96.828928),(94.4270578),(95.5548847),,,,,,,,,,,,,,,,,,,,,
1031,,,,,,,,,,,,,,,,,,,,,,,
,Stage-IV, ,,,,,,,,,,,,,,,,,,,,,
(96.392589),,,,,,,,,,,,,,,,,,,,,,,
,State Level Seats,,,,,,,,,,,,,,,,,,,,,,
,EWS, ,TFWS,,,,,,,,,,,,,,,,,,,,
780,360,,,,,,,,,,,,,,,,,,,,,,
Stage-I, ,,,,,,,,,,,,,,,,,,,,,,
(97.0718086),(98.5181554),,,,,,,,,,,,,,,,,,,,,,
,Legends :, ,"Legends: G-General, L-Ladies, S-State Level Seats ,PWD - Persons with Disabilities,DEF - Defence,PWDR :PWD Common Reserved Seat",,,,,,,,,,,,,,,,,,,,
"DEFR :Defense Common Reserved Seat ,* Maharashtra State Seats - Cut Off Indicates State General Merit No. ; Figures in bracket Indicates Merit Score",,,,,,,,,,,,,,,,,,,,,,,
,Page 146 of 192,,,,,,,,,,,,,,,,,,,,,,
GOVERNMENT OF MAHARASHTRA,,,,,,,,,,,,,,,,,,,,,,,
,"Directorate of Technical Education, Maharashtra State, Mumbai.",,,,,,,,,,,,,,,,,,,,,,
,Cut Off List for Maharashtra & Minority Seats of CAP Round-III for Admission to the First Year Post Graduate Technical Course in Master of Computer Applications (MCA) for the Academic Year 2025-26,,,,,,,,,,,,,,,,,,,,,,
,"6236 - Sinhgad Technical Education Society's , Sinhgad Institute of Business Administration & Research, Kondhawa-Saswad Road, Pune",,,,,,,,,,,,,,,,,,,,,,
,0623624110 - Master in Computer Application,,,,,,,,,,,,,,,,,,,,,,
,Status :, ,Un-Aided,,,,,,,,,,,,,,,,,,,,
,Home University Seats,,,,,,,,,,,,,,,,,,,,,,
Home University Seats Allotted to Home University Candidates,,,,,,,,,,,,,,,,,,,,,,,
,GOPENH, ,GSCH, ,GSTH, ,GNTBH, ,GOBCH, ,GSEBCH,,,,,,,,,,,,
5659,16955,8716,8823,9680,,,,,,,,,,,,,,,,,,,
Stage-I, ,,,,,,,,,,,,,,,,,,,,,,
(82.8308366),(44.5345198),(73.5368477),(73.5368477),(69.7143504),,,,,,,,,,,,,,,,,,,
6378,,,,,,,,,,,,,,,,,,,,,,,
,Stage-IV, ,,,,,,,,,,,,,,,,,,,,,
(80.5399495),,,,,,,,,,,,,,,,,,,,,,,
,Home University Seats Allotted to Other Than Home University Candidates,,,,,,,,,,,,,,,,,,,,,,
,GNTAH,,,,,,,,,,,,,,,,,,,,,,
5324,,,,,,,,,,,,,,,,,,,,,,,
Stage-I, ,,,,,,,,,,,,,,,,,,,,,,
(82.9644433),,,,,,,,,,,,,,,,,,,,,,,
,Other Than Home University Seats,,,,,,,,,,,,,,,,,,,,,,
Other Than Home University Seats Allotted to Other Than Home University Candidates,,,,,,,,,,,,,,,,,,,,,,,
,GOPENO, ,GSCO, ,GSTO, ,GNTCO, ,GOBCO, ,GSEBCO,,,,,,,,,,,,
4586,7267,5820,5356,5741,,,,,,,,,,,,,,,,,,,
Stage-I, ,,,,,,,,,,,,,,,,,,,,,,
(85.3851665),(77.8251197),(82.8308366),(82.9644433),(82.8308366),,,,,,,,,,,,,,,,,,,
5443,,,,,,,,,,,,,,,,,,,,,,,
,Stage-IV, ,,,,,,,,,,,,,,,,,,,,,
(82.9644433),,,,,,,,,,,,,,,,,,,,,,,
,State Level Seats,,,,,,,,,,,,,,,,,,,,,,
,EWS, ,TFWS,,,,,,,,,,,,,,,,,,,,
19138,1569,,,,,,,,,,,,,,,,,,,,,,
Stage-I, ,,,,,,,,,,,,,,,,,,,,,,
(34.5198145),(94.6454851),,,,,,,,,,,,,,,,,,,,,,
,Legends :, ,"Legends: G-General, L-Ladies, S-State Level Seats ,PWD - Persons with Disabilities,DEF - Defence,PWDR :PWD Common Reserved Seat",,,,,,,,,,,,,,,,,,,,
"DEFR :Defense Common Reserved Seat ,* Maharashtra State Seats - Cut Off Indicates State General Merit No. ; Figures in bracket Indicates Merit Score",,,,,,,,,,,,,,,,,,,,,,,
,Page 147 of 192,,,,,,,,,,,,,,,,,,,,,,
GOVERNMENT OF MAHARASHTRA,,,,,,,,,,,,,,,,,,,,,,,
,"Directorate of Technical Education, Maharashtra State, Mumbai.",,,,,,,,,,,,,,,,,,,,,,
,Cut Off List for Maharashtra & Minority Seats of CAP Round-III for Admission to the First Year Post Graduate Technical Course in Master of Computer Applications (MCA) for the Academic Year 2025-26,,,,,,,,,,,,,,,,,,,,,,
,"6239 - Sinhgad Technical Education Society, Sinhgad Institute of Management & Computer Application, Narhe (Ambegaon), Pune",,,,,,,,,,,,,,,,,,,,,,
,0623924110 - Master in Computer Application,,,,,,,,,,,,,,,,,,,,,,
,Status :, ,Un-Aided,,,,,,,,,,,,,,,,,,,,
,Home University Seats,,,,,,,,,,,,,,,,,,,,,,
Home University Seats Allotted to Home University Candidates,,,,,,,,,,,,,,,,,,,,,,,
,GOPENH, ,GSCH, ,GSTH, ,GNTAH, ,GOBCH, ,GSEBCH,,,,,,,,,,,,
4537,12693,19335,5929,8299,,,,,,,,,,,,,,,,,,,
Stage-I, ,,,,,,,,,,,,,,,,,,,,,,
(85.3851665),(61.2807064),(34.5198145),(82.8308366),(74.782248),,,,,,,,,,,,,,,,,,,
5154,,,,,,,,,,,,,,,,,,,,,,,
,Stage-IV, ,,,,,,,,,,,,,,,,,,,,,
(85.2118788),,,,,,,,,,,,,,,,,,,,,,,
,Other Than Home University Seats,,,,,,,,,,,,,,,,,,,,,,
Other Than Home University Seats Allotted to Other Than Home University Candidates,,,,,,,,,,,,,,,,,,,,,,,
,GOPENO, ,GSCO, ,GSTO, ,GNTBO, ,GOBCO, ,GSEBCO,,,,,,,,,,,,
3376,5693,10383,4029,5032,,,,,,,,,,,,,,,,,,,
Stage-I, ,,,,,,,,,,,,,,,,,,,,,,
(89.1966341),(82.8308366),(67.3579428),(87.3496474),(85.2118788),,,,,,,,,,,,,,,,,,,
3962,,,,,,,,,,,,,,,,,,,,,,,
,Stage-IV, ,,,,,,,,,,,,,,,,,,,,,
(87.3496474),,,,,,,,,,,,,,,,,,,,,,,
,State Level Seats,,,,,,,,,,,,,,,,,,,,,,
,EWS,,,,,,,,,,,,,,,,,,,,,,
11957,,,,,,,,,,,,,,,,,,,,,,,
Stage-I, ,,,,,,,,,,,,,,,,,,,,,,
(63.1574978),,,,,,,,,,,,,,,,,,,,,,,
,Legends :, ,"Legends: G-General, L-Ladies, S-State Level Seats ,PWD - Persons with Disabilities,DEF - Defence,PWDR :PWD Common Reserved Seat",,,,,,,,,,,,,,,,,,,,
"DEFR :Defense Common Reserved Seat ,* Maharashtra State Seats - Cut Off Indicates State General Merit No. ; Figures in bracket Indicates Merit Score",,,,,,,,,,,,,,,,,,,,,,,
,Page 148 of 192,,,,,,,,,,,,,,,,,,,,,,
GOVERNMENT OF MAHARASHTRA,,,,,,,,,,,,,,,,,,,,,,,
,"Directorate of Technical Education, Maharashtra State, Mumbai.",,,,,,,,,,,,,,,,,,,,,,
,Cut Off List for Maharashtra & Minority Seats of CAP Round-III for Admission to the First Year Post Graduate Technical Course in Master of Computer Applications (MCA) for the Academic Year 2025-26,,,,,,,,,,,,,,,,,,,,,,
,"6240 - Siddhant Institute Of Computer Application, Sudambare",,,,,,,,,,,,,,,,,,,,,,
,0624024110 - Master in Computer Application,,,,,,,,,,,,,,,,,,,,,,
,Status :, ,Un-Aided-Linguistic Minority - Hindi,,,,,,,,,,,,,,,,,,,,
,Home University Seats,,,,,,,,,,,,,,,,,,,,,,
Home University Seats Allotted to Home University Candidates,,,,,,,,,,,,,,,,,,,,,,,
,GOPENH,,,,,,,,,,,,,,,,,,,,,,
12468,,,,,,,,,,,,,,,,,,,,,,,
Stage-I, ,,,,,,,,,,,,,,,,,,,,,,
(61.2807064),,,,,,,,,,,,,,,,,,,,,,,
,Other Than Home University Seats,,,,,,,,,,,,,,,,,,,,,,
Other Than Home University Seats Allotted to Other Than Home University Candidates,,,,,,,,,,,,,,,,,,,,,,,
,GOPENO,,,,,,,,,,,,,,,,,,,,,,
7710,,,,,,,,,,,,,,,,,,,,,,,
Stage-I, ,,,,,,,,,,,,,,,,,,,,,,
(76.9216256),,,,,,,,,,,,,,,,,,,,,,,
,Minority Seats : Minority Seats Allotted to Non Minority Candidates,,,,,,,,,,,,,,,,,,,,,,
,MI-MH,,,,,,,,,,,,,,,,,,,,,,
13330,,,,,,,,,,,,,,,,,,,,,,,
Stage-MI-MH, ,,,,,,,,,,,,,,,,,,,,,,
(58.7911466),,,,,,,,,,,,,,,,,,,,,,,
,Legends :, ,"Legends: G-General, L-Ladies, S-State Level Seats ,PWD - Persons with Disabilities,DEF - Defence,PWDR :PWD Common Reserved Seat",,,,,,,,,,,,,,,,,,,,
"DEFR :Defense Common Reserved Seat ,* Maharashtra State Seats - Cut Off Indicates State General Merit No. ; Figures in bracket Indicates Merit Score",,,,,,,,,,,,,,,,,,,,,,,
,Page 149 of 192,,,,,,,,,,,,,,,,,,,,,,
GOVERNMENT OF MAHARASHTRA,,,,,,,,,,,,,,,,,,,,,,,
,"Directorate of Technical Education, Maharashtra State, Mumbai.",,,,,,,,,,,,,,,,,,,,,,
,Cut Off List for Maharashtra & Minority Seats of CAP Round-III for Admission to the First Year Post Graduate Technical Course in Master of Computer Applications (MCA) for the Academic Year 2025-26,,,,,,,,,,,,,,,,,,,,,,
,"6248 - KFS - Krishna Institute of Computer Application & Management, Wathar",,,,,,,,,,,,,,,,,,,,,,
,0624824110 - Master in Computer Application,,,,,,,,,,,,,,,,,,,,,,
,Status :, ,Un-Aided,,,,,,,,,,,,,,,,,,,,
,Home University Seats,,,,,,,,,,,,,,,,,,,,,,
Home University Seats Allotted to Home University Candidates,,,,,,,,,,,,,,,,,,,,,,,
,GOPENH, ,GSCH, ,GSTH, ,GNTDH, ,GOBCH, ,GSEBCH, ,PWDOPENH,,,,,,,,,,
12514,22449,16634,,,,,,,,,,,,,,,,,,,,,
Stage-I, ,,,,,,,,,,,,,,,,,,,,,,
(61.2807064),(19.1539942),(44.5345198),,,,,,,,,,,,,,,,,,,,,
18149,18204,17479,17951,,,,,,,,,,,,,,,,,,,,
,Stage-IV, ,,,,,,,,,,,,,,,,,,,,,
(39.3989669),(39.3989669),(41.4550394),(39.3989669),,,,,,,,,,,,,,,,,,,,
13251,,,,,,,,,,,,,,,,,,,,,,,
,I-Non PWD / DEF, ,,,,,,,,,,,,,,,,,,,,,
(58.7911466),,,,,,,,,,,,,,,,,,,,,,,
,Other Than Home University Seats,,,,,,,,,,,,,,,,,,,,,,
Other Than Home University Seats Allotted to Other Than Home University Candidates,,,,,,,,,,,,,,,,,,,,,,,
,GOPENO, ,GOBCO,,,,,,,,,,,,,,,,,,,,
21341,23224,,,,,,,,,,,,,,,,,,,,,,
Stage-I, ,,,,,,,,,,,,,,,,,,,,,,
(23.1010151),(13.5402134),,,,,,,,,,,,,,,,,,,,,,
,Other Than Home University Seats Allotted to Home University Candidates,,,,,,,,,,,,,,,,,,,,,,
,GNTCO, ,GOBCO, ,GSEBCO,,,,,,,,,,,,,,,,,,
18635,18692,,,,,,,,,,,,,,,,,,,,,,
Stage-IV, ,,,,,,,,,,,,,,,,,,,,,,
(36.496736),(36.496736),,,,,,,,,,,,,,,,,,,,,,
20705,,,,,,,,,,,,,,,,,,,,,,,
,Stage-I, ,,,,,,,,,,,,,,,,,,,,,
(27.2744425),,,,,,,,,,,,,,,,,,,,,,,
,Legends :, ,"Legends: G-General, L-Ladies, S-State Level Seats ,PWD - Persons with Disabilities,DEF - Defence,PWDR :PWD Common Reserved Seat",,,,,,,,,,,,,,,,,,,,
"DEFR :Defense Common Reserved Seat ,* Maharashtra State Seats - Cut Off Indicates State General Merit No. ; Figures in bracket Indicates Merit Score",,,,,,,,,,,,,,,,,,,,,,,
,Page 150 of 192,,,,,,,,,,,,,,,,,,,,,,
GOVERNMENT OF MAHARASHTRA,,,,,,,,,,,,,,,,,,,,,,,
,"Directorate of Technical Education, Maharashtra State, Mumbai.",,,,,,,,,,,,,,,,,,,,,,
,Cut Off List for Maharashtra & Minority Seats of CAP Round-III for Admission to the First Year Post Graduate Technical Course in Master of Computer Applications (MCA) for the Academic Year 2025-26,,,,,,,,,,,,,,,,,,,,,,
,"6268 - Tatyasaheb Kore Institute of Engineering and Technology, Warananagar",,,,,,,,,,,,,,,,,,,,,,
,0626824110 - Master in Computer Application,,,,,,,,,,,,,,,,,,,,,,
,Status :, ,Un-Aided-Autonomous,,,,,,,,,,,,,,,,,,,,
,Home University Seats Allotted to Other Than Home University Candidates,,,,,,,,,,,,,,,,,,,,,,
,GOPENH, ,GSCH, ,GSTH, ,GNTAH, ,GNTCH, ,GNTDH, ,GOBCH, ,GSEBCH, ,PWDOPENH,,,,,,
13013,13072,,,,,,,,,,,,,,,,,,,,,,
Stage-I, ,,,,,,,,,,,,,,,,,,,,,,
(58.7911466),(58.7911466),,,,,,,,,,,,,,,,,,,,,,
14437,14719,15022,13453,13708,14179,,,,,,,,,,,,,,,,,,
,Stage-IV, ,,,,,,,,,,,,,,,,,,,,,
(53.942159),(51.4093808),(51.4093808),(56.5488095),(56.5488095),(53.942159),,,,,,,,,,,,,,,,,,
13174,,,,,,,,,,,,,,,,,,,,,,,
,I-Non PWD / DEF, ,,,,,,,,,,,,,,,,,,,,,
(58.7911466),,,,,,,,,,,,,,,,,,,,,,,
,Other Than Home University Seats,,,,,,,,,,,,,,,,,,,,,,
Other Than Home University Seats Allotted to Other Than Home University Candidates,,,,,,,,,,,,,,,,,,,,,,,
,GOPENO, ,GSTO, ,GOBCO, ,GSEBCO,,,,,,,,,,,,,,,,
10430,23092,10550,,,,,,,,,,,,,,,,,,,,,
Stage-I, ,,,,,,,,,,,,,,,,,,,,,,
(67.3579428),(15.5994113),(67.3579428),,,,,,,,,,,,,,,,,,,,,
13180,,,,,,,,,,,,,,,,,,,,,,,
,Stage-IV, ,,,,,,,,,,,,,,,,,,,,,
(58.7911466),,,,,,,,,,,,,,,,,,,,,,,
,State Level Seats,,,,,,,,,,,,,,,,,,,,,,
,EWS, ,TFWS,,,,,,,,,,,,,,,,,,,,
15358,9745,,,,,,,,,,,,,,,,,,,,,,
Stage-I, ,,,,,,,,,,,,,,,,,,,,,,
(49.3533426),(69.7143504),,,,,,,,,,,,,,,,,,,,,,
,Legends :, ,"Legends: G-General, L-Ladies, S-State Level Seats ,PWD - Persons with Disabilities,DEF - Defence,PWDR :PWD Common Reserved Seat",,,,,,,,,,,,,,,,,,,,
"DEFR :Defense Common Reserved Seat ,* Maharashtra State Seats - Cut Off Indicates State General Merit No. ; Figures in bracket Indicates Merit Score",,,,,,,,,,,,,,,,,,,,,,,
,Page 151 of 192,,,,,,,,,,,,,,,,,,,,,,
GOVERNMENT OF MAHARASHTRA,,,,,,,,,,,,,,,,,,,,,,,
,"Directorate of Technical Education, Maharashtra State, Mumbai.",,,,,,,,,,,,,,,,,,,,,,
,Cut Off List for Maharashtra & Minority Seats of CAP Round-III for Admission to the First Year Post Graduate Technical Course in Master of Computer Applications (MCA) for the Academic Year 2025-26,,,,,,,,,,,,,,,,,,,,,,
,"6277 - Dr. J. J. Magdum Charitable Trust's Dr. J.J. Magdum College of Engineering, Jaysingpur",,,,,,,,,,,,,,,,,,,,,,
,0627724110 - Master in Computer Application,,,,,,,,,,,,,,,,,,,,,,
,Status :, ,Un-Aided-Autonomous,,,,,,,,,,,,,,,,,,,,
,Home University Seats,,,,,,,,,,,,,,,,,,,,,,
Home University Seats Allotted to Home University Candidates,,,,,,,,,,,,,,,,,,,,,,,
,GOPENH, ,GOBCH, ,GSEBCH, ,PWDOPENH,,,,,,,,,,,,,,,,
11987,20548,15028,,,,,,,,,,,,,,,,,,,,,
Stage-I, ,,,,,,,,,,,,,,,,,,,,,,
(63.1574978),(27.2744425),(51.4093808),,,,,,,,,,,,,,,,,,,,,
14948,,,,,,,,,,,,,,,,,,,,,,,
,I-Non PWD / DEF, ,,,,,,,,,,,,,,,,,,,,,
(51.4093808),,,,,,,,,,,,,,,,,,,,,,,
,Other Than Home University Seats,,,,,,,,,,,,,,,,,,,,,,
Other Than Home University Seats Allotted to Other Than Home University Candidates,,,,,,,,,,,,,,,,,,,,,,,
,GOPENO,,,,,,,,,,,,,,,,,,,,,,
21437,,,,,,,,,,,,,,,,,,,,,,,
Stage-I, ,,,,,,,,,,,,,,,,,,,,,,
(23.1010151),,,,,,,,,,,,,,,,,,,,,,,
,Other Than Home University Seats Allotted to Home University Candidates,,,,,,,,,,,,,,,,,,,,,,
,GOPENO,,,,,,,,,,,,,,,,,,,,,,
15076,,,,,,,,,,,,,,,,,,,,,,,
Stage-I, ,,,,,,,,,,,,,,,,,,,,,,
(51.4093808),,,,,,,,,,,,,,,,,,,,,,,
,State Level Seats,,,,,,,,,,,,,,,,,,,,,,
,TFWS,,,,,,,,,,,,,,,,,,,,,,
11327,,,,,,,,,,,,,,,,,,,,,,,
Stage-I, ,,,,,,,,,,,,,,,,,,,,,,
(65.8578922),,,,,,,,,,,,,,,,,,,,,,,
,Legends :, ,"Legends: G-General, L-Ladies, S-State Level Seats ,PWD - Persons with Disabilities,DEF - Defence,PWDR :PWD Common Reserved Seat",,,,,,,,,,,,,,,,,,,,
"DEFR :Defense Common Reserved Seat ,* Maharashtra State Seats - Cut Off Indicates State General Merit No. ; Figures in bracket Indicates Merit Score",,,,,,,,,,,,,,,,,,,,,,,
,Page 152 of 192,,,,,,,,,,,,,,,,,,,,,,
GOVERNMENT OF MAHARASHTRA,,,,,,,,,,,,,,,,,,,,,,,
,"Directorate of Technical Education, Maharashtra State, Mumbai.",,,,,,,,,,,,,,,,,,,,,,
,Cut Off List for Maharashtra & Minority Seats of CAP Round-III for Admission to the First Year Post Graduate Technical Course in Master of Computer Applications (MCA) for the Academic Year 2025-26,,,,,,,,,,,,,,,,,,,,,,
,"6310 - Nutan Maharashtra Vidya Prasarak Mandal, Nutan Maharashtra Institute of Engineering &Technology, Talegaon station, Pune",,,,,,,,,,,,,,,,,,,,,,
,0631024110 - Master in Computer Application,,,,,,,,,,,,,,,,,,,,,,
,Status :, ,Un-Aided-Autonomous,,,,,,,,,,,,,,,,,,,,
,Home University Seats,,,,,,,,,,,,,,,,,,,,,,
Home University Seats Allotted to Home University Candidates,,,,,,,,,,,,,,,,,,,,,,,
,GOPENH, ,GSCH, ,GSTH, ,GOBCH, ,GSEBCH,,,,,,,,,,,,,,
5865,11996,6509,6289,,,,,,,,,,,,,,,,,,,,
Stage-I, ,,,,,,,,,,,,,,,,,,,,,,
(82.8308366),(63.1574978),(79.9969812),(80.5399495),,,,,,,,,,,,,,,,,,,,
6120,,,,,,,,,,,,,,,,,,,,,,,
,Stage-IV, ,,,,,,,,,,,,,,,,,,,,,
(80.5399495),,,,,,,,,,,,,,,,,,,,,,,
,Home University Seats Allotted to Other Than Home University Candidates,,,,,,,,,,,,,,,,,,,,,,
,GNTDH,,,,,,,,,,,,,,,,,,,,,,
15444,,,,,,,,,,,,,,,,,,,,,,,
Stage-I, ,,,,,,,,,,,,,,,,,,,,,,
(49.3533426),,,,,,,,,,,,,,,,,,,,,,,
,Other Than Home University Seats,,,,,,,,,,,,,,,,,,,,,,
Other Than Home University Seats Allotted to Other Than Home University Candidates,,,,,,,,,,,,,,,,,,,,,,,
,GOPENO, ,GSCO, ,GSTO, ,GOBCO,,,,,,,,,,,,,,,,
3660,9415,5907,,,,,,,,,,,,,,,,,,,,,
Stage-I, ,,,,,,,,,,,,,,,,,,,,,,
(89.1331398),(71.1549338),(82.8308366),,,,,,,,,,,,,,,,,,,,,
8267,,,,,,,,,,,,,,,,,,,,,,,
,Stage-IV, ,,,,,,,,,,,,,,,,,,,,,
(74.782248),,,,,,,,,,,,,,,,,,,,,,,
,State Level Seats,,,,,,,,,,,,,,,,,,,,,,
,EWS,,,,,,,,,,,,,,,,,,,,,,
2981,,,,,,,,,,,,,,,,,,,,,,,
Stage-I, ,,,,,,,,,,,,,,,,,,,,,,
(90.7733494),,,,,,,,,,,,,,,,,,,,,,,
,Legends :, ,"Legends: G-General, L-Ladies, S-State Level Seats ,PWD - Persons with Disabilities,DEF - Defence,PWDR :PWD Common Reserved Seat",,,,,,,,,,,,,,,,,,,,
"DEFR :Defense Common Reserved Seat ,* Maharashtra State Seats - Cut Off Indicates State General Merit No. ; Figures in bracket Indicates Merit Score",,,,,,,,,,,,,,,,,,,,,,,
,Page 153 of 192,,,,,,,,,,,,,,,,,,,,,,
GOVERNMENT OF MAHARASHTRA,,,,,,,,,,,,,,,,,,,,,,,
,"Directorate of Technical Education, Maharashtra State, Mumbai.",,,,,,,,,,,,,,,,,,,,,,
,Cut Off List for Maharashtra & Minority Seats of CAP Round-III for Admission to the First Year Post Graduate Technical Course in Master of Computer Applications (MCA) for the Academic Year 2025-26,,,,,,,,,,,,,,,,,,,,,,
,"6319 - Shahajirao Patil Vikas Pratishthan, S.B.Patil College of Engineering, Vangali, Tal. Indapur",,,,,,,,,,,,,,,,,,,,,,
,0631924110 - Master in Computer Application,,,,,,,,,,,,,,,,,,,,,,
,Status :, ,Un-Aided,,,,,,,,,,,,,,,,,,,,
,Home University Seats,,,,,,,,,,,,,,,,,,,,,,
Home University Seats Allotted to Home University Candidates,,,,,,,,,,,,,,,,,,,,,,,
,GOPENH, ,GSTH, ,GOBCH,,,,,,,,,,,,,,,,,,
12216,21020,,,,,,,,,,,,,,,,,,,,,,
Stage-I, ,,,,,,,,,,,,,,,,,,,,,,
(61.2807064),(25.4779232),,,,,,,,,,,,,,,,,,,,,,
13338,,,,,,,,,,,,,,,,,,,,,,,
,Stage-IV, ,,,,,,,,,,,,,,,,,,,,,
(58.7911466),,,,,,,,,,,,,,,,,,,,,,,
,Home University Seats Allotted to Other Than Home University Candidates,,,,,,,,,,,,,,,,,,,,,,
,GNTAH, ,GSEBCH,,,,,,,,,,,,,,,,,,,,
15690,16450,,,,,,,,,,,,,,,,,,,,,,
Stage-I, ,,,,,,,,,,,,,,,,,,,,,,
(49.3533426),(44.5345198),,,,,,,,,,,,,,,,,,,,,,
,Other Than Home University Seats,,,,,,,,,,,,,,,,,,,,,,
Other Than Home University Seats Allotted to Other Than Home University Candidates,,,,,,,,,,,,,,,,,,,,,,,
,GNTBO, ,GNTDO, ,GOBCO, ,GSEBCO,,,,,,,,,,,,,,,,
13545,5893,,,,,,,,,,,,,,,,,,,,,,
Stage-IV, ,,,,,,,,,,,,,,,,,,,,,,
(56.5488095),(82.8308366),,,,,,,,,,,,,,,,,,,,,,
16285,11819,,,,,,,,,,,,,,,,,,,,,,
,Stage-I, ,,,,,,,,,,,,,,,,,,,,,
(46.3793819),(63.1574978),,,,,,,,,,,,,,,,,,,,,,
,State Level Seats,,,,,,,,,,,,,,,,,,,,,,
,TFWS,,,,,,,,,,,,,,,,,,,,,,
5986,,,,,,,,,,,,,,,,,,,,,,,
Stage-I, ,,,,,,,,,,,,,,,,,,,,,,
(82.8308366),,,,,,,,,,,,,,,,,,,,,,,
,Legends :, ,"Legends: G-General, L-Ladies, S-State Level Seats ,PWD - Persons with Disabilities,DEF - Defence,PWDR :PWD Common Reserved Seat",,,,,,,,,,,,,,,,,,,,
"DEFR :Defense Common Reserved Seat ,* Maharashtra State Seats - Cut Off Indicates State General Merit No. ; Figures in bracket Indicates Merit Score",,,,,,,,,,,,,,,,,,,,,,,
,Page 154 of 192,,,,,,,,,,,,,,,,,,,,,,
GOVERNMENT OF MAHARASHTRA,,,,,,,,,,,,,,,,,,,,,,,
,"Directorate of Technical Education, Maharashtra State, Mumbai.",,,,,,,,,,,,,,,,,,,,,,
,Cut Off List for Maharashtra & Minority Seats of CAP Round-III for Admission to the First Year Post Graduate Technical Course in Master of Computer Applications (MCA) for the Academic Year 2025-26,,,,,,,,,,,,,,,,,,,,,,
,"6321 - Vidya Vikas Pratishthan Institute of Engineering and Technology, Solapur",,,,,,,,,,,,,,,,,,,,,,
,0632124110 - Master in Computer Application,,,,,,,,,,,,,,,,,,,,,,
,Status :, ,Un-Aided,,,,,,,,,,,,,,,,,,,,
,Other Than Home University Seats,,,,,,,,,,,,,,,,,,,,,,
Other Than Home University Seats Allotted to Other Than Home University Candidates,,,,,,,,,,,,,,,,,,,,,,,
,GOPENO,,,,,,,,,,,,,,,,,,,,,,
25179,,,,,,,,,,,,,,,,,,,,,,,
Stage-I, ,,,,,,,,,,,,,,,,,,,,,,
(2.0662871),,,,,,,,,,,,,,,,,,,,,,,
,Other Than Home University Seats Allotted to Home University Candidates,,,,,,,,,,,,,,,,,,,,,,
,GOPENO, ,GSCO,,,,,,,,,,,,,,,,,,,,
13274,,,,,,,,,,,,,,,,,,,,,,,
Stage-I, ,,,,,,,,,,,,,,,,,,,,,,
(58.7911466),,,,,,,,,,,,,,,,,,,,,,,
17347,,,,,,,,,,,,,,,,,,,,,,,
,Stage-IV, ,,,,,,,,,,,,,,,,,,,,,
(41.4550394),,,,,,,,,,,,,,,,,,,,,,,
,Legends :, ,"Legends: G-General, L-Ladies, S-State Level Seats ,PWD - Persons with Disabilities,DEF - Defence,PWDR :PWD Common Reserved Seat",,,,,,,,,,,,,,,,,,,,
"DEFR :Defense Common Reserved Seat ,* Maharashtra State Seats - Cut Off Indicates State General Merit No. ; Figures in bracket Indicates Merit Score",,,,,,,,,,,,,,,,,,,,,,,
,Page 155 of 192,,,,,,,,,,,,,,,,,,,,,,
GOVERNMENT OF MAHARASHTRA,,,,,,,,,,,,,,,,,,,,,,,
,"Directorate of Technical Education, Maharashtra State, Mumbai.",,,,,,,,,,,,,,,,,,,,,,
,Cut Off List for Maharashtra & Minority Seats of CAP Round-III for Admission to the First Year Post Graduate Technical Course in Master of Computer Applications (MCA) for the Academic Year 2025-26,,,,,,,,,,,,,,,,,,,,,,
,"6467 - Swami Vivekanand Institute Of Technology, Solapur",,,,,,,,,,,,,,,,,,,,,,
,0646724110 - Master in Computer Application,,,,,,,,,,,,,,,,,,,,,,
,Status :, ,Un-Aided,,,,,,,,,,,,,,,,,,,,
,Home University Seats,,,,,,,,,,,,,,,,,,,,,,
Home University Seats Allotted to Home University Candidates,,,,,,,,,,,,,,,,,,,,,,,
,GOPENH, ,GSCH, ,GNTCH, ,GOBCH,,,,,,,,,,,,,,,,
22005,22256,22132,,,,,,,,,,,,,,,,,,,,,
Stage-I, ,,,,,,,,,,,,,,,,,,,,,,
(21.0059952),(19.1539942),(19.1539942),,,,,,,,,,,,,,,,,,,,,
25017,,,,,,,,,,,,,,,,,,,,,,,
,Stage-IV, ,,,,,,,,,,,,,,,,,,,,,
(3.0466423),,,,,,,,,,,,,,,,,,,,,,,
,Other Than Home University Seats,,,,,,,,,,,,,,,,,,,,,,
Other Than Home University Seats Allotted to Other Than Home University Candidates,,,,,,,,,,,,,,,,,,,,,,,
,GOPENO,,,,,,,,,,,,,,,,,,,,,,
25279,,,,,,,,,,,,,,,,,,,,,,,
Stage-I, ,,,,,,,,,,,,,,,,,,,,,,
(2.0301121),,,,,,,,,,,,,,,,,,,,,,,
,Other Than Home University Seats Allotted to Home University Candidates,,,,,,,,,,,,,,,,,,,,,,
,GOPENO,,,,,,,,,,,,,,,,,,,,,,
24754,,,,,,,,,,,,,,,,,,,,,,,
Stage-I, ,,,,,,,,,,,,,,,,,,,,,,
(5.5960152),,,,,,,,,,,,,,,,,,,,,,,
,State Level Seats,,,,,,,,,,,,,,,,,,,,,,
,EWS,,,,,,,,,,,,,,,,,,,,,,
24222,,,,,,,,,,,,,,,,,,,,,,,
Stage-I, ,,,,,,,,,,,,,,,,,,,,,,
(7.9446476),,,,,,,,,,,,,,,,,,,,,,,
,Legends :, ,"Legends: G-General, L-Ladies, S-State Level Seats ,PWD - Persons with Disabilities,DEF - Defence,PWDR :PWD Common Reserved Seat",,,,,,,,,,,,,,,,,,,,
"DEFR :Defense Common Reserved Seat ,* Maharashtra State Seats - Cut Off Indicates State General Merit No. ; Figures in bracket Indicates Merit Score",,,,,,,,,,,,,,,,,,,,,,,
,Page 156 of 192,,,,,,,,,,,,,,,,,,,,,,
GOVERNMENT OF MAHARASHTRA,,,,,,,,,,,,,,,,,,,,,,,
,"Directorate of Technical Education, Maharashtra State, Mumbai.",,,,,,,,,,,,,,,,,,,,,,
,Cut Off List for Maharashtra & Minority Seats of CAP Round-III for Admission to the First Year Post Graduate Technical Course in Master of Computer Applications (MCA) for the Academic Year 2025-26,,,,,,,,,,,,,,,,,,,,,,
,"6545 - Samarth Education Trust's Arvind Gavali College Of Engineering Panwalewadi, Varye,Satara.",,,,,,,,,,,,,,,,,,,,,,
,0654524110 - Master in Computer Application,,,,,,,,,,,,,,,,,,,,,,
,Status :, ,Un-Aided-Autonomous,,,,,,,,,,,,,,,,,,,,
,Home University Seats,,,,,,,,,,,,,,,,,,,,,,
Home University Seats Allotted to Home University Candidates,,,,,,,,,,,,,,,,,,,,,,,
,GOPENH, ,GSCH, ,GSTH, ,GNTAH, ,GNTCH, ,GOBCH, ,GSEBCH,,,,,,,,,,
15239,22345,21508,,,,,,,,,,,,,,,,,,,,,
Stage-I, ,,,,,,,,,,,,,,,,,,,,,,
(49.3533426),(19.1539942),(23.1010151),,,,,,,,,,,,,,,,,,,,,
20247,19142,19432,20097,20657,,,,,,,,,,,,,,,,,,,
,Stage-IV, ,,,,,,,,,,,,,,,,,,,,,
(29.9046039),(34.5198145),(31.6629561),(29.9046039),(27.2744425),,,,,,,,,,,,,,,,,,,
,Other Than Home University Seats,,,,,,,,,,,,,,,,,,,,,,
Other Than Home University Seats Allotted to Other Than Home University Candidates,,,,,,,,,,,,,,,,,,,,,,,
,GOPENO,,,,,,,,,,,,,,,,,,,,,,
24025,,,,,,,,,,,,,,,,,,,,,,,
Stage-I, ,,,,,,,,,,,,,,,,,,,,,,
(9.7430286),,,,,,,,,,,,,,,,,,,,,,,
,Other Than Home University Seats Allotted to Home University Candidates,,,,,,,,,,,,,,,,,,,,,,
,GSCO, ,GSTO, ,GNTAO, ,GOBCO, ,GSEBCO,,,,,,,,,,,,,,
22518,21555,21641,21943,,,,,,,,,,,,,,,,,,,,
Stage-IV, ,,,,,,,,,,,,,,,,,,,,,,
(16.9789978),(23.1010151),(23.1010151),(21.0059952),,,,,,,,,,,,,,,,,,,,
24455,,,,,,,,,,,,,,,,,,,,,,,
,Stage-I, ,,,,,,,,,,,,,,,,,,,,,
(7.4072677),,,,,,,,,,,,,,,,,,,,,,,
,Legends :, ,"Legends: G-General, L-Ladies, S-State Level Seats ,PWD - Persons with Disabilities,DEF - Defence,PWDR :PWD Common Reserved Seat",,,,,,,,,,,,,,,,,,,,
"DEFR :Defense Common Reserved Seat ,* Maharashtra State Seats - Cut Off Indicates State General Merit No. ; Figures in bracket Indicates Merit Score",,,,,,,,,,,,,,,,,,,,,,,
,Page 157 of 192,,,,,,,,,,,,,,,,,,,,,,
GOVERNMENT OF MAHARASHTRA,,,,,,,,,,,,,,,,,,,,,,,
,"Directorate of Technical Education, Maharashtra State, Mumbai.",,,,,,,,,,,,,,,,,,,,,,
,Cut Off List for Maharashtra & Minority Seats of CAP Round-III for Admission to the First Year Post Graduate Technical Course in Master of Computer Applications (MCA) for the Academic Year 2025-26,,,,,,,,,,,,,,,,,,,,,,
,"6547 - Suryadatta Educational Foundation, Suryadatta Institute of Management and Mass Communication, Pune",,,,,,,,,,,,,,,,,,,,,,
,0654724110 - Master in Computer Application,,,,,,,,,,,,,,,,,,,,,,
,Status :, ,Un-Aided-Religious Minority - Jain,,,,,,,,,,,,,,,,,,,,
,Home University Seats,,,,,,,,,,,,,,,,,,,,,,
Home University Seats Allotted to Home University Candidates,,,,,,,,,,,,,,,,,,,,,,,
,GOPENH,,,,,,,,,,,,,,,,,,,,,,
1623,,,,,,,,,,,,,,,,,,,,,,,
Stage-I, ,,,,,,,,,,,,,,,,,,,,,,
(94.6454851),,,,,,,,,,,,,,,,,,,,,,,
,Other Than Home University Seats,,,,,,,,,,,,,,,,,,,,,,
Other Than Home University Seats Allotted to Other Than Home University Candidates,,,,,,,,,,,,,,,,,,,,,,,
,GOPENO,,,,,,,,,,,,,,,,,,,,,,
3370,,,,,,,,,,,,,,,,,,,,,,,
Stage-I, ,,,,,,,,,,,,,,,,,,,,,,
(89.1966341),,,,,,,,,,,,,,,,,,,,,,,
,Minority Seats : Minority Seats Allotted to Minority Candidates,,,,,,,,,,,,,,,,,,,,,,
,MI,,,,,,,,,,,,,,,,,,,,,,
13153,,,,,,,,,,,,,,,,,,,,,,,
Stage-I, ,,,,,,,,,,,,,,,,,,,,,,
(58.7911466),,,,,,,,,,,,,,,,,,,,,,,
,Minority Seats : Minority Seats Allotted to Non Minority Candidates,,,,,,,,,,,,,,,,,,,,,,
,MI-MH,,,,,,,,,,,,,,,,,,,,,,
6743,,,,,,,,,,,,,,,,,,,,,,,
Stage-MI-MH, ,,,,,,,,,,,,,,,,,,,,,,
(79.9969812),,,,,,,,,,,,,,,,,,,,,,,
,Legends :, ,"Legends: G-General, L-Ladies, S-State Level Seats ,PWD - Persons with Disabilities,DEF - Defence,PWDR :PWD Common Reserved Seat",,,,,,,,,,,,,,,,,,,,
"DEFR :Defense Common Reserved Seat ,* Maharashtra State Seats - Cut Off Indicates State General Merit No. ; Figures in bracket Indicates Merit Score",,,,,,,,,,,,,,,,,,,,,,,
,Page 158 of 192,,,,,,,,,,,,,,,,,,,,,,
GOVERNMENT OF MAHARASHTRA,,,,,,,,,,,,,,,,,,,,,,,
,"Directorate of Technical Education, Maharashtra State, Mumbai.",,,,,,,,,,,,,,,,,,,,,,
,Cut Off List for Maharashtra & Minority Seats of CAP Round-III for Admission to the First Year Post Graduate Technical Course in Master of Computer Applications (MCA) for the Academic Year 2025-26,,,,,,,,,,,,,,,,,,,,,,
,"6548 - Suryadatta Educational Foundation, Suryadatta Institute of Business Management and Technology, Pune",,,,,,,,,,,,,,,,,,,,,,
,0654824110 - Master in Computer Application,,,,,,,,,,,,,,,,,,,,,,
,Status :, ,Un-Aided-Religious Minority - Jain,,,,,,,,,,,,,,,,,,,,
,Minority Seats : Minority Seats Allotted to Minority Candidates,,,,,,,,,,,,,,,,,,,,,,
,MI,,,,,,,,,,,,,,,,,,,,,,
17404,,,,,,,,,,,,,,,,,,,,,,,
Stage-I, ,,,,,,,,,,,,,,,,,,,,,,
(41.4550394),,,,,,,,,,,,,,,,,,,,,,,
,Minority Seats : Minority Seats Allotted to Non Minority Candidates,,,,,,,,,,,,,,,,,,,,,,
,MI-MH,,,,,,,,,,,,,,,,,,,,,,
9188,,,,,,,,,,,,,,,,,,,,,,,
Stage-MI-MH, ,,,,,,,,,,,,,,,,,,,,,,
(71.1549338),,,,,,,,,,,,,,,,,,,,,,,
,Legends :, ,"Legends: G-General, L-Ladies, S-State Level Seats ,PWD - Persons with Disabilities,DEF - Defence,PWDR :PWD Common Reserved Seat",,,,,,,,,,,,,,,,,,,,
"DEFR :Defense Common Reserved Seat ,* Maharashtra State Seats - Cut Off Indicates State General Merit No. ; Figures in bracket Indicates Merit Score",,,,,,,,,,,,,,,,,,,,,,,
,Page 159 of 192,,,,,,,,,,,,,,,,,,,,,,
GOVERNMENT OF MAHARASHTRA,,,,,,,,,,,,,,,,,,,,,,,
,"Directorate of Technical Education, Maharashtra State, Mumbai.",,,,,,,,,,,,,,,,,,,,,,
,Cut Off List for Maharashtra & Minority Seats of CAP Round-III for Admission to the First Year Post Graduate Technical Course in Master of Computer Applications (MCA) for the Academic Year 2025-26,,,,,,,,,,,,,,,,,,,,,,
,"6614 - Sadhu Vaswani Institute Of Management Studies For Girls, Koregaon, Pune",,,,,,,,,,,,,,,,,,,,,,
,0661424150F - Master in Computer Application,,,,,,,,,,,,,,,,,,,,,,
,Status :, ,Un-Aided-Linguistic Minority - Sindhi,,,,,,,,,,,,,,,,,,,,
,Home University Seats,,,,,,,,,,,,,,,,,,,,,,
Home University Seats Allotted to Home University Candidates,,,,,,,,,,,,,,,,,,,,,,,
,GOPENH,,,,,,,,,,,,,,,,,,,,,,
3668,,,,,,,,,,,,,,,,,,,,,,,
Stage-I, ,,,,,,,,,,,,,,,,,,,,,,
(89.1331398),,,,,,,,,,,,,,,,,,,,,,,
,Other Than Home University Seats,,,,,,,,,,,,,,,,,,,,,,
Other Than Home University Seats Allotted to Other Than Home University Candidates,,,,,,,,,,,,,,,,,,,,,,,
,GOPENO,,,,,,,,,,,,,,,,,,,,,,
10702,,,,,,,,,,,,,,,,,,,,,,,
Stage-I, ,,,,,,,,,,,,,,,,,,,,,,
(67.3579428),,,,,,,,,,,,,,,,,,,,,,,
,Minority Seats : Minority Seats Allotted to Non Minority Candidates,,,,,,,,,,,,,,,,,,,,,,
,MI-MH,,,,,,,,,,,,,,,,,,,,,,
11778,,,,,,,,,,,,,,,,,,,,,,,
Stage-MI-MH, ,,,,,,,,,,,,,,,,,,,,,,
(63.1574978),,,,,,,,,,,,,,,,,,,,,,,
,Legends :, ,"Legends: G-General, L-Ladies, S-State Level Seats ,PWD - Persons with Disabilities,DEF - Defence,PWDR :PWD Common Reserved Seat",,,,,,,,,,,,,,,,,,,,
"DEFR :Defense Common Reserved Seat ,* Maharashtra State Seats - Cut Off Indicates State General Merit No. ; Figures in bracket Indicates Merit Score",,,,,,,,,,,,,,,,,,,,,,,
,Page 160 of 192,,,,,,,,,,,,,,,,,,,,,,
GOVERNMENT OF MAHARASHTRA,,,,,,,,,,,,,,,,,,,,,,,
,"Directorate of Technical Education, Maharashtra State, Mumbai.",,,,,,,,,,,,,,,,,,,,,,
,Cut Off List for Maharashtra & Minority Seats of CAP Round-III for Admission to the First Year Post Graduate Technical Course in Master of Computer Applications (MCA) for the Academic Year 2025-26,,,,,,,,,,,,,,,,,,,,,,
,"6628 - Dattakala Group Of Institutions, Swami - Chincholi Tal. Daund Dist. Pune",,,,,,,,,,,,,,,,,,,,,,
,0662824110 - Master in Computer Application,,,,,,,,,,,,,,,,,,,,,,
,Status :, ,Un-Aided,,,,,,,,,,,,,,,,,,,,
,Home University Seats,,,,,,,,,,,,,,,,,,,,,,
Home University Seats Allotted to Home University Candidates,,,,,,,,,,,,,,,,,,,,,,,
,GOPENH, ,GSCH, ,GSTH, ,GNTAH, ,GNTBH, ,GOBCH, ,GSEBCH, ,PWDOPENH, ,PWDSCH,,,,,,
11190,23663,15164,17405,,,,,,,,,,,,,,,,,,,,
Stage-I, ,,,,,,,,,,,,,,,,,,,,,,
(65.8578922),(12.4750009),(51.4093808),(41.4550394),,,,,,,,,,,,,,,,,,,,
16568,16180,16518,16121,,,,,,,,,,,,,,,,,,,,
,Stage-IV, ,,,,,,,,,,,,,,,,,,,,,
(44.5345198),(46.3793819),(44.5345198),(46.3793819),,,,,,,,,,,,,,,,,,,,
13109,,,,,,,,,,,,,,,,,,,,,,,
,I-Non PWD / DEF, ,,,,,,,,,,,,,,,,,,,,,
(58.7911466),,,,,,,,,,,,,,,,,,,,,,,
,Home University Seats Allotted to Other Than Home University Candidates,,,,,,,,,,,,,,,,,,,,,,
,GSCH,,,,,,,,,,,,,,,,,,,,,,
19758,,,,,,,,,,,,,,,,,,,,,,,
Stage-I, ,,,,,,,,,,,,,,,,,,,,,,
(31.6629561),,,,,,,,,,,,,,,,,,,,,,,
,Other Than Home University Seats,,,,,,,,,,,,,,,,,,,,,,
Other Than Home University Seats Allotted to Other Than Home University Candidates,,,,,,,,,,,,,,,,,,,,,,,
,GOPENO, ,GSCO, ,GNTAO, ,GOBCO, ,GSEBCO,,,,,,,,,,,,,,
12589,18984,15140,15060,,,,,,,,,,,,,,,,,,,,
Stage-I, ,,,,,,,,,,,,,,,,,,,,,,
(61.2807064),(34.5198145),(51.4093808),(51.4093808),,,,,,,,,,,,,,,,,,,,
13908,,,,,,,,,,,,,,,,,,,,,,,
,Stage-IV, ,,,,,,,,,,,,,,,,,,,,,
(56.5488095),,,,,,,,,,,,,,,,,,,,,,,
,State Level Seats,,,,,,,,,,,,,,,,,,,,,,
,TFWS,,,,,,,,,,,,,,,,,,,,,,
3091,,,,,,,,,,,,,,,,,,,,,,,
Stage-I, ,,,,,,,,,,,,,,,,,,,,,,
(90.7733494),,,,,,,,,,,,,,,,,,,,,,,
,Legends :, ,"Legends: G-General, L-Ladies, S-State Level Seats ,PWD - Persons with Disabilities,DEF - Defence,PWDR :PWD Common Reserved Seat",,,,,,,,,,,,,,,,,,,,
"DEFR :Defense Common Reserved Seat ,* Maharashtra State Seats - Cut Off Indicates State General Merit No. ; Figures in bracket Indicates Merit Score",,,,,,,,,,,,,,,,,,,,,,,
,Page 161 of 192,,,,,,,,,,,,,,,,,,,,,,
GOVERNMENT OF MAHARASHTRA,,,,,,,,,,,,,,,,,,,,,,,
,"Directorate of Technical Education, Maharashtra State, Mumbai.",,,,,,,,,,,,,,,,,,,,,,
,Cut Off List for Maharashtra & Minority Seats of CAP Round-III for Admission to the First Year Post Graduate Technical Course in Master of Computer Applications (MCA) for the Academic Year 2025-26,,,,,,,,,,,,,,,,,,,,,,
,6632 - Navsahyadri Education Society's Group of Institutions,,,,,,,,,,,,,,,,,,,,,,
,0663224110 - Master in Computer Application,,,,,,,,,,,,,,,,,,,,,,
,Status :, ,Un-Aided,,,,,,,,,,,,,,,,,,,,
,Home University Seats,,,,,,,,,,,,,,,,,,,,,,
Home University Seats Allotted to Home University Candidates,,,,,,,,,,,,,,,,,,,,,,,
,GOPENH, ,GSCH, ,GSTH, ,GNTAH, ,GNTBH, ,GNTCH, ,GNTDH, ,GOBCH, ,GSEBCH, ,PWDOPENH,,,,
12758,21456,19920,21089,17641,21466,,,,,,,,,,,,,,,,,,
Stage-I, ,,,,,,,,,,,,,,,,,,,,,,
(58.7911466),(23.1010151),(29.9046039),(25.4779232),(41.4550394),(23.1010151),,,,,,,,,,,,,,,,,,
16448,14316,15205,,,,,,,,,,,,,,,,,,,,,
,Stage-IV, ,,,,,,,,,,,,,,,,,,,,,
(44.5345198),(53.942159),(51.4093808),,,,,,,,,,,,,,,,,,,,,
13431,,,,,,,,,,,,,,,,,,,,,,,
,I-Non PWD / DEF, ,,,,,,,,,,,,,,,,,,,,,
(56.5488095),,,,,,,,,,,,,,,,,,,,,,,
,Other Than Home University Seats,,,,,,,,,,,,,,,,,,,,,,
Other Than Home University Seats Allotted to Other Than Home University Candidates,,,,,,,,,,,,,,,,,,,,,,,
,GOPENO, ,GSCO, ,GSTO, ,GNTBO, ,GNTDO, ,GOBCO, ,GSEBCO,,,,,,,,,,
10580,13849,16562,13896,11245,,,,,,,,,,,,,,,,,,,
Stage-I, ,,,,,,,,,,,,,,,,,,,,,,
(67.3579428),(56.5488095),(44.5345198),(56.5488095),(65.8578922),,,,,,,,,,,,,,,,,,,
12095,12171,,,,,,,,,,,,,,,,,,,,,,
,Stage-IV, ,,,,,,,,,,,,,,,,,,,,,
(61.2807064),(61.2807064),,,,,,,,,,,,,,,,,,,,,,
,Legends :, ,"Legends: G-General, L-Ladies, S-State Level Seats ,PWD - Persons with Disabilities,DEF - Defence,PWDR :PWD Common Reserved Seat",,,,,,,,,,,,,,,,,,,,
"DEFR :Defense Common Reserved Seat ,* Maharashtra State Seats - Cut Off Indicates State General Merit No. ; Figures in bracket Indicates Merit Score",,,,,,,,,,,,,,,,,,,,,,,
,Page 162 of 192,,,,,,,,,,,,,,,,,,,,,,
GOVERNMENT OF MAHARASHTRA,,,,,,,,,,,,,,,,,,,,,,,
,"Directorate of Technical Education, Maharashtra State, Mumbai.",,,,,,,,,,,,,,,,,,,,,,
,Cut Off List for Maharashtra & Minority Seats of CAP Round-III for Admission to the First Year Post Graduate Technical Course in Master of Computer Applications (MCA) for the Academic Year 2025-26,,,,,,,,,,,,,,,,,,,,,,
,"6634 - KJEI's Trinity Academy of Engineering, Yewalewadi, Pune",,,,,,,,,,,,,,,,,,,,,,
,0663424110 - Master in Computer Application,,,,,,,,,,,,,,,,,,,,,,
,Status :, ,Un-Aided,,,,,,,,,,,,,,,,,,,,
,Home University Seats,,,,,,,,,,,,,,,,,,,,,,
Home University Seats Allotted to Home University Candidates,,,,,,,,,,,,,,,,,,,,,,,
,GOPENH, ,GSCH, ,GSTH, ,GNTAH, ,GOBCH, ,GSEBCH, ,PWDOPENH, ,PWDOBCH,,,,,,,,
7850,21123,13836,19074,,,,,,,,,,,,,,,,,,,,
Stage-I, ,,,,,,,,,,,,,,,,,,,,,,
(76.9216256),(25.4779232),(56.5488095),(34.5198145),,,,,,,,,,,,,,,,,,,,
11093,10098,,,,,,,,,,,,,,,,,,,,,,
,Stage-IV, ,,,,,,,,,,,,,,,,,,,,,
(65.8578922),(69.7143504),,,,,,,,,,,,,,,,,,,,,,
9545,13866,,,,,,,,,,,,,,,,,,,,,,
,I-Non PWD / DEF, ,,,,,,,,,,,,,,,,,,,,,
(71.1549338),(56.5488095),,,,,,,,,,,,,,,,,,,,,,
,Home University Seats Allotted to Other Than Home University Candidates,,,,,,,,,,,,,,,,,,,,,,
,GSCH, ,GNTAH,,,,,,,,,,,,,,,,,,,,
11599,13308,,,,,,,,,,,,,,,,,,,,,,
Stage-I, ,,,,,,,,,,,,,,,,,,,,,,
(63.1574978),(58.7911466),,,,,,,,,,,,,,,,,,,,,,
,Other Than Home University Seats,,,,,,,,,,,,,,,,,,,,,,
Other Than Home University Seats Allotted to Other Than Home University Candidates,,,,,,,,,,,,,,,,,,,,,,,
,GOPENO, ,GSCO, ,GSTO, ,GNTCO, ,GOBCO, ,GSEBCO,,,,,,,,,,,,
6698,10166,12311,8483,9301,,,,,,,,,,,,,,,,,,,
Stage-I, ,,,,,,,,,,,,,,,,,,,,,,
(79.9969812),(69.7143504),(61.2807064),(74.782248),(71.1549338),,,,,,,,,,,,,,,,,,,
8698,,,,,,,,,,,,,,,,,,,,,,,
,Stage-IV, ,,,,,,,,,,,,,,,,,,,,,
(73.5368477),,,,,,,,,,,,,,,,,,,,,,,
,Legends :, ,"Legends: G-General, L-Ladies, S-State Level Seats ,PWD - Persons with Disabilities,DEF - Defence,PWDR :PWD Common Reserved Seat",,,,,,,,,,,,,,,,,,,,
"DEFR :Defense Common Reserved Seat ,* Maharashtra State Seats - Cut Off Indicates State General Merit No. ; Figures in bracket Indicates Merit Score",,,,,,,,,,,,,,,,,,,,,,,
,Page 163 of 192,,,,,,,,,,,,,,,,,,,,,,
GOVERNMENT OF MAHARASHTRA,,,,,,,,,,,,,,,,,,,,,,,
,"Directorate of Technical Education, Maharashtra State, Mumbai.",,,,,,,,,,,,,,,,,,,,,,
,Cut Off List for Maharashtra & Minority Seats of CAP Round-III for Admission to the First Year Post Graduate Technical Course in Master of Computer Applications (MCA) for the Academic Year 2025-26,,,,,,,,,,,,,,,,,,,,,,
,6635 - Samarth College of Engineering and Management,,,,,,,,,,,,,,,,,,,,,,
,0663524110 - Master in Computer Application,,,,,,,,,,,,,,,,,,,,,,
,Status :, ,Un-Aided,,,,,,,,,,,,,,,,,,,,
,Home University Seats,,,,,,,,,,,,,,,,,,,,,,
Home University Seats Allotted to Home University Candidates,,,,,,,,,,,,,,,,,,,,,,,
,GOPENH, ,GSTH, ,GNTAH, ,GOBCH,,,,,,,,,,,,,,,,
13692,14270,,,,,,,,,,,,,,,,,,,,,,
Stage-I, ,,,,,,,,,,,,,,,,,,,,,,
(56.5488095),(53.942159),,,,,,,,,,,,,,,,,,,,,,
14644,14240,,,,,,,,,,,,,,,,,,,,,,
,Stage-IV, ,,,,,,,,,,,,,,,,,,,,,
(51.4093808),(53.942159),,,,,,,,,,,,,,,,,,,,,,
,Home University Seats Allotted to Other Than Home University Candidates,,,,,,,,,,,,,,,,,,,,,,
,GSEBCH,,,,,,,,,,,,,,,,,,,,,,
23867,,,,,,,,,,,,,,,,,,,,,,,
Stage-I, ,,,,,,,,,,,,,,,,,,,,,,
(10.5199653),,,,,,,,,,,,,,,,,,,,,,,
,Other Than Home University Seats,,,,,,,,,,,,,,,,,,,,,,
Other Than Home University Seats Allotted to Other Than Home University Candidates,,,,,,,,,,,,,,,,,,,,,,,
,GOPENO, ,GSCO, ,GSTO, ,GNTAO, ,GNTDO, ,GOBCO, ,GSEBCO,,,,,,,,,,
14708,18386,18844,,,,,,,,,,,,,,,,,,,,,
Stage-I, ,,,,,,,,,,,,,,,,,,,,,,
(51.4093808),(36.496736),(34.5198145),,,,,,,,,,,,,,,,,,,,,
16734,15682,16089,16117,,,,,,,,,,,,,,,,,,,,
,Stage-IV, ,,,,,,,,,,,,,,,,,,,,,
(44.5345198),(49.3533426),(46.3793819),(46.3793819),,,,,,,,,,,,,,,,,,,,
,State Level Seats,,,,,,,,,,,,,,,,,,,,,,
,EWS, ,TFWS,,,,,,,,,,,,,,,,,,,,
23182,14678,,,,,,,,,,,,,,,,,,,,,,
Stage-I, ,,,,,,,,,,,,,,,,,,,,,,
(13.5402134),(51.4093808),,,,,,,,,,,,,,,,,,,,,,
,Legends :, ,"Legends: G-General, L-Ladies, S-State Level Seats ,PWD - Persons with Disabilities,DEF - Defence,PWDR :PWD Common Reserved Seat",,,,,,,,,,,,,,,,,,,,
"DEFR :Defense Common Reserved Seat ,* Maharashtra State Seats - Cut Off Indicates State General Merit No. ; Figures in bracket Indicates Merit Score",,,,,,,,,,,,,,,,,,,,,,,
,Page 164 of 192,,,,,,,,,,,,,,,,,,,,,,
GOVERNMENT OF MAHARASHTRA,,,,,,,,,,,,,,,,,,,,,,,
,"Directorate of Technical Education, Maharashtra State, Mumbai.",,,,,,,,,,,,,,,,,,,,,,
,Cut Off List for Maharashtra & Minority Seats of CAP Round-III for Admission to the First Year Post Graduate Technical Course in Master of Computer Applications (MCA) for the Academic Year 2025-26,,,,,,,,,,,,,,,,,,,,,,
,"6755 - JSPM Narhe Technical Campus, Pune.",,,,,,,,,,,,,,,,,,,,,,
,0675524110 - Master in Computer Application,,,,,,,,,,,,,,,,,,,,,,
,Status :, ,Un-Aided,,,,,,,,,,,,,,,,,,,,
,Home University Seats,,,,,,,,,,,,,,,,,,,,,,
Home University Seats Allotted to Home University Candidates,,,,,,,,,,,,,,,,,,,,,,,
,GOPENH, ,GSCH, ,GNTDH, ,GOBCH,,,,,,,,,,,,,,,,
3986,6511,11923,4283,,,,,,,,,,,,,,,,,,,,
Stage-I, ,,,,,,,,,,,,,,,,,,,,,,
(87.3496474),(79.9969812),(63.1574978),(87.2080299),,,,,,,,,,,,,,,,,,,,
,Other Than Home University Seats,,,,,,,,,,,,,,,,,,,,,,
Other Than Home University Seats Allotted to Other Than Home University Candidates,,,,,,,,,,,,,,,,,,,,,,,
,GOPENO, ,GSCO, ,GSTO, ,GOBCO,,,,,,,,,,,,,,,,
2271,3657,3043,,,,,,,,,,,,,,,,,,,,,
Stage-I, ,,,,,,,,,,,,,,,,,,,,,,
(92.3361383),(89.1331398),(90.7733494),,,,,,,,,,,,,,,,,,,,,
2976,,,,,,,,,,,,,,,,,,,,,,,
,Stage-IV, ,,,,,,,,,,,,,,,,,,,,,
(90.7733494),,,,,,,,,,,,,,,,,,,,,,,
,State Level Seats,,,,,,,,,,,,,,,,,,,,,,
,EWS, ,TFWS,,,,,,,,,,,,,,,,,,,,
6100,1258,,,,,,,,,,,,,,,,,,,,,,
Stage-I, ,,,,,,,,,,,,,,,,,,,,,,
(80.5399495),(95.5548847),,,,,,,,,,,,,,,,,,,,,,
,Legends :, ,"Legends: G-General, L-Ladies, S-State Level Seats ,PWD - Persons with Disabilities,DEF - Defence,PWDR :PWD Common Reserved Seat",,,,,,,,,,,,,,,,,,,,
"DEFR :Defense Common Reserved Seat ,* Maharashtra State Seats - Cut Off Indicates State General Merit No. ; Figures in bracket Indicates Merit Score",,,,,,,,,,,,,,,,,,,,,,,
,Page 165 of 192,,,,,,,,,,,,,,,,,,,,,,
GOVERNMENT OF MAHARASHTRA,,,,,,,,,,,,,,,,,,,,,,,
,"Directorate of Technical Education, Maharashtra State, Mumbai.",,,,,,,,,,,,,,,,,,,,,,
,Cut Off List for Maharashtra & Minority Seats of CAP Round-III for Admission to the First Year Post Graduate Technical Course in Master of Computer Applications (MCA) for the Academic Year 2025-26,,,,,,,,,,,,,,,,,,,,,,
,"6757 - Yashoda Technical Campus, Wadhe, Satara.",,,,,,,,,,,,,,,,,,,,,,
,0675724110 - Master in Computer Application,,,,,,,,,,,,,,,,,,,,,,
,Status :, ,Un-Aided,,,,,,,,,,,,,,,,,,,,
,Home University Seats,,,,,,,,,,,,,,,,,,,,,,
Home University Seats Allotted to Home University Candidates,,,,,,,,,,,,,,,,,,,,,,,
,GOPENH, ,GSTH, ,GNTCH, ,GOBCH, ,GSEBCH,,,,,,,,,,,,,,
10291,19204,14755,,,,,,,,,,,,,,,,,,,,,
Stage-I, ,,,,,,,,,,,,,,,,,,,,,,
(67.3579428),(34.5198145),(51.4093808),,,,,,,,,,,,,,,,,,,,,
11976,12138,,,,,,,,,,,,,,,,,,,,,,
,Stage-IV, ,,,,,,,,,,,,,,,,,,,,,
(63.1574978),(61.2807064),,,,,,,,,,,,,,,,,,,,,,
,Other Than Home University Seats,,,,,,,,,,,,,,,,,,,,,,
Other Than Home University Seats Allotted to Other Than Home University Candidates,,,,,,,,,,,,,,,,,,,,,,,
,GOPENO, ,GSTO, ,GNTBO, ,GOBCO,,,,,,,,,,,,,,,,
12978,22068,,,,,,,,,,,,,,,,,,,,,,
Stage-I, ,,,,,,,,,,,,,,,,,,,,,,
(58.7911466),(21.0059952),,,,,,,,,,,,,,,,,,,,,,
20331,20391,,,,,,,,,,,,,,,,,,,,,,
,Stage-IV, ,,,,,,,,,,,,,,,,,,,,,
(27.2744425),(27.2744425),,,,,,,,,,,,,,,,,,,,,,
,State Level Seats,,,,,,,,,,,,,,,,,,,,,,
,TFWS,,,,,,,,,,,,,,,,,,,,,,
19730,,,,,,,,,,,,,,,,,,,,,,,
Stage-I, ,,,,,,,,,,,,,,,,,,,,,,
(31.6629561),,,,,,,,,,,,,,,,,,,,,,,
,Legends :, ,"Legends: G-General, L-Ladies, S-State Level Seats ,PWD - Persons with Disabilities,DEF - Defence,PWDR :PWD Common Reserved Seat",,,,,,,,,,,,,,,,,,,,
"DEFR :Defense Common Reserved Seat ,* Maharashtra State Seats - Cut Off Indicates State General Merit No. ; Figures in bracket Indicates Merit Score",,,,,,,,,,,,,,,,,,,,,,,
,Page 166 of 192,,,,,,,,,,,,,,,,,,,,,,
GOVERNMENT OF MAHARASHTRA,,,,,,,,,,,,,,,,,,,,,,,
,"Directorate of Technical Education, Maharashtra State, Mumbai.",,,,,,,,,,,,,,,,,,,,,,
,Cut Off List for Maharashtra & Minority Seats of CAP Round-III for Admission to the First Year Post Graduate Technical Course in Master of Computer Applications (MCA) for the Academic Year 2025-26,,,,,,,,,,,,,,,,,,,,,,
,"6775 - Yashaswi Education Society's International Institute of Management Science, Chinchwad, Pune",,,,,,,,,,,,,,,,,,,,,,
,0677524110 - Master in Computer Application,,,,,,,,,,,,,,,,,,,,,,
,Status :, ,Un-Aided,,,,,,,,,,,,,,,,,,,,
,Home University Seats,,,,,,,,,,,,,,,,,,,,,,
Home University Seats Allotted to Home University Candidates,,,,,,,,,,,,,,,,,,,,,,,
,GOPENH, ,GSCH, ,GSTH, ,GNTDH, ,GOBCH, ,GSEBCH, ,PWDOPENH,,,,,,,,,,
8268,23002,11112,8475,,,,,,,,,,,,,,,,,,,,
Stage-I, ,,,,,,,,,,,,,,,,,,,,,,
(74.782248),(15.5994113),(65.8578922),(74.782248),,,,,,,,,,,,,,,,,,,,
9292,9309,,,,,,,,,,,,,,,,,,,,,,
,Stage-IV, ,,,,,,,,,,,,,,,,,,,,,
(71.1549338),(71.1549338),,,,,,,,,,,,,,,,,,,,,,
8800,,,,,,,,,,,,,,,,,,,,,,,
,I-Non PWD / DEF, ,,,,,,,,,,,,,,,,,,,,,
(73.5368477),,,,,,,,,,,,,,,,,,,,,,,
,Home University Seats Allotted to Other Than Home University Candidates,,,,,,,,,,,,,,,,,,,,,,
,GSCH, ,GNTAH,,,,,,,,,,,,,,,,,,,,
8758,7410,,,,,,,,,,,,,,,,,,,,,,
Stage-I, ,,,,,,,,,,,,,,,,,,,,,,
(73.5368477),(77.8251197),,,,,,,,,,,,,,,,,,,,,,
,Other Than Home University Seats,,,,,,,,,,,,,,,,,,,,,,
Other Than Home University Seats Allotted to Other Than Home University Candidates,,,,,,,,,,,,,,,,,,,,,,,
,GOPENO, ,GNTBO, ,GOBCO,,,,,,,,,,,,,,,,,,
3347,15732,5880,,,,,,,,,,,,,,,,,,,,,
Stage-I, ,,,,,,,,,,,,,,,,,,,,,,
(89.1966341),(49.3533426),(82.8308366),,,,,,,,,,,,,,,,,,,,,
,State Level Seats,,,,,,,,,,,,,,,,,,,,,,
,EWS,,,,,,,,,,,,,,,,,,,,,,
16705,,,,,,,,,,,,,,,,,,,,,,,
Stage-I, ,,,,,,,,,,,,,,,,,,,,,,
(44.5345198),,,,,,,,,,,,,,,,,,,,,,,
,Legends :, ,"Legends: G-General, L-Ladies, S-State Level Seats ,PWD - Persons with Disabilities,DEF - Defence,PWDR :PWD Common Reserved Seat",,,,,,,,,,,,,,,,,,,,
"DEFR :Defense Common Reserved Seat ,* Maharashtra State Seats - Cut Off Indicates State General Merit No. ; Figures in bracket Indicates Merit Score",,,,,,,,,,,,,,,,,,,,,,,
,Page 167 of 192,,,,,,,,,,,,,,,,,,,,,,
GOVERNMENT OF MAHARASHTRA,,,,,,,,,,,,,,,,,,,,,,,
,"Directorate of Technical Education, Maharashtra State, Mumbai.",,,,,,,,,,,,,,,,,,,,,,
,Cut Off List for Maharashtra & Minority Seats of CAP Round-III for Admission to the First Year Post Graduate Technical Course in Master of Computer Applications (MCA) for the Academic Year 2025-26,,,,,,,,,,,,,,,,,,,,,,
,"6794 - Anantrao Pawar College of Engineering & Research, Pune",,,,,,,,,,,,,,,,,,,,,,
,0679424110 - Master in Computer Application,,,,,,,,,,,,,,,,,,,,,,
,Status :, ,Un-Aided,,,,,,,,,,,,,,,,,,,,
,Home University Seats,,,,,,,,,,,,,,,,,,,,,,
Home University Seats Allotted to Home University Candidates,,,,,,,,,,,,,,,,,,,,,,,
,GOPENH, ,GSCH, ,GSTH, ,GNTAH, ,GOBCH, ,GSEBCH, ,PWDOPENH,,,,,,,,,,
10529,18058,19171,13456,16869,,,,,,,,,,,,,,,,,,,
Stage-I, ,,,,,,,,,,,,,,,,,,,,,,
(67.3579428),(39.3989669),(34.5198145),(56.5488095),(44.5345198),,,,,,,,,,,,,,,,,,,
11306,,,,,,,,,,,,,,,,,,,,,,,
,Stage-IV, ,,,,,,,,,,,,,,,,,,,,,
(65.8578922),,,,,,,,,,,,,,,,,,,,,,,
10751,,,,,,,,,,,,,,,,,,,,,,,
,I-Non PWD / DEF, ,,,,,,,,,,,,,,,,,,,,,
(67.3579428),,,,,,,,,,,,,,,,,,,,,,,
,Other Than Home University Seats,,,,,,,,,,,,,,,,,,,,,,
Other Than Home University Seats Allotted to Other Than Home University Candidates,,,,,,,,,,,,,,,,,,,,,,,
,GOPENO, ,GNTCO,,,,,,,,,,,,,,,,,,,,
2186,11406,,,,,,,,,,,,,,,,,,,,,,
Stage-I, ,,,,,,,,,,,,,,,,,,,,,,
(93.405226),(65.8578922),,,,,,,,,,,,,,,,,,,,,,
,State Level Seats,,,,,,,,,,,,,,,,,,,,,,
,EWS,,,,,,,,,,,,,,,,,,,,,,
20804,,,,,,,,,,,,,,,,,,,,,,,
Stage-I, ,,,,,,,,,,,,,,,,,,,,,,
(25.4779232),,,,,,,,,,,,,,,,,,,,,,,
,Legends :, ,"Legends: G-General, L-Ladies, S-State Level Seats ,PWD - Persons with Disabilities,DEF - Defence,PWDR :PWD Common Reserved Seat",,,,,,,,,,,,,,,,,,,,
"DEFR :Defense Common Reserved Seat ,* Maharashtra State Seats - Cut Off Indicates State General Merit No. ; Figures in bracket Indicates Merit Score",,,,,,,,,,,,,,,,,,,,,,,
,Page 168 of 192,,,,,,,,,,,,,,,,,,,,,,
GOVERNMENT OF MAHARASHTRA,,,,,,,,,,,,,,,,,,,,,,,
,"Directorate of Technical Education, Maharashtra State, Mumbai.",,,,,,,,,,,,,,,,,,,,,,
,Cut Off List for Maharashtra & Minority Seats of CAP Round-III for Admission to the First Year Post Graduate Technical Course in Master of Computer Applications (MCA) for the Academic Year 2025-26,,,,,,,,,,,,,,,,,,,,,,
,"6803 - Sant Gajanan Maharaj College of Engineering, Gadhinglaj",,,,,,,,,,,,,,,,,,,,,,
,0680324110 - Master in Computer Application,,,,,,,,,,,,,,,,,,,,,,
,Status :, ,Un-Aided,,,,,,,,,,,,,,,,,,,,
,Home University Seats,,,,,,,,,,,,,,,,,,,,,,
Home University Seats Allotted to Home University Candidates,,,,,,,,,,,,,,,,,,,,,,,
,GSTH, ,GOBCH, ,GSEBCH,,,,,,,,,,,,,,,,,,
16131,16006,,,,,,,,,,,,,,,,,,,,,,
Stage-IV, ,,,,,,,,,,,,,,,,,,,,,,
(46.3793819),(46.3793819),,,,,,,,,,,,,,,,,,,,,,
16343,16928,,,,,,,,,,,,,,,,,,,,,,
,Stage-I, ,,,,,,,,,,,,,,,,,,,,,
(46.3793819),(44.5345198),,,,,,,,,,,,,,,,,,,,,,
,Other Than Home University Seats Allotted to Home University Candidates,,,,,,,,,,,,,,,,,,,,,,
,GOPENO, ,GSCO,,,,,,,,,,,,,,,,,,,,
15920,,,,,,,,,,,,,,,,,,,,,,,
Stage-I, ,,,,,,,,,,,,,,,,,,,,,,
(46.3793819),,,,,,,,,,,,,,,,,,,,,,,
16182,,,,,,,,,,,,,,,,,,,,,,,
,Stage-IV, ,,,,,,,,,,,,,,,,,,,,,
(46.3793819),,,,,,,,,,,,,,,,,,,,,,,
,Legends :, ,"Legends: G-General, L-Ladies, S-State Level Seats ,PWD - Persons with Disabilities,DEF - Defence,PWDR :PWD Common Reserved Seat",,,,,,,,,,,,,,,,,,,,
"DEFR :Defense Common Reserved Seat ,* Maharashtra State Seats - Cut Off Indicates State General Merit No. ; Figures in bracket Indicates Merit Score",,,,,,,,,,,,,,,,,,,,,,,
,Page 169 of 192,,,,,,,,,,,,,,,,,,,,,,
GOVERNMENT OF MAHARASHTRA,,,,,,,,,,,,,,,,,,,,,,,
,"Directorate of Technical Education, Maharashtra State, Mumbai.",,,,,,,,,,,,,,,,,,,,,,
,Cut Off List for Maharashtra & Minority Seats of CAP Round-III for Admission to the First Year Post Graduate Technical Course in Master of Computer Applications (MCA) for the Academic Year 2025-26,,,,,,,,,,,,,,,,,,,,,,
,"6812 - Progressive Education Society's Modern Institute of Business Studies, Nigdi, Pune",,,,,,,,,,,,,,,,,,,,,,
,0681224110 - Master in Computer Application,,,,,,,,,,,,,,,,,,,,,,
,Status :, ,Un-Aided-Autonomous,,,,,,,,,,,,,,,,,,,,
,Home University Seats,,,,,,,,,,,,,,,,,,,,,,
Home University Seats Allotted to Home University Candidates,,,,,,,,,,,,,,,,,,,,,,,
,GOPENH, ,GSCH, ,GOBCH, ,GSEBCH, ,PWDOPENH,,,,,,,,,,,,,,
3817,12415,5205,5242,,,,,,,,,,,,,,,,,,,,
Stage-I, ,,,,,,,,,,,,,,,,,,,,,,
(89.1331398),(61.2807064),(85.2118788),(82.9644433),,,,,,,,,,,,,,,,,,,,
4197,,,,,,,,,,,,,,,,,,,,,,,
,I-Non PWD / DEF, ,,,,,,,,,,,,,,,,,,,,,
(87.2080299),,,,,,,,,,,,,,,,,,,,,,,
,Other Than Home University Seats,,,,,,,,,,,,,,,,,,,,,,
Other Than Home University Seats Allotted to Other Than Home University Candidates,,,,,,,,,,,,,,,,,,,,,,,
,GOPENO, ,GSCO, ,GOBCO, ,GSEBCO,,,,,,,,,,,,,,,,
2416,4569,2983,3384,,,,,,,,,,,,,,,,,,,,
Stage-I, ,,,,,,,,,,,,,,,,,,,,,,
(92.3361383),(85.3851665),(90.7733494),(89.1966341),,,,,,,,,,,,,,,,,,,,
,State Level Seats,,,,,,,,,,,,,,,,,,,,,,
,EWS, ,TFWS,,,,,,,,,,,,,,,,,,,,
4026,1994,,,,,,,,,,,,,,,,,,,,,,
Stage-I, ,,,,,,,,,,,,,,,,,,,,,,
(87.3496474),(93.5511867),,,,,,,,,,,,,,,,,,,,,,
,Legends :, ,"Legends: G-General, L-Ladies, S-State Level Seats ,PWD - Persons with Disabilities,DEF - Defence,PWDR :PWD Common Reserved Seat",,,,,,,,,,,,,,,,,,,,
"DEFR :Defense Common Reserved Seat ,* Maharashtra State Seats - Cut Off Indicates State General Merit No. ; Figures in bracket Indicates Merit Score",,,,,,,,,,,,,,,,,,,,,,,
,Page 170 of 192,,,,,,,,,,,,,,,,,,,,,,
GOVERNMENT OF MAHARASHTRA,,,,,,,,,,,,,,,,,,,,,,,
,"Directorate of Technical Education, Maharashtra State, Mumbai.",,,,,,,,,,,,,,,,,,,,,,
,Cut Off List for Maharashtra & Minority Seats of CAP Round-III for Admission to the First Year Post Graduate Technical Course in Master of Computer Applications (MCA) for the Academic Year 2025-26,,,,,,,,,,,,,,,,,,,,,,
,"6836 - Dr.D.Y.Patil Institute Of Management & Entrepreneur Development,Talegaon",,,,,,,,,,,,,,,,,,,,,,
,0683624110 - Master in Computer Application,,,,,,,,,,,,,,,,,,,,,,
,Status :, ,Un-Aided,,,,,,,,,,,,,,,,,,,,
,Home University Seats,,,,,,,,,,,,,,,,,,,,,,
Home University Seats Allotted to Home University Candidates,,,,,,,,,,,,,,,,,,,,,,,
,GOPENH, ,GSCH, ,GSTH, ,GNTBH, ,GOBCH, ,GSEBCH,,,,,,,,,,,,
9381,14455,9567,10804,15052,,,,,,,,,,,,,,,,,,,
Stage-I, ,,,,,,,,,,,,,,,,,,,,,,
(71.1549338),(53.942159),(71.1549338),(65.8578922),(51.4093808),,,,,,,,,,,,,,,,,,,
10873,,,,,,,,,,,,,,,,,,,,,,,
,Stage-IV, ,,,,,,,,,,,,,,,,,,,,,
(65.8578922),,,,,,,,,,,,,,,,,,,,,,,
,Other Than Home University Seats,,,,,,,,,,,,,,,,,,,,,,
Other Than Home University Seats Allotted to Other Than Home University Candidates,,,,,,,,,,,,,,,,,,,,,,,
,GOPENO, ,GSCO, ,GSTO, ,GNTCO, ,GOBCO, ,GSEBCO,,,,,,,,,,,,
5310,6315,7213,6777,6085,,,,,,,,,,,,,,,,,,,
Stage-I, ,,,,,,,,,,,,,,,,,,,,,,
(82.9644433),(80.5399495),(77.8251197),(79.9969812),(82.8308366),,,,,,,,,,,,,,,,,,,
6485,,,,,,,,,,,,,,,,,,,,,,,
,Stage-IV, ,,,,,,,,,,,,,,,,,,,,,
(80.5399495),,,,,,,,,,,,,,,,,,,,,,,
,State Level Seats,,,,,,,,,,,,,,,,,,,,,,
,EWS, ,TFWS,,,,,,,,,,,,,,,,,,,,
22253,2015,,,,,,,,,,,,,,,,,,,,,,
Stage-I, ,,,,,,,,,,,,,,,,,,,,,,
(19.1539942),(93.405226),,,,,,,,,,,,,,,,,,,,,,
,Legends :, ,"Legends: G-General, L-Ladies, S-State Level Seats ,PWD - Persons with Disabilities,DEF - Defence,PWDR :PWD Common Reserved Seat",,,,,,,,,,,,,,,,,,,,
"DEFR :Defense Common Reserved Seat ,* Maharashtra State Seats - Cut Off Indicates State General Merit No. ; Figures in bracket Indicates Merit Score",,,,,,,,,,,,,,,,,,,,,,,
,Page 171 of 192,,,,,,,,,,,,,,,,,,,,,,
GOVERNMENT OF MAHARASHTRA,,,,,,,,,,,,,,,,,,,,,,,
,"Directorate of Technical Education, Maharashtra State, Mumbai.",,,,,,,,,,,,,,,,,,,,,,
,Cut Off List for Maharashtra & Minority Seats of CAP Round-III for Admission to the First Year Post Graduate Technical Course in Master of Computer Applications (MCA) for the Academic Year 2025-26,,,,,,,,,,,,,,,,,,,,,,
,"6899 - Chhatrapati Shahu Institute of Business Education & Research, Kolhapur",,,,,,,,,,,,,,,,,,,,,,
,0689924110 - Master in Computer Application,,,,,,,,,,,,,,,,,,,,,,
,Status :, ,Un-Aided-Autonomous,,,,,,,,,,,,,,,,,,,,
,Home University Seats,,,,,,,,,,,,,,,,,,,,,,
Home University Seats Allotted to Home University Candidates,,,,,,,,,,,,,,,,,,,,,,,
,GOPENH, ,GNTAH, ,GOBCH, ,GSEBCH, ,PWDOPENH,,,,,,,,,,,,,,
7479,15104,8824,,,,,,,,,,,,,,,,,,,,,
Stage-I, ,,,,,,,,,,,,,,,,,,,,,,
(76.9216256),(51.4093808),(73.5368477),,,,,,,,,,,,,,,,,,,,,
8931,,,,,,,,,,,,,,,,,,,,,,,
,Stage-IV, ,,,,,,,,,,,,,,,,,,,,,
(73.5368477),,,,,,,,,,,,,,,,,,,,,,,
8797,,,,,,,,,,,,,,,,,,,,,,,
,I-Non PWD / DEF, ,,,,,,,,,,,,,,,,,,,,,
(73.5368477),,,,,,,,,,,,,,,,,,,,,,,
,Other Than Home University Seats,,,,,,,,,,,,,,,,,,,,,,
Other Than Home University Seats Allotted to Other Than Home University Candidates,,,,,,,,,,,,,,,,,,,,,,,
,GOPENO,,,,,,,,,,,,,,,,,,,,,,
22215,,,,,,,,,,,,,,,,,,,,,,,
Stage-I, ,,,,,,,,,,,,,,,,,,,,,,
(19.1539942),,,,,,,,,,,,,,,,,,,,,,,
,Other Than Home University Seats Allotted to Home University Candidates,,,,,,,,,,,,,,,,,,,,,,
,GOBCO,,,,,,,,,,,,,,,,,,,,,,
17573,,,,,,,,,,,,,,,,,,,,,,,
Stage-I, ,,,,,,,,,,,,,,,,,,,,,,
(41.4550394),,,,,,,,,,,,,,,,,,,,,,,
,State Level Seats,,,,,,,,,,,,,,,,,,,,,,
,EWS, ,TFWS,,,,,,,,,,,,,,,,,,,,
5344,5838,,,,,,,,,,,,,,,,,,,,,,
Stage-I, ,,,,,,,,,,,,,,,,,,,,,,
(82.9644433),(82.8308366),,,,,,,,,,,,,,,,,,,,,,
,Legends :, ,"Legends: G-General, L-Ladies, S-State Level Seats ,PWD - Persons with Disabilities,DEF - Defence,PWDR :PWD Common Reserved Seat",,,,,,,,,,,,,,,,,,,,
"DEFR :Defense Common Reserved Seat ,* Maharashtra State Seats - Cut Off Indicates State General Merit No. ; Figures in bracket Indicates Merit Score",,,,,,,,,,,,,,,,,,,,,,,
,Page 172 of 192,,,,,,,,,,,,,,,,,,,,,,
GOVERNMENT OF MAHARASHTRA,,,,,,,,,,,,,,,,,,,,,,,
,"Directorate of Technical Education, Maharashtra State, Mumbai.",,,,,,,,,,,,,,,,,,,,,,
,Cut Off List for Maharashtra & Minority Seats of CAP Round-III for Admission to the First Year Post Graduate Technical Course in Master of Computer Applications (MCA) for the Academic Year 2025-26,,,,,,,,,,,,,,,,,,,,,,
,"6971 - K.B. Joshi Institute of Information Technology, Pune",,,,,,,,,,,,,,,,,,,,,,
,0697124150F - Master in Computer Application,,,,,,,,,,,,,,,,,,,,,,
,Status :, ,Un-Aided,,,,,,,,,,,,,,,,,,,,
,State Level Seats,,,,,,,,,,,,,,,,,,,,,,
,GOPENS, ,GOBCS,,,,,,,,,,,,,,,,,,,,
1767,4828,,,,,,,,,,,,,,,,,,,,,,
Stage-I, ,,,,,,,,,,,,,,,,,,,,,,
(94.4270578),(85.2118788),,,,,,,,,,,,,,,,,,,,,,
,Legends :, ,"Legends: G-General, L-Ladies, S-State Level Seats ,PWD - Persons with Disabilities,DEF - Defence,PWDR :PWD Common Reserved Seat",,,,,,,,,,,,,,,,,,,,
"DEFR :Defense Common Reserved Seat ,* Maharashtra State Seats - Cut Off Indicates State General Merit No. ; Figures in bracket Indicates Merit Score",,,,,,,,,,,,,,,,,,,,,,,
,Page 173 of 192,,,,,,,,,,,,,,,,,,,,,,
GOVERNMENT OF MAHARASHTRA,,,,,,,,,,,,,,,,,,,,,,,
,"Directorate of Technical Education, Maharashtra State, Mumbai.",,,,,,,,,,,,,,,,,,,,,,
,Cut Off List for Maharashtra & Minority Seats of CAP Round-III for Admission to the First Year Post Graduate Technical Course in Master of Computer Applications (MCA) for the Academic Year 2025-26,,,,,,,,,,,,,,,,,,,,,,
,"6973 - ASMS Institute of Business Management and Research MCA, Pune",,,,,,,,,,,,,,,,,,,,,,
,0697324110 - Master in Computer Application,,,,,,,,,,,,,,,,,,,,,,
,Status :, ,Un-Aided,,,,,,,,,,,,,,,,,,,,
,Home University Seats,,,,,,,,,,,,,,,,,,,,,,
Home University Seats Allotted to Home University Candidates,,,,,,,,,,,,,,,,,,,,,,,
,GOPENH, ,GSCH, ,GSTH, ,GNTCH, ,GOBCH, ,GSEBCH, ,PWDOPENH, ,PWDOBCH,,,,,,,,
5710,13270,13565,10030,12217,,,,,,,,,,,,,,,,,,,
Stage-I, ,,,,,,,,,,,,,,,,,,,,,,
(82.8308366),(58.7911466),(56.5488095),(69.7143504),(61.2807064),,,,,,,,,,,,,,,,,,,
6141,,,,,,,,,,,,,,,,,,,,,,,
,Stage-IV, ,,,,,,,,,,,,,,,,,,,,,
(80.5399495),,,,,,,,,,,,,,,,,,,,,,,
5761,10086,,,,,,,,,,,,,,,,,,,,,,
,I-Non PWD / DEF, ,,,,,,,,,,,,,,,,,,,,,
(82.8308366),(69.7143504),,,,,,,,,,,,,,,,,,,,,,
,Home University Seats Allotted to Other Than Home University Candidates,,,,,,,,,,,,,,,,,,,,,,
,GSTH,,,,,,,,,,,,,,,,,,,,,,
8274,,,,,,,,,,,,,,,,,,,,,,,
Stage-I, ,,,,,,,,,,,,,,,,,,,,,,
(74.782248),,,,,,,,,,,,,,,,,,,,,,,
,Other Than Home University Seats,,,,,,,,,,,,,,,,,,,,,,
Other Than Home University Seats Allotted to Other Than Home University Candidates,,,,,,,,,,,,,,,,,,,,,,,
,GOPENO, ,GSCO, ,GNTAO, ,GOBCO, ,GSEBCO,,,,,,,,,,,,,,
4248,6245,22053,4936,6667,,,,,,,,,,,,,,,,,,,
Stage-I, ,,,,,,,,,,,,,,,,,,,,,,
(87.2080299),(80.5399495),(21.0059952),(85.2118788),(79.9969812),,,,,,,,,,,,,,,,,,,
,State Level Seats,,,,,,,,,,,,,,,,,,,,,,
,EWS,,,,,,,,,,,,,,,,,,,,,,
12397,,,,,,,,,,,,,,,,,,,,,,,
Stage-I, ,,,,,,,,,,,,,,,,,,,,,,
(61.2807064),,,,,,,,,,,,,,,,,,,,,,,
,Legends :, ,"Legends: G-General, L-Ladies, S-State Level Seats ,PWD - Persons with Disabilities,DEF - Defence,PWDR :PWD Common Reserved Seat",,,,,,,,,,,,,,,,,,,,
"DEFR :Defense Common Reserved Seat ,* Maharashtra State Seats - Cut Off Indicates State General Merit No. ; Figures in bracket Indicates Merit Score",,,,,,,,,,,,,,,,,,,,,,,
,Page 174 of 192,,,,,,,,,,,,,,,,,,,,,,
GOVERNMENT OF MAHARASHTRA,,,,,,,,,,,,,,,,,,,,,,,
,"Directorate of Technical Education, Maharashtra State, Mumbai.",,,,,,,,,,,,,,,,,,,,,,
,Cut Off List for Maharashtra & Minority Seats of CAP Round-III for Admission to the First Year Post Graduate Technical Course in Master of Computer Applications (MCA) for the Academic Year 2025-26,,,,,,,,,,,,,,,,,,,,,,
,6990 - Jaihind Institute of Management and Research,,,,,,,,,,,,,,,,,,,,,,
,0699024110 - Master in Computer Application,,,,,,,,,,,,,,,,,,,,,,
,Status :, ,Un-Aided,,,,,,,,,,,,,,,,,,,,
,Home University Seats,,,,,,,,,,,,,,,,,,,,,,
Home University Seats Allotted to Home University Candidates,,,,,,,,,,,,,,,,,,,,,,,
,GOPENH, ,GSCH, ,GNTAH, ,GNTCH, ,GNTDH, ,GOBCH, ,GSEBCH, ,PWDOPENH,,,,,,,,
12512,22724,16174,23972,,,,,,,,,,,,,,,,,,,,
Stage-I, ,,,,,,,,,,,,,,,,,,,,,,
(61.2807064),(16.9789978),(46.3793819),(9.7430286),,,,,,,,,,,,,,,,,,,,
15698,14871,14997,,,,,,,,,,,,,,,,,,,,,
,Stage-IV, ,,,,,,,,,,,,,,,,,,,,,
(49.3533426),(51.4093808),(51.4093808),,,,,,,,,,,,,,,,,,,,,
12799,,,,,,,,,,,,,,,,,,,,,,,
,I-Non PWD / DEF, ,,,,,,,,,,,,,,,,,,,,,
(58.7911466),,,,,,,,,,,,,,,,,,,,,,,
,Home University Seats Allotted to Other Than Home University Candidates,,,,,,,,,,,,,,,,,,,,,,
,GSCH,,,,,,,,,,,,,,,,,,,,,,
21927,,,,,,,,,,,,,,,,,,,,,,,
Stage-I, ,,,,,,,,,,,,,,,,,,,,,,
(21.0059952),,,,,,,,,,,,,,,,,,,,,,,
,Other Than Home University Seats,,,,,,,,,,,,,,,,,,,,,,
Other Than Home University Seats Allotted to Other Than Home University Candidates,,,,,,,,,,,,,,,,,,,,,,,
,GOPENO, ,GSCO, ,GSTO, ,GNTBO, ,GOBCO, ,GSEBCO,,,,,,,,,,,,
12808,17397,15708,19200,,,,,,,,,,,,,,,,,,,,
Stage-I, ,,,,,,,,,,,,,,,,,,,,,,
(58.7911466),(41.4550394),(49.3533426),(34.5198145),,,,,,,,,,,,,,,,,,,,
13876,14028,,,,,,,,,,,,,,,,,,,,,,
,Stage-IV, ,,,,,,,,,,,,,,,,,,,,,
(56.5488095),(53.942159),,,,,,,,,,,,,,,,,,,,,,
,State Level Seats,,,,,,,,,,,,,,,,,,,,,,
,TFWS,,,,,,,,,,,,,,,,,,,,,,
15338,,,,,,,,,,,,,,,,,,,,,,,
Stage-I, ,,,,,,,,,,,,,,,,,,,,,,
(49.3533426),,,,,,,,,,,,,,,,,,,,,,,
,Legends :, ,"Legends: G-General, L-Ladies, S-State Level Seats ,PWD - Persons with Disabilities,DEF - Defence,PWDR :PWD Common Reserved Seat",,,,,,,,,,,,,,,,,,,,
"DEFR :Defense Common Reserved Seat ,* Maharashtra State Seats - Cut Off Indicates State General Merit No. ; Figures in bracket Indicates Merit Score",,,,,,,,,,,,,,,,,,,,,,,
,Page 175 of 192,,,,,,,,,,,,,,,,,,,,,,
GOVERNMENT OF MAHARASHTRA,,,,,,,,,,,,,,,,,,,,,,,
,"Directorate of Technical Education, Maharashtra State, Mumbai.",,,,,,,,,,,,,,,,,,,,,,
,Cut Off List for Maharashtra & Minority Seats of CAP Round-III for Admission to the First Year Post Graduate Technical Course in Master of Computer Applications (MCA) for the Academic Year 2025-26,,,,,,,,,,,,,,,,,,,,,,
,"6991 - Dr. D.Y. Patil Technical Campus, Varale, Talegaon, Pune",,,,,,,,,,,,,,,,,,,,,,
,0699124110 - Master in Computer Application,,,,,,,,,,,,,,,,,,,,,,
,Status :, ,Un-Aided,,,,,,,,,,,,,,,,,,,,
,Home University Seats,,,,,,,,,,,,,,,,,,,,,,
Home University Seats Allotted to Home University Candidates,,,,,,,,,,,,,,,,,,,,,,,
,GOPENH, ,GSCH, ,GSTH, ,GNTBH, ,GNTDH, ,GOBCH, ,GSEBCH, ,PWDOPENH,,,,,,,,
10831,21040,20065,23206,14399,17482,,,,,,,,,,,,,,,,,,
Stage-I, ,,,,,,,,,,,,,,,,,,,,,,
(65.8578922),(25.4779232),(29.9046039),(13.5402134),(53.942159),(41.4550394),,,,,,,,,,,,,,,,,,
11874,,,,,,,,,,,,,,,,,,,,,,,
,Stage-IV, ,,,,,,,,,,,,,,,,,,,,,
(63.1574978),,,,,,,,,,,,,,,,,,,,,,,
11501,,,,,,,,,,,,,,,,,,,,,,,
,I-Non PWD / DEF, ,,,,,,,,,,,,,,,,,,,,,
(63.1574978),,,,,,,,,,,,,,,,,,,,,,,
,Other Than Home University Seats,,,,,,,,,,,,,,,,,,,,,,
Other Than Home University Seats Allotted to Other Than Home University Candidates,,,,,,,,,,,,,,,,,,,,,,,
,GOPENO, ,GSCO, ,GSTO, ,GOBCO, ,GSEBCO,,,,,,,,,,,,,,
5247,9587,7591,7274,,,,,,,,,,,,,,,,,,,,
Stage-I, ,,,,,,,,,,,,,,,,,,,,,,
(82.9644433),(71.1549338),(76.9216256),(77.8251197),,,,,,,,,,,,,,,,,,,,
6558,,,,,,,,,,,,,,,,,,,,,,,
,Stage-IV, ,,,,,,,,,,,,,,,,,,,,,
(79.9969812),,,,,,,,,,,,,,,,,,,,,,,
,State Level Seats,,,,,,,,,,,,,,,,,,,,,,
,EWS,,,,,,,,,,,,,,,,,,,,,,
5656,,,,,,,,,,,,,,,,,,,,,,,
Stage-I, ,,,,,,,,,,,,,,,,,,,,,,
(82.8308366),,,,,,,,,,,,,,,,,,,,,,,
,Legends :, ,"Legends: G-General, L-Ladies, S-State Level Seats ,PWD - Persons with Disabilities,DEF - Defence,PWDR :PWD Common Reserved Seat",,,,,,,,,,,,,,,,,,,,
"DEFR :Defense Common Reserved Seat ,* Maharashtra State Seats - Cut Off Indicates State General Merit No. ; Figures in bracket Indicates Merit Score",,,,,,,,,,,,,,,,,,,,,,,
,Page 176 of 192,,,,,,,,,,,,,,,,,,,,,,
GOVERNMENT OF MAHARASHTRA,,,,,,,,,,,,,,,,,,,,,,,
,"Directorate of Technical Education, Maharashtra State, Mumbai.",,,,,,,,,,,,,,,,,,,,,,
,Cut Off List for Maharashtra & Minority Seats of CAP Round-III for Admission to the First Year Post Graduate Technical Course in Master of Computer Applications (MCA) for the Academic Year 2025-26,,,,,,,,,,,,,,,,,,,,,,
,"6992 - Pune Cambridge Institute of Management and Computer Application, Ambegaon Pathar, Pune",,,,,,,,,,,,,,,,,,,,,,
,0699224110 - Master in Computer Application,,,,,,,,,,,,,,,,,,,,,,
,Status :, ,Un-Aided,,,,,,,,,,,,,,,,,,,,
,Home University Seats,,,,,,,,,,,,,,,,,,,,,,
Home University Seats Allotted to Home University Candidates,,,,,,,,,,,,,,,,,,,,,,,
,GOPENH, ,GSCH, ,GSTH, ,GOBCH, ,GSEBCH,,,,,,,,,,,,,,
3277,24056,14393,17250,,,,,,,,,,,,,,,,,,,,
Stage-I, ,,,,,,,,,,,,,,,,,,,,,,
(89.1966341),(9.7430286),(53.942159),(41.4550394),,,,,,,,,,,,,,,,,,,,
3700,,,,,,,,,,,,,,,,,,,,,,,
,Stage-IV, ,,,,,,,,,,,,,,,,,,,,,
(89.1331398),,,,,,,,,,,,,,,,,,,,,,,
,Other Than Home University Seats,,,,,,,,,,,,,,,,,,,,,,
Other Than Home University Seats Allotted to Other Than Home University Candidates,,,,,,,,,,,,,,,,,,,,,,,
,GSTO, ,GOBCO,,,,,,,,,,,,,,,,,,,,
5495,,,,,,,,,,,,,,,,,,,,,,,
Stage-IV, ,,,,,,,,,,,,,,,,,,,,,,
(82.9644433),,,,,,,,,,,,,,,,,,,,,,,
6403,,,,,,,,,,,,,,,,,,,,,,,
,Stage-I, ,,,,,,,,,,,,,,,,,,,,,
(80.5399495),,,,,,,,,,,,,,,,,,,,,,,
,Legends :, ,"Legends: G-General, L-Ladies, S-State Level Seats ,PWD - Persons with Disabilities,DEF - Defence,PWDR :PWD Common Reserved Seat",,,,,,,,,,,,,,,,,,,,
"DEFR :Defense Common Reserved Seat ,* Maharashtra State Seats - Cut Off Indicates State General Merit No. ; Figures in bracket Indicates Merit Score",,,,,,,,,,,,,,,,,,,,,,,
,Page 177 of 192,,,,,,,,,,,,,,,,,,,,,,
GOVERNMENT OF MAHARASHTRA,,,,,,,,,,,,,,,,,,,,,,,
,"Directorate of Technical Education, Maharashtra State, Mumbai.",,,,,,,,,,,,,,,,,,,,,,
,Cut Off List for Maharashtra & Minority Seats of CAP Round-III for Admission to the First Year Post Graduate Technical Course in Master of Computer Applications (MCA) for the Academic Year 2025-26,,,,,,,,,,,,,,,,,,,,,,
,16122 - Pharate Patil Management Institutes,,,,,,,,,,,,,,,,,,,,,,
,1612224110 - Master in Computer Application,,,,,,,,,,,,,,,,,,,,,,
,Status :, ,Un-Aided,,,,,,,,,,,,,,,,,,,,
,Home University Seats,,,,,,,,,,,,,,,,,,,,,,
Home University Seats Allotted to Home University Candidates,,,,,,,,,,,,,,,,,,,,,,,
,GSCH, ,GSTH, ,GNTBH, ,GOBCH, ,GSEBCH,,,,,,,,,,,,,,
22860,19474,10943,,,,,,,,,,,,,,,,,,,,,
Stage-I, ,,,,,,,,,,,,,,,,,,,,,,
(15.5994113),(31.6629561),(65.8578922),,,,,,,,,,,,,,,,,,,,,
16225,16872,,,,,,,,,,,,,,,,,,,,,,
,Stage-IV, ,,,,,,,,,,,,,,,,,,,,,
(46.3793819),(44.5345198),,,,,,,,,,,,,,,,,,,,,,
,Home University Seats Allotted to Other Than Home University Candidates,,,,,,,,,,,,,,,,,,,,,,
,GSEBCH,,,,,,,,,,,,,,,,,,,,,,
19265,,,,,,,,,,,,,,,,,,,,,,,
Stage-I, ,,,,,,,,,,,,,,,,,,,,,,
(34.5198145),,,,,,,,,,,,,,,,,,,,,,,
,Other Than Home University Seats,,,,,,,,,,,,,,,,,,,,,,
Other Than Home University Seats Allotted to Other Than Home University Candidates,,,,,,,,,,,,,,,,,,,,,,,
,GOPENO, ,GSCO, ,GSTO, ,GNTAO, ,GNTCO, ,GNTDO, ,GOBCO, ,GSEBCO,,,,,,,,
14165,15304,17424,17399,,,,,,,,,,,,,,,,,,,,
Stage-I, ,,,,,,,,,,,,,,,,,,,,,,
(53.942159),(49.3533426),(41.4550394),(41.4550394),,,,,,,,,,,,,,,,,,,,
16832,16789,14655,15248,,,,,,,,,,,,,,,,,,,,
,Stage-IV, ,,,,,,,,,,,,,,,,,,,,,
(44.5345198),(44.5345198),(51.4093808),(49.3533426),,,,,,,,,,,,,,,,,,,,
,Legends :, ,"Legends: G-General, L-Ladies, S-State Level Seats ,PWD - Persons with Disabilities,DEF - Defence,PWDR :PWD Common Reserved Seat",,,,,,,,,,,,,,,,,,,,
"DEFR :Defense Common Reserved Seat ,* Maharashtra State Seats - Cut Off Indicates State General Merit No. ; Figures in bracket Indicates Merit Score",,,,,,,,,,,,,,,,,,,,,,,
,Page 178 of 192,,,,,,,,,,,,,,,,,,,,,,
GOVERNMENT OF MAHARASHTRA,,,,,,,,,,,,,,,,,,,,,,,
,"Directorate of Technical Education, Maharashtra State, Mumbai.",,,,,,,,,,,,,,,,,,,,,,
,Cut Off List for Maharashtra & Minority Seats of CAP Round-III for Admission to the First Year Post Graduate Technical Course in Master of Computer Applications (MCA) for the Academic Year 2025-26,,,,,,,,,,,,,,,,,,,,,,
,"16125 - Vivekanand College, Kolhapur",,,,,,,,,,,,,,,,,,,,,,
,1612524210 - Master of Computer Applications,,,,,,,,,,,,,,,,,,,,,,
,Status :, ,Un-Aided,,,,,,,,,,,,,,,,,,,,
,Home University Seats,,,,,,,,,,,,,,,,,,,,,,
Home University Seats Allotted to Home University Candidates,,,,,,,,,,,,,,,,,,,,,,,
,GOPENH, ,GSCH, ,GOBCH, ,GSEBCH,,,,,,,,,,,,,,,,
5613,22419,10513,9977,,,,,,,,,,,,,,,,,,,,
Stage-I, ,,,,,,,,,,,,,,,,,,,,,,
(82.9644433),(19.1539942),(67.3579428),(69.7143504),,,,,,,,,,,,,,,,,,,,
,Other Than Home University Seats Allotted to Home University Candidates,,,,,,,,,,,,,,,,,,,,,,
,GOPENO, ,GNTCO, ,GOBCO, ,GSEBCO,,,,,,,,,,,,,,,,
9343,12396,18232,11991,,,,,,,,,,,,,,,,,,,,
Stage-I, ,,,,,,,,,,,,,,,,,,,,,,
(71.1549338),(61.2807064),(39.3989669),(63.1574978),,,,,,,,,,,,,,,,,,,,
,Legends :, ,"Legends: G-General, L-Ladies, S-State Level Seats ,PWD - Persons with Disabilities,DEF - Defence,PWDR :PWD Common Reserved Seat",,,,,,,,,,,,,,,,,,,,
"DEFR :Defense Common Reserved Seat ,* Maharashtra State Seats - Cut Off Indicates State General Merit No. ; Figures in bracket Indicates Merit Score",,,,,,,,,,,,,,,,,,,,,,,
,Page 179 of 192,,,,,,,,,,,,,,,,,,,,,,
GOVERNMENT OF MAHARASHTRA,,,,,,,,,,,,,,,,,,,,,,,
,"Directorate of Technical Education, Maharashtra State, Mumbai.",,,,,,,,,,,,,,,,,,,,,,
,Cut Off List for Maharashtra & Minority Seats of CAP Round-III for Admission to the First Year Post Graduate Technical Course in Master of Computer Applications (MCA) for the Academic Year 2025-26,,,,,,,,,,,,,,,,,,,,,,
,16130 - KARMAVEER HIRE ARTS SCIENCE COMMERCE AND EDUCATION COLLEGE,,,,,,,,,,,,,,,,,,,,,,
,1613024270U - Master of Computer Applications,,,,,,,,,,,,,,,,,,,,,,
,Status :, ,Un-Aided,,,,,,,,,,,,,,,,,,,,
,Home University Seats,,,,,,,,,,,,,,,,,,,,,,
Home University Seats Allotted to Home University Candidates,,,,,,,,,,,,,,,,,,,,,,,
,GOPENH, ,GSCH, ,GSEBCH,,,,,,,,,,,,,,,,,,
13032,19374,15861,,,,,,,,,,,,,,,,,,,,,
Stage-I, ,,,,,,,,,,,,,,,,,,,,,,
(58.7911466),(31.6629561),(46.3793819),,,,,,,,,,,,,,,,,,,,,
,Other Than Home University Seats Allotted to Home University Candidates,,,,,,,,,,,,,,,,,,,,,,
,GOPENO, ,GSTO, ,GOBCO,,,,,,,,,,,,,,,,,,
13371,,,,,,,,,,,,,,,,,,,,,,,
Stage-I, ,,,,,,,,,,,,,,,,,,,,,,
(56.5488095),,,,,,,,,,,,,,,,,,,,,,,
13485,14281,,,,,,,,,,,,,,,,,,,,,,
,Stage-IV, ,,,,,,,,,,,,,,,,,,,,,
(56.5488095),(53.942159),,,,,,,,,,,,,,,,,,,,,,
,Legends :, ,"Legends: G-General, L-Ladies, S-State Level Seats ,PWD - Persons with Disabilities,DEF - Defence,PWDR :PWD Common Reserved Seat",,,,,,,,,,,,,,,,,,,,
"DEFR :Defense Common Reserved Seat ,* Maharashtra State Seats - Cut Off Indicates State General Merit No. ; Figures in bracket Indicates Merit Score",,,,,,,,,,,,,,,,,,,,,,,
,Page 180 of 192,,,,,,,,,,,,,,,,,,,,,,
GOVERNMENT OF MAHARASHTRA,,,,,,,,,,,,,,,,,,,,,,,
,"Directorate of Technical Education, Maharashtra State, Mumbai.",,,,,,,,,,,,,,,,,,,,,,
,Cut Off List for Maharashtra & Minority Seats of CAP Round-III for Admission to the First Year Post Graduate Technical Course in Master of Computer Applications (MCA) for the Academic Year 2025-26,,,,,,,,,,,,,,,,,,,,,,
,16145 - KARMAVEER BHAURAO PATIL MAHAVIDYALAYA PANDHARPUR AUTONOMOUS,,,,,,,,,,,,,,,,,,,,,,
,1614524270U - Master of Computer Applications,,,,,,,,,,,,,,,,,,,,,,
,Status :, ,Un-Aided-Autonomous,,,,,,,,,,,,,,,,,,,,
,Home University Seats,,,,,,,,,,,,,,,,,,,,,,
Home University Seats Allotted to Home University Candidates,,,,,,,,,,,,,,,,,,,,,,,
,GOPENH, ,PWDOPENH,,,,,,,,,,,,,,,,,,,,
21276,,,,,,,,,,,,,,,,,,,,,,,
Stage-I, ,,,,,,,,,,,,,,,,,,,,,,
(23.1010151),,,,,,,,,,,,,,,,,,,,,,,
22266,,,,,,,,,,,,,,,,,,,,,,,
,I-Non PWD / DEF, ,,,,,,,,,,,,,,,,,,,,,
(19.1539942),,,,,,,,,,,,,,,,,,,,,,,
,Other Than Home University Seats,,,,,,,,,,,,,,,,,,,,,,
Other Than Home University Seats Allotted to Other Than Home University Candidates,,,,,,,,,,,,,,,,,,,,,,,
,GOPENO,,,,,,,,,,,,,,,,,,,,,,
13438,,,,,,,,,,,,,,,,,,,,,,,
Stage-I, ,,,,,,,,,,,,,,,,,,,,,,
(56.5488095),,,,,,,,,,,,,,,,,,,,,,,
,Legends :, ,"Legends: G-General, L-Ladies, S-State Level Seats ,PWD - Persons with Disabilities,DEF - Defence,PWDR :PWD Common Reserved Seat",,,,,,,,,,,,,,,,,,,,
"DEFR :Defense Common Reserved Seat ,* Maharashtra State Seats - Cut Off Indicates State General Merit No. ; Figures in bracket Indicates Merit Score",,,,,,,,,,,,,,,,,,,,,,,
,Page 181 of 192,,,,,,,,,,,,,,,,,,,,,,
GOVERNMENT OF MAHARASHTRA,,,,,,,,,,,,,,,,,,,,,,,
,"Directorate of Technical Education, Maharashtra State, Mumbai.",,,,,,,,,,,,,,,,,,,,,,
,Cut Off List for Maharashtra & Minority Seats of CAP Round-III for Admission to the First Year Post Graduate Technical Course in Master of Computer Applications (MCA) for the Academic Year 2025-26,,,,,,,,,,,,,,,,,,,,,,
,16153 - MUDHOJI COLLEGE PHALTAN,,,,,,,,,,,,,,,,,,,,,,
,1615324170U - Master in Computer Application,,,,,,,,,,,,,,,,,,,,,,
,Status :, ,Un-Aided,,,,,,,,,,,,,,,,,,,,
,Home University Seats,,,,,,,,,,,,,,,,,,,,,,
Home University Seats Allotted to Home University Candidates,,,,,,,,,,,,,,,,,,,,,,,
,GOPENH, ,GSCH, ,GSTH, ,GNTAH, ,GNTBH, ,GNTCH, ,GNTDH, ,GOBCH, ,GSEBCH, ,PWDOPENH,,,,
9430,22747,17472,,,,,,,,,,,,,,,,,,,,,
Stage-I, ,,,,,,,,,,,,,,,,,,,,,,
(71.1549338),(16.9789978),(41.4550394),,,,,,,,,,,,,,,,,,,,,
23070,24057,21827,24378,25155,21966,25197,,,,,,,,,,,,,,,,,
,Stage-IV, ,,,,,,,,,,,,,,,,,,,,,
(15.5994113),(9.7430286),(21.0059952),(7.4072677),(2.8640429),(21.0059952),(2.0662871),,,,,,,,,,,,,,,,,
16412,,,,,,,,,,,,,,,,,,,,,,,
,I-Non PWD / DEF, ,,,,,,,,,,,,,,,,,,,,,
(46.3793819),,,,,,,,,,,,,,,,,,,,,,,
,Other Than Home University Seats,,,,,,,,,,,,,,,,,,,,,,
Other Than Home University Seats Allotted to Other Than Home University Candidates,,,,,,,,,,,,,,,,,,,,,,,
,GOPENO,,,,,,,,,,,,,,,,,,,,,,
23497,,,,,,,,,,,,,,,,,,,,,,,
Stage-I, ,,,,,,,,,,,,,,,,,,,,,,
(12.4750009),,,,,,,,,,,,,,,,,,,,,,,
,Other Than Home University Seats Allotted to Home University Candidates,,,,,,,,,,,,,,,,,,,,,,
,GOPENO,,,,,,,,,,,,,,,,,,,,,,
19242,,,,,,,,,,,,,,,,,,,,,,,
Stage-I, ,,,,,,,,,,,,,,,,,,,,,,
(34.5198145),,,,,,,,,,,,,,,,,,,,,,,
,State Level Seats,,,,,,,,,,,,,,,,,,,,,,
,TFWS,,,,,,,,,,,,,,,,,,,,,,
10152,,,,,,,,,,,,,,,,,,,,,,,
Stage-I, ,,,,,,,,,,,,,,,,,,,,,,
(69.7143504),,,,,,,,,,,,,,,,,,,,,,,
,Legends :, ,"Legends: G-General, L-Ladies, S-State Level Seats ,PWD - Persons with Disabilities,DEF - Defence,PWDR :PWD Common Reserved Seat",,,,,,,,,,,,,,,,,,,,
"DEFR :Defense Common Reserved Seat ,* Maharashtra State Seats - Cut Off Indicates State General Merit No. ; Figures in bracket Indicates Merit Score",,,,,,,,,,,,,,,,,,,,,,,
,Page 182 of 192,,,,,,,,,,,,,,,,,,,,,,
GOVERNMENT OF MAHARASHTRA,,,,,,,,,,,,,,,,,,,,,,,
,"Directorate of Technical Education, Maharashtra State, Mumbai.",,,,,,,,,,,,,,,,,,,,,,
,Cut Off List for Maharashtra & Minority Seats of CAP Round-III for Admission to the First Year Post Graduate Technical Course in Master of Computer Applications (MCA) for the Academic Year 2025-26,,,,,,,,,,,,,,,,,,,,,,
,"16200 - YASHWANTRAO CHAVAN MAHAVIDYALAYA, ISLAMPUR",,,,,,,,,,,,,,,,,,,,,,
,1620024110 - Master in Computer Application,,,,,,,,,,,,,,,,,,,,,,
,Status :, ,Un-Aided,,,,,,,,,,,,,,,,,,,,
,Home University Seats,,,,,,,,,,,,,,,,,,,,,,
Home University Seats Allotted to Home University Candidates,,,,,,,,,,,,,,,,,,,,,,,
,GOPENH, ,GOBCH, ,GSEBCH,,,,,,,,,,,,,,,,,,
13700,14680,,,,,,,,,,,,,,,,,,,,,,
Stage-I, ,,,,,,,,,,,,,,,,,,,,,,
(56.5488095),(51.4093808),,,,,,,,,,,,,,,,,,,,,,
15601,,,,,,,,,,,,,,,,,,,,,,,
,Stage-IV, ,,,,,,,,,,,,,,,,,,,,,
(49.3533426),,,,,,,,,,,,,,,,,,,,,,,
,Other Than Home University Seats Allotted to Home University Candidates,,,,,,,,,,,,,,,,,,,,,,
,GOPENO, ,GSCO, ,GNTBO, ,GOBCO,,,,,,,,,,,,,,,,
15968,,,,,,,,,,,,,,,,,,,,,,,
Stage-I, ,,,,,,,,,,,,,,,,,,,,,,
(46.3793819),,,,,,,,,,,,,,,,,,,,,,,
16864,17584,17867,,,,,,,,,,,,,,,,,,,,,
,Stage-IV, ,,,,,,,,,,,,,,,,,,,,,
(44.5345198),(41.4550394),(39.3989669),,,,,,,,,,,,,,,,,,,,,
,Legends :, ,"Legends: G-General, L-Ladies, S-State Level Seats ,PWD - Persons with Disabilities,DEF - Defence,PWDR :PWD Common Reserved Seat",,,,,,,,,,,,,,,,,,,,
"DEFR :Defense Common Reserved Seat ,* Maharashtra State Seats - Cut Off Indicates State General Merit No. ; Figures in bracket Indicates Merit Score",,,,,,,,,,,,,,,,,,,,,,,
,Page 183 of 192,,,,,,,,,,,,,,,,,,,,,,
GOVERNMENT OF MAHARASHTRA,,,,,,,,,,,,,,,,,,,,,,,
,"Directorate of Technical Education, Maharashtra State, Mumbai.",,,,,,,,,,,,,,,,,,,,,,
,Cut Off List for Maharashtra & Minority Seats of CAP Round-III for Admission to the First Year Post Graduate Technical Course in Master of Computer Applications (MCA) for the Academic Year 2025-26,,,,,,,,,,,,,,,,,,,,,,
,16207 - SADGURU GADGE MAHARAJ COLLEGE KARAD,,,,,,,,,,,,,,,,,,,,,,
,1620724170U - Master in Computer Application,,,,,,,,,,,,,,,,,,,,,,
,Status :, ,Un-Aided-Autonomous,,,,,,,,,,,,,,,,,,,,
,Other Than Home University Seats,,,,,,,,,,,,,,,,,,,,,,
Other Than Home University Seats Allotted to Other Than Home University Candidates,,,,,,,,,,,,,,,,,,,,,,,
,GOPENO,,,,,,,,,,,,,,,,,,,,,,
18357,,,,,,,,,,,,,,,,,,,,,,,
Stage-I, ,,,,,,,,,,,,,,,,,,,,,,
(36.496736),,,,,,,,,,,,,,,,,,,,,,,
,Other Than Home University Seats Allotted to Home University Candidates,,,,,,,,,,,,,,,,,,,,,,
,GOBCO,,,,,,,,,,,,,,,,,,,,,,
13293,,,,,,,,,,,,,,,,,,,,,,,
Stage-I, ,,,,,,,,,,,,,,,,,,,,,,
(58.7911466),,,,,,,,,,,,,,,,,,,,,,,
,Legends :, ,"Legends: G-General, L-Ladies, S-State Level Seats ,PWD - Persons with Disabilities,DEF - Defence,PWDR :PWD Common Reserved Seat",,,,,,,,,,,,,,,,,,,,
"DEFR :Defense Common Reserved Seat ,* Maharashtra State Seats - Cut Off Indicates State General Merit No. ; Figures in bracket Indicates Merit Score",,,,,,,,,,,,,,,,,,,,,,,
,Page 184 of 192,,,,,,,,,,,,,,,,,,,,,,
GOVERNMENT OF MAHARASHTRA,,,,,,,,,,,,,,,,,,,,,,,
,"Directorate of Technical Education, Maharashtra State, Mumbai.",,,,,,,,,,,,,,,,,,,,,,
,Cut Off List for Maharashtra & Minority Seats of CAP Round-III for Admission to the First Year Post Graduate Technical Course in Master of Computer Applications (MCA) for the Academic Year 2025-26,,,,,,,,,,,,,,,,,,,,,,
,16216 - SANGOLA MAHAVIDYALAYA SANGOLA,,,,,,,,,,,,,,,,,,,,,,
,1621624110 - Master in Computer Application,,,,,,,,,,,,,,,,,,,,,,
,Status :, ,Un-Aided,,,,,,,,,,,,,,,,,,,,
,Home University Seats,,,,,,,,,,,,,,,,,,,,,,
Home University Seats Allotted to Home University Candidates,,,,,,,,,,,,,,,,,,,,,,,
,GOPENH, ,GSCH, ,GSTH, ,GOBCH,,,,,,,,,,,,,,,,
16186,,,,,,,,,,,,,,,,,,,,,,,
Stage-I, ,,,,,,,,,,,,,,,,,,,,,,
(46.3793819),,,,,,,,,,,,,,,,,,,,,,,
16757,17901,22428,,,,,,,,,,,,,,,,,,,,,
,Stage-IV, ,,,,,,,,,,,,,,,,,,,,,
(44.5345198),(39.3989669),(19.1539942),,,,,,,,,,,,,,,,,,,,,
,Other Than Home University Seats,,,,,,,,,,,,,,,,,,,,,,
Other Than Home University Seats Allotted to Other Than Home University Candidates,,,,,,,,,,,,,,,,,,,,,,,
,GOPENO,,,,,,,,,,,,,,,,,,,,,,
20075,,,,,,,,,,,,,,,,,,,,,,,
Stage-I, ,,,,,,,,,,,,,,,,,,,,,,
(29.9046039),,,,,,,,,,,,,,,,,,,,,,,
,Legends :, ,"Legends: G-General, L-Ladies, S-State Level Seats ,PWD - Persons with Disabilities,DEF - Defence,PWDR :PWD Common Reserved Seat",,,,,,,,,,,,,,,,,,,,
"DEFR :Defense Common Reserved Seat ,* Maharashtra State Seats - Cut Off Indicates State General Merit No. ; Figures in bracket Indicates Merit Score",,,,,,,,,,,,,,,,,,,,,,,
,Page 185 of 192,,,,,,,,,,,,,,,,,,,,,,
GOVERNMENT OF MAHARASHTRA,,,,,,,,,,,,,,,,,,,,,,,
,"Directorate of Technical Education, Maharashtra State, Mumbai.",,,,,,,,,,,,,,,,,,,,,,
,Cut Off List for Maharashtra & Minority Seats of CAP Round-III for Admission to the First Year Post Graduate Technical Course in Master of Computer Applications (MCA) for the Academic Year 2025-26,,,,,,,,,,,,,,,,,,,,,,
,16229 - DESHBHAKT HARINARAYAN BANKATLAL SONI COLLEGE SOLAPUR,,,,,,,,,,,,,,,,,,,,,,
,1622924210 - Master of Computer Applications,,,,,,,,,,,,,,,,,,,,,,
,Status :, ,Un-Aided-Linguistic Minority - Hindi,,,,,,,,,,,,,,,,,,,,
,Other Than Home University Seats Allotted to Home University Candidates,,,,,,,,,,,,,,,,,,,,,,
,GOPENO,,,,,,,,,,,,,,,,,,,,,,
18419,,,,,,,,,,,,,,,,,,,,,,,
Stage-I, ,,,,,,,,,,,,,,,,,,,,,,
(36.496736),,,,,,,,,,,,,,,,,,,,,,,
,Minority Seats : Minority Seats Allotted to Non Minority Candidates,,,,,,,,,,,,,,,,,,,,,,
,MI-MH,,,,,,,,,,,,,,,,,,,,,,
24821,,,,,,,,,,,,,,,,,,,,,,,
Stage-MI-MH, ,,,,,,,,,,,,,,,,,,,,,,
(4.302251),,,,,,,,,,,,,,,,,,,,,,,
,Legends :, ,"Legends: G-General, L-Ladies, S-State Level Seats ,PWD - Persons with Disabilities,DEF - Defence,PWDR :PWD Common Reserved Seat",,,,,,,,,,,,,,,,,,,,
"DEFR :Defense Common Reserved Seat ,* Maharashtra State Seats - Cut Off Indicates State General Merit No. ; Figures in bracket Indicates Merit Score",,,,,,,,,,,,,,,,,,,,,,,
,Page 186 of 192,,,,,,,,,,,,,,,,,,,,,,
GOVERNMENT OF MAHARASHTRA,,,,,,,,,,,,,,,,,,,,,,,
,"Directorate of Technical Education, Maharashtra State, Mumbai.",,,,,,,,,,,,,,,,,,,,,,
,Cut Off List for Maharashtra & Minority Seats of CAP Round-III for Admission to the First Year Post Graduate Technical Course in Master of Computer Applications (MCA) for the Academic Year 2025-26,,,,,,,,,,,,,,,,,,,,,,
,16259 - FRIENDS UNION FOR ENERGISING LIVES FUEL COLLEGE,,,,,,,,,,,,,,,,,,,,,,
,1625924110 - Master in Computer Application,,,,,,,,,,,,,,,,,,,,,,
,Status :, ,Un-Aided,,,,,,,,,,,,,,,,,,,,
,Home University Seats,,,,,,,,,,,,,,,,,,,,,,
Home University Seats Allotted to Home University Candidates,,,,,,,,,,,,,,,,,,,,,,,
,GOBCH,,,,,,,,,,,,,,,,,,,,,,
15632,,,,,,,,,,,,,,,,,,,,,,,
Stage-I, ,,,,,,,,,,,,,,,,,,,,,,
(49.3533426),,,,,,,,,,,,,,,,,,,,,,,
,Home University Seats Allotted to Other Than Home University Candidates,,,,,,,,,,,,,,,,,,,,,,
,GSCH,,,,,,,,,,,,,,,,,,,,,,
13374,,,,,,,,,,,,,,,,,,,,,,,
Stage-I, ,,,,,,,,,,,,,,,,,,,,,,
(56.5488095),,,,,,,,,,,,,,,,,,,,,,,
,Other Than Home University Seats,,,,,,,,,,,,,,,,,,,,,,
Other Than Home University Seats Allotted to Other Than Home University Candidates,,,,,,,,,,,,,,,,,,,,,,,
,GOPENO, ,GSTO, ,GOBCO, ,GSEBCO,,,,,,,,,,,,,,,,
7126,9673,11033,,,,,,,,,,,,,,,,,,,,,
Stage-I, ,,,,,,,,,,,,,,,,,,,,,,
(77.8251197),(69.7143504),(65.8578922),,,,,,,,,,,,,,,,,,,,,
10317,,,,,,,,,,,,,,,,,,,,,,,
,Stage-IV, ,,,,,,,,,,,,,,,,,,,,,
(67.3579428),,,,,,,,,,,,,,,,,,,,,,,
,Legends :, ,"Legends: G-General, L-Ladies, S-State Level Seats ,PWD - Persons with Disabilities,DEF - Defence,PWDR :PWD Common Reserved Seat",,,,,,,,,,,,,,,,,,,,
"DEFR :Defense Common Reserved Seat ,* Maharashtra State Seats - Cut Off Indicates State General Merit No. ; Figures in bracket Indicates Merit Score",,,,,,,,,,,,,,,,,,,,,,,
,Page 187 of 192,,,,,,,,,,,,,,,,,,,,,,
GOVERNMENT OF MAHARASHTRA,,,,,,,,,,,,,,,,,,,,,,,
,"Directorate of Technical Education, Maharashtra State, Mumbai.",,,,,,,,,,,,,,,,,,,,,,
,Cut Off List for Maharashtra & Minority Seats of CAP Round-III for Admission to the First Year Post Graduate Technical Course in Master of Computer Applications (MCA) for the Academic Year 2025-26,,,,,,,,,,,,,,,,,,,,,,
,16331 - SarSam College of Management & Technology,,,,,,,,,,,,,,,,,,,,,,
,1633124110 - Master in Computer Application,,,,,,,,,,,,,,,,,,,,,,
,Status :, ,Un-Aided,,,,,,,,,,,,,,,,,,,,
,Home University Seats,,,,,,,,,,,,,,,,,,,,,,
Home University Seats Allotted to Home University Candidates,,,,,,,,,,,,,,,,,,,,,,,
,GOPENH, ,GSCH, ,GSTH, ,GOBCH, ,PWDOPENH,,,,,,,,,,,,,,
18805,22944,,,,,,,,,,,,,,,,,,,,,,
Stage-I, ,,,,,,,,,,,,,,,,,,,,,,
(36.496736),(15.5994113),,,,,,,,,,,,,,,,,,,,,,
20503,20088,,,,,,,,,,,,,,,,,,,,,,
,Stage-IV, ,,,,,,,,,,,,,,,,,,,,,
(27.2744425),(29.9046039),,,,,,,,,,,,,,,,,,,,,,
19093,,,,,,,,,,,,,,,,,,,,,,,
,I-Non PWD / DEF, ,,,,,,,,,,,,,,,,,,,,,
(34.5198145),,,,,,,,,,,,,,,,,,,,,,,
,Home University Seats Allotted to Other Than Home University Candidates,,,,,,,,,,,,,,,,,,,,,,
,GSEBCH,,,,,,,,,,,,,,,,,,,,,,
19591,,,,,,,,,,,,,,,,,,,,,,,
Stage-I, ,,,,,,,,,,,,,,,,,,,,,,
(31.6629561),,,,,,,,,,,,,,,,,,,,,,,
,Other Than Home University Seats,,,,,,,,,,,,,,,,,,,,,,
Other Than Home University Seats Allotted to Other Than Home University Candidates,,,,,,,,,,,,,,,,,,,,,,,
,GOPENO, ,GSCO, ,GOBCO, ,GSEBCO,,,,,,,,,,,,,,,,
16018,19352,18291,,,,,,,,,,,,,,,,,,,,,
Stage-I, ,,,,,,,,,,,,,,,,,,,,,,
(46.3793819),(31.6629561),(36.496736),,,,,,,,,,,,,,,,,,,,,
16382,,,,,,,,,,,,,,,,,,,,,,,
,Stage-IV, ,,,,,,,,,,,,,,,,,,,,,
(46.3793819),,,,,,,,,,,,,,,,,,,,,,,
,State Level Seats,,,,,,,,,,,,,,,,,,,,,,
,TFWS,,,,,,,,,,,,,,,,,,,,,,
8887,,,,,,,,,,,,,,,,,,,,,,,
Stage-I, ,,,,,,,,,,,,,,,,,,,,,,
(73.5368477),,,,,,,,,,,,,,,,,,,,,,,
,Legends :, ,"Legends: G-General, L-Ladies, S-State Level Seats ,PWD - Persons with Disabilities,DEF - Defence,PWDR :PWD Common Reserved Seat",,,,,,,,,,,,,,,,,,,,
"DEFR :Defense Common Reserved Seat ,* Maharashtra State Seats - Cut Off Indicates State General Merit No. ; Figures in bracket Indicates Merit Score",,,,,,,,,,,,,,,,,,,,,,,
,Page 188 of 192,,,,,,,,,,,,,,,,,,,,,,
GOVERNMENT OF MAHARASHTRA,,,,,,,,,,,,,,,,,,,,,,,
,"Directorate of Technical Education, Maharashtra State, Mumbai.",,,,,,,,,,,,,,,,,,,,,,
,Cut Off List for Maharashtra & Minority Seats of CAP Round-III for Admission to the First Year Post Graduate Technical Course in Master of Computer Applications (MCA) for the Academic Year 2025-26,,,,,,,,,,,,,,,,,,,,,,
,"16353 - Shivsamarth Institute of Management, Talmawale",,,,,,,,,,,,,,,,,,,,,,
,1635324110 - Master in Computer Application,,,,,,,,,,,,,,,,,,,,,,
,Status :, ,Un-Aided,,,,,,,,,,,,,,,,,,,,
,Home University Seats,,,,,,,,,,,,,,,,,,,,,,
Home University Seats Allotted to Home University Candidates,,,,,,,,,,,,,,,,,,,,,,,
,GOPENH, ,GSCH, ,GOBCH,,,,,,,,,,,,,,,,,,
15604,,,,,,,,,,,,,,,,,,,,,,,
Stage-I, ,,,,,,,,,,,,,,,,,,,,,,
(49.3533426),,,,,,,,,,,,,,,,,,,,,,,
16987,22043,,,,,,,,,,,,,,,,,,,,,,
,Stage-IV, ,,,,,,,,,,,,,,,,,,,,,
(44.5345198),(21.0059952),,,,,,,,,,,,,,,,,,,,,,
,Other Than Home University Seats,,,,,,,,,,,,,,,,,,,,,,
Other Than Home University Seats Allotted to Other Than Home University Candidates,,,,,,,,,,,,,,,,,,,,,,,
,GSCO, ,GOBCO,,,,,,,,,,,,,,,,,,,,
23512,,,,,,,,,,,,,,,,,,,,,,,
Stage-IV, ,,,,,,,,,,,,,,,,,,,,,,
(12.4750009),,,,,,,,,,,,,,,,,,,,,,,
5636,,,,,,,,,,,,,,,,,,,,,,,
,Stage-I, ,,,,,,,,,,,,,,,,,,,,,
(82.8308366),,,,,,,,,,,,,,,,,,,,,,,
,Other Than Home University Seats Allotted to Home University Candidates,,,,,,,,,,,,,,,,,,,,,,
,GNTBO,,,,,,,,,,,,,,,,,,,,,,
22742,,,,,,,,,,,,,,,,,,,,,,,
Stage-IV, ,,,,,,,,,,,,,,,,,,,,,,
(16.9789978),,,,,,,,,,,,,,,,,,,,,,,
,State Level Seats,,,,,,,,,,,,,,,,,,,,,,
,TFWS,,,,,,,,,,,,,,,,,,,,,,
24344,,,,,,,,,,,,,,,,,,,,,,,
Stage-I, ,,,,,,,,,,,,,,,,,,,,,,
(7.4072677),,,,,,,,,,,,,,,,,,,,,,,
,Legends :, ,"Legends: G-General, L-Ladies, S-State Level Seats ,PWD - Persons with Disabilities,DEF - Defence,PWDR :PWD Common Reserved Seat",,,,,,,,,,,,,,,,,,,,
"DEFR :Defense Common Reserved Seat ,* Maharashtra State Seats - Cut Off Indicates State General Merit No. ; Figures in bracket Indicates Merit Score",,,,,,,,,,,,,,,,,,,,,,,
,Page 189 of 192,,,,,,,,,,,,,,,,,,,,,,
GOVERNMENT OF MAHARASHTRA,,,,,,,,,,,,,,,,,,,,,,,
,"Directorate of Technical Education, Maharashtra State, Mumbai.",,,,,,,,,,,,,,,,,,,,,,
,Cut Off List for Maharashtra & Minority Seats of CAP Round-III for Admission to the First Year Post Graduate Technical Course in Master of Computer Applications (MCA) for the Academic Year 2025-26,,,,,,,,,,,,,,,,,,,,,,
,16355 - Audyogik Shikshan Mandal's Nextgen Technical Campus,,,,,,,,,,,,,,,,,,,,,,
,1635524210 - Master of Computer Applications,,,,,,,,,,,,,,,,,,,,,,
,Status :, ,Un-Aided,,,,,,,,,,,,,,,,,,,,
,Home University Seats,,,,,,,,,,,,,,,,,,,,,,
Home University Seats Allotted to Home University Candidates,,,,,,,,,,,,,,,,,,,,,,,
,GOPENH, ,GSTH, ,GNTAH, ,GNTBH, ,GNTCH, ,GOBCH, ,GSEBCH, ,PWDOPENH,,,,,,,,
14894,21017,25455,19434,20201,,,,,,,,,,,,,,,,,,,
Stage-I, ,,,,,,,,,,,,,,,,,,,,,,
(51.4093808),(25.4779232),(0.2564006),(31.6629561),(29.9046039),,,,,,,,,,,,,,,,,,,
17567,17742,,,,,,,,,,,,,,,,,,,,,,
,Stage-IV, ,,,,,,,,,,,,,,,,,,,,,
(41.4550394),(39.3989669),,,,,,,,,,,,,,,,,,,,,,
15388,,,,,,,,,,,,,,,,,,,,,,,
,I-Non PWD / DEF, ,,,,,,,,,,,,,,,,,,,,,
(49.3533426),,,,,,,,,,,,,,,,,,,,,,,
,Home University Seats Allotted to Other Than Home University Candidates,,,,,,,,,,,,,,,,,,,,,,
,GSCH, ,GSEBCH, ,PWDSCH,,,,,,,,,,,,,,,,,,
19922,13977,,,,,,,,,,,,,,,,,,,,,,
Stage-I, ,,,,,,,,,,,,,,,,,,,,,,
(29.9046039),(56.5488095),,,,,,,,,,,,,,,,,,,,,,
20816,,,,,,,,,,,,,,,,,,,,,,,
,I-Non PWD / DEF, ,,,,,,,,,,,,,,,,,,,,,
(25.4779232),,,,,,,,,,,,,,,,,,,,,,,
,Other Than Home University Seats,,,,,,,,,,,,,,,,,,,,,,
Other Than Home University Seats Allotted to Other Than Home University Candidates,,,,,,,,,,,,,,,,,,,,,,,
,GOPENO, ,GSCO, ,GSTO, ,GNTAO, ,GNTBO, ,GNTDO, ,GOBCO, ,GSEBCO,,,,,,,,
10913,12882,18193,21566,12083,12352,,,,,,,,,,,,,,,,,,
Stage-I, ,,,,,,,,,,,,,,,,,,,,,,
(65.8578922),(58.7911466),(39.3989669),(23.1010151),(61.2807064),(61.2807064),,,,,,,,,,,,,,,,,,
12463,12780,,,,,,,,,,,,,,,,,,,,,,
,Stage-IV, ,,,,,,,,,,,,,,,,,,,,,
(61.2807064),(58.7911466),,,,,,,,,,,,,,,,,,,,,,
,Legends :, ,"Legends: G-General, L-Ladies, S-State Level Seats ,PWD - Persons with Disabilities,DEF - Defence,PWDR :PWD Common Reserved Seat",,,,,,,,,,,,,,,,,,,,
"DEFR :Defense Common Reserved Seat ,* Maharashtra State Seats - Cut Off Indicates State General Merit No. ; Figures in bracket Indicates Merit Score",,,,,,,,,,,,,,,,,,,,,,,
,Page 190 of 192,,,,,,,,,,,,,,,,,,,,,,
GOVERNMENT OF MAHARASHTRA,,,,,,,,,,,,,,,,,,,,,,,
,"Directorate of Technical Education, Maharashtra State, Mumbai.",,,,,,,,,,,,,,,,,,,,,,
,Cut Off List for Maharashtra & Minority Seats of CAP Round-III for Admission to the First Year Post Graduate Technical Course in Master of Computer Applications (MCA) for the Academic Year 2025-26,,,,,,,,,,,,,,,,,,,,,,
,16356 - Dr. Sudhakar Rao Jadhavar Institute of Management & Technology,,,,,,,,,,,,,,,,,,,,,,
,1635624110 - Master in Computer Application,,,,,,,,,,,,,,,,,,,,,,
,Status :, ,Un-Aided,,,,,,,,,,,,,,,,,,,,
,Home University Seats,,,,,,,,,,,,,,,,,,,,,,
Home University Seats Allotted to Home University Candidates,,,,,,,,,,,,,,,,,,,,,,,
,GOPENH, ,GNTBH, ,GNTCH, ,GOBCH, ,GSEBCH, ,PWDOPENH,,,,,,,,,,,,
9522,21391,21339,11919,17589,,,,,,,,,,,,,,,,,,,
Stage-I, ,,,,,,,,,,,,,,,,,,,,,,
(71.1549338),(23.1010151),(23.1010151),(63.1574978),(41.4550394),,,,,,,,,,,,,,,,,,,
10693,,,,,,,,,,,,,,,,,,,,,,,
,I-Non PWD / DEF, ,,,,,,,,,,,,,,,,,,,,,
(67.3579428),,,,,,,,,,,,,,,,,,,,,,,
,Other Than Home University Seats,,,,,,,,,,,,,,,,,,,,,,
Other Than Home University Seats Allotted to Other Than Home University Candidates,,,,,,,,,,,,,,,,,,,,,,,
,GSCO, ,GSTO,,,,,,,,,,,,,,,,,,,,
13124,,,,,,,,,,,,,,,,,,,,,,,
Stage-I, ,,,,,,,,,,,,,,,,,,,,,,
(58.7911466),,,,,,,,,,,,,,,,,,,,,,,
2481,,,,,,,,,,,,,,,,,,,,,,,
,Stage-IV, ,,,,,,,,,,,,,,,,,,,,,
(92.1797821),,,,,,,,,,,,,,,,,,,,,,,
,Legends :, ,"Legends: G-General, L-Ladies, S-State Level Seats ,PWD - Persons with Disabilities,DEF - Defence,PWDR :PWD Common Reserved Seat",,,,,,,,,,,,,,,,,,,,
"DEFR :Defense Common Reserved Seat ,* Maharashtra State Seats - Cut Off Indicates State General Merit No. ; Figures in bracket Indicates Merit Score",,,,,,,,,,,,,,,,,,,,,,,
,Page 191 of 192,,,,,,,,,,,,,,,,,,,,,,
GOVERNMENT OF MAHARASHTRA,,,,,,,,,,,,,,,,,,,,,,,
,"Directorate of Technical Education, Maharashtra State, Mumbai.",,,,,,,,,,,,,,,,,,,,,,
,Cut Off List for Maharashtra & Minority Seats of CAP Round-III for Admission to the First Year Post Graduate Technical Course in Master of Computer Applications (MCA) for the Academic Year 2025-26,,,,,,,,,,,,,,,,,,,,,,
,16358 - Zeal Institute of Technology,,,,,,,,,,,,,,,,,,,,,,
,1635824110 - Master in Computer Application,,,,,,,,,,,,,,,,,,,,,,
,Status :, ,Un-Aided,,,,,,,,,,,,,,,,,,,,
,Home University Seats,,,,,,,,,,,,,,,,,,,,,,
Home University Seats Allotted to Home University Candidates,,,,,,,,,,,,,,,,,,,,,,,
,GOPENH, ,GSCH, ,GSTH, ,GNTAH, ,GNTBH, ,GNTCH, ,GNTDH, ,GOBCH, ,GSEBCH, ,PWDOPENH,,,,
11865,24128,13344,21104,,,,,,,,,,,,,,,,,,,,
Stage-I, ,,,,,,,,,,,,,,,,,,,,,,
(63.1574978),(9.7430286),(58.7911466),(25.4779232),,,,,,,,,,,,,,,,,,,,
21492,22147,17097,17327,20138,17591,21912,,,,,,,,,,,,,,,,,
,Stage-IV, ,,,,,,,,,,,,,,,,,,,,,
(23.1010151),(19.1539942),(41.4550394),(41.4550394),(29.9046039),(41.4550394),(21.0059952),,,,,,,,,,,,,,,,,
11904,,,,,,,,,,,,,,,,,,,,,,,
,I-Non PWD / DEF, ,,,,,,,,,,,,,,,,,,,,,
(63.1574978),,,,,,,,,,,,,,,,,,,,,,,
,Other Than Home University Seats,,,,,,,,,,,,,,,,,,,,,,
Other Than Home University Seats Allotted to Other Than Home University Candidates,,,,,,,,,,,,,,,,,,,,,,,
,GOPENO, ,GOBCO,,,,,,,,,,,,,,,,,,,,
24519,25102,,,,,,,,,,,,,,,,,,,,,,
Stage-I, ,,,,,,,,,,,,,,,,,,,,,,
(5.9311489),(2.8640429),,,,,,,,,,,,,,,,,,,,,,
,Other Than Home University Seats Allotted to Home University Candidates,,,,,,,,,,,,,,,,,,,,,,
,GSCO, ,GSTO, ,GNTAO, ,GNTBO, ,GNTCO, ,GNTDO, ,GOBCO, ,GSEBCO,,,,,,,,
25282,24472,24477,24983,22861,25316,23595,,,,,,,,,,,,,,,,,
Stage-IV, ,,,,,,,,,,,,,,,,,,,,,,
(2.0301121),(7.4072677),(7.4072677),(4.067771),(15.5994113),(1.3622127),(12.4750009),,,,,,,,,,,,,,,,,
22717,,,,,,,,,,,,,,,,,,,,,,,
,Stage-I, ,,,,,,,,,,,,,,,,,,,,,
(16.9789978),,,,,,,,,,,,,,,,,,,,,,,
,State Level Seats,,,,,,,,,,,,,,,,,,,,,,
,TFWS,,,,,,,,,,,,,,,,,,,,,,
14008,,,,,,,,,,,,,,,,,,,,,,,
Stage-I, ,,,,,,,,,,,,,,,,,,,,,,
(53.942159),,,,,,,,,,,,,,,,,,,,,,,
,Legends :, ,"Legends: G-General, L-Ladies, S-State Level Seats ,PWD - Persons with Disabilities,DEF - Defence,PWDR :PWD Common Reserved Seat",,,,,,,,,,,,,,,,,,,,
"DEFR :Defense Common Reserved Seat ,* Maharashtra State Seats - Cut Off Indicates State General Merit No. ; Figures in bracket Indicates Merit Score",,,,,,,,,,,,,,,,,,,,,,,
,Page 192 of 192,,,,,,,,,,,,,,,,,,,,,,