university,college_code,college_name,choice_code,course,intake,cap_seats,si_seats,ms_seats,all_india_seats,minority_seats,institute_seats,hu_open,hu_sc,hu_st,hu_vjdt,hu_ntb,hu_ntc,hu_ntd,hu_obc,hu_sebc,ohu_open,ohu_sc,ohu_st,ohu_vjdt,ohu_ntb,ohu_ntc,ohu_ntd,ohu_obc,ohu_sebc,pwd_total,ews_seats,tfws_choice_code,tfws_seats
"Sant Gadge Baba Amravati University (GCOE, Amravati)",01002,"Government College of Engineering, Amravati",0100239210,Electronic System and Communication,0,0,0,0,0,0,0,3,2,1,1,0,0,0,2,2,1,0,0,0,0,0,0,0,0,0,0,0100239210S,4
"Sant Gadge Baba Amravati University (GCOE, Amravati)",01002,"Government College of Engineering, Amravati",0100220010,Geo Technical Engineering,0,0,0,0,0,0,0,4,1,1,0,1,1,1,2,2,1,0,0,0,0,0,0,0,0,0,0,0100220010S,4
"Sant Gadge Baba Amravati University (GCOE, Amravati)",01002,"Government College of Engineering, Amravati",0100220110,Environmental Engineering,0,0,0,0,0,0,0,1,1,1,0,0,0,1,1,1,1,0,0,0,0,0,0,0,0,0,0,0100220110S,3
"Sant Gadge Baba Amravati University (GCOE, Amravati)",01002,"Government College of Engineering, Amravati",0100221210,Structural Engineering,0,0,0,0,0,0,0,0,0,0,0,1,0,0,1,0,0,0,0,0,0,0,0,0,0,0,0,0100221210S,4
"Sant Gadge Baba Amravati University (GCOE, Amravati)",01002,"Government College of Engineering, Amravati",0100224210,Computer Science and Engineering,0,0,0,0,0,0,0,2,1,1,0,0,0,0,1,0,0,0,0,0,0,0,0,0,0,0,0,0100224210S,4
"Sant Gadge Baba Amravati University (GCOE, Amravati)",01002,"Government College of Engineering, Amravati",0100229210,Electrical Power System,0,0,0,0,0,0,0,5,2,0,0,0,1,0,2,1,1,0,0,0,0,0,0,0,0,0,0,0100229210S,4
"Sant Gadge Baba Amravati University (GCOE, Amravati)",01002,"Government College of Engineering, Amravati",0100260610,Production Engineering,0,0,0,0,0,0,0,4,2,1,1,0,0,0,3,1,1,0,0,0,0,0,0,0,0,0,0,0100260610S,4
"Sant Gadge Baba Amravati University (GCOE, Amravati)",01002,"Government College of Engineering, Amravati",0100261010,Thermal Engineering,0,0,0,0,0,0,0,4,2,1,0,0,1,0,2,2,1,0,0,0,0,0,0,0,0,0,0,0100261010S,4
Sant Gadge Baba Amravati University,01005,"Sant Gadge Baba Amravati University,Amravati",0100550710,Chemical Engineering,0,0,0,0,0,0,0,2,1,1,0,1,0,0,1,1,1,0,0,0,0,0,0,0,0,0,0,0100550710S,2
Sant Gadge Baba Amravati University,01005,"Sant Gadge Baba Amravati University,Amravati",0100591510,Computer Science and Information,0,0,0,0,0,0,0,3,1,1,1,0,0,1,2,1,1,0,0,0,0,0,0,0,0,0,0,0100591510S,4
Sant Gadge Baba Amravati University,01005,"Sant Gadge Baba Amravati University,Amravati",0100594310,Technology Artificial Intelligence and Data Science,0,0,0,0,0,0,0,5,2,1,0,0,1,0,3,1,1,0,0,0,0,0,0,0,0,0,0,0100594310S,4
Sant Gadge Baba Amravati University,01005,"Sant Gadge Baba Amravati University,Amravati",0110124510,Sant Gadge Baba Amravati University Computer Engineering,0,0,0,0,0,0,0,1,1,1,1,1,0,1,3,1,0,0,0,0,0,0,0,0,0,0,0,0110124510S,3
Sant Gadge Baba Amravati University,01005,"Sant Gadge Baba Amravati University,Amravati",0110129210,Electrical Power System,0,0,0,0,0,0,0,3,2,1,0,0,1,0,3,2,1,0,0,0,0,0,0,0,0,0,0,0110129210S,4
Sant Gadge Baba Amravati University,01005,"Sant Gadge Baba Amravati University,Amravati",0110134310,Digital Electronics,0,0,0,0,0,0,0,5,2,1,1,0,0,0,3,1,1,0,0,0,0,0,0,0,0,0,0,0110134310S,3
Sant Gadge Baba Amravati University,01005,"Sant Gadge Baba Amravati University,Amravati",0110190710,Advanced Mfg & Mechanical System design,0,0,0,0,0,0,0,4,2,1,0,0,1,0,2,2,1,0,0,0,0,0,0,0,0,0,0,0110190710S,4
Sant Gadge Baba Amravati University,01105,"Prof. Ram Meghe Institute of Technology & Research, Amravati",0110520110,Environmental Engineering,0,0,0,0,0,0,0,1,2,1,1,0,1,0,3,1,1,0,0,0,0,0,0,0,0,0,0,0110520110S,4
Sant Gadge Baba Amravati University,01105,"Prof. Ram Meghe Institute of Technology & Research, Amravati",0110521210,Structural Engineering,0,0,0,0,0,0,0,1,2,0,0,0,0,1,3,1,1,0,0,0,0,0,0,0,0,0,0,0110521210S,1
Sant Gadge Baba Amravati University,01105,"Prof. Ram Meghe Institute of Technology & Research, Amravati",0110524210,Computer Science and Engineering,0,0,0,0,0,0,0,0,2,1,1,0,1,0,3,2,1,0,0,0,0,0,0,0,0,0,0,0110524210S,4
Sant Gadge Baba Amravati University,01105,"Prof. Ram Meghe Institute of Technology & Research, Amravati",0110524610,Information Technology,0,0,0,0,0,0,0,3,1,1,0,0,1,0,1,0,0,0,0,0,0,0,0,0,0,0,0,0110524610S,2
Sant Gadge Baba Amravati University,01105,"Prof. Ram Meghe Institute of Technology & Research, Amravati",0110537210,Electronics and Telecommunication Engg,0,0,0,0,0,0,0,1,1,0,0,1,0,0,1,1,0,0,0,0,0,0,0,0,0,0,0,0110537210S,2
Sant Gadge Baba Amravati University,01105,"Prof. Ram Meghe Institute of Technology & Research, Amravati",0110560410,CAD-CAM,0,0,0,0,0,0,0,2,1,1,0,0,0,0,1,1,0,0,0,0,0,0,0,0,0,0,0,0110560410S,0
Sant Gadge Baba Amravati University,01105,"Prof. Ram Meghe Institute of Technology & Research, Amravati",0110561010,Thermal Engineering,0,0,0,0,0,0,0,3,1,0,0,0,0,0,2,1,0,0,0,0,0,0,0,0,0,0,0,0110561010S,2
Sant Gadge Baba Amravati University,01105,"Prof. Ram Meghe Institute of Technology & Research, Amravati",0110724210,Sant Gadge Baba Amravati University Computer Science and Engineering,0,0,0,0,0,0,0,0,0,0,0,0,0,0,0,0,0,0,0,0,0,0,0,0,0,0,0,0110724210S,1
Sant Gadge Baba Amravati University,01105,"Prof. Ram Meghe Institute of Technology & Research, Amravati",0110729210,Electrical Power System,0,0,0,0,0,0,0,0,1,0,0,0,1,0,0,0,0,0,0,0,0,0,0,0,0,0,0,0110729210S,0
Sant Gadge Baba Amravati University,01105,"Prof. Ram Meghe Institute of Technology & Research, Amravati",0110737210,Electronics and Telecommunication Engg,0,0,0,0,0,0,0,1,1,0,0,0,0,0,1,1,0,0,0,0,0,0,0,0,0,0,0,0110737210S,1
Sant Gadge Baba Amravati University,01105,"Prof. Ram Meghe Institute of Technology & Research, Amravati",0110761010,Thermal Engineering,0,0,0,0,0,0,0,2,1,0,0,0,0,0,1,1,0,0,0,0,0,0,0,0,0,0,0,0110761010S,1
Sant Gadge Baba Amravati University,01114,"Sipna Shikshan Prasarak Mandal College of Engineering & Technology, Amravati",0111421110,Civil - Structural Engineering,0,0,0,0,0,0,0,1,2,0,0,0,1,1,2,1,1,0,0,0,0,0,0,0,0,0,0,0111421110S,4
Sant Gadge Baba Amravati University,01114,"Sipna Shikshan Prasarak Mandal College of Engineering & Technology, Amravati",0111424210,Computer Science and Engineering,0,0,0,0,0,0,0,4,2,1,1,1,1,0,3,2,1,0,0,0,0,0,0,0,0,0,0,0111424210S,4
Sant Gadge Baba Amravati University,01114,"Sipna Shikshan Prasarak Mandal College of Engineering & Technology, Amravati",0111424610,Information Technology,0,0,0,0,0,0,0,3,2,1,0,1,0,0,3,1,1,0,0,0,0,0,0,0,0,0,0,0111424610S,4
Sant Gadge Baba Amravati University,01114,"Sipna Shikshan Prasarak Mandal College of Engineering & Technology, Amravati",0111437210,Electronics and Telecommunication Engg,0,0,0,0,0,0,0,3,2,1,0,0,1,0,3,1,1,0,0,0,0,0,0,0,0,0,0,0111437210S,4
Sant Gadge Baba Amravati University,01114,"Sipna Shikshan Prasarak Mandal College of Engineering & Technology, Amravati",0111447410,Mechanical (Computer Integrated,0,0,0,0,0,0,0,5,2,1,1,0,0,0,2,2,1,0,0,0,0,0,0,0,0,0,0,0111447410S,3
Sant Gadge Baba Amravati University,01114,"Sipna Shikshan Prasarak Mandal College of Engineering & Technology, Amravati",0111624210,Manufacturing) Sant Gadge Baba Amravati University Computer Science and Engineering,0,0,0,0,0,0,0,0,0,1,1,0,0,0,0,1,0,0,0,0,0,0,0,0,0,0,0,0111624210S,0
Sant Gadge Baba Amravati University,01114,"Sipna Shikshan Prasarak Mandal College of Engineering & Technology, Amravati",0111621210,Structural Engineering,0,0,0,0,0,0,0,2,0,1,0,0,1,1,3,1,1,0,0,0,0,0,0,0,0,0,0,0111621210S,1
Sant Gadge Baba Amravati University,01117,"Janata Shikshan Prasarak Mandal's Babasaheb Naik College Of Engineering, Pusad",0111721210,Structural Engineering,0,0,0,0,0,0,0,1,1,1,0,1,1,0,2,1,1,0,0,0,0,0,0,0,0,0,0,0111721210S,2
Sant Gadge Baba Amravati University,01117,"Janata Shikshan Prasarak Mandal's Babasaheb Naik College Of Engineering, Pusad",0111724210,Computer Science and Engineering,0,0,0,0,0,0,0,1,0,1,1,0,0,0,1,0,0,0,0,0,0,0,0,0,0,0,0,0111724210S,1
Sant Gadge Baba Amravati University,01117,"Janata Shikshan Prasarak Mandal's Babasaheb Naik College Of Engineering, Pusad",0111734310,Digital Electronics,0,0,0,0,0,0,0,2,1,0,0,0,0,1,1,0,0,0,0,0,0,0,0,0,0,0,0,0111734310S,2
Sant Gadge Baba Amravati University,01117,"Janata Shikshan Prasarak Mandal's Babasaheb Naik College Of Engineering, Pusad",0111762110,Mechanical Engineering (CAD/CAM),0,0,0,0,0,0,0,2,1,0,0,0,0,0,1,1,0,0,0,0,0,0,0,0,0,0,0,0111762110S,2
Sant Gadge Baba Amravati University,01117,"Janata Shikshan Prasarak Mandal's Babasaheb Naik College Of Engineering, Pusad",0111924210,Sant Gadge Baba Amravati University Computer Science and Engineering,0,0,0,0,0,0,0,0,1,1,1,0,0,0,1,1,0,0,0,0,0,0,0,0,0,0,0,0111924210S,2
Sant Gadge Baba Amravati University,01117,"Janata Shikshan Prasarak Mandal's Babasaheb Naik College Of Engineering, Pusad",0111950710,Chemical Engineering,0,0,0,0,0,0,0,1,1,0,0,1,0,0,1,1,0,0,0,0,0,0,0,0,0,0,0,0111950710S,2
Sant Gadge Baba Amravati University,01117,"Janata Shikshan Prasarak Mandal's Babasaheb Naik College Of Engineering, Pusad",0111960510,Mechanical CAD/CAM,0,0,0,0,0,0,0,5,2,1,0,0,1,0,3,1,1,0,0,0,0,0,0,0,0,0,0,0111960510S,3
Sant Gadge Baba Amravati University,01117,"Janata Shikshan Prasarak Mandal's Babasaheb Naik College Of Engineering, Pusad",0112124210,Sant Gadge Baba Amravati University Computer Science and Engineering,0,0,0,0,0,0,0,1,2,1,0,1,1,0,2,2,1,0,0,0,0,0,0,0,0,0,0,0112124210S,2
Sant Gadge Baba Amravati University,01117,"Janata Shikshan Prasarak Mandal's Babasaheb Naik College Of Engineering, Pusad",0112137210,Electronics and Telecommunication Engg,0,0,0,0,0,0,0,3,2,1,1,0,0,0,3,1,1,0,0,0,0,0,0,0,0,0,0,0112137210S,4
Sant Gadge Baba Amravati University,01123,"Dr.Rajendra Gode Institute of Technology & Research, Amravati",0112324210,Computer Science and Engineering,0,0,0,0,0,0,0,0,1,0,0,0,1,1,0,1,0,0,0,0,0,0,0,0,0,0,0,0112324210S,1
Sant Gadge Baba Amravati University,01123,"Dr.Rajendra Gode Institute of Technology & Research, Amravati",0112337210,Electronics and Telecommunication Engg,0,0,0,0,0,0,0,0,2,0,1,0,0,0,2,1,1,0,0,0,0,0,0,0,0,0,0,0112337210S,2
Sant Gadge Baba Amravati University,01123,"Dr.Rajendra Gode Institute of Technology & Research, Amravati",0112361010,Thermal Engineering,0,0,0,0,0,0,0,3,1,1,0,0,0,0,2,1,1,0,0,0,0,0,0,0,0,0,0,0112361010S,1
Sant Gadge Baba Amravati University,01123,"Dr.Rajendra Gode Institute of Technology & Research, Amravati",0112391210,Transportation Engineering and Management,0,0,0,0,0,0,0,0,1,1,0,0,0,0,1,1,1,0,0,0,0,0,0,0,0,0,0,0112391210S,0
Sant Gadge Baba Amravati University,01123,"Dr.Rajendra Gode Institute of Technology & Research, Amravati",0112524210,Sant Gadge Baba Amravati University Computer Science and Engineering,0,0,0,0,0,0,0,0,1,0,1,0,1,0,2,1,0,0,0,0,0,0,0,0,0,0,0,0112524210S,0
Sant Gadge Baba Amravati University,01123,"Dr.Rajendra Gode Institute of Technology & Research, Amravati",0112561010,Thermal Engineering,0,0,0,0,0,0,0,3,1,1,0,0,0,0,2,1,1,0,0,0,0,0,0,0,0,0,0,0112561010S,2
Sant Gadge Baba Amravati University,01123,"Dr.Rajendra Gode Institute of Technology & Research, Amravati",0112624210,Sant Gadge Baba Amravati University Computer Science and Engineering,0,0,0,0,0,0,0,2,0,1,0,0,1,0,1,0,0,0,0,0,0,0,0,0,0,0,0,0112624210S,1
Sant Gadge Baba Amravati University,01123,"Dr.Rajendra Gode Institute of Technology & Research, Amravati",0112629210,Electrical Power System,0,0,0,0,0,0,0,1,1,0,0,0,0,0,0,1,0,0,0,0,0,0,0,0,0,0,0,0112629210S,0
Sant Gadge Baba Amravati University,01127,"Jagadambha Bahuuddeshiya Gramin Vikas Sanstha's Jagdambha College of Engineering and Technology, Yavatmal",0112724210,Computer Science and Engineering,0,0,0,0,0,0,0,3,1,1,0,0,0,0,2,1,1,0,0,0,0,0,0,0,0,0,0,0112724210S,3
Sant Gadge Baba Amravati University,01127,"Jagadambha Bahuuddeshiya Gramin Vikas Sanstha's Jagdambha College of Engineering and Technology, Yavatmal",0112824210,Sant Gadge Baba Amravati University Computer Science and Engineering,0,0,0,0,0,0,0,4,1,1,1,1,0,1,3,1,1,0,0,0,0,0,0,0,0,0,0,0112824210S,3
Sant Gadge Baba Amravati University,01127,"Jagadambha Bahuuddeshiya Gramin Vikas Sanstha's Jagdambha College of Engineering and Technology, Yavatmal",0112834310,Digital Electronics,0,0,0,0,0,0,0,5,2,1,0,0,1,0,2,2,1,0,0,0,0,0,0,0,0,0,0,0112834310S,4
Sant Gadge Baba Amravati University,01127,"Jagadambha Bahuuddeshiya Gramin Vikas Sanstha's Jagdambha College of Engineering and Technology, Yavatmal",0112858110,Electrical Engineering [Electronics & Power],0,0,0,0,0,0,0,3,2,1,1,0,1,0,3,1,1,0,0,0,0,0,0,0,0,0,0,0112858110S,3
Sant Gadge Baba Amravati University,01127,"Jagadambha Bahuuddeshiya Gramin Vikas Sanstha's Jagdambha College of Engineering and Technology, Yavatmal",0112891010,Construction Engg and Management,0,0,0,0,0,0,0,2,2,1,0,0,0,0,3,2,1,0,0,0,0,0,0,0,0,0,0,0112891010S,4
Sant Gadge Baba Amravati University,01127,"Jagadambha Bahuuddeshiya Gramin Vikas Sanstha's Jagdambha College of Engineering and Technology, Yavatmal",0113021210,Sant Gadge Baba Amravati University Structural Engineering,0,0,0,0,0,0,0,0,0,0,0,0,0,1,0,0,0,0,0,0,0,0,0,0,0,0,0,0113021210S,1
Sant Gadge Baba Amravati University,01127,"Jagadambha Bahuuddeshiya Gramin Vikas Sanstha's Jagdambha College of Engineering and Technology, Yavatmal",0113024210,Computer Science and Engineering,0,0,0,0,0,0,0,0,0,1,0,0,0,0,0,0,0,0,0,0,0,0,0,0,0,0,0,0113024210S,0
Sant Gadge Baba Amravati University,01127,"Jagadambha Bahuuddeshiya Gramin Vikas Sanstha's Jagdambha College of Engineering and Technology, Yavatmal",0113029210,Electrical Power System,0,0,0,0,0,0,0,0,1,0,0,0,0,0,1,1,0,0,0,0,0,0,0,0,0,0,0,0113029210S,0
Sant Gadge Baba Amravati University,01127,"Jagadambha Bahuuddeshiya Gramin Vikas Sanstha's Jagdambha College of Engineering and Technology, Yavatmal",0113060410,CAD-CAM,0,0,0,0,0,0,0,0,1,0,0,0,0,0,1,1,0,0,0,0,0,0,0,0,0,0,0,0113060410S,0
Sant Gadge Baba Amravati University,01180,"Sanmati Engineering College, Sawargaon Barde, Washim",0118021210,Structural Engineering,0,0,0,0,0,0,0,1,1,1,0,0,1,0,1,1,1,0,0,0,0,0,0,0,0,0,0,0118021210S,2
Sant Gadge Baba Amravati University,01180,"Sanmati Engineering College, Sawargaon Barde, Washim",0118091510,Computer Science and Information,0,0,0,0,0,0,0,0,1,1,0,0,0,0,2,1,1,0,0,0,0,0,0,0,0,0,0,0118091510S,1
Sant Gadge Baba Amravati University,01180,"Sanmati Engineering College, Sawargaon Barde, Washim",0118224510,Technology Sant Gadge Baba Amravati University Computer Engineering,0,0,0,0,0,0,0,0,0,1,0,0,0,1,0,2,0,0,0,0,0,0,0,0,0,0,0,0118224510S,0
Sant Gadge Baba Amravati University,01180,"Sanmati Engineering College, Sawargaon Barde, Washim",0118258110,Electrical Engineering [Electronics & Power],0,0,0,0,0,0,0,0,2,1,0,0,1,0,0,2,0,0,0,0,0,0,0,0,0,0,0,0118258110S,0
Sant Gadge Baba Amravati University,01180,"Sanmati Engineering College, Sawargaon Barde, Washim",0118260510,Mechanical CAD/CAM,0,0,0,0,0,0,0,3,2,1,1,0,0,0,3,1,1,0,0,0,0,0,0,0,0,0,0,0118260510S,0
Sant Gadge Baba Amravati University,01180,"Sanmati Engineering College, Sawargaon Barde, Washim",0118247710,Computer Aided Structural Engineering,0,0,0,0,0,0,0,2,0,0,0,0,1,0,2,1,1,0,0,0,0,0,0,0,0,0,0,0118247710S,0
Sant Gadge Baba Amravati University,01180,"Sanmati Engineering College, Sawargaon Barde, Washim",0126529210,Sant Gadge Baba Amravati University Electrical Power System,0,0,0,0,0,0,0,0,1,0,0,1,0,0,2,1,1,0,0,0,0,0,0,0,0,0,0,0126529210S,1
Sant Gadge Baba Amravati University,01180,"Sanmati Engineering College, Sawargaon Barde, Washim",0126534310,Digital Electronics,0,0,0,0,0,0,0,1,2,1,1,0,1,0,2,1,1,0,0,0,0,0,0,0,0,0,0,0126534310S,2
Dr. Babasaheb Aambedkar Marathwada University (GCOE Aurangabad),02008,"Government College of Engineering, Chhatrapati Sambhajinagar",0200819710,Water Resource Engineering,0,0,0,0,0,0,0,3,0,1,0,0,1,0,1,0,0,0,0,0,0,0,0,0,0,0,0,0200819710S,4
Dr. Babasaheb Aambedkar Marathwada University (GCOE Aurangabad),02008,"Government College of Engineering, Chhatrapati Sambhajinagar",0200821210,Structural Engineering,0,0,0,0,0,0,0,3,0,0,0,0,0,0,2,1,0,0,0,0,0,0,0,0,0,0,0,0200821210S,4
Dr. Babasaheb Aambedkar Marathwada University (GCOE Aurangabad),02008,"Government College of Engineering, Chhatrapati Sambhajinagar",0200824210,Computer Science and Engineering,0,0,0,0,0,0,0,1,0,1,0,0,0,0,0,0,0,0,0,0,0,0,0,0,0,0,0,0200824210S,2
Dr. Babasaheb Aambedkar Marathwada University (GCOE Aurangabad),02008,"Government College of Engineering, Chhatrapati Sambhajinagar",0200829110,Electrical Machine and Drive,0,0,0,0,0,0,0,4,1,1,1,0,0,0,3,1,1,0,0,0,0,0,0,0,0,0,0,0200829110S,4
Dr. Babasaheb Aambedkar Marathwada University (GCOE Aurangabad),02008,"Government College of Engineering, Chhatrapati Sambhajinagar",0200829210,Electrical Power System,0,0,0,0,0,0,0,0,0,0,0,0,0,0,2,0,0,0,0,0,0,0,0,0,0,0,0,0200829210S,4
Dr. Babasaheb Aambedkar Marathwada University (GCOE Aurangabad),02008,"Government College of Engineering, Chhatrapati Sambhajinagar",0200837610,Electronics Engineering,0,0,0,0,0,0,0,3,2,1,1,0,0,0,3,1,1,0,0,0,0,0,0,0,0,0,0,0200837610S,4
Dr. Babasaheb Aambedkar Marathwada University (GCOE Aurangabad),02008,"Government College of Engineering, Chhatrapati Sambhajinagar",0200860610,Production Engineering,0,0,0,0,0,0,0,4,2,1,0,0,1,0,3,0,1,0,0,0,0,0,0,0,0,0,0,0200860610S,4
Dr. Babasaheb Aambedkar Marathwada University (GCOE Aurangabad),02008,"Government College of Engineering, Chhatrapati Sambhajinagar",0200820010,Geo Technical Engineering,0,0,0,0,0,0,0,1,0,1,0,1,0,0,2,1,1,0,0,0,0,0,0,0,0,0,0,0200820010S,3
"Swami Ramanand Teerth Marathwada University (SGGS, Nanded)",02020,"Shri Guru Gobind Singhji Institute of Engineering and Technology, Nanded",0202019910,Civil Engineering (Water Management),0,0,0,0,0,0,0,2,1,1,1,0,0,1,3,1,0,0,0,0,0,0,0,0,0,0,0,0202019910S,4
"Swami Ramanand Teerth Marathwada University (SGGS, Nanded)",02020,"Shri Guru Gobind Singhji Institute of Engineering and Technology, Nanded",0202021210,Structural Engineering,0,0,0,0,0,0,0,0,0,0,0,0,0,0,0,0,0,0,0,0,0,0,0,0,0,0,0,0202021210S,4
"Swami Ramanand Teerth Marathwada University (SGGS, Nanded)",02020,"Shri Guru Gobind Singhji Institute of Engineering and Technology, Nanded",0202024610,Information Technology,0,0,0,0,0,0,0,4,2,1,1,1,0,0,3,1,1,0,0,0,0,0,0,0,0,0,0,0202024610S,3
"Swami Ramanand Teerth Marathwada University (SGGS, Nanded)",02020,"Shri Guru Gobind Singhji Institute of Engineering and Technology, Nanded",0202026710,Computer Networks and Information Security,0,0,0,0,0,0,0,3,2,1,0,0,0,0,3,2,1,0,0,0,0,0,0,0,0,0,0,0202026710S,3
"Swami Ramanand Teerth Marathwada University (SGGS, Nanded)",02020,"Shri Guru Gobind Singhji Institute of Engineering and Technology, Nanded",0202046610,Instrumentation Engineering,0,0,0,0,0,0,0,4,2,1,0,0,1,0,3,1,1,0,0,0,0,0,0,0,0,0,0,0202046610S,4
"Swami Ramanand Teerth Marathwada University (SGGS, Nanded)",02020,"Shri Guru Gobind Singhji Institute of Engineering and Technology, Nanded",0202062010,VLSI and Embedded Systems Design,0,0,0,0,0,0,0,4,2,1,1,0,1,0,2,1,1,0,0,0,0,0,0,0,0,0,0,0202062010S,4
"Swami Ramanand Teerth Marathwada University (SGGS, Nanded)",02020,"Shri Guru Gobind Singhji Institute of Engineering and Technology, Nanded",0202062110,Mechanical Engineering (CAD/CAM),0,0,0,0,0,0,0,6,2,1,0,1,1,0,4,2,1,0,0,0,0,0,0,0,0,0,0,0202062110S,6
"Swami Ramanand Teerth Marathwada University (SGGS, Nanded)",02020,"Shri Guru Gobind Singhji Institute of Engineering and Technology, Nanded",0202062410,Mechanical - Product Life Cycle Management,0,0,0,0,0,0,0,4,2,1,0,0,1,0,2,2,1,0,0,0,0,0,0,0,0,0,0,0202062410S,4
"Swami Ramanand Teerth Marathwada University (SGGS, Nanded)",02020,"Shri Guru Gobind Singhji Institute of Engineering and Technology, Nanded",0202089610,Textile Technology,0,0,0,0,0,0,0,2,0,0,0,1,0,0,2,1,0,0,0,0,0,0,0,0,0,0,0,0202089610S,2
"Swami Ramanand Teerth Marathwada University (SGGS, Nanded)",02020,"Shri Guru Gobind Singhji Institute of Engineering and Technology, Nanded",0202005010,Artificial Intelligence,0,0,0,0,0,0,0,4,2,1,0,0,0,0,2,1,0,0,0,0,0,0,0,0,0,1,0,0202005010S,6
"Swami Ramanand Teerth Marathwada University (SGGS, Nanded)",02020,"Shri Guru Gobind Singhji Institute of Engineering and Technology, Nanded",0202153310,Dr. Babasaheb Aambedkar Marathwada University Drugs & Pharmaceuticals,0,0,0,0,0,0,0,1,1,0,0,0,0,1,0,1,1,0,0,0,0,0,0,0,0,0,0,0202153310S,2
"Swami Ramanand Teerth Marathwada University (SGGS, Nanded)",02020,"Shri Guru Gobind Singhji Institute of Engineering and Technology, Nanded",0202150310,Food Technology,0,0,0,0,0,0,0,7,3,2,1,1,1,0,4,2,1,0,0,0,0,0,0,0,0,1,0,0202150310S,7
"Dr. Babasaheb Ambedkar Technological University,Lonere",02111,"Everest Education Society, Group of Institutions (Integrated Campus), Ohar",0211124210,Computer Science and Engineering,0,0,0,0,0,0,0,2,0,0,0,0,0,0,0,0,0,0,0,0,0,0,0,0,0,0,0,0211124210S,0
"Dr. Babasaheb Ambedkar Technological University,Lonere",02111,"Everest Education Society, Group of Institutions (Integrated Campus), Ohar",0211160810,Manufacturing Engineering,0,0,0,0,0,0,0,2,0,0,0,0,0,0,0,0,0,0,0,0,0,0,0,0,0,0,0,0211160810S,0
"Dr. Babasaheb Ambedkar Technological University,Lonere",02111,"Everest Education Society, Group of Institutions (Integrated Campus), Ohar",0211221210,"Dr. Babasaheb Ambedkar Technological University,Lonere Structural Engineering",0,0,0,0,0,0,0,0,1,1,0,0,0,0,1,2,0,0,0,0,0,0,0,0,0,0,0,0211221210S,1
"Dr. Babasaheb Ambedkar Technological University,Lonere",02111,"Everest Education Society, Group of Institutions (Integrated Campus), Ohar",0211224210,Computer Science and Engineering,0,0,0,0,0,0,0,2,2,1,0,1,1,0,3,1,1,0,0,0,0,0,0,0,0,0,0,0211224210S,1
"Dr. Babasaheb Ambedkar Technological University,Lonere",02111,"Everest Education Society, Group of Institutions (Integrated Campus), Ohar",0211237210,Electronics and Telecommunication Engg,0,0,0,0,0,0,0,3,2,1,0,0,0,0,3,2,1,0,0,0,0,0,0,0,0,0,0,0211237210S,2
"Dr. Babasaheb Ambedkar Technological University,Lonere",02111,"Everest Education Society, Group of Institutions (Integrated Campus), Ohar",0211261210,Mechanical Engineering,0,0,0,0,0,0,0,4,2,1,1,0,1,0,2,1,1,0,0,0,0,0,0,0,0,0,0,0211261210S,2
Dr. Babasaheb Aambedkar Marathwada University,02113,"G. S. Mandal's Maharashtra Institute of Technology, Aurangabad",0211394910,Artificial Intelligence and Machine Learning,0,0,0,0,0,0,0,3,1,1,0,0,0,0,2,1,1,0,0,0,0,0,0,0,0,0,0,0211394910S,3
Dr. Babasaheb Aambedkar Marathwada University,02113,"G. S. Mandal's Maharashtra Institute of Technology, Aurangabad",0211397010,Computer Science and Engineering (Data,0,0,0,0,0,0,0,0,1,1,0,0,0,0,2,1,1,0,0,0,0,0,0,0,0,0,0,0211397010S,0
Dr. Babasaheb Aambedkar Marathwada University,02113,"G. S. Mandal's Maharashtra Institute of Technology, Aurangabad",0211321210,Science and Analytics) Structural Engineering,0,0,0,0,0,0,0,4,2,1,0,0,0,0,2,2,1,0,0,0,0,0,0,0,0,0,0,0211321210S,3
Dr. Babasaheb Aambedkar Marathwada University,02113,"G. S. Mandal's Maharashtra Institute of Technology, Aurangabad",0211325410,Computer Science and Technology,0,0,0,0,0,0,0,0,0,0,1,1,0,0,1,1,0,0,0,0,0,0,0,0,0,0,0,0211325410S,3
Dr. Babasaheb Aambedkar Marathwada University,02113,"G. S. Mandal's Maharashtra Institute of Technology, Aurangabad",0211338010,Electrical Drives and Control,0,0,0,0,0,0,0,1,1,0,1,0,1,0,2,1,1,0,0,0,0,0,0,0,0,0,0,0211338010S,3
Dr. Babasaheb Aambedkar Marathwada University,02113,"G. S. Mandal's Maharashtra Institute of Technology, Aurangabad",0211338110,Electronics and Telecommunication,0,0,0,0,0,0,0,3,1,1,0,0,0,0,2,1,1,0,0,0,0,0,0,0,0,0,0,0211338110S,3
Dr. Babasaheb Aambedkar Marathwada University,02113,"G. S. Mandal's Maharashtra Institute of Technology, Aurangabad",0211350410,Food Processing Technology,0,0,0,0,0,0,0,6,2,1,1,0,1,1,3,2,1,0,0,0,0,0,0,0,0,0,0,0211350410S,6
Dr. Babasaheb Aambedkar Marathwada University,02113,"G. S. Mandal's Maharashtra Institute of Technology, Aurangabad",0211361210,Mechanical Engineering,0,0,0,0,0,0,0,3,1,1,0,0,0,0,2,1,1,0,0,0,0,0,0,0,0,0,0,0211361210S,3
"Dr. Babasaheb Ambedkar Technological University,Lonere",02114,"Deogiri Institute of Engineering and Management Studies, Aurangabad",0211421210,Structural Engineering,0,0,0,0,0,0,0,0,1,0,0,0,0,0,0,0,0,0,0,0,0,0,0,0,0,0,0,0211421210S,3
"Dr. Babasaheb Ambedkar Technological University,Lonere",02114,"Deogiri Institute of Engineering and Management Studies, Aurangabad",0211424210,Computer Science and Engineering,0,0,0,0,0,0,0,3,2,1,0,0,1,0,3,2,0,0,0,0,0,0,0,0,0,0,0,0211424210S,1
"Dr. Babasaheb Ambedkar Technological University,Lonere",02114,"Deogiri Institute of Engineering and Management Studies, Aurangabad",0211437210,Electronics and Telecommunication Engg,0,0,0,0,0,0,0,1,1,1,1,0,0,1,2,1,1,0,0,0,0,0,0,0,0,0,0,0211437210S,4
"Dr. Babasaheb Ambedkar Technological University,Lonere",02114,"Deogiri Institute of Engineering and Management Studies, Aurangabad",0211461210,Mechanical Engineering,0,0,0,0,0,0,0,1,0,1,0,1,1,0,4,2,1,0,0,0,0,0,0,0,0,0,0,0211461210S,3
"Dr. Babasaheb Ambedkar Technological University,Lonere",02114,"Deogiri Institute of Engineering and Management Studies, Aurangabad",0211463010,Automotive Technology,0,0,0,0,0,0,0,2,2,1,1,1,1,0,3,2,1,0,0,0,0,0,0,0,0,0,0,0211463010S,4
"Dr. Babasaheb Ambedkar Technological University,Lonere",02114,"Deogiri Institute of Engineering and Management Studies, Aurangabad",0211495110,Civil Engineering (Computer Aided Structural,0,0,0,0,0,0,0,0,0,0,0,0,0,0,0,0,0,0,0,0,0,0,0,0,0,0,0,0211495110S,3
"Dr. Babasaheb Ambedkar Technological University,Lonere",02114,"Deogiri Institute of Engineering and Management Studies, Aurangabad",0212721210,"Engineering) Dr. Babasaheb Ambedkar Technological University,Lonere Structural Engineering",0,0,0,0,0,0,0,3,2,1,1,1,0,0,3,1,1,0,0,0,0,0,0,0,0,0,0,0212721210S,3
"Dr. Babasaheb Ambedkar Technological University,Lonere",02114,"Deogiri Institute of Engineering and Management Studies, Aurangabad",0212724210,Computer Science and Engineering,0,0,0,0,0,0,0,2,1,0,0,0,1,1,1,0,0,0,0,0,0,0,0,0,0,0,0,0212724210S,2
"Dr. Babasaheb Ambedkar Technological University,Lonere",02114,"Deogiri Institute of Engineering and Management Studies, Aurangabad",0212738110,Electronics and Telecommunication,0,0,0,0,0,0,0,3,1,0,0,0,0,0,2,1,0,0,0,0,0,0,0,0,0,0,0,0212738110S,2
"Dr. Babasaheb Ambedkar Technological University,Lonere",02114,"Deogiri Institute of Engineering and Management Studies, Aurangabad",0212761610,Manufacturing Processing Engineering,0,0,0,0,0,0,0,3,1,1,0,0,0,0,1,1,0,0,0,0,0,0,0,0,0,0,0,0212761610S,2
"Dr. Babasaheb Ambedkar Technological University,Lonere",02129,"M.S. Bidve Engineering College, Latur",0212921210,Structural Engineering,0,0,0,0,0,0,0,0,0,0,0,0,1,0,0,0,0,0,0,0,0,0,0,0,0,0,0,0212921210S,0
"Dr. Babasaheb Ambedkar Technological University,Lonere",02129,"M.S. Bidve Engineering College, Latur",0212924510,Computer Engineering,0,0,0,0,0,0,0,0,1,0,0,0,1,0,0,0,0,0,0,0,0,0,0,0,0,0,0,0212924510S,1
"Dr. Babasaheb Ambedkar Technological University,Lonere",02129,"M.S. Bidve Engineering College, Latur",0212937010,Electronics and Communication Engineering,0,0,0,0,0,0,0,3,2,1,1,0,0,0,3,1,1,0,0,0,0,0,0,0,0,0,0,0212937010S,0
"Dr. Babasaheb Ambedkar Technological University,Lonere",02129,"M.S. Bidve Engineering College, Latur",0212961910,Machine Design,0,0,0,0,0,0,0,5,2,1,0,0,0,0,3,2,1,0,0,0,0,0,0,0,0,0,0,0212961910S,3
"Dr. Babasaheb Ambedkar Technological University,Lonere",02129,"M.S. Bidve Engineering College, Latur",0213024210,"Dr. Babasaheb Ambedkar Technological University,Lonere Computer Science and Engineering",0,0,0,0,0,0,0,0,1,1,0,0,0,0,2,1,0,0,0,0,0,0,0,0,0,0,0,0213024210S,0
"Dr. Babasaheb Ambedkar Technological University,Lonere",02129,"M.S. Bidve Engineering College, Latur",0213037210,Electronics and Telecommunication Engg,0,0,0,0,0,0,0,1,1,1,0,1,1,0,2,2,1,0,0,0,0,0,0,0,0,0,0,0213037210S,0
"Dr. Babasaheb Ambedkar Technological University,Lonere",02133,"Mahatma Basaweshwar Education Society's College of Engineering, Ambejogai",0213329410,Control System Engineering,0,0,0,0,0,0,0,0,0,0,0,0,0,1,3,1,0,0,0,0,0,0,0,0,0,0,0,0213329410S,0
"Dr. Babasaheb Ambedkar Technological University,Lonere",02133,"Mahatma Basaweshwar Education Society's College of Engineering, Ambejogai",0213339310,Digital Communications,0,0,0,0,0,0,0,4,2,1,1,0,1,0,2,1,1,0,0,0,0,0,0,0,0,0,0,0213339310S,2
"Dr. Babasaheb Ambedkar Technological University,Lonere",02133,"Mahatma Basaweshwar Education Society's College of Engineering, Ambejogai",0213361610,Manufacturing Processing Engineering,0,0,0,0,0,0,0,4,2,1,1,0,1,0,3,1,1,0,0,0,0,0,0,0,0,0,0,0213361610S,3
"Dr. Babasaheb Ambedkar Technological University,Lonere",02133,"Mahatma Basaweshwar Education Society's College of Engineering, Ambejogai",0213391510,Computer Science and Information,0,0,0,0,0,0,0,0,0,1,0,1,0,0,2,2,0,0,0,0,0,0,0,0,0,0,0,0213391510S,1
"Dr. Babasaheb Ambedkar Technological University,Lonere",02133,"Mahatma Basaweshwar Education Society's College of Engineering, Ambejogai",0213395110,Technology Civil Engineering (Computer Aided Structural,0,0,0,0,0,0,0,0,0,0,0,0,0,0,1,0,0,0,0,0,0,0,0,0,0,0,0,0213395110S,0
"Dr. Babasaheb Ambedkar Technological University,Lonere",02133,"Mahatma Basaweshwar Education Society's College of Engineering, Ambejogai",0213421210,"Engineering) Dr. Babasaheb Ambedkar Technological University,Lonere Structural Engineering",0,0,0,0,0,0,0,0,0,1,1,0,0,0,1,1,1,0,0,0,0,0,0,0,0,0,0,0213421210S,4
"Dr. Babasaheb Ambedkar Technological University,Lonere",02133,"Mahatma Basaweshwar Education Society's College of Engineering, Ambejogai",0213429210,Electrical Power System,0,0,0,0,0,0,0,0,1,1,0,0,0,0,3,2,0,0,0,0,0,0,0,0,0,0,0,0213429210S,4
"Dr. Babasaheb Ambedkar Technological University,Lonere",02133,"Mahatma Basaweshwar Education Society's College of Engineering, Ambejogai",0213490710,Advanced Mfg & Mechanical System design,0,0,0,0,0,0,0,5,2,1,0,1,0,0,2,2,1,0,0,0,0,0,0,0,0,0,0,0213490710S,3
"Dr. Babasaheb Ambedkar Technological University,Lonere",02133,"Mahatma Basaweshwar Education Society's College of Engineering, Ambejogai",0213495410,Computer Science and Engineering (Cyber,0,0,0,0,0,0,0,1,1,1,0,0,1,0,3,1,1,0,0,0,0,0,0,0,0,0,0,0213495410S,4
"Dr. Babasaheb Ambedkar Technological University,Lonere",02133,"Mahatma Basaweshwar Education Society's College of Engineering, Ambejogai",0213496810,Security) Electronics and Communication (VLSI,0,0,0,0,0,0,0,4,2,1,1,0,1,0,3,1,1,0,0,0,0,0,0,0,0,0,0,0213496810S,4
"Dr. Babasaheb Ambedkar Technological University,Lonere",02136,"Aditya Engineering College , Beed",0213626010,Software Engineering,0,0,0,0,0,0,0,1,1,1,0,1,1,1,2,1,1,0,0,0,0,0,0,0,0,0,0,0213626010S,0
"Dr. Babasaheb Ambedkar Technological University,Lonere",02136,"Aditya Engineering College , Beed",0213637210,Electronics and Telecommunication Engg,0,0,0,0,0,0,0,0,1,1,0,0,0,0,3,2,1,0,0,0,0,0,0,0,0,0,0,0213637210S,1
"Dr. Babasaheb Ambedkar Technological University,Lonere",02136,"Aditya Engineering College , Beed",0213660410,CAD-CAM,0,0,0,0,0,0,0,1,2,1,1,0,1,0,3,1,1,0,0,0,0,0,0,0,0,0,0,0213660410S,1
"Dr. Babasaheb Ambedkar Technological University,Lonere",02136,"Aditya Engineering College , Beed",0213829210,"Dr. Babasaheb Ambedkar Technological University,Lonere Electrical Power System",0,0,0,0,0,0,0,0,1,1,0,0,1,0,2,2,1,0,0,0,0,0,0,0,0,0,0,0213829210S,0
"Dr. Babasaheb Ambedkar Technological University,Lonere",02136,"Aditya Engineering College , Beed",0213861210,Mechanical Engineering,0,0,0,0,0,0,0,1,2,1,1,0,0,0,3,1,1,0,0,0,0,0,0,0,0,0,0,0213861210S,3
Dr. Babasaheb Aambedkar Marathwada University,02516,International Centre Of Excellence In Engineering and Management (ICEEM),0251624210,Computer Science and Engineering,0,0,0,0,0,0,0,1,2,1,1,1,0,0,2,2,1,0,0,0,0,0,0,0,0,0,0,0251624210S,0
Dr. Babasaheb Aambedkar Marathwada University,02516,International Centre Of Excellence In Engineering and Management (ICEEM),0251661210,Mechanical Engineering,0,0,0,0,0,0,0,5,2,1,0,0,1,0,3,1,1,0,0,0,0,0,0,0,0,0,0,0251661210S,2
Dr. Babasaheb Aambedkar Marathwada University,02516,International Centre Of Excellence In Engineering and Management (ICEEM),0253396810,"Dr. Babasaheb Ambedkar Technological University,Lonere Electronics and Communication (VLSI",0,0,0,0,0,0,0,0,1,1,0,0,0,0,2,1,1,0,0,0,0,0,0,0,0,0,0,0253396810S,3
Dr. Babasaheb Aambedkar Marathwada University,02516,International Centre Of Excellence In Engineering and Management (ICEEM),0253396910,Design) Electronics and Communication (Advanced,0,0,0,0,0,0,0,3,1,1,0,0,0,0,2,1,1,0,0,0,0,0,0,0,0,0,0,0253396910S,3
Dr. Babasaheb Aambedkar Marathwada University,02516,International Centre Of Excellence In Engineering and Management (ICEEM),0253395110,Communication Technology) Civil Engineering (Computer Aided Structural,0,0,0,0,0,0,0,0,0,1,0,0,0,0,2,1,1,0,0,0,0,0,0,0,0,0,0,0253395110S,1
Dr. Babasaheb Aambedkar Marathwada University,02516,International Centre Of Excellence In Engineering and Management (ICEEM),0253395610,Engineering) Automation and Robotics,0,0,0,0,0,0,0,0,0,1,0,0,0,0,1,1,0,0,0,0,0,0,0,0,0,0,0,0253395610S,0
Dr. Babasaheb Aambedkar Marathwada University,02516,International Centre Of Excellence In Engineering and Management (ICEEM),0253329310,Electrical Engineering,0,0,0,0,0,0,0,1,1,1,0,1,1,0,1,1,1,0,0,0,0,0,0,0,0,0,0,0253329310S,1
Dr. Babasaheb Aambedkar Marathwada University,02516,International Centre Of Excellence In Engineering and Management (ICEEM),0253394310,Artificial Intelligence and Data Science,0,0,0,0,0,0,0,0,0,0,1,0,0,0,2,1,0,0,0,0,0,0,0,0,0,0,0,0253394310S,0
Dr. Babasaheb Aambedkar Marathwada University,02516,International Centre Of Excellence In Engineering and Management (ICEEM),0253324210,Computer Science and Engineering,0,0,0,0,0,0,0,0,0,0,1,1,1,1,1,0,1,0,0,0,0,0,0,0,0,0,0,0253324210S,0
"Mumbai University (VJTI, Mumbai)",03012,"Veermata Jijabai Technological Institute(VJTI), Matunga, Mumbai",0301229610,Integrated Power Systems,0,0,0,0,0,0,0,2,1,0,0,0,0,0,3,0,0,0,0,0,0,0,0,0,0,0,0,0301229610S,4
"Mumbai University (VJTI, Mumbai)",03012,"Veermata Jijabai Technological Institute(VJTI), Matunga, Mumbai",0301229910,Embedded Control Systems,0,0,0,0,0,0,0,1,2,1,0,0,1,0,3,1,0,0,0,0,0,0,0,0,0,0,0,0301229910S,6
"Mumbai University (VJTI, Mumbai)",03012,"Veermata Jijabai Technological Institute(VJTI), Matunga, Mumbai",0301247610,Thermal Sciences & Energy Systems,0,0,0,0,0,0,0,3,1,1,0,0,1,1,3,2,1,0,0,0,0,0,0,0,0,0,0,0301247610S,4
"Mumbai University (VJTI, Mumbai)",03012,"Veermata Jijabai Technological Institute(VJTI), Matunga, Mumbai",0301263410,CAD/CAM- ROBOTICS,0,0,0,0,0,0,0,1,1,0,0,0,0,0,1,1,1,0,0,0,0,0,0,0,0,0,0,0301263410S,4
"Mumbai University (VJTI, Mumbai)",03012,"Veermata Jijabai Technological Institute(VJTI), Matunga, Mumbai",0301262510,Technical Textile,0,0,0,0,0,0,0,0,0,1,0,0,0,0,1,1,0,0,0,0,0,0,0,0,0,0,0,0301262510S,2
"Mumbai University (VJTI, Mumbai)",03012,"Veermata Jijabai Technological Institute(VJTI), Matunga, Mumbai",0301294310,Artificial Intelligence and Data Science,0,0,0,0,0,0,0,0,0,0,1,0,0,0,0,0,0,0,0,0,0,0,0,0,0,0,0,0301294310S,1
"Mumbai University (VJTI, Mumbai)",03012,"Veermata Jijabai Technological Institute(VJTI), Matunga, Mumbai",0301220110,Environmental Engineering,0,0,0,0,0,0,0,2,0,0,0,1,0,0,0,0,0,0,0,0,0,0,0,0,0,0,0,0301220110S,3
"Mumbai University (VJTI, Mumbai)",03012,"Veermata Jijabai Technological Institute(VJTI), Matunga, Mumbai",0301221010,Construction Management,0,0,0,0,0,0,0,0,0,0,0,0,0,0,0,0,0,0,0,0,0,0,0,0,0,0,0,0301221010S,0
"Mumbai University (VJTI, Mumbai)",03012,"Veermata Jijabai Technological Institute(VJTI), Matunga, Mumbai",0301221210,Structural Engineering,0,0,0,0,0,0,0,0,0,0,0,0,0,0,0,0,0,0,0,0,0,0,0,0,0,0,0,0301221210S,0
"Mumbai University (VJTI, Mumbai)",03012,"Veermata Jijabai Technological Institute(VJTI), Matunga, Mumbai",0301224510,Computer Engineering,0,0,0,0,0,0,0,0,0,0,1,0,0,0,0,0,0,0,0,0,0,0,0,0,0,0,0,0301224510S,1
"Mumbai University (VJTI, Mumbai)",03012,"Veermata Jijabai Technological Institute(VJTI), Matunga, Mumbai",0301226010,Software Engineering,0,0,0,0,0,0,0,0,0,0,1,0,0,0,0,0,0,0,0,0,0,0,0,0,0,0,0,0301226010S,2
"Mumbai University (VJTI, Mumbai)",03012,"Veermata Jijabai Technological Institute(VJTI), Matunga, Mumbai",0301226610,Project Mangement,0,0,0,0,0,0,0,0,0,0,0,0,0,0,0,0,0,0,0,0,0,0,0,0,0,0,0,0301226610S,1
"Mumbai University (VJTI, Mumbai)",03012,"Veermata Jijabai Technological Institute(VJTI), Matunga, Mumbai",0301234910,Defence Technology,0,0,0,0,0,0,0,4,0,1,0,0,1,0,3,1,0,0,0,0,0,0,0,0,0,1,0,0301234910S,7
"Mumbai University (VJTI, Mumbai)",03012,"Veermata Jijabai Technological Institute(VJTI), Matunga, Mumbai",0301295910,Internet of Things,0,0,0,0,0,0,0,1,0,0,1,0,0,0,0,0,0,0,0,0,0,0,0,0,0,0,0,0301295910S,0
"Mumbai University (VJTI, Mumbai)",03012,"Veermata Jijabai Technological Institute(VJTI), Matunga, Mumbai",0301263510,PRODUCTION AND INDUSTRIAL,0,0,0,0,0,0,0,1,2,1,0,0,0,0,2,2,1,0,0,0,0,0,0,0,0,0,0,0301263510S,4
"Mumbai University (VJTI, Mumbai)",03012,"Veermata Jijabai Technological Institute(VJTI), Matunga, Mumbai",0301296410,ENGINEERING Electric Vehicle Technology,0,0,0,0,0,0,0,3,1,0,0,0,0,0,1,2,0,0,0,0,0,0,0,0,0,0,0,0301296410S,6
"Mumbai University (VJTI, Mumbai)",03012,"Veermata Jijabai Technological Institute(VJTI), Matunga, Mumbai",0301237210,Electronics and Telecommunication Engg,0,0,0,0,0,0,0,0,0,0,0,0,0,0,0,2,0,0,0,0,0,0,0,0,0,0,0,0301237210S,6
"Mumbai University (SPCE, Mumbai)",03014,"Sardar Patel College of Engineering, Andheri",0301421070,<UNKNOWN>,0,0,0,0,0,0,0,2,0,0,0,0,0,0,0,0,0,0,0,0,0,0,0,0,0,0,0,,0
"Mumbai University (SPCE, Mumbai)",03014,"Sardar Patel College of Engineering, Andheri",0301421270,0301421070U Construction Management U S,0,0,0,0,0,0,0,0,0,0,0,0,1,0,0,0,0,0,0,0,0,0,0,0,0,0,0,,0
"Mumbai University (SPCE, Mumbai)",03014,"Sardar Patel College of Engineering, Andheri",0301439470,0301421270U Structural Engineering U S,0,0,0,0,0,0,0,4,1,1,1,0,0,0,3,1,1,0,0,0,0,0,0,0,0,0,0,,0
"Mumbai University (SPCE, Mumbai)",03014,"Sardar Patel College of Engineering, Andheri",0301461970,0301439470U Power Electronics and Power Systems U S,0,0,0,0,0,0,0,1,2,1,0,1,0,0,2,2,0,0,0,0,0,0,0,0,0,0,0,,0
"Dr. Babasaheb Ambedkar Technological University,Lonere",03033,"Dr. Babasaheb Ambedkar Technological University, Lonere",0303320110,Environmental Engineering,0,0,0,0,0,0,0,4,1,0,0,1,0,1,2,2,1,0,0,0,0,0,0,0,0,0,0,0303320110S,2
"Dr. Babasaheb Ambedkar Technological University,Lonere",03033,"Dr. Babasaheb Ambedkar Technological University, Lonere",0303324510,Computer Engineering,0,0,0,0,0,0,0,0,1,1,0,0,0,0,0,1,1,0,0,0,0,0,0,0,0,0,0,0303324510S,4
"Dr. Babasaheb Ambedkar Technological University,Lonere",03033,"Dr. Babasaheb Ambedkar Technological University, Lonere",0303325210,Cyber Security,0,0,0,0,0,0,0,1,2,1,1,0,1,0,3,1,0,0,0,0,0,0,0,0,0,0,0,0303325210S,4
"Dr. Babasaheb Ambedkar Technological University,Lonere",03033,"Dr. Babasaheb Ambedkar Technological University, Lonere",0303337210,Electronics and Telecommunication Engg,0,0,0,0,0,0,0,4,1,1,0,1,0,1,2,1,1,0,0,0,0,0,0,0,0,0,0,0303337210S,4
"Dr. Babasaheb Ambedkar Technological University,Lonere",03033,"Dr. Babasaheb Ambedkar Technological University, Lonere",0303350710,Chemical Engineering,0,0,0,0,0,0,0,1,1,1,1,1,0,0,2,1,1,0,0,0,0,0,0,0,0,0,0,0303350710S,4
"Dr. Babasaheb Ambedkar Technological University,Lonere",03033,"Dr. Babasaheb Ambedkar Technological University, Lonere",0303360810,Manufacturing Engineering,0,0,0,0,0,0,0,4,2,1,1,0,0,0,2,1,1,0,0,0,0,0,0,0,0,0,0,0303360810S,4
"Dr. Babasaheb Ambedkar Technological University,Lonere",03033,"Dr. Babasaheb Ambedkar Technological University, Lonere",0303390110,Power Systems,0,0,0,0,0,0,0,3,2,1,0,0,1,0,2,1,1,0,0,0,0,0,0,0,0,0,0,0303390110S,4
"Dr. Babasaheb Ambedkar Technological University,Lonere",03033,"Dr. Babasaheb Ambedkar Technological University, Lonere",0303391410,Thermal and Fluid Engineering,0,0,0,0,0,0,0,4,2,1,0,0,1,0,2,1,1,0,0,0,0,0,0,0,0,0,0,0303391410S,4
"Dr. Babasaheb Ambedkar Technological University,Lonere",03033,"Dr. Babasaheb Ambedkar Technological University, Lonere",0303396010,Remote Sensing and GIS,0,0,0,0,0,0,0,4,2,1,0,0,0,0,3,2,1,0,0,0,0,0,0,0,0,0,0,0303396010S,4
"Dr. Babasaheb Ambedkar Technological University,Lonere",03033,"Dr. Babasaheb Ambedkar Technological University, Lonere",0303396810,Electronics and Communication (VLSI,0,0,0,0,0,0,0,3,2,1,0,0,0,0,3,2,1,0,0,0,0,0,0,0,0,0,0,0303396810S,3
"Dr. Babasaheb Ambedkar Technological University,Lonere",03033,"Dr. Babasaheb Ambedkar Technological University, Lonere",0303396910,Design) Electronics and Communication (Advanced,0,0,0,0,0,0,0,4,2,1,1,0,1,0,3,1,1,0,0,0,0,0,0,0,0,0,0,0303396910S,4
"Dr. Babasaheb Ambedkar Technological University,Lonere",03033,"Dr. Babasaheb Ambedkar Technological University, Lonere",0303394310,Communication Technology) Artificial Intelligence and Data Science,0,0,0,0,0,0,0,1,1,1,1,0,1,0,3,1,0,0,0,0,0,0,0,0,0,0,0,0303394310S,4
"Dr. Babasaheb Ambedkar Technological University,Lonere",03033,"Dr. Babasaheb Ambedkar Technological University, Lonere",0303526550,SNDT Women's University,0,0,0,0,0,0,0,4,2,1,0,1,0,0,3,2,1,0,0,0,0,0,0,0,0,0,0,,0
"Dr. Babasaheb Ambedkar Technological University,Lonere",03033,"Dr. Babasaheb Ambedkar Technological University, Lonere",0303537050,0303526550F Computer Science & Technology F S,0,0,0,0,0,0,0,5,2,1,1,0,1,0,2,1,1,0,0,0,0,0,0,0,0,0,0,,0
Mumbai University,03135,"Manjara Charitable Trust's Rajiv Gandhi Institute of Technology, Mumbai",0313537210,Electronics and Telecommunication Engg,0,0,0,0,0,0,0,2,1,0,0,0,0,0,1,1,0,0,0,0,0,0,0,0,0,0,0,0313537210S,2
Mumbai University,03135,"Manjara Charitable Trust's Rajiv Gandhi Institute of Technology, Mumbai",0313524510,Computer Engineering,0,0,0,0,0,0,0,2,1,0,0,1,0,0,1,0,0,0,0,0,0,0,0,0,0,0,0,0313524510S,2
Mumbai University,03135,"Manjara Charitable Trust's Rajiv Gandhi Institute of Technology, Mumbai",0313561210,Mechanical Engineering,0,0,0,0,0,0,0,3,1,1,1,0,1,0,2,1,1,0,0,0,0,0,0,0,0,0,0,0313561210S,3
Mumbai University,03135,"Manjara Charitable Trust's Rajiv Gandhi Institute of Technology, Mumbai",0313924510,Mumbai University Computer Engineering,0,0,0,0,0,0,0,0,0,1,0,0,0,0,0,0,1,0,0,0,0,0,0,0,0,0,0,0313924510S,0
Mumbai University,03135,"Manjara Charitable Trust's Rajiv Gandhi Institute of Technology, Mumbai",0313937210,Electronics and Telecommunication Engg,0,0,0,0,0,0,0,2,0,1,0,0,0,0,1,1,1,0,0,0,0,0,0,0,0,0,0,0313937210S,2
Mumbai University,03135,"Manjara Charitable Trust's Rajiv Gandhi Institute of Technology, Mumbai",0314724510,Mumbai University Computer Engineering,0,0,0,0,0,0,0,5,1,1,0,0,0,1,3,2,1,0,0,0,0,0,0,0,0,0,0,0314724510S,0
Mumbai University,03135,"Manjara Charitable Trust's Rajiv Gandhi Institute of Technology, Mumbai",0314729210,Electrical Power System,0,0,0,0,0,0,0,1,2,1,0,1,1,0,2,1,1,0,0,0,0,0,0,0,0,0,0,0314729210S,0
Mumbai University,03148,"Mahavir Education Trust's Shah & Anchor Kutchhi Engineering College, Mumbai",0314824510,Computer Engineering,0,0,0,0,0,0,0,0,0,0,0,0,0,0,0,0,0,0,0,0,0,0,0,0,0,0,0,0314824510S,0
Mumbai University,03148,"Mahavir Education Trust's Shah & Anchor Kutchhi Engineering College, Mumbai",0314824610,Information Technology,0,0,0,0,0,0,0,0,0,0,0,0,0,0,0,0,0,0,0,0,0,0,0,0,0,0,0,0314824610S,0
Mumbai University,03148,"Mahavir Education Trust's Shah & Anchor Kutchhi Engineering College, Mumbai",0314837610,Electronics Engineering,0,0,0,0,0,0,0,3,0,0,0,0,0,0,0,0,0,0,0,0,0,0,0,0,0,0,0,0314837610S,1
Mumbai University,03148,"Mahavir Education Trust's Shah & Anchor Kutchhi Engineering College, Mumbai",0315421210,Mumbai University Structural Engineering,0,0,0,0,0,0,0,0,0,0,0,0,0,0,1,0,0,0,0,0,0,0,0,0,0,0,0,0315421210S,0
Mumbai University,03148,"Mahavir Education Trust's Shah & Anchor Kutchhi Engineering College, Mumbai",0317521210,Mumbai University Structural Engineering,0,0,0,0,0,0,0,1,1,1,1,0,1,0,2,0,1,0,0,0,0,0,0,0,0,0,0,0317521210S,2
Mumbai University,03148,"Mahavir Education Trust's Shah & Anchor Kutchhi Engineering College, Mumbai",0317546110,Bio Medical Engineering,0,0,0,0,0,0,0,3,1,1,0,0,0,0,1,1,0,0,0,0,0,0,0,0,0,0,0,0317546110S,2
Mumbai University,03176,"Thakur College of Engineering and Technology, Kandivali, Mumbai",0317624510,Computer Engineering,0,0,0,0,0,0,0,2,0,0,0,0,0,0,0,0,0,0,0,0,0,0,0,0,0,0,0,0317624510S,0
Mumbai University,03176,"Thakur College of Engineering and Technology, Kandivali, Mumbai",0317624610,Information Technology,0,0,0,0,0,0,0,1,0,0,0,0,0,0,0,0,0,0,0,0,0,0,0,0,0,0,0,0317624610S,0
Mumbai University,03176,"Thakur College of Engineering and Technology, Kandivali, Mumbai",0317619110,Civil Engineering,0,0,0,0,0,0,0,0,0,0,0,0,0,0,0,0,0,0,0,0,0,0,0,0,0,0,0,0317619110S,0
Mumbai University,03176,"Thakur College of Engineering and Technology, Kandivali, Mumbai",0317647110,Communication Technology and,0,0,0,0,0,0,0,4,0,0,0,0,0,0,0,0,0,0,0,0,0,0,0,0,0,0,0,0317647110S,1
Mumbai University,03176,"Thakur College of Engineering and Technology, Kandivali, Mumbai",0317661210,Management Mechanical Engineering,0,0,0,0,0,0,0,3,0,0,0,0,0,0,0,0,0,0,0,0,0,0,0,0,0,0,0,0317661210S,0
Mumbai University,03176,"Thakur College of Engineering and Technology, Kandivali, Mumbai",0317694310,Artificial Intelligence and Data Science,0,0,0,0,0,0,0,2,0,0,0,0,0,0,0,0,0,0,0,0,0,0,0,0,0,0,0,0317694310S,0
Mumbai University,03176,"Thakur College of Engineering and Technology, Kandivali, Mumbai",0318391010,Mumbai University Construction Engg and Management,0,0,0,0,0,0,0,3,0,0,0,0,0,0,0,0,0,0,0,0,0,0,0,0,0,0,0,0318391010S,0
Mumbai University,03185,"Vivekanand Education Society's Institute of Technology, Chembur, Mumbai",0318524610,Information Technology,0,0,0,0,0,0,0,2,0,0,0,0,0,0,0,0,0,0,0,0,0,0,0,0,0,0,0,0318524610S,0
Mumbai University,03185,"Vivekanand Education Society's Institute of Technology, Chembur, Mumbai",0318534110,VLSI and Embeded Systems,0,0,0,0,0,0,0,1,0,0,0,0,0,0,0,0,0,0,0,0,0,0,0,0,0,0,0,0318534110S,0
Mumbai University,03185,"Vivekanand Education Society's Institute of Technology, Chembur, Mumbai",0318724510,Mumbai University Computer Engineering,0,0,0,0,0,0,0,1,0,1,0,1,1,0,2,1,1,0,0,0,0,0,0,0,0,0,0,0318724510S,1
Mumbai University,03185,"Vivekanand Education Society's Institute of Technology, Chembur, Mumbai",0318737210,Electronics and Telecommunication Engg,0,0,0,0,0,0,0,4,2,1,0,0,0,0,2,1,1,0,0,0,0,0,0,0,0,0,0,0318737210S,2
Mumbai University,03185,"Vivekanand Education Society's Institute of Technology, Chembur, Mumbai",0318719110,Civil Engineering,0,0,0,0,0,0,0,0,0,0,0,0,0,1,0,0,0,0,0,0,0,0,0,0,0,0,0,0318719110S,0
Mumbai University,03185,"Vivekanand Education Society's Institute of Technology, Chembur, Mumbai",0318761210,Mechanical Engineering,0,0,0,0,0,0,0,4,2,1,0,0,0,0,2,1,1,0,0,0,0,0,0,0,0,0,0,0318761210S,3
Mumbai University,03185,"Vivekanand Education Society's Institute of Technology, Chembur, Mumbai",0318924510,Mumbai University Computer Engineering,0,0,0,0,0,0,0,3,0,0,0,0,0,0,0,0,0,0,0,0,0,0,0,0,0,0,0,0318924510S,3
Mumbai University,03185,"Vivekanand Education Society's Institute of Technology, Chembur, Mumbai",0318969610,Mechanical Engineering(Product Design &,0,0,0,0,0,0,0,3,2,1,0,0,1,0,2,1,1,0,0,0,0,0,0,0,0,0,0,0318969610S,3
Mumbai University,03194,"Vidyavardhini's College of Engineering and Technology, Vasai",0319421210,Structural Engineering,0,0,0,0,0,0,0,2,0,0,0,0,0,0,1,0,1,0,0,0,0,0,0,0,0,0,0,0319421210S,2
Mumbai University,03194,"Vidyavardhini's College of Engineering and Technology, Vasai",0319424510,Computer Engineering,0,0,0,0,0,0,0,3,2,1,1,1,1,0,3,2,0,0,0,0,0,0,0,0,0,0,0,0319424510S,6
Mumbai University,03194,"Vidyavardhini's College of Engineering and Technology, Vasai",0319761910,Mumbai University Machine Design,0,0,0,0,0,0,0,2,0,0,0,0,0,0,0,0,0,0,0,0,0,0,0,0,0,0,0,0319761910S,1
Mumbai University,03194,"Vidyavardhini's College of Engineering and Technology, Vasai",0319790210,Power Electronics and Drives,0,0,0,0,0,0,0,1,0,0,0,0,0,0,0,0,0,0,0,0,0,0,0,0,0,0,0,0319790210S,0
Mumbai University,03194,"Vidyavardhini's College of Engineering and Technology, Vasai",0319924510,Mumbai University Computer Engineering,0,0,0,0,0,0,0,1,0,0,0,0,0,0,0,0,0,0,0,0,0,0,0,0,0,0,0,0319924510S,1
Mumbai University,03194,"Vidyavardhini's College of Engineering and Technology, Vasai",0319937210,Electronics and Telecommunication Engg,0,0,0,0,0,0,0,1,0,0,0,0,0,0,0,0,0,0,0,0,0,0,0,0,0,0,0,0319937210S,0
Mumbai University,03200,"Hope Foundation and research center's Finolex Academy of Management and Technology, Ratnagiri",0320061910,Machine Design,0,0,0,0,0,0,0,5,2,1,1,0,0,0,3,1,1,0,0,0,0,0,0,0,0,0,0,0320061910S,4
Mumbai University,03200,"Hope Foundation and research center's Finolex Academy of Management and Technology, Ratnagiri",0320424510,Mumbai University Computer Engineering,0,0,0,0,0,0,0,2,0,0,0,0,0,0,0,0,0,0,0,0,0,0,0,0,0,0,0,0320424510S,0
Mumbai University,03200,"Hope Foundation and research center's Finolex Academy of Management and Technology, Ratnagiri",0320437210,Electronics and Telecommunication Engg,0,0,0,0,0,0,0,4,0,0,0,0,0,0,0,0,0,0,0,0,0,0,0,0,0,0,0,0320437210S,1
Mumbai University,03200,"Hope Foundation and research center's Finolex Academy of Management and Technology, Ratnagiri",0320724510,Mumbai University Computer Engineering,0,0,0,0,0,0,0,0,0,0,0,0,0,0,0,0,0,0,0,0,0,0,0,0,0,0,0,0320724510S,0
Mumbai University,03200,"Hope Foundation and research center's Finolex Academy of Management and Technology, Ratnagiri",0320724610,Information Technology,0,0,0,0,0,0,0,2,0,0,0,0,0,0,0,0,0,0,0,0,0,0,0,0,0,0,0,0320724610S,1
Mumbai University,03200,"Hope Foundation and research center's Finolex Academy of Management and Technology, Ratnagiri",0320761210,Mechanical Engineering,0,0,0,0,0,0,0,5,0,0,0,0,0,0,0,0,0,0,0,0,0,0,0,0,0,0,0,0320761210S,2
Mumbai University,03200,"Hope Foundation and research center's Finolex Academy of Management and Technology, Ratnagiri",0320790010,Electronics and Computer Science,0,0,0,0,0,0,0,2,0,0,0,0,0,0,0,0,0,0,0,0,0,0,0,0,0,0,0,0320790010S,0
Mumbai University,03209,K J Somaiya Institute of Technology,0320905010,Artificial Intelligence,0,0,0,0,0,0,0,5,0,0,0,0,0,0,0,0,0,0,0,0,0,0,0,0,0,0,0,0320905010S,2
Mumbai University,03209,K J Somaiya Institute of Technology,0321125010,Mumbai University Information Security,0,0,0,0,0,0,0,2,0,0,0,0,0,0,0,0,0,0,0,0,0,0,0,0,0,0,0,0321125010S,1
Mumbai University,03209,K J Somaiya Institute of Technology,0321194310,Artificial Intelligence and Data Science,0,0,0,0,0,0,0,1,0,0,0,0,0,0,0,0,0,0,0,0,0,0,0,0,0,0,0,0321194310S,0
Mumbai University,03209,K J Somaiya Institute of Technology,0321524510,Mumbai University Computer Engineering,0,0,0,0,0,0,0,0,0,0,1,0,0,0,1,0,0,0,0,0,0,0,0,0,0,0,0,0321524510S,1
Mumbai University,03209,K J Somaiya Institute of Technology,0321537210,Electronics and Telecommunication Engg,0,0,0,0,0,0,0,5,2,1,0,0,1,0,3,1,0,0,0,0,0,0,0,0,0,0,0,0321537210S,4
Mumbai University,03217,"Vighnaharata Trust's Shivajirao S. Jondhale College of Engineering & Technology, Shahapur, Asangaon, Dist Thane",0321719210,Energy Systems and Management,0,0,0,0,0,0,0,4,2,1,0,1,1,0,2,2,1,0,0,0,0,0,0,0,0,0,0,0321719210S,4
Mumbai University,03217,"Vighnaharata Trust's Shivajirao S. Jondhale College of Engineering & Technology, Shahapur, Asangaon, Dist Thane",0321791010,Construction Engg and Management,0,0,0,0,0,0,0,0,2,0,1,0,0,0,2,1,0,0,0,0,0,0,0,0,0,0,0,0321791010S,5
Mumbai University,03217,"Vighnaharata Trust's Shivajirao S. Jondhale College of Engineering & Technology, Shahapur, Asangaon, Dist Thane",0321824510,Mumbai University Computer Engineering,0,0,0,0,0,0,0,1,0,0,0,0,0,0,0,0,0,0,0,0,0,0,0,0,0,0,0,0321824510S,1
Mumbai University,03217,"Vighnaharata Trust's Shivajirao S. Jondhale College of Engineering & Technology, Shahapur, Asangaon, Dist Thane",0321824610,Information Technology,0,0,0,0,0,0,0,1,0,0,0,0,0,0,0,0,0,0,0,0,0,0,0,0,0,0,0,0321824610S,0
Mumbai University,03217,"Vighnaharata Trust's Shivajirao S. Jondhale College of Engineering & Technology, Shahapur, Asangaon, Dist Thane",0321924510,Mumbai University Computer Engineering,0,0,0,0,0,0,0,0,0,0,0,0,0,0,0,0,0,0,0,0,0,0,0,0,0,0,0,0321924510S,0
Mumbai University,03217,"Vighnaharata Trust's Shivajirao S. Jondhale College of Engineering & Technology, Shahapur, Asangaon, Dist Thane",0321937210,Electronics and Telecommunication Engg,0,0,0,0,0,0,0,7,0,0,0,0,0,0,0,0,0,0,0,0,0,0,0,0,0,0,0,0321937210S,2
Mumbai University,03220,Yadavrao Tasgaonkar College of Engineering & Management,0322019710,Water Resource Engineering,0,0,0,0,0,0,0,2,1,0,1,1,0,0,2,1,1,0,0,0,0,0,0,0,0,0,0,0322019710S,3
Mumbai University,03220,Yadavrao Tasgaonkar College of Engineering & Management,0322024510,Computer Engineering,0,0,0,0,0,0,0,3,1,1,0,0,0,1,2,1,1,0,0,0,0,0,0,0,0,0,0,0322024510S,1
Mumbai University,03220,Yadavrao Tasgaonkar College of Engineering & Management,0322035810,Signal Processing,0,0,0,0,0,0,0,3,2,1,0,0,0,0,2,1,1,0,0,0,0,0,0,0,0,0,0,0322035810S,3
Mumbai University,03220,Yadavrao Tasgaonkar College of Engineering & Management,0322069610,Mechanical Engineering(Product Design &,0,0,0,0,0,0,0,3,1,1,0,0,1,0,2,1,1,0,0,0,0,0,0,0,0,0,0,0322069610S,3
Mumbai University,03223,"Mahatma Education Society's Pillai HOC College of Engineering & Technology, Tal. Khalapur. Dist. Raigad",0322324510,Computer Engineering,0,0,0,0,0,0,0,2,0,0,0,0,0,0,0,0,0,0,0,0,0,0,0,0,0,0,0,0322324510S,0
Mumbai University,03223,"Mahatma Education Society's Pillai HOC College of Engineering & Technology, Tal. Khalapur. Dist. Raigad",0322337210,Electronics and Telecommunication Engg,0,0,0,0,0,0,0,3,0,0,0,0,0,0,0,0,0,0,0,0,0,0,0,0,0,0,0,0322337210S,1
Mumbai University,03223,"Mahatma Education Society's Pillai HOC College of Engineering & Technology, Tal. Khalapur. Dist. Raigad",0322369810,Mechanical Engineering (Machine Design),0,0,0,0,0,0,0,1,0,0,0,0,0,0,0,0,0,0,0,0,0,0,0,0,0,0,0,0322369810S,1
Mumbai University,03223,"Mahatma Education Society's Pillai HOC College of Engineering & Technology, Tal. Khalapur. Dist. Raigad",0322391010,Construction Engg and Management,0,0,0,0,0,0,0,0,0,0,0,0,0,0,0,0,0,0,0,0,0,0,0,0,0,0,0,0322391010S,0
Mumbai University,03223,"Mahatma Education Society's Pillai HOC College of Engineering & Technology, Tal. Khalapur. Dist. Raigad",0322321210,Structural Engineering,0,0,0,0,0,0,0,0,0,0,0,0,0,0,0,0,0,0,0,0,0,0,0,0,0,0,0,0322321210S,0
Mumbai University,03223,"Mahatma Education Society's Pillai HOC College of Engineering & Technology, Tal. Khalapur. Dist. Raigad",0342324510,Mumbai University Computer Engineering,0,0,0,0,0,0,0,0,0,0,0,0,0,0,0,0,0,0,0,0,0,0,0,0,0,0,0,0342324510S,0
Mumbai University,03223,"Mahatma Education Society's Pillai HOC College of Engineering & Technology, Tal. Khalapur. Dist. Raigad",0342337210,Electronics and Telecommunication Engg,0,0,0,0,0,0,0,2,0,0,0,0,0,0,0,0,0,0,0,0,0,0,0,0,0,0,0,0342337210S,0
Mumbai University,03439,"Anjuman-I-Islam's Kalsekar Technical Campus, Panvel",0343921210,Structural Engineering,0,0,0,0,0,0,0,0,0,0,0,0,0,0,0,0,0,0,0,0,0,0,0,0,0,0,0,0343921210S,0
Mumbai University,03439,"Anjuman-I-Islam's Kalsekar Technical Campus, Panvel",0343924510,Computer Engineering,0,0,0,0,0,0,0,3,0,0,0,0,0,0,0,0,0,0,0,0,0,0,0,0,0,0,0,0343924510S,1
Mumbai University,03439,"Anjuman-I-Islam's Kalsekar Technical Campus, Panvel",0343991010,Construction Engg and Management,0,0,0,0,0,0,0,0,0,0,0,0,0,0,0,0,0,0,0,0,0,0,0,0,0,0,0,0343991010S,0
Mumbai University,03439,"Anjuman-I-Islam's Kalsekar Technical Campus, Panvel",0400429210,Gondwana University Electrical Power System,0,0,0,0,0,0,0,0,1,1,0,1,0,0,2,2,0,0,0,0,0,0,0,0,0,0,0,0400429210S,3
Mumbai University,03439,"Anjuman-I-Islam's Kalsekar Technical Campus, Panvel",0400490410,Mechanical Engineering Design,0,0,0,0,0,0,0,1,2,1,1,0,1,0,2,1,1,0,0,0,0,0,0,0,0,0,0,0400490410S,4
Rashtrasant Tukadoji Maharaj Nagpur University,04104,"Kavi Kulguru Institute of Technology & Science, Ramtek",0410421210,Structural Engineering,0,0,0,0,0,0,0,0,1,0,0,0,0,0,2,0,0,0,0,0,0,0,0,0,0,0,0,0410421210S,2
Rashtrasant Tukadoji Maharaj Nagpur University,04104,"Kavi Kulguru Institute of Technology & Science, Ramtek",0410459610,Heat Power Engineering,0,0,0,0,0,0,0,2,1,1,0,0,0,0,1,1,0,0,0,0,0,0,0,0,0,0,0,0410459610S,1
Rashtrasant Tukadoji Maharaj Nagpur University,04104,"Kavi Kulguru Institute of Technology & Science, Ramtek",0411619410,"Rashtrasant Tukadoji Maharaj Nagpur University(GH Raisoni, Nagpur) Transportation Engineering",0,0,0,0,0,0,0,1,0,0,0,0,0,0,0,0,0,0,0,0,0,0,0,0,0,0,0,0411619410S,0
Rashtrasant Tukadoji Maharaj Nagpur University,04104,"Kavi Kulguru Institute of Technology & Science, Ramtek",0411621210,Structural Engineering,0,0,0,0,0,0,0,0,0,0,0,0,0,0,0,0,0,0,0,0,0,0,0,0,0,0,0,0411621210S,0
Rashtrasant Tukadoji Maharaj Nagpur University,04104,"Kavi Kulguru Institute of Technology & Science, Ramtek",0411624210,Computer Science and Engineering,0,0,0,0,0,0,0,0,0,0,0,0,0,0,0,0,0,0,0,0,0,0,0,0,0,0,0,0411624210S,0
Rashtrasant Tukadoji Maharaj Nagpur University,04104,"Kavi Kulguru Institute of Technology & Science, Ramtek",0411629610,Integrated Power Systems,0,0,0,0,0,0,0,0,0,0,0,0,0,0,0,0,0,0,0,0,0,0,0,0,0,0,0,0411629610S,0
Rashtrasant Tukadoji Maharaj Nagpur University,04104,"Kavi Kulguru Institute of Technology & Science, Ramtek",0411635910,VLSI,0,0,0,0,0,0,0,1,0,0,0,0,0,0,0,0,0,0,0,0,0,0,0,0,0,0,0,0411635910S,2
Rashtrasant Tukadoji Maharaj Nagpur University,04104,"Kavi Kulguru Institute of Technology & Science, Ramtek",0411637510,Communication Engineering,0,0,0,0,0,0,0,0,0,0,0,0,0,0,0,0,0,0,0,0,0,0,0,0,0,0,0,0411637510S,2
Rashtrasant Tukadoji Maharaj Nagpur University,04118,"Bapurao Deshmukh College of Engineering, Sevagram",0411821210,Structural Engineering,0,0,0,0,0,0,0,0,1,0,1,0,0,1,3,2,1,0,0,0,0,0,0,0,0,0,0,0411821210S,0
Rashtrasant Tukadoji Maharaj Nagpur University,04118,"Bapurao Deshmukh College of Engineering, Sevagram",0411824210,Computer Science and Engineering,0,0,0,0,0,0,0,2,2,1,0,1,0,0,2,1,1,0,0,0,0,0,0,0,0,0,0,0411824210S,0
Rashtrasant Tukadoji Maharaj Nagpur University,04118,"Bapurao Deshmukh College of Engineering, Sevagram",0411835910,VLSI,0,0,0,0,0,0,0,2,2,1,0,0,1,0,2,1,1,0,0,0,0,0,0,0,0,0,0,0411835910S,2
Rashtrasant Tukadoji Maharaj Nagpur University,04118,"Bapurao Deshmukh College of Engineering, Sevagram",0412324210,Rashtrasant Tukadoji Maharaj Nagpur University Computer Science and Engineering,0,0,0,0,0,0,0,2,0,0,0,0,0,0,0,0,0,0,0,0,0,0,0,0,0,0,0,0412324210S,1
Rashtrasant Tukadoji Maharaj Nagpur University,04118,"Bapurao Deshmukh College of Engineering, Sevagram",0412329710,Electrical (Industrial Drives and Control),0,0,0,0,0,0,0,2,0,0,0,0,0,0,0,0,0,0,0,0,0,0,0,0,0,0,0,0412329710S,2
Rashtrasant Tukadoji Maharaj Nagpur University,04118,"Bapurao Deshmukh College of Engineering, Sevagram",0412338410,Electronics Engineering (VLSI),0,0,0,0,0,0,0,2,0,0,0,0,0,0,0,0,0,0,0,0,0,0,0,0,0,0,0,0412338410S,0
Rashtrasant Tukadoji Maharaj Nagpur University,04118,"Bapurao Deshmukh College of Engineering, Sevagram",0412350710,Chemical Engineering,0,0,0,0,0,0,0,1,0,0,0,0,0,0,0,0,0,0,0,0,0,0,0,0,0,0,0,0412350710S,1
Rashtrasant Tukadoji Maharaj Nagpur University,04118,"Bapurao Deshmukh College of Engineering, Sevagram",0412390410,Mechanical Engineering Design,0,0,0,0,0,0,0,2,0,0,0,0,0,0,0,0,0,0,0,0,0,0,0,0,0,0,0,0412390410S,1
Rashtrasant Tukadoji Maharaj Nagpur University,04118,"Bapurao Deshmukh College of Engineering, Sevagram",0412321210,Structural Engineering,0,0,0,0,0,0,0,4,0,0,0,0,0,0,0,0,0,0,0,0,0,0,0,0,0,0,0,0412321210S,0
Rashtrasant Tukadoji Maharaj Nagpur University,04134,"Guru Nanak Institute of Engineering & Technology,Kalmeshwar, Nagpur",0413405010,Artificial Intelligence,0,0,0,0,0,0,0,2,1,0,0,1,1,1,1,1,1,0,0,0,0,0,0,0,0,0,0,0413405010S,1
Rashtrasant Tukadoji Maharaj Nagpur University,04134,"Guru Nanak Institute of Engineering & Technology,Kalmeshwar, Nagpur",0413435010,Embedded System and Computing,0,0,0,0,0,0,0,3,1,1,0,0,0,0,2,1,1,0,0,0,0,0,0,0,0,0,0,0413435010S,3
Rashtrasant Tukadoji Maharaj Nagpur University,04134,"Guru Nanak Institute of Engineering & Technology,Kalmeshwar, Nagpur",0413424210,Computer Science and Engineering,0,0,0,0,0,0,0,1,2,0,1,0,0,0,2,1,1,0,0,0,0,0,0,0,0,0,0,0413424210S,0
Rashtrasant Tukadoji Maharaj Nagpur University,04134,"Guru Nanak Institute of Engineering & Technology,Kalmeshwar, Nagpur",0413459210,Power Electronics and Systems,0,0,0,0,0,0,0,2,1,1,0,0,0,0,2,1,1,0,0,0,0,0,0,0,0,0,0,0413459210S,0
Rashtrasant Tukadoji Maharaj Nagpur University,04134,"Guru Nanak Institute of Engineering & Technology,Kalmeshwar, Nagpur",0413724210,Rashtrasant Tukadoji Maharaj Nagpur University Computer Science and Engineering,0,0,0,0,0,0,0,7,0,0,0,0,0,0,0,0,0,0,0,0,0,0,0,0,0,0,0,0413724210S,2
Rashtrasant Tukadoji Maharaj Nagpur University,04134,"Guru Nanak Institute of Engineering & Technology,Kalmeshwar, Nagpur",0413737610,Electronics Engineering,0,0,0,0,0,0,0,3,0,0,0,0,0,0,0,0,0,0,0,0,0,0,0,0,0,0,0,0413737610S,0
"Dr. Babasaheb Ambedkar Technological University,Lonere",04138,"Jaidev Education Society, J D College of Engineering and Management, Nagpur",0413819810,Civil Engineering (Structural Engineering),0,0,0,0,0,0,0,2,0,0,0,0,0,0,0,0,0,0,0,0,0,0,0,0,0,0,0,0413819810S,0
"Dr. Babasaheb Ambedkar Technological University,Lonere",04138,"Jaidev Education Society, J D College of Engineering and Management, Nagpur",0413824210,Computer Science and Engineering,0,0,0,0,0,0,0,2,0,0,0,0,0,0,0,0,0,0,0,0,0,0,0,0,0,0,0,0413824210S,0
"Dr. Babasaheb Ambedkar Technological University,Lonere",04138,"Jaidev Education Society, J D College of Engineering and Management, Nagpur",0413837610,Electronics Engineering,0,0,0,0,0,0,0,4,0,0,0,0,0,0,0,0,0,0,0,0,0,0,0,0,0,0,0,0413837610S,2
"Dr. Babasaheb Ambedkar Technological University,Lonere",04138,"Jaidev Education Society, J D College of Engineering and Management, Nagpur",0413829210,Electrical Power System,0,0,0,0,0,0,0,0,0,0,0,0,0,0,0,0,0,0,0,0,0,0,0,0,0,0,0,0413829210S,0
"Dr. Babasaheb Ambedkar Technological University,Lonere",04138,"Jaidev Education Society, J D College of Engineering and Management, Nagpur",0413935910,Rashtrasant Tukadoji Maharaj Nagpur University VLSI,0,0,0,0,0,0,0,7,0,0,0,0,0,0,0,0,0,0,0,0,0,0,0,0,0,0,0,0413935910S,2
"Dr. Babasaheb Ambedkar Technological University,Lonere",04138,"Jaidev Education Society, J D College of Engineering and Management, Nagpur",0413924210,Computer Science and Engineering,0,0,0,0,0,0,0,1,0,0,0,0,0,0,0,0,0,0,0,0,0,0,0,0,0,0,0,0413924210S,0
Rashtrasant Tukadoji Maharaj Nagpur University,04142,"G H Raisoni College of Engineering & Management, Nagpur",0414221210,Structural Engineering,0,0,0,0,0,0,0,5,0,0,0,0,0,0,0,0,0,0,0,0,0,0,0,0,0,0,0,0414221210S,0
Rashtrasant Tukadoji Maharaj Nagpur University,04142,"G H Raisoni College of Engineering & Management, Nagpur",0414224210,Computer Science and Engineering,0,0,0,0,0,0,0,0,0,0,0,0,0,0,0,0,0,0,0,0,0,0,0,0,0,0,0,0414224210S,1
Rashtrasant Tukadoji Maharaj Nagpur University,04142,"G H Raisoni College of Engineering & Management, Nagpur",0414235910,VLSI,0,0,0,0,0,0,0,3,0,0,0,0,0,0,0,0,0,0,0,0,0,0,0,0,0,0,0,0414235910S,2
Rashtrasant Tukadoji Maharaj Nagpur University,04142,"G H Raisoni College of Engineering & Management, Nagpur",0414260410,CAD-CAM,0,0,0,0,0,0,0,4,0,0,0,0,0,0,0,0,0,0,0,0,0,0,0,0,0,0,0,0414260410S,2
Rashtrasant Tukadoji Maharaj Nagpur University,04142,"G H Raisoni College of Engineering & Management, Nagpur",0414559210,Rashtrasant Tukadoji Maharaj Nagpur University Power Electronics and Systems,0,0,0,0,0,0,0,1,0,0,1,1,1,0,3,2,1,0,0,0,0,0,0,0,0,0,0,0414559210S,3
Rashtrasant Tukadoji Maharaj Nagpur University,04142,"G H Raisoni College of Engineering & Management, Nagpur",0414560410,CAD-CAM,0,0,0,0,0,0,0,4,2,1,0,1,0,0,3,1,1,0,0,0,0,0,0,0,0,0,0,0414560410S,1
Rashtrasant Tukadoji Maharaj Nagpur University,04142,"G H Raisoni College of Engineering & Management, Nagpur",0414570010,Software System,0,0,0,0,0,0,0,2,1,0,0,0,0,0,1,1,0,0,0,0,0,0,0,0,0,0,0,0414570010S,1
Rashtrasant Tukadoji Maharaj Nagpur University,04142,"G H Raisoni College of Engineering & Management, Nagpur",0414594310,Artificial Intelligence and Data Science,0,0,0,0,0,0,0,1,1,2,1,0,0,0,3,2,0,0,0,0,0,0,0,0,0,1,0,0414594310S,0
Rashtrasant Tukadoji Maharaj Nagpur University,04142,"G H Raisoni College of Engineering & Management, Nagpur",0414595110,Civil Engineering (Computer Aided Structural,0,0,0,0,0,0,0,0,0,1,1,0,1,1,3,2,1,0,0,0,0,0,0,0,0,1,0,0414595110S,0
Rashtrasant Tukadoji Maharaj Nagpur University,04142,"G H Raisoni College of Engineering & Management, Nagpur",0414524210,Engineering) Computer Science and Engineering,0,0,0,0,0,0,0,0,3,1,1,0,1,1,4,3,1,0,0,0,0,0,0,0,0,1,0,0414524210S,0
Rashtrasant Tukadoji Maharaj Nagpur University,04142,"G H Raisoni College of Engineering & Management, Nagpur",0414537610,Electronics Engineering,0,0,0,0,0,0,0,1,1,1,0,0,0,0,2,1,1,0,0,0,0,0,0,0,0,0,0,0414537610S,3
Rashtrasant Tukadoji Maharaj Nagpur University,04147,"K.D.K. College of Engineering, Nagpur",0414721210,Structural Engineering,0,0,0,0,0,0,0,0,0,0,0,0,0,0,1,0,0,0,0,0,0,0,0,0,0,0,0,0414721210S,4
Rashtrasant Tukadoji Maharaj Nagpur University,04147,"K.D.K. College of Engineering, Nagpur",0415121210,Rashtrasant Tukadoji Maharaj Nagpur University Structural Engineering,0,0,0,0,0,0,0,0,0,0,0,0,0,0,0,0,0,0,0,0,0,0,0,0,0,1,0,0415121210S,1
Rashtrasant Tukadoji Maharaj Nagpur University,04147,"K.D.K. College of Engineering, Nagpur",0415124210,Computer Science and Engineering,0,0,0,0,0,0,0,0,0,1,1,1,1,1,3,2,0,0,0,0,0,0,0,0,0,1,0,0415124210S,4
Rashtrasant Tukadoji Maharaj Nagpur University,04147,"K.D.K. College of Engineering, Nagpur",0415129610,Integrated Power Systems,0,0,0,0,0,0,0,3,1,1,0,1,1,0,4,2,1,0,0,0,0,0,0,0,0,0,0,0415129610S,0
Rashtrasant Tukadoji Maharaj Nagpur University,04147,"K.D.K. College of Engineering, Nagpur",0415137010,Electronics and Communication Engineering,0,0,0,0,0,0,0,0,0,1,0,1,0,0,2,1,1,0,0,0,0,0,0,0,0,0,0,0415137010S,3
Rashtrasant Tukadoji Maharaj Nagpur University,04147,"K.D.K. College of Engineering, Nagpur",0415190410,Mechanical Engineering Design,0,0,0,0,0,0,0,1,2,1,1,1,1,0,3,2,1,0,0,0,0,0,0,0,0,0,0,0415190410S,0
Rashtrasant Tukadoji Maharaj Nagpur University,04147,"K.D.K. College of Engineering, Nagpur",0415194910,Artificial Intelligence and Machine Learning,0,0,0,0,0,0,0,2,3,2,1,0,1,1,4,2,1,0,0,0,0,0,0,0,0,1,0,0415194910S,2
Rashtrasant Tukadoji Maharaj Nagpur University,04147,"K.D.K. College of Engineering, Nagpur",0415196310,Aeronautical Engineering,0,0,0,0,0,0,0,0,1,1,0,0,0,0,1,1,1,0,0,0,0,0,0,0,0,0,0,0415196310S,2
Rashtrasant Tukadoji Maharaj Nagpur University,04147,"K.D.K. College of Engineering, Nagpur",0415196410,Electric Vehicle Technology,0,0,0,0,0,0,0,0,2,1,0,0,0,0,3,2,0,0,0,0,0,0,0,0,0,0,0,0415196410S,3
Gondwana University,04163,Rajiv Gandhi College of Engineering Research & Technology Chandrapur,0416324210,Computer Science and Engineering,0,0,0,0,0,0,0,2,1,1,0,0,0,0,1,1,0,0,0,0,0,0,0,0,0,0,0,0416324210S,2
Gondwana University,04163,Rajiv Gandhi College of Engineering Research & Technology Chandrapur,0416720110,"Rashtrasant Tukadoji Maharaj Nagpur University (YCC, Nagpur) Environmental Engineering",0,0,0,0,0,0,0,0,0,0,0,0,0,1,0,0,0,0,0,0,0,0,0,0,0,0,0,0416720110S,0
Gondwana University,04163,Rajiv Gandhi College of Engineering Research & Technology Chandrapur,0416721210,Structural Engineering,0,0,0,0,0,0,0,0,0,0,0,0,0,0,0,0,0,0,0,0,0,0,0,0,0,0,0,0416721210S,0
Gondwana University,04163,Rajiv Gandhi College of Engineering Research & Technology Chandrapur,0416729610,Integrated Power Systems,0,0,0,0,0,0,0,0,0,0,0,0,0,0,0,0,0,0,0,0,0,0,0,0,0,0,0,0416729610S,1
Gondwana University,04163,Rajiv Gandhi College of Engineering Research & Technology Chandrapur,0416734010,VLSI Design,0,0,0,0,0,0,0,0,0,0,0,0,0,0,0,1,0,0,0,0,0,0,0,0,0,0,0,0416734010S,1
Gondwana University,04163,Rajiv Gandhi College of Engineering Research & Technology Chandrapur,0416794010,Data Sciences,0,0,0,0,0,0,0,0,0,0,0,0,0,0,0,0,0,0,0,0,0,0,0,0,0,0,0,0416794010S,0
Gondwana University,04163,Rajiv Gandhi College of Engineering Research & Technology Chandrapur,0416795610,Automation and Robotics,0,0,0,0,0,0,0,0,0,0,0,0,0,0,0,0,0,0,0,0,0,0,0,0,0,0,0,0416795610S,0
Rashtrasant Tukadoji Maharaj Nagpur University,04172,"Anjuman College of Engineering & Technology, Nagpur",0417237010,Electronics and Communication Engineering,0,0,0,0,0,0,0,1,0,0,0,0,0,0,0,0,0,0,0,0,0,0,0,0,0,0,0,0417237010S,1
Rashtrasant Tukadoji Maharaj Nagpur University,04172,"Anjuman College of Engineering & Technology, Nagpur",0417290410,Mechanical Engineering Design,0,0,0,0,0,0,0,5,0,0,0,0,0,0,0,0,0,0,0,0,0,0,0,0,0,0,0,0417290410S,2
Rashtrasant Tukadoji Maharaj Nagpur University,04172,"Anjuman College of Engineering & Technology, Nagpur",0417224210,Computer Science and Engineering,0,0,0,0,0,0,0,0,0,0,0,0,0,0,0,0,0,0,0,0,0,0,0,0,0,0,0,0417224210S,0
Rashtrasant Tukadoji Maharaj Nagpur University,04172,"Anjuman College of Engineering & Technology, Nagpur",0417421210,Rashtrasant Tukadoji Maharaj Nagpur University Structural Engineering,0,0,0,0,0,0,0,1,0,0,0,0,0,0,0,0,0,0,0,0,0,0,0,0,0,0,0,0417421210S,1
Rashtrasant Tukadoji Maharaj Nagpur University,04172,"Anjuman College of Engineering & Technology, Nagpur",0417439410,Power Electronics and Power Systems,0,0,0,0,0,0,0,2,0,0,0,0,0,0,0,0,0,0,0,0,0,0,0,0,0,0,0,0417439410S,0
Rashtrasant Tukadoji Maharaj Nagpur University,04172,"Anjuman College of Engineering & Technology, Nagpur",0417458310,Embedded System and VLSI Design,0,0,0,0,0,0,0,3,0,0,0,0,0,0,0,0,0,0,0,0,0,0,0,0,0,0,0,0417458310S,1
Rashtrasant Tukadoji Maharaj Nagpur University,04172,"Anjuman College of Engineering & Technology, Nagpur",0417463010,Automotive Technology,0,0,0,0,0,0,0,2,0,0,0,0,0,0,0,0,0,0,0,0,0,0,0,0,0,0,0,0417463010S,1
Rashtrasant Tukadoji Maharaj Nagpur University,04172,"Anjuman College of Engineering & Technology, Nagpur",0417491110,Computer Science and Engineering(Artificial,0,0,0,0,0,0,0,2,0,0,0,0,0,0,0,0,0,0,0,0,0,0,0,0,0,0,0,0417491110S,1
Rashtrasant Tukadoji Maharaj Nagpur University,04172,"Anjuman College of Engineering & Technology, Nagpur",0417497310,Intelligence and Machine Learning) Computer Science Engineering,0,0,0,0,0,0,0,0,0,0,0,0,0,0,0,0,0,0,0,0,0,0,0,0,0,0,0,0417497310S,0
Rashtrasant Tukadoji Maharaj Nagpur University,04175,"JMSS Shri Shankarprasad Agnihotri College of Engineering, Wardha",0417559610,Heat Power Engineering,0,0,0,0,0,0,0,6,2,1,1,0,1,0,4,2,1,0,0,0,0,0,0,0,0,0,0,0417559610S,6
Rashtrasant Tukadoji Maharaj Nagpur University,04175,"JMSS Shri Shankarprasad Agnihotri College of Engineering, Wardha",0418139510,"Dr. Babasaheb Ambedkar Technological University,Lonere Electronics Engineering (Communication)",0,0,0,0,0,0,0,2,1,1,0,0,0,0,2,1,1,0,0,0,0,0,0,0,0,0,0,0418139510S,1
Rashtrasant Tukadoji Maharaj Nagpur University,04175,"JMSS Shri Shankarprasad Agnihotri College of Engineering, Wardha",0418120110,Environmental Engineering,0,0,0,0,0,0,0,0,0,0,1,0,1,0,2,2,1,0,0,0,0,0,0,0,0,0,0,0418120110S,0
Rashtrasant Tukadoji Maharaj Nagpur University,04175,"JMSS Shri Shankarprasad Agnihotri College of Engineering, Wardha",0418124210,Computer Science and Engineering,0,0,0,0,0,0,0,1,0,1,0,0,0,1,1,1,1,0,0,0,0,0,0,0,0,0,0,0418124210S,1
Rashtrasant Tukadoji Maharaj Nagpur University,04175,"JMSS Shri Shankarprasad Agnihotri College of Engineering, Wardha",0418821210,Gondwana University Structural Engineering,0,0,0,0,0,0,0,0,0,1,0,0,0,0,0,1,0,0,0,0,0,0,0,0,0,0,0,0418821210S,0
Rashtrasant Tukadoji Maharaj Nagpur University,04175,"JMSS Shri Shankarprasad Agnihotri College of Engineering, Wardha",0418824210,Computer Science and Engineering,0,0,0,0,0,0,0,0,1,1,1,1,0,0,1,2,0,0,0,0,0,0,0,0,0,0,0,0418824210S,3
Rashtrasant Tukadoji Maharaj Nagpur University,04175,"JMSS Shri Shankarprasad Agnihotri College of Engineering, Wardha",0418829210,Electrical Power System,0,0,0,0,0,0,0,0,0,1,0,0,1,0,2,1,1,0,0,0,0,0,0,0,0,0,0,0418829210S,2
Rashtrasant Tukadoji Maharaj Nagpur University,04175,"JMSS Shri Shankarprasad Agnihotri College of Engineering, Wardha",0418837010,Electronics and Communication Engineering,0,0,0,0,0,0,0,0,2,1,1,0,1,0,3,1,1,0,0,0,0,0,0,0,0,0,0,0418837010S,4
"Dr. Babasaheb Ambedkar Technological University,Lonere",04188,"Krushi Jivan Vikas Pratishthan, Ballarpur Institute of Technology, Mouza Bamni",0418893910,Mining Engineering,0,0,0,0,0,0,0,0,0,1,0,0,0,0,2,2,0,0,0,0,0,0,0,0,0,0,0,0418893910S,0
"Dr. Babasaheb Ambedkar Technological University,Lonere",04188,"Krushi Jivan Vikas Pratishthan, Ballarpur Institute of Technology, Mouza Bamni",0419324210,"Dr. Babasaheb Ambedkar Technological University,Lonere Computer Science and Engineering",0,0,0,0,0,0,0,7,0,0,0,0,0,0,0,0,0,0,0,0,0,0,0,0,0,0,0,0419324210S,0
"Dr. Babasaheb Ambedkar Technological University,Lonere",04188,"Krushi Jivan Vikas Pratishthan, Ballarpur Institute of Technology, Mouza Bamni",0419337010,Electronics and Communication Engineering,0,0,0,0,0,0,0,8,0,0,0,0,0,0,0,0,0,0,0,0,0,0,0,0,0,0,0,0419337010S,1
"Dr. Babasaheb Ambedkar Technological University,Lonere",04188,"Krushi Jivan Vikas Pratishthan, Ballarpur Institute of Technology, Mouza Bamni",0419360510,Mechanical CAD/CAM,0,0,0,0,0,0,0,5,0,0,0,0,0,0,0,0,0,0,0,0,0,0,0,0,0,0,0,0419360510S,0
"Dr. Babasaheb Ambedkar Technological University,Lonere",04188,"Krushi Jivan Vikas Pratishthan, Ballarpur Institute of Technology, Mouza Bamni",0419391910,Electrical (Power Electronics and Power,0,0,0,0,0,0,0,2,0,0,0,0,0,0,0,0,0,0,0,0,0,0,0,0,0,0,0,0419391910S,0
"Dr. Babasaheb Ambedkar Technological University,Lonere",04188,"Krushi Jivan Vikas Pratishthan, Ballarpur Institute of Technology, Mouza Bamni",0419621210,System) Rashtrasant Tukadoji Maharaj Nagpur University Structural Engineering,0,0,0,0,0,0,0,0,0,0,0,0,0,0,0,0,0,0,0,0,0,0,0,0,0,0,0,0419621210S,0
"Dr. Babasaheb Ambedkar Technological University,Lonere",04188,"Krushi Jivan Vikas Pratishthan, Ballarpur Institute of Technology, Mouza Bamni",0419619410,Transportation Engineering,0,0,0,0,0,0,0,2,1,0,0,1,1,1,1,1,1,0,0,0,0,0,0,0,0,0,0,0419619410S,3
"Dr. Babasaheb Ambedkar Technological University,Lonere",04188,"Krushi Jivan Vikas Pratishthan, Ballarpur Institute of Technology, Mouza Bamni",0419635910,VLSI,0,0,0,0,0,0,0,3,1,1,0,0,0,0,2,1,1,0,0,0,0,0,0,0,0,0,0,0419635910S,3
"Dr. Babasaheb Ambedkar Technological University,Lonere",04188,"Krushi Jivan Vikas Pratishthan, Ballarpur Institute of Technology, Mouza Bamni",0419660410,CAD-CAM,0,0,0,0,0,0,0,3,1,1,0,0,0,0,2,1,1,0,0,0,0,0,0,0,0,0,0,0419660410S,0
"Kavayitri Bahinabai Chaudhari North Maharashtra University, Jalgaon",05003,"University Institute of Chemical Technology, North Maharashtra University, Jalgaon",0500350710,Chemical Engineering,0,0,0,0,0,0,0,1,1,1,0,0,0,0,2,1,1,0,0,0,0,0,0,0,0,0,0,0500350710S,3
"Kavayitri Bahinabai Chaudhari North Maharashtra University, Jalgaon",05003,"University Institute of Chemical Technology, North Maharashtra University, Jalgaon",0500351710,Paint Technology,0,0,0,0,0,0,0,2,1,1,0,0,0,0,2,1,1,0,0,0,0,0,0,0,0,0,0,0500351710S,3
"Kavayitri Bahinabai Chaudhari North Maharashtra University, Jalgaon",05003,"University Institute of Chemical Technology, North Maharashtra University, Jalgaon",0500350310,Food Technology,0,0,0,0,0,0,0,0,1,0,1,1,0,0,1,1,1,0,0,0,0,0,0,0,0,0,0,0500350310S,3
"Kavayitri Bahinabai Chaudhari North Maharashtra University, Jalgaon",05003,"University Institute of Chemical Technology, North Maharashtra University, Jalgaon",0500438510,"North Maharashtra University (COE, Jalgaon) Electronic and Telecommunication Engg.",0,0,0,0,0,0,0,3,1,0,0,0,0,0,2,1,0,0,0,0,0,0,0,0,0,0,0,0500438510S,2
"Kavayitri Bahinabai Chaudhari North Maharashtra University, Jalgaon",05003,"University Institute of Chemical Technology, North Maharashtra University, Jalgaon",0500459610,(Digital System) Heat Power Engineering,0,0,0,0,0,0,0,5,2,1,0,1,0,0,2,2,1,0,0,0,0,0,0,0,0,0,0,0500459610S,4
"Kavayitri Bahinabai Chaudhari North Maharashtra University, Jalgaon",05003,"University Institute of Chemical Technology, North Maharashtra University, Jalgaon",0500493110,Electrical Instrumentation & Control,0,0,0,0,0,0,0,4,2,1,1,0,1,0,3,1,1,0,0,0,0,0,0,0,0,0,0,0500493110S,4
Savitribai Phule Pune University,05108,"Maratha Vidya Prasarak Samaj's Karmaveer Adv. Baburao Ganpatrao Thakare College Of Engineering, Nashik",0510821010,Construction Management,0,0,0,0,0,0,0,0,0,0,0,0,0,0,0,0,0,0,0,0,0,0,0,0,0,0,0,0510821010S,4
Savitribai Phule Pune University,05108,"Maratha Vidya Prasarak Samaj's Karmaveer Adv. Baburao Ganpatrao Thakare College Of Engineering, Nashik",0510824510,Computer Engineering,0,0,0,0,0,0,0,0,1,1,0,0,0,0,1,1,0,0,0,0,0,0,0,0,0,0,0,0510824510S,2
Savitribai Phule Pune University,05108,"Maratha Vidya Prasarak Samaj's Karmaveer Adv. Baburao Ganpatrao Thakare College Of Engineering, Nashik",0510890410,Mechanical Engineering Design,0,0,0,0,0,0,0,1,2,1,1,1,1,0,3,2,1,0,0,0,0,0,0,0,0,0,0,0510890410S,5
Savitribai Phule Pune University,05108,"Maratha Vidya Prasarak Samaj's Karmaveer Adv. Baburao Ganpatrao Thakare College Of Engineering, Nashik",0510819810,Civil Engineering (Structural Engineering),0,0,0,0,0,0,0,0,1,0,0,0,0,0,0,0,0,0,0,0,0,0,0,0,0,0,0,0510819810S,0
Savitribai Phule Pune University,05108,"Maratha Vidya Prasarak Samaj's Karmaveer Adv. Baburao Ganpatrao Thakare College Of Engineering, Nashik",0510834110,VLSI and Embeded Systems,0,0,0,0,0,0,0,1,1,1,0,0,0,0,2,1,1,0,0,0,0,0,0,0,0,0,0,0510834110S,2
Savitribai Phule Pune University,05108,"Maratha Vidya Prasarak Samaj's Karmaveer Adv. Baburao Ganpatrao Thakare College Of Engineering, Nashik",0512129210,Savitribai Phule Pune University Electrical Power System,0,0,0,0,0,0,0,0,0,0,0,0,0,0,0,0,0,0,0,0,0,0,0,0,0,0,0,0512129210S,1
Savitribai Phule Pune University,05108,"Maratha Vidya Prasarak Samaj's Karmaveer Adv. Baburao Ganpatrao Thakare College Of Engineering, Nashik",0512134110,VLSI and Embeded Systems,0,0,0,0,0,0,0,1,0,0,0,0,0,0,0,1,0,0,0,0,0,0,0,0,0,0,0,0512134110S,0
Savitribai Phule Pune University,05124,"Jagadamba Education Soc. Nashik's S.N.D. College of Engineering & Reserch, Babulgaon",0512421210,Structural Engineering,0,0,0,0,0,0,0,1,1,1,1,0,1,0,2,2,0,0,0,0,0,0,0,0,0,0,0,0512421210S,1
Savitribai Phule Pune University,05124,"Jagadamba Education Soc. Nashik's S.N.D. College of Engineering & Reserch, Babulgaon",0512424510,Computer Engineering,0,0,0,0,0,0,0,1,2,1,0,0,0,1,3,1,1,0,0,0,0,0,0,0,0,0,0,0512424510S,0
Savitribai Phule Pune University,05124,"Jagadamba Education Soc. Nashik's S.N.D. College of Engineering & Reserch, Babulgaon",0512460110,Design Engineering,0,0,0,0,0,0,0,1,1,1,0,0,0,0,1,1,0,0,0,0,0,0,0,0,0,0,0,0512460110S,1
Savitribai Phule Pune University,05124,"Jagadamba Education Soc. Nashik's S.N.D. College of Engineering & Reserch, Babulgaon",0512490110,Power Systems,0,0,0,0,0,0,0,0,2,1,1,0,1,0,4,2,0,0,0,0,0,0,0,0,0,0,0,0512490110S,0
Savitribai Phule Pune University,05124,"Jagadamba Education Soc. Nashik's S.N.D. College of Engineering & Reserch, Babulgaon",0513920110,Savitribai Phule Pune University Environmental Engineering,0,0,0,0,0,0,0,0,0,0,0,0,0,0,0,0,0,0,0,0,0,0,0,0,0,0,0,0513920110S,1
Savitribai Phule Pune University,05124,"Jagadamba Education Soc. Nashik's S.N.D. College of Engineering & Reserch, Babulgaon",0513921210,Structural Engineering,0,0,0,0,0,0,0,1,2,0,1,0,1,0,1,1,1,0,0,0,0,0,0,0,0,0,0,0513921210S,4
Savitribai Phule Pune University,05124,"Jagadamba Education Soc. Nashik's S.N.D. College of Engineering & Reserch, Babulgaon",0513924510,Computer Engineering,0,0,0,0,0,0,0,0,0,0,0,0,0,0,0,0,0,0,0,0,0,0,0,0,0,0,0,0513924510S,0
Savitribai Phule Pune University,05124,"Jagadamba Education Soc. Nashik's S.N.D. College of Engineering & Reserch, Babulgaon",0513934110,VLSI and Embeded Systems,0,0,0,0,0,0,0,1,1,0,0,0,0,0,0,0,0,0,0,0,0,0,0,0,0,0,0,0513934110S,0
Savitribai Phule Pune University,05124,"Jagadamba Education Soc. Nashik's S.N.D. College of Engineering & Reserch, Babulgaon",0513946410,Instrumentation and Control Engineering,0,0,0,0,0,0,0,1,1,0,0,0,0,0,0,1,0,0,0,0,0,0,0,0,0,0,0,0513946410S,0
Savitribai Phule Pune University,05124,"Jagadamba Education Soc. Nashik's S.N.D. College of Engineering & Reserch, Babulgaon",0513960110,Design Engineering,0,0,0,0,0,0,0,0,0,0,0,0,0,0,0,0,0,0,0,0,0,0,0,0,0,0,0,0513960110S,0
Savitribai Phule Pune University,05151,"MET Bhujbal Knowledge City MET League's Engineering College, Adgaon, Nashik.",0515124510,Computer Engineering,0,0,0,0,0,0,0,0,0,1,0,0,0,0,0,1,0,0,0,0,0,0,0,0,0,0,0,0515124510S,0
Savitribai Phule Pune University,05151,"MET Bhujbal Knowledge City MET League's Engineering College, Adgaon, Nashik.",0515158410,"Mechanical [Computer Aided Design,",0,0,0,0,0,0,0,3,2,1,1,1,0,0,2,1,1,0,0,0,0,0,0,0,0,0,0,0515158410S,2
Savitribai Phule Pune University,05151,"MET Bhujbal Knowledge City MET League's Engineering College, Adgaon, Nashik.",0515224210,"Manufacture & Engineering] Kavayitri Bahinabai Chaudhari North Maharashtra University, Jalgaon Computer Science and Engineering",0,0,0,0,0,0,0,5,0,0,0,0,0,0,0,0,0,0,0,0,0,0,0,0,0,0,0,0515224210S,0
Savitribai Phule Pune University,05151,"MET Bhujbal Knowledge City MET League's Engineering College, Adgaon, Nashik.",0515219810,Civil Engineering (Structural Engineering),0,0,0,0,0,0,0,0,0,0,0,0,0,0,0,0,0,0,0,0,0,0,0,0,0,0,0,0515219810S,0
Savitribai Phule Pune University,05151,"MET Bhujbal Knowledge City MET League's Engineering College, Adgaon, Nashik.",0516021210,Savitribai Phule Pune University Structural Engineering,0,0,0,0,0,0,0,0,1,0,0,0,0,0,1,0,0,0,0,0,0,0,0,0,0,0,0,0516021210S,4
Savitribai Phule Pune University,05151,"MET Bhujbal Knowledge City MET League's Engineering College, Adgaon, Nashik.",0516024510,Computer Engineering,0,0,0,0,0,0,0,0,0,0,0,0,0,0,1,0,0,0,0,0,0,0,0,0,0,0,0,0516024510S,0
Savitribai Phule Pune University,05151,"MET Bhujbal Knowledge City MET League's Engineering College, Adgaon, Nashik.",0516025210,Cyber Security,0,0,0,0,0,0,0,0,0,0,0,1,0,0,1,0,0,0,0,0,0,0,0,0,0,0,0,0516025210S,0
Savitribai Phule Pune University,05151,"MET Bhujbal Knowledge City MET League's Engineering College, Adgaon, Nashik.",0516034810,Digital Systems,0,0,0,0,0,0,0,1,1,0,0,0,0,0,1,1,0,0,0,0,0,0,0,0,0,0,0,0516034810S,1
Savitribai Phule Pune University,05161,"Dr. Vithalrao Vikhe Patil College of Engineering, Ahmednagar",0516124510,Computer Engineering,0,0,0,0,0,0,0,1,1,1,0,0,0,1,1,1,0,0,0,0,0,0,0,0,0,0,0,0516124510S,0
Savitribai Phule Pune University,05161,"Dr. Vithalrao Vikhe Patil College of Engineering, Ahmednagar",0516134110,VLSI and Embeded Systems,0,0,0,0,0,0,0,0,0,0,0,0,0,0,0,0,0,0,0,0,0,0,0,0,0,0,0,0516134110S,0
Savitribai Phule Pune University,05161,"Dr. Vithalrao Vikhe Patil College of Engineering, Ahmednagar",0516194010,Data Sciences,0,0,0,0,0,0,0,0,0,0,0,0,0,0,0,1,0,0,0,0,0,0,0,0,0,0,0,0516194010S,1
Savitribai Phule Pune University,05161,"Dr. Vithalrao Vikhe Patil College of Engineering, Ahmednagar",0516121210,Structural Engineering,0,0,0,0,0,0,0,0,0,1,1,1,0,0,1,2,0,0,0,0,0,0,0,0,0,0,0,0516121210S,2
Savitribai Phule Pune University,05161,"Dr. Vithalrao Vikhe Patil College of Engineering, Ahmednagar",0516160110,Design Engineering,0,0,0,0,0,0,0,2,1,1,0,0,0,0,2,1,1,0,0,0,0,0,0,0,0,0,0,0516160110S,2
Savitribai Phule Pune University,05161,"Dr. Vithalrao Vikhe Patil College of Engineering, Ahmednagar",0516219110,Savitribai Phule Pune University Civil Engineering,0,0,0,0,0,0,0,0,0,1,0,0,0,0,1,0,0,0,0,0,0,0,0,0,0,0,0,0516219110S,0
Savitribai Phule Pune University,05161,"Dr. Vithalrao Vikhe Patil College of Engineering, Ahmednagar",0516224510,Computer Engineering,0,0,0,0,0,0,0,0,1,0,0,0,0,0,0,1,0,0,0,0,0,0,0,0,0,0,0,0516224510S,0
"Dr. Babasaheb Ambedkar Technological University,Lonere",05168,"T.M.E. Society's J.T.Mahajan College of Engineering, Faizpur",0516837210,Electronics and Telecommunication Engg,0,0,0,0,0,0,0,2,1,0,0,0,0,0,1,1,0,0,0,0,0,0,0,0,0,0,0,0516837210S,2
"Dr. Babasaheb Ambedkar Technological University,Lonere",05168,"T.M.E. Society's J.T.Mahajan College of Engineering, Faizpur",0516861910,Machine Design,0,0,0,0,0,0,0,3,1,1,1,0,1,0,2,1,1,0,0,0,0,0,0,0,0,0,0,0516861910S,3
"Dr. Babasaheb Ambedkar Technological University,Lonere",05168,"T.M.E. Society's J.T.Mahajan College of Engineering, Faizpur",0516937210,"Kavayitri Bahinabai Chaudhari North Maharashtra University, Jalgaon Electronics and Telecommunication Engg",0,0,0,0,0,0,0,4,2,1,0,0,1,0,3,1,1,0,0,0,0,0,0,0,0,0,0,0516937210S,3
"Dr. Babasaheb Ambedkar Technological University,Lonere",05168,"T.M.E. Society's J.T.Mahajan College of Engineering, Faizpur",0517021610,"Dr. Babasaheb Ambedkar Technological University,Lonere Constructional Technology and Management",0,0,0,0,0,0,0,2,0,0,0,0,0,0,0,0,0,0,0,0,0,0,0,0,0,0,0,0517021610S,0
"Dr. Babasaheb Ambedkar Technological University,Lonere",05168,"T.M.E. Society's J.T.Mahajan College of Engineering, Faizpur",0517024210,Computer Science and Engineering,0,0,0,0,0,0,0,4,0,0,0,0,0,0,0,0,0,0,0,0,0,0,0,0,0,0,0,0517024210S,1
"Dr. Babasaheb Ambedkar Technological University,Lonere",05168,"T.M.E. Society's J.T.Mahajan College of Engineering, Faizpur",0517029210,Electrical Power System,0,0,0,0,0,0,0,7,0,0,0,0,0,0,0,0,0,0,0,0,0,0,0,0,0,0,0,0517029210S,2
"Dr. Babasaheb Ambedkar Technological University,Lonere",05168,"T.M.E. Society's J.T.Mahajan College of Engineering, Faizpur",0517037510,Communication Engineering,0,0,0,0,0,0,0,2,0,0,0,0,0,0,0,0,0,0,0,0,0,0,0,0,0,0,0,0517037510S,1
"Dr. Babasaheb Ambedkar Technological University,Lonere",05171,"Godavari Foundation's Godavari College Of Engineering, Jalgaon",0517124510,Computer Engineering,0,0,0,0,0,0,0,1,0,1,1,0,1,0,0,1,1,0,0,0,0,0,0,0,0,0,0,0517124510S,0
"Dr. Babasaheb Ambedkar Technological University,Lonere",05171,"Godavari Foundation's Godavari College Of Engineering, Jalgaon",0517134110,VLSI and Embeded Systems,0,0,0,0,0,0,0,3,1,0,0,1,0,0,1,1,0,0,0,0,0,0,0,0,0,0,0,0517134110S,2
"Dr. Babasaheb Ambedkar Technological University,Lonere",05171,"Godavari Foundation's Godavari College Of Engineering, Jalgaon",0517161010,Thermal Engineering,0,0,0,0,0,0,0,4,2,1,0,0,0,1,3,1,1,0,0,0,0,0,0,0,0,0,0,0517161010S,0
"Dr. Babasaheb Ambedkar Technological University,Lonere",05171,"Godavari Foundation's Godavari College Of Engineering, Jalgaon",0517324510,Savitribai Phule Pune University Computer Engineering,0,0,0,0,0,0,0,4,0,0,0,0,0,0,0,0,0,0,0,0,0,0,0,0,0,0,0,0517324510S,0
"Dr. Babasaheb Ambedkar Technological University,Lonere",05171,"Godavari Foundation's Godavari College Of Engineering, Jalgaon",0517361210,Mechanical Engineering,0,0,0,0,0,0,0,5,0,0,0,0,0,0,0,0,0,0,0,0,0,0,0,0,0,0,0,0517361210S,1
Savitribai Phule Pune University,05177,"Matoshri College of Engineering and Research Centre, Eklahare, Nashik",0517720010,Geo Technical Engineering,0,0,0,0,0,0,0,1,1,0,1,1,1,0,1,2,0,0,0,0,0,0,0,0,0,0,0,0517720010S,0
Savitribai Phule Pune University,05177,"Matoshri College of Engineering and Research Centre, Eklahare, Nashik",0517729210,Electrical Power System,0,0,0,0,0,0,0,1,1,1,1,0,0,0,1,2,0,0,0,0,0,0,0,0,0,0,0,0517729210S,0
Savitribai Phule Pune University,05177,"Matoshri College of Engineering and Research Centre, Eklahare, Nashik",0517734110,VLSI and Embeded Systems,0,0,0,0,0,0,0,0,2,1,0,0,0,0,1,1,1,0,0,0,0,0,0,0,0,0,0,0517734110S,0
Savitribai Phule Pune University,05177,"Matoshri College of Engineering and Research Centre, Eklahare, Nashik",0517759610,Heat Power Engineering,0,0,0,0,0,0,0,1,1,1,0,0,0,0,2,1,1,0,0,0,0,0,0,0,0,0,0,0517759610S,0
Savitribai Phule Pune University,05177,"Matoshri College of Engineering and Research Centre, Eklahare, Nashik",0517794010,Data Sciences,0,0,0,0,0,0,0,2,2,1,0,0,0,1,1,1,1,0,0,0,0,0,0,0,0,0,0,0517794010S,0
Savitribai Phule Pune University,05177,"Matoshri College of Engineering and Research Centre, Eklahare, Nashik",0517924510,Savitribai Phule Pune University Computer Engineering,0,0,0,0,0,0,0,0,1,1,1,0,0,0,1,1,1,0,0,0,0,0,0,0,0,0,0,0517924510S,0
Savitribai Phule Pune University,05177,"Matoshri College of Engineering and Research Centre, Eklahare, Nashik",0517961210,Mechanical Engineering,0,0,0,0,0,0,0,2,2,1,0,0,0,0,2,1,1,0,0,0,0,0,0,0,0,0,0,0517961210S,2
Savitribai Phule Pune University,05181,"Gokhale Education Society's, R.H. Sapat College of Engineering, Management Studies and Research, Nashik",0518124510,Computer Engineering,0,0,0,0,0,0,0,1,0,0,0,0,1,1,1,0,1,0,0,0,0,0,0,0,0,0,0,0518124510S,0
Savitribai Phule Pune University,05181,"Gokhale Education Society's, R.H. Sapat College of Engineering, Management Studies and Research, Nashik",0518134810,Digital Systems,0,0,0,0,0,0,0,2,1,0,1,1,0,0,1,1,1,0,0,0,0,0,0,0,0,0,0,0518134810S,1
Savitribai Phule Pune University,05181,"Gokhale Education Society's, R.H. Sapat College of Engineering, Management Studies and Research, Nashik",0518190210,Power Electronics and Drives,0,0,0,0,0,0,0,1,1,1,0,0,0,0,2,1,1,0,0,0,0,0,0,0,0,0,0,0518190210S,1
Savitribai Phule Pune University,05181,"Gokhale Education Society's, R.H. Sapat College of Engineering, Management Studies and Research, Nashik",0518190410,Mechanical Engineering Design,0,0,0,0,0,0,0,1,1,1,0,0,0,0,2,1,1,0,0,0,0,0,0,0,0,0,0,0518190410S,2
Savitribai Phule Pune University,05181,"Gokhale Education Society's, R.H. Sapat College of Engineering, Management Studies and Research, Nashik",0518219110,Savitribai Phule Pune University Civil Engineering,0,0,0,0,0,0,0,0,0,0,0,0,0,0,0,0,0,0,0,0,0,0,0,0,0,0,0,0518219110S,0
Savitribai Phule Pune University,05181,"Gokhale Education Society's, R.H. Sapat College of Engineering, Management Studies and Research, Nashik",0518224510,Computer Engineering,0,0,0,0,0,0,0,1,1,1,1,1,0,0,2,1,1,0,0,0,0,0,0,0,0,0,0,0518224510S,0
Savitribai Phule Pune University,05181,"Gokhale Education Society's, R.H. Sapat College of Engineering, Management Studies and Research, Nashik",0518235810,Signal Processing,0,0,0,0,0,0,0,2,1,0,0,0,0,0,1,1,0,0,0,0,0,0,0,0,0,0,0,0518235810S,0
Savitribai Phule Pune University,05181,"Gokhale Education Society's, R.H. Sapat College of Engineering, Management Studies and Research, Nashik",0518290410,Mechanical Engineering Design,0,0,0,0,0,0,0,0,2,1,0,0,1,0,2,1,1,0,0,0,0,0,0,0,0,0,0,0518290410S,0
Savitribai Phule Pune University,05303,"Hon. Shri. Babanrao Pachpute Vichardhara Trust, Group of Institutions (Integrated Campus)-Parikrama, Kashti Shrigondha,",0530319810,Civil Engineering (Structural Engineering),0,0,0,0,0,0,0,0,1,0,0,0,0,0,1,2,0,0,0,0,0,0,0,0,0,0,0,0530319810S,0
Savitribai Phule Pune University,05303,"Hon. Shri. Babanrao Pachpute Vichardhara Trust, Group of Institutions (Integrated Campus)-Parikrama, Kashti Shrigondha,",0530334110,VLSI and Embeded Systems,0,0,0,0,0,0,0,1,2,1,1,0,1,0,2,1,1,0,0,0,0,0,0,0,0,0,0,0530334110S,0
Savitribai Phule Pune University,05303,"Hon. Shri. Babanrao Pachpute Vichardhara Trust, Group of Institutions (Integrated Campus)-Parikrama, Kashti Shrigondha,",0538037210,Savitribai Phule Pune University Electronics and Telecommunication Engg,0,0,0,0,0,0,0,6,2,1,0,1,1,0,4,2,1,0,0,0,0,0,0,0,0,0,0,0538037210S,6
Savitribai Phule Pune University,05303,"Hon. Shri. Babanrao Pachpute Vichardhara Trust, Group of Institutions (Integrated Campus)-Parikrama, Kashti Shrigondha,",0538061210,Mechanical Engineering,0,0,0,0,0,0,0,0,2,1,1,1,1,0,3,2,1,0,0,0,0,0,0,0,0,0,0,0538061210S,2
Savitribai Phule Pune University,05303,"Hon. Shri. Babanrao Pachpute Vichardhara Trust, Group of Institutions (Integrated Campus)-Parikrama, Kashti Shrigondha,",0538021110,Civil - Structural Engineering,0,0,0,0,0,0,0,0,0,0,0,0,0,0,0,0,0,0,0,0,0,0,0,0,0,0,0,0538021110S,0
Savitribai Phule Pune University,05303,"Hon. Shri. Babanrao Pachpute Vichardhara Trust, Group of Institutions (Integrated Campus)-Parikrama, Kashti Shrigondha,",0538024510,Computer Engineering,0,0,0,0,0,0,0,1,3,1,1,0,0,0,2,2,0,0,0,0,0,0,0,0,0,0,0,0538024510S,0
Savitribai Phule Pune University,05303,"Hon. Shri. Babanrao Pachpute Vichardhara Trust, Group of Institutions (Integrated Campus)-Parikrama, Kashti Shrigondha,",0538029310,Electrical Engineering,0,0,0,0,0,0,0,0,1,1,1,0,1,0,3,2,0,0,0,0,0,0,0,0,0,0,0,0538029310S,1
Savitribai Phule Pune University,05303,"Hon. Shri. Babanrao Pachpute Vichardhara Trust, Group of Institutions (Integrated Campus)-Parikrama, Kashti Shrigondha,",0538121110,"Kavayitri Bahinabai Chaudhari North Maharashtra University, Jalgaon Civil - Structural Engineering",0,0,0,0,0,0,0,0,0,0,0,0,0,0,0,0,0,0,0,0,0,0,0,0,0,1,0,0538121110S,1
Savitribai Phule Pune University,05303,"Hon. Shri. Babanrao Pachpute Vichardhara Trust, Group of Institutions (Integrated Campus)-Parikrama, Kashti Shrigondha,",0538124510,Computer Engineering,0,0,0,0,0,0,0,1,3,2,1,0,1,0,4,2,1,0,0,0,0,0,0,0,0,1,0,0538124510S,6
Savitribai Phule Pune University,05399,"Sanghavi College of Engineering, Varvandi, Nashik.",0539924510,Computer Engineering,0,0,0,0,0,0,0,0,1,1,0,0,0,0,2,1,0,0,0,0,0,0,0,0,0,0,0,0539924510S,0
Savitribai Phule Pune University,05399,"Sanghavi College of Engineering, Varvandi, Nashik.",0539905010,Artificial Intelligence,0,0,0,0,0,0,0,4,2,1,1,1,1,0,2,1,1,0,0,0,0,0,0,0,0,0,0,0539905010S,3
Savitribai Phule Pune University,05399,"Sanghavi College of Engineering, Varvandi, Nashik.",0541894310,Savitribai Phule Pune University Artificial Intelligence and Data Science,0,0,0,0,0,0,0,0,1,0,1,0,1,0,0,1,1,0,0,0,0,0,0,0,0,0,0,0541894310S,0
Savitribai Phule Pune University,05399,"Sanghavi College of Engineering, Varvandi, Nashik.",0541895610,Automation and Robotics,0,0,0,0,0,0,0,1,1,1,0,0,0,0,2,1,1,0,0,0,0,0,0,0,0,0,0,0541895610S,2
Shivaji University,06005,"Government College of Engineering, Karad",0600521010,Construction Management,0,0,0,0,0,0,0,1,0,0,0,1,0,0,1,1,1,0,0,0,0,0,0,0,0,0,0,0600521010S,6
Shivaji University,06005,"Government College of Engineering, Karad",0600521210,Structural Engineering,0,0,0,0,0,0,0,0,0,0,0,0,0,0,0,1,1,0,0,0,0,0,0,0,0,0,0,0600521210S,6
Shivaji University,06005,"Government College of Engineering, Karad",0600524210,Computer Science and Engineering,0,0,0,0,0,0,0,3,0,0,1,0,0,0,0,0,1,0,0,0,0,0,0,0,0,0,0,0600524210S,2
Shivaji University,06005,"Government College of Engineering, Karad",0600529210,Electrical Power System,0,0,0,0,0,0,0,4,1,1,0,0,0,0,3,2,1,0,0,0,0,0,0,0,0,0,0,0600529210S,6
Shivaji University,06005,"Government College of Engineering, Karad",0600560110,Design Engineering,0,0,0,0,0,0,0,4,1,1,0,1,0,0,3,1,1,0,0,0,0,0,0,0,0,0,0,0600560110S,3
Shivaji University,06005,"Government College of Engineering, Karad",0600560610,Production Engineering,0,0,0,0,0,0,0,7,3,1,1,0,1,0,3,2,1,0,0,0,0,0,0,0,0,0,0,0600560610S,6
"Shivaji University(WCE, Sangli)",06007,"Walchand College of Engineering, Sangli",0600721070,<UNKNOWN>,0,0,0,0,0,0,0,0,0,0,0,0,0,0,0,0,0,0,0,0,0,0,0,0,0,0,0,,0
"Shivaji University(WCE, Sangli)",06007,"Walchand College of Engineering, Sangli",0600737070,0600721070U Construction Management U S,0,0,0,0,0,0,0,0,1,1,0,0,0,0,1,0,0,0,0,0,0,0,0,0,0,0,0,,0
"Shivaji University(WCE, Sangli)",06007,"Walchand College of Engineering, Sangli",0600747370,0600737070U Electronics and Communication Engineering U S,0,0,0,0,0,0,0,1,0,0,0,0,0,0,0,0,0,0,0,0,0,0,0,0,0,0,0,,0
"Shivaji University(WCE, Sangli)",06007,"Walchand College of Engineering, Sangli",0600760870,0600747370U Control and Instrumentation U S,0,0,0,0,0,0,0,3,1,1,0,0,0,0,2,1,1,0,0,0,0,0,0,0,0,0,0,,0
"Shivaji University(WCE, Sangli)",06007,"Walchand College of Engineering, Sangli",0600761070,0600760870U Manufacturing Engineering U S,0,0,0,0,0,0,0,1,1,1,0,0,0,0,2,1,0,0,0,0,0,0,0,0,0,0,0,,0
"Shivaji University(WCE, Sangli)",06007,"Walchand College of Engineering, Sangli",0600794070,0600761070U Thermal Engineering U S,0,0,0,0,0,0,0,1,0,0,0,0,0,0,1,0,0,0,0,0,0,0,0,0,0,0,0,,0
"Shivaji University(WCE, Sangli)",06007,"Walchand College of Engineering, Sangli",0600721170,0600794070U Data Sciences U S,0,0,0,0,0,0,0,1,0,0,0,0,0,0,1,1,0,0,0,0,0,0,0,0,0,1,0,,0
"Shivaji University(WCE, Sangli)",06007,"Walchand College of Engineering, Sangli",0600724270,0600721170U Civil - Structural Engineering U S,0,0,0,0,0,0,0,1,0,0,0,0,0,0,0,0,0,0,0,0,0,0,0,0,0,0,0,,0
"Shivaji University(WCE, Sangli)",06007,"Walchand College of Engineering, Sangli",0600729870,0600724270U Computer Science and Engineering U S,0,0,0,0,0,0,0,0,0,1,0,0,0,0,0,1,0,0,0,0,0,0,0,0,0,0,0,,0
"Shivaji University(WCE, Sangli)",06007,"Walchand College of Engineering, Sangli",0600757770,0600729870U Electrical - Power System Engineering U S,0,0,0,0,0,0,0,1,0,0,0,0,0,0,2,1,0,0,0,0,0,0,0,0,0,0,0,,0
"Shivaji University(WCE, Sangli)",06007,"Walchand College of Engineering, Sangli",0600760170,0600757770U Civil Environmental Engineering U S,0,0,0,0,0,0,0,2,0,0,0,0,0,0,1,1,0,0,0,0,0,0,0,0,0,0,0,,0
Shivaji University,06028,"Department of Technology, Shivaji University, Kolhapur",0602837210,Electronics and Telecommunication Engg,0,0,0,0,0,0,0,2,1,0,0,0,0,0,1,1,0,0,0,0,0,0,0,0,0,0,0,0602837210S,1
Shivaji University,06028,"Department of Technology, Shivaji University, Kolhapur",0602821410,Environmental Science and Technology,0,0,0,0,0,0,0,0,0,0,0,0,0,0,0,0,0,0,0,0,0,0,0,0,0,0,0,0602821410S,0
Shivaji University,06028,"Department of Technology, Shivaji University, Kolhapur",0602825410,Computer Science and Technology,0,0,0,0,0,0,0,2,0,1,0,0,0,0,1,0,0,0,0,0,0,0,0,0,0,0,0,0602825410S,0
Shivaji University,06028,"Department of Technology, Shivaji University, Kolhapur",0602837910,Energy Technology,0,0,0,0,0,0,0,0,1,0,0,0,0,0,0,1,0,0,0,0,0,0,0,0,0,0,0,0602837910S,1
Shivaji University,06028,"Department of Technology, Shivaji University, Kolhapur",0602850310,Food Technology,0,0,0,0,0,0,0,1,0,0,0,0,0,0,0,1,0,0,0,0,0,0,0,0,0,0,0,0602850310S,1
Shivaji University,06028,"Department of Technology, Shivaji University, Kolhapur",0612221010,Savitribai Phule Pune University Construction Management,0,0,0,0,0,0,0,1,2,2,1,0,0,1,3,1,0,0,0,0,0,0,0,0,0,0,0,0612221010S,0
Shivaji University,06028,"Department of Technology, Shivaji University, Kolhapur",0612224510,Computer Engineering,0,0,0,0,0,0,0,4,2,1,0,1,1,1,3,2,1,0,0,0,0,0,0,0,0,0,0,0612224510S,0
Shivaji University,06028,"Department of Technology, Shivaji University, Kolhapur",0612234110,VLSI and Embeded Systems,0,0,0,0,0,0,0,1,3,1,0,0,1,0,4,2,1,0,0,0,0,0,0,0,0,0,0,0612234110S,4
Shivaji University,06028,"Department of Technology, Shivaji University, Kolhapur",0612259610,Heat Power Engineering,0,0,0,0,0,0,0,2,1,1,0,0,0,0,2,1,1,0,0,0,0,0,0,0,0,0,0,0612259610S,2
Savitribai Phule Pune University,06139,"Progressive Education Society's Modern College of Engineering, Pune",0613924510,Computer Engineering,0,0,0,0,0,0,0,0,0,0,0,0,0,0,0,0,0,0,0,0,0,0,0,0,0,0,0,0613924510S,0
Savitribai Phule Pune University,06139,"Progressive Education Society's Modern College of Engineering, Pune",0613929410,Control System Engineering,0,0,0,0,0,0,0,1,2,1,0,0,1,0,3,0,1,0,0,0,0,0,0,0,0,0,0,0613929410S,3
Savitribai Phule Pune University,06139,"Progressive Education Society's Modern College of Engineering, Pune",0613935810,Signal Processing,0,0,0,0,0,0,0,2,1,1,0,0,0,0,1,1,0,0,0,0,0,0,0,0,0,0,0,0613935810S,0
Savitribai Phule Pune University,06139,"Progressive Education Society's Modern College of Engineering, Pune",0613959610,Heat Power Engineering,0,0,0,0,0,0,0,5,2,1,0,0,0,0,3,2,1,0,0,0,0,0,0,0,0,0,0,0613959610S,4
Savitribai Phule Pune University,06139,"Progressive Education Society's Modern College of Engineering, Pune",0614121210,Savitribai Phule Pune University Structural Engineering,0,0,0,0,0,0,0,0,0,0,0,0,0,1,0,0,0,0,0,0,0,0,0,0,0,0,0,0614121210S,3
Savitribai Phule Pune University,06139,"Progressive Education Society's Modern College of Engineering, Pune",0614124510,Computer Engineering,0,0,0,0,0,0,0,0,0,0,0,0,0,0,2,1,0,0,0,0,0,0,0,0,0,0,0,0614124510S,4
Savitribai Phule Pune University,06139,"Progressive Education Society's Modern College of Engineering, Pune",0614134110,VLSI and Embeded Systems,0,0,0,0,0,0,0,2,2,1,0,1,1,0,4,2,1,0,0,0,0,0,0,0,0,0,0,0614134110S,3
Savitribai Phule Pune University,06139,"Progressive Education Society's Modern College of Engineering, Pune",0614160110,Design Engineering,0,0,0,0,0,0,0,1,0,1,1,1,1,0,3,2,1,0,0,0,0,0,0,0,0,0,0,0614160110S,4
Savitribai Phule Pune University,06145,"JSPM'S Jaywantrao Sawant College of Engineering,Pune",0614524510,Computer Engineering,0,0,0,0,0,0,0,2,1,1,0,0,0,1,1,1,1,0,0,0,0,0,0,0,0,0,0,0614524510S,0
Savitribai Phule Pune University,06145,"JSPM'S Jaywantrao Sawant College of Engineering,Pune",0614534810,Digital Systems,0,0,0,0,0,0,0,6,2,1,1,1,1,0,3,2,1,0,0,0,0,0,0,0,0,0,0,0614534810S,2
Savitribai Phule Pune University,06145,"JSPM'S Jaywantrao Sawant College of Engineering,Pune",0614560110,Design Engineering,0,0,0,0,0,0,0,6,2,1,1,0,1,0,4,2,1,0,0,0,0,0,0,0,0,0,0,0614560110S,5
Savitribai Phule Pune University,06145,"JSPM'S Jaywantrao Sawant College of Engineering,Pune",0614624510,Savitribai Phule Pune University Computer Engineering,0,0,0,0,0,0,0,0,0,0,0,0,0,0,0,0,0,0,0,0,0,0,0,0,0,0,0,0614624510S,0
Savitribai Phule Pune University,06145,"JSPM'S Jaywantrao Sawant College of Engineering,Pune",0614669910,Mechanical Engineering (Heat Power),0,0,0,0,0,0,0,2,1,1,0,0,1,1,2,1,1,0,0,0,0,0,0,0,0,0,0,0614669910S,3
Savitribai Phule Pune University,06145,"JSPM'S Jaywantrao Sawant College of Engineering,Pune",0614924510,Savitribai Phule Pune University Computer Engineering,0,0,0,0,0,0,0,0,0,0,0,0,0,0,0,0,0,0,0,0,0,0,0,0,0,0,0,0614924510S,0
Savitribai Phule Pune University,06145,"JSPM'S Jaywantrao Sawant College of Engineering,Pune",0614924610,Information Technology,0,0,0,0,0,0,0,1,0,0,0,0,0,0,0,0,0,0,0,0,0,0,0,0,0,0,0,0614924610S,0
Savitribai Phule Pune University,06145,"JSPM'S Jaywantrao Sawant College of Engineering,Pune",0614934110,VLSI and Embeded Systems,0,0,0,0,0,0,0,0,0,0,0,0,0,0,0,0,0,0,0,0,0,0,0,0,0,0,0,0614934110S,0
Savitribai Phule Pune University,06145,"JSPM'S Jaywantrao Sawant College of Engineering,Pune",0614960110,Design Engineering,0,0,0,0,0,0,0,5,0,0,0,0,0,0,0,0,0,0,0,0,0,0,0,0,0,0,0,0614960110S,0
Savitribai Phule Pune University,06155,"G.H.Raisoni College of Engineering & Management, Wagholi, Pune",0615521210,Structural Engineering,0,0,0,0,0,0,0,1,0,0,0,0,0,0,0,0,0,0,0,0,0,0,0,0,0,0,0,0615521210S,0
Savitribai Phule Pune University,06155,"G.H.Raisoni College of Engineering & Management, Wagholi, Pune",0615524510,Computer Engineering,0,0,0,0,0,0,0,2,0,0,0,0,0,0,0,0,0,0,0,0,0,0,0,0,0,0,0,0615524510S,2
Savitribai Phule Pune University,06155,"G.H.Raisoni College of Engineering & Management, Wagholi, Pune",0615529510,Control System,0,0,0,0,0,0,0,9,0,0,0,0,0,0,0,0,0,0,0,0,0,0,0,0,0,0,0,0615529510S,3
Savitribai Phule Pune University,06155,"G.H.Raisoni College of Engineering & Management, Wagholi, Pune",0615534110,VLSI and Embeded Systems,0,0,0,0,0,0,0,0,0,0,0,0,0,0,0,0,0,0,0,0,0,0,0,0,0,0,0,0615534110S,1
Savitribai Phule Pune University,06155,"G.H.Raisoni College of Engineering & Management, Wagholi, Pune",0615559610,Heat Power Engineering,0,0,0,0,0,0,0,6,0,0,0,0,0,0,0,0,0,0,0,0,0,0,0,0,0,0,0,0615559610S,1
Savitribai Phule Pune University,06155,"G.H.Raisoni College of Engineering & Management, Wagholi, Pune",0615560710,Mechanical CAD ME,0,0,0,0,0,0,0,6,0,0,0,0,0,0,0,0,0,0,0,0,0,0,0,0,0,0,0,0615560710S,3
Savitribai Phule Pune University,06155,"G.H.Raisoni College of Engineering & Management, Wagholi, Pune",0615590110,Power Systems,0,0,0,0,0,0,0,3,0,0,0,0,0,0,0,0,0,0,0,0,0,0,0,0,0,0,0,0615590110S,3
Savitribai Phule Pune University,06155,"G.H.Raisoni College of Engineering & Management, Wagholi, Pune",0615624510,Savitribai Phule Pune University Computer Engineering,0,0,0,0,0,0,0,3,0,0,0,0,1,0,1,1,0,0,0,0,0,0,0,0,0,0,0,0615624510S,0
Savitribai Phule Pune University,06155,"G.H.Raisoni College of Engineering & Management, Wagholi, Pune",0615634110,VLSI and Embeded Systems,0,0,0,0,0,0,0,0,0,1,1,0,0,0,0,0,0,0,0,0,0,0,0,0,0,0,0,0615634110S,0
Savitribai Phule Pune University,06155,"G.H.Raisoni College of Engineering & Management, Wagholi, Pune",0615690210,Power Electronics and Drives,0,0,0,0,0,0,0,0,0,0,0,0,0,0,0,0,0,0,0,0,0,0,0,0,0,0,0,0615690210S,1
Savitribai Phule Pune University,06155,"G.H.Raisoni College of Engineering & Management, Wagholi, Pune",0615694010,Data Sciences,0,0,0,0,0,0,0,0,0,0,0,0,0,0,0,0,0,0,0,0,0,0,0,0,0,0,0,0615694010S,0
Savitribai Phule Pune University,06175,"Pimpri Chinchwad Education Trust, Pimpri Chinchwad College of Engineering, Pune",0617521010,Construction Management,0,0,0,0,0,0,0,0,0,0,1,0,0,0,2,1,0,0,0,0,0,0,0,0,0,0,0,0617521010S,3
Savitribai Phule Pune University,06175,"Pimpri Chinchwad Education Trust, Pimpri Chinchwad College of Engineering, Pune",0617524510,Computer Engineering,0,0,0,0,0,0,0,0,0,1,0,0,0,0,1,0,0,0,0,0,0,0,0,0,0,0,0,0617524510S,1
Savitribai Phule Pune University,06175,"Pimpri Chinchwad Education Trust, Pimpri Chinchwad College of Engineering, Pune",0617534110,VLSI and Embeded Systems,0,0,0,0,0,0,0,1,0,0,0,0,0,0,0,0,0,0,0,0,0,0,0,0,0,0,0,0617534110S,3
Savitribai Phule Pune University,06175,"Pimpri Chinchwad Education Trust, Pimpri Chinchwad College of Engineering, Pune",0617590410,Mechanical Engineering Design,0,0,0,0,0,0,0,1,0,0,0,0,0,0,0,1,0,0,0,0,0,0,0,0,0,0,0,0617590410S,0
Savitribai Phule Pune University,06175,"Pimpri Chinchwad Education Trust, Pimpri Chinchwad College of Engineering, Pune",0617594310,Artificial Intelligence and Data Science,0,0,0,0,0,0,0,2,0,0,0,0,0,0,0,0,1,0,0,0,0,0,0,0,0,0,0,0617594310S,1
Savitribai Phule Pune University,06175,"Pimpri Chinchwad Education Trust, Pimpri Chinchwad College of Engineering, Pune",0617596110,Computational Mechanics (Mechanical,0,0,0,0,0,0,0,0,1,1,0,0,0,0,1,1,1,0,0,0,0,0,0,0,0,0,0,0617596110S,3
Savitribai Phule Pune University,06175,"Pimpri Chinchwad Education Trust, Pimpri Chinchwad College of Engineering, Pune",0617720110,Engineering) Savitribai Phule Pune University Environmental Engineering,0,0,0,0,0,0,0,3,1,1,0,1,1,1,3,1,1,0,0,0,0,0,0,0,0,0,0,0617720110S,4
Savitribai Phule Pune University,06175,"Pimpri Chinchwad Education Trust, Pimpri Chinchwad College of Engineering, Pune",0617734110,VLSI and Embeded Systems,0,0,0,0,0,0,0,0,1,1,0,0,0,0,3,2,0,0,0,0,0,0,0,0,0,0,0,0617734110S,3
Savitribai Phule Pune University,06175,"Pimpri Chinchwad Education Trust, Pimpri Chinchwad College of Engineering, Pune",0617760110,Design Engineering,0,0,0,0,0,0,0,5,2,1,1,0,0,0,2,2,1,0,0,0,0,0,0,0,0,0,0,0617760110S,4
Savitribai Phule Pune University,06175,"Pimpri Chinchwad Education Trust, Pimpri Chinchwad College of Engineering, Pune",0617762310,Mechatronics,0,0,0,0,0,0,0,5,2,1,0,0,1,0,3,1,1,0,0,0,0,0,0,0,0,0,0,0617762310S,3
Savitribai Phule Pune University,06178,"Sinhgad Technical Education Society's Smt. Kashibai Navale College of Engineering,Vadgaon,Pune",0617824510,Computer Engineering,0,0,0,0,0,0,0,2,1,0,0,0,1,0,2,0,0,0,0,0,0,0,0,0,0,0,0,0617824510S,2
Savitribai Phule Pune University,06178,"Sinhgad Technical Education Society's Smt. Kashibai Navale College of Engineering,Vadgaon,Pune",0617924510,Savitribai Phule Pune University Computer Engineering,0,0,0,0,0,0,0,1,1,0,0,0,1,0,0,0,1,0,0,0,0,0,0,0,0,0,0,0617924510S,1
Savitribai Phule Pune University,06178,"Sinhgad Technical Education Society's Smt. Kashibai Navale College of Engineering,Vadgaon,Pune",0617961210,Mechanical Engineering,0,0,0,0,0,0,0,2,1,1,0,0,0,0,2,1,1,0,0,0,0,0,0,0,0,0,0,0617961210S,2
Savitribai Phule Pune University,06178,"Sinhgad Technical Education Society's Smt. Kashibai Navale College of Engineering,Vadgaon,Pune",0618421210,Savitribai Phule Pune University Structural Engineering,0,0,0,0,0,0,0,0,0,0,0,0,0,0,2,1,0,0,0,0,0,0,0,0,0,0,0,0618421210S,1
Savitribai Phule Pune University,06178,"Sinhgad Technical Education Society's Smt. Kashibai Navale College of Engineering,Vadgaon,Pune",0618424510,Computer Engineering,0,0,0,0,0,0,0,2,0,1,0,0,0,1,2,1,1,0,0,0,0,0,0,0,0,0,0,0618424510S,0
Savitribai Phule Pune University,06178,"Sinhgad Technical Education Society's Smt. Kashibai Navale College of Engineering,Vadgaon,Pune",0618434810,Digital Systems,0,0,0,0,0,0,0,0,2,1,0,0,0,0,2,1,0,0,0,0,0,0,0,0,0,0,0,0618434810S,0
Savitribai Phule Pune University,06178,"Sinhgad Technical Education Society's Smt. Kashibai Navale College of Engineering,Vadgaon,Pune",0618459610,Heat Power Engineering,0,0,0,0,0,0,0,3,1,1,0,0,0,0,2,1,1,0,0,0,0,0,0,0,0,0,0,0618459610S,3
Savitribai Phule Pune University,06185,Sinhgad Institute of Technology,0618529210,Electrical Power System,0,0,0,0,0,0,0,5,2,1,0,0,1,0,3,1,1,0,0,0,0,0,0,0,0,0,0,0618529210S,4
Savitribai Phule Pune University,06185,Sinhgad Institute of Technology,0618734110,Savitribai Phule Pune University VLSI and Embeded Systems,0,0,0,0,0,0,0,1,1,0,0,0,0,0,2,1,0,0,0,0,0,0,0,0,0,0,0,0618734110S,2
Savitribai Phule Pune University,06185,Sinhgad Institute of Technology,0620324510,Savitribai Phule Pune University Computer Engineering,0,0,0,0,0,0,0,0,1,1,0,0,0,0,1,0,0,0,0,0,0,0,0,0,0,0,0,0620324510S,0
Savitribai Phule Pune University,06185,Sinhgad Institute of Technology,0620394210,Robotics and Automation,0,0,0,0,0,0,0,1,1,0,0,0,0,0,1,1,0,0,0,0,0,0,0,0,0,0,0,0620394210S,0
Savitribai Phule Pune University,06206,"Pune District Education Association's College of Engineering, Manjari(Bk), Hadapsar, Pune",0620624510,Computer Engineering,0,0,0,0,0,0,0,2,0,1,0,0,0,0,2,1,1,0,0,0,0,0,0,0,0,0,0,0620624510S,1
Savitribai Phule Pune University,06206,"Pune District Education Association's College of Engineering, Manjari(Bk), Hadapsar, Pune",0620719110,Savitribai Phule Pune University Civil Engineering,0,0,0,0,0,0,0,0,0,0,0,0,0,0,0,0,0,0,0,0,0,0,0,0,0,0,0,0620719110S,0
Savitribai Phule Pune University,06206,"Pune District Education Association's College of Engineering, Manjari(Bk), Hadapsar, Pune",0620724510,Computer Engineering,0,0,0,0,0,0,0,0,0,0,0,0,0,0,0,0,0,0,0,0,0,0,0,0,0,0,0,0620724510S,0
Savitribai Phule Pune University,06206,"Pune District Education Association's College of Engineering, Manjari(Bk), Hadapsar, Pune",0620737210,Electronics and Telecommunication Engg,0,0,0,0,0,0,0,0,1,0,0,0,0,0,0,0,0,0,0,0,0,0,0,0,0,0,0,0620737210S,1
Savitribai Phule Pune University,06206,"Pune District Education Association's College of Engineering, Manjari(Bk), Hadapsar, Pune",0620761210,Mechanical Engineering,0,0,0,0,0,0,0,2,1,0,0,0,0,0,1,0,0,0,0,0,0,0,0,0,0,0,0,0620761210S,0
"Shivaji University(RIT, Sangli)",06214,"K. E. Society's Rajarambapu Institute of Technology, Walwa, Sangli",0621421010,Construction Management,0,0,0,0,0,0,0,0,0,0,0,0,0,0,0,2,0,0,0,0,0,0,0,0,0,0,0,0621421010S,4
"Shivaji University(RIT, Sangli)",06214,"K. E. Society's Rajarambapu Institute of Technology, Walwa, Sangli",0621421210,Structural Engineering,0,0,0,0,0,0,0,0,0,0,0,0,0,0,0,0,0,0,0,0,0,0,0,0,0,0,0,0621421210S,1
"Shivaji University(RIT, Sangli)",06214,"K. E. Society's Rajarambapu Institute of Technology, Walwa, Sangli",0621424210,Computer Science and Engineering,0,0,0,0,0,0,0,1,0,1,1,0,0,0,1,1,1,0,0,0,0,0,0,0,0,0,0,0621424210S,1
"Shivaji University(RIT, Sangli)",06214,"K. E. Society's Rajarambapu Institute of Technology, Walwa, Sangli",0621437610,Electronics Engineering,0,0,0,0,0,0,0,0,0,0,0,0,0,0,0,0,0,0,0,0,0,0,0,0,0,0,0,0621437610S,0
"Shivaji University(RIT, Sangli)",06214,"K. E. Society's Rajarambapu Institute of Technology, Walwa, Sangli",0621439610,Power System and Power Electronics,0,0,0,0,0,0,0,0,0,0,0,0,0,0,0,0,0,0,0,0,0,0,0,0,0,0,0,0621439610S,0
"Shivaji University(RIT, Sangli)",06214,"K. E. Society's Rajarambapu Institute of Technology, Walwa, Sangli",0621460110,Design Engineering,0,0,0,0,0,0,0,0,2,1,0,0,1,1,2,1,1,0,0,0,0,0,0,0,0,0,0,0621460110S,3
"Shivaji University(RIT, Sangli)",06214,"K. E. Society's Rajarambapu Institute of Technology, Walwa, Sangli",0621492210,Mechanical Engineering (Thermal),0,0,0,0,0,0,0,0,1,0,0,0,0,0,1,1,0,0,0,0,0,0,0,0,0,0,0,0621492210S,0
"Shivaji University(RIT, Sangli)",06214,"K. E. Society's Rajarambapu Institute of Technology, Walwa, Sangli",0621721010,"Dr. Babasaheb Ambedkar Technological University,Lonere Construction Management",0,0,0,0,0,0,0,0,0,0,0,0,0,0,0,0,0,0,0,0,0,0,0,0,0,0,0,0621721010S,0
"Shivaji University(RIT, Sangli)",06214,"K. E. Society's Rajarambapu Institute of Technology, Walwa, Sangli",0621724210,Computer Science and Engineering,0,0,0,0,0,0,0,0,0,0,0,0,0,0,0,0,0,0,0,0,0,0,0,0,0,0,0,0621724210S,0
"Shivaji University(RIT, Sangli)",06214,"K. E. Society's Rajarambapu Institute of Technology, Walwa, Sangli",0621737210,Electronics and Telecommunication Engg,0,0,0,0,0,0,0,2,2,1,1,1,1,0,3,2,1,0,0,0,0,0,0,0,0,0,0,0621737210S,1
"Shivaji University(RIT, Sangli)",06214,"K. E. Society's Rajarambapu Institute of Technology, Walwa, Sangli",0621761310,Mechanical Engineering(Production),0,0,0,0,0,0,0,3,2,1,0,0,1,1,2,1,1,0,0,0,0,0,0,0,0,0,0,0621761310S,0
"Dr. Babasaheb Ambedkar Technological University,Lonere",06219,"KSGBS's Bharat- Ratna Indira Gandhi College of Engineering, Kegaon, Solapur",0621919710,Water Resource Engineering,0,0,0,0,0,0,0,1,1,1,0,0,0,0,1,1,0,0,0,0,0,0,0,0,0,0,0,0621919710S,0
"Dr. Babasaheb Ambedkar Technological University,Lonere",06219,"KSGBS's Bharat- Ratna Indira Gandhi College of Engineering, Kegaon, Solapur",0622021210,Punyashlok Ahilyadevi Holkar Solapur University Structural Engineering,0,0,0,0,0,0,0,0,0,0,0,0,0,0,0,0,0,0,0,0,0,0,0,0,0,0,0,0622021210S,0
"Dr. Babasaheb Ambedkar Technological University,Lonere",06219,"KSGBS's Bharat- Ratna Indira Gandhi College of Engineering, Kegaon, Solapur",0622024210,Computer Science and Engineering,0,0,0,0,0,0,0,0,2,1,0,1,0,0,3,2,0,0,0,0,0,0,0,0,0,0,0,0622024210S,0
"Dr. Babasaheb Ambedkar Technological University,Lonere",06219,"KSGBS's Bharat- Ratna Indira Gandhi College of Engineering, Kegaon, Solapur",0622029310,Electrical Engineering,0,0,0,0,0,0,0,1,2,1,0,1,0,0,3,2,1,0,0,0,0,0,0,0,0,0,0,0622029310S,2
"Dr. Babasaheb Ambedkar Technological University,Lonere",06219,"KSGBS's Bharat- Ratna Indira Gandhi College of Engineering, Kegaon, Solapur",0622037210,Electronics and Telecommunication Engg,0,0,0,0,0,0,0,0,1,1,1,0,1,0,2,1,0,0,0,0,0,0,0,0,0,0,0,0622037210S,3
Shivaji University,06222,"Dattajirao Kadam Technical Education Society's Textile & Engineering Institute, Ichalkaranji.",0622224210,Computer Science and Engineering,0,0,0,0,0,0,0,0,0,0,0,0,0,0,0,0,0,0,0,0,0,0,0,0,0,0,0,0622224210S,0
Shivaji University,06222,"Dattajirao Kadam Technical Education Society's Textile & Engineering Institute, Ichalkaranji.",0622234910,Defence Technology,0,0,0,0,0,0,0,2,1,0,1,1,0,0,1,1,1,0,0,0,0,0,0,0,0,0,0,0622234910S,2
Shivaji University,06222,"Dattajirao Kadam Technical Education Society's Textile & Engineering Institute, Ichalkaranji.",0622238110,Electronics and Telecommunication,0,0,0,0,0,0,0,0,1,1,0,0,0,0,0,1,0,0,0,0,0,0,0,0,0,0,0,0622238110S,0
Shivaji University,06222,"Dattajirao Kadam Technical Education Society's Textile & Engineering Institute, Ichalkaranji.",0622261210,Mechanical Engineering,0,0,0,0,0,0,0,1,1,1,0,0,0,0,2,1,1,0,0,0,0,0,0,0,0,0,0,0622261210S,1
Shivaji University,06222,"Dattajirao Kadam Technical Education Society's Textile & Engineering Institute, Ichalkaranji.",0622289710,Textile Engineering,0,0,0,0,0,0,0,0,1,1,0,0,0,0,0,1,0,0,0,0,0,0,0,0,0,0,0,0622289710S,1
Shivaji University,06222,"Dattajirao Kadam Technical Education Society's Textile & Engineering Institute, Ichalkaranji.",0622361010,"Dr. Babasaheb Ambedkar Technological University,Lonere Thermal Engineering",0,0,0,0,0,0,0,0,0,0,1,0,1,0,1,0,0,0,0,0,0,0,0,0,0,0,0,0622361010S,1
Shivaji University,06222,"Dattajirao Kadam Technical Education Society's Textile & Engineering Institute, Ichalkaranji.",0622393810,Computer Aided Structural Analysis and,0,0,0,0,0,0,0,0,0,1,0,0,0,0,2,0,0,0,0,0,0,0,0,0,0,0,0,0622393810S,0
Shivaji University,06250,"D.Y. Patil College of Engineering and Technology, Kolhapur",0625024210,Computer Science and Engineering,0,0,0,0,0,0,0,0,0,0,0,0,1,0,0,0,0,0,0,0,0,0,0,0,0,0,0,0625024210S,0
Shivaji University,06250,"D.Y. Patil College of Engineering and Technology, Kolhapur",0625037210,Electronics and Telecommunication Engg,0,0,0,0,0,0,0,0,2,1,0,0,0,0,0,1,0,0,0,0,0,0,0,0,0,0,0,0625037210S,0
Shivaji University,06250,"D.Y. Patil College of Engineering and Technology, Kolhapur",0626521210,Punyashlok Ahilyadevi Holkar Solapur University Structural Engineering,0,0,0,0,0,0,0,2,0,0,0,0,0,0,0,0,0,0,0,0,0,0,0,0,0,0,0,0626521210S,0
Shivaji University,06250,"D.Y. Patil College of Engineering and Technology, Kolhapur",0626524210,Computer Science and Engineering,0,0,0,0,0,0,0,0,0,0,0,0,0,0,0,0,0,0,0,0,0,0,0,0,0,0,0,0626524210S,0
Shivaji University,06250,"D.Y. Patil College of Engineering and Technology, Kolhapur",0626537610,Electronics Engineering,0,0,0,0,0,0,0,1,0,0,0,0,0,0,0,0,0,0,0,0,0,0,0,0,0,0,0,0626537610S,0
Shivaji University,06250,"D.Y. Patil College of Engineering and Technology, Kolhapur",0626560110,Design Engineering,0,0,0,0,0,0,0,0,0,0,0,0,0,0,0,0,0,0,0,0,0,0,0,0,0,0,0,0626560110S,0
Shivaji University,06267,"Kolhapur Institute of Technology's College of Engineering(Autonomous), Kolhapur",0626708110,Bio Chemical Engineering and Bio,0,0,0,0,0,0,0,0,0,0,0,0,0,0,0,0,0,0,0,0,0,0,0,0,0,0,0,0626708110S,0
Shivaji University,06267,"Kolhapur Institute of Technology's College of Engineering(Autonomous), Kolhapur",0626720110,Technology Environmental Engineering,0,0,0,0,0,0,0,1,0,0,0,0,0,0,0,0,0,0,0,0,0,0,0,0,0,0,0,0626720110S,0
Shivaji University,06267,"Kolhapur Institute of Technology's College of Engineering(Autonomous), Kolhapur",0626737210,Electronics and Telecommunication Engg,0,0,0,0,0,0,0,0,0,0,0,0,0,0,1,1,0,0,0,0,0,0,0,0,0,0,0,0626737210S,0
Shivaji University,06267,"Kolhapur Institute of Technology's College of Engineering(Autonomous), Kolhapur",0626790410,Mechanical Engineering Design,0,0,0,0,0,0,0,1,1,0,0,0,0,0,1,0,0,0,0,0,0,0,0,0,0,0,0,0626790410S,1
Shivaji University,06267,"Kolhapur Institute of Technology's College of Engineering(Autonomous), Kolhapur",0626794710,Computer Science and Engineering (Data,0,0,0,0,0,0,0,0,0,0,0,0,0,0,0,0,0,0,0,0,0,0,0,0,0,0,0,0626794710S,0
Shivaji University,06267,"Kolhapur Institute of Technology's College of Engineering(Autonomous), Kolhapur",0626794810,Science) Civil and Structural Engineering,0,0,0,0,0,0,0,0,0,0,0,0,0,0,0,0,0,0,0,0,0,0,0,0,0,0,0,0626794810S,0
Shivaji University,06267,"Kolhapur Institute of Technology's College of Engineering(Autonomous), Kolhapur",0626821010,"Warana University, Warananagar, Kolhapur Construction Management",0,0,0,0,0,0,0,0,0,0,0,0,1,0,1,0,0,0,0,0,0,0,0,0,0,0,0,0626821010S,0
Shivaji University,06267,"Kolhapur Institute of Technology's College of Engineering(Autonomous), Kolhapur",0626837210,Electronics and Telecommunication Engg,0,0,0,0,0,0,0,0,0,0,0,0,0,0,0,1,0,0,0,0,0,0,0,0,0,0,0,0626837210S,0
Shivaji University,06267,"Kolhapur Institute of Technology's College of Engineering(Autonomous), Kolhapur",0626850710,Chemical Engineering,0,0,0,0,0,0,0,1,1,0,0,0,0,0,1,0,0,0,0,0,0,0,0,0,0,0,0,0626850710S,0
Shivaji University,06267,"Kolhapur Institute of Technology's College of Engineering(Autonomous), Kolhapur",0626861410,Mechanical Design,0,0,0,0,0,0,0,0,0,0,0,0,0,0,0,1,0,0,0,0,0,0,0,0,0,0,0,0626861410S,2
Shivaji University,06267,"Kolhapur Institute of Technology's College of Engineering(Autonomous), Kolhapur",0626821210,Structural Engineering,0,0,0,0,0,0,0,0,0,0,0,0,0,0,0,0,0,0,0,0,0,0,0,0,0,0,0,0626821210S,0
Shivaji University,06267,"Kolhapur Institute of Technology's College of Engineering(Autonomous), Kolhapur",0626824210,Computer Science and Engineering,0,0,0,0,0,0,0,0,0,0,0,1,0,0,1,0,0,0,0,0,0,0,0,0,0,0,0,0626824210S,0
"Dr. Babasaheb Ambedkar Technological University,Lonere",06269,"Shetkari Shikshan Mandal's Pad. Vasantraodada Patil Institute of Technology, Budhgaon, Sangli",0626921210,Structural Engineering,0,0,0,0,0,0,0,0,0,0,0,0,0,0,0,0,0,0,0,0,0,0,0,0,0,0,0,0626921210S,0
"Dr. Babasaheb Ambedkar Technological University,Lonere",06269,"Shetkari Shikshan Mandal's Pad. Vasantraodada Patil Institute of Technology, Budhgaon, Sangli",0626929310,Electrical Engineering,0,0,0,0,0,0,0,0,0,0,0,0,0,0,0,0,0,0,0,0,0,0,0,0,0,0,0,0626929310S,0
"Dr. Babasaheb Ambedkar Technological University,Lonere",06269,"Shetkari Shikshan Mandal's Pad. Vasantraodada Patil Institute of Technology, Budhgaon, Sangli",0626937210,Electronics and Telecommunication Engg,0,0,0,0,0,0,0,0,0,0,1,0,1,0,1,1,0,0,0,0,0,0,0,0,0,0,0,0626937210S,0
"Dr. Babasaheb Ambedkar Technological University,Lonere",06269,"Shetkari Shikshan Mandal's Pad. Vasantraodada Patil Institute of Technology, Budhgaon, Sangli",0626959610,Heat Power Engineering,0,0,0,0,0,0,0,1,1,1,0,0,0,0,2,1,1,0,0,0,0,0,0,0,0,0,0,0626959610S,2
"Dr. Babasaheb Ambedkar Technological University,Lonere",06269,"Shetkari Shikshan Mandal's Pad. Vasantraodada Patil Institute of Technology, Budhgaon, Sangli",0626960110,Design Engineering,0,0,0,0,0,0,0,0,0,1,0,0,0,0,0,1,0,0,0,0,0,0,0,0,0,0,0,0626960110S,1
"Dr. Babasaheb Ambedkar Technological University,Lonere",06269,"Shetkari Shikshan Mandal's Pad. Vasantraodada Patil Institute of Technology, Budhgaon, Sangli",0627037610,"Dr. Babasaheb Ambedkar Technological University,Lonere Electronics Engineering",0,0,0,0,0,0,0,2,1,0,0,0,1,0,2,0,0,0,0,0,0,0,0,0,0,0,0,0627037610S,2
"Dr. Babasaheb Ambedkar Technological University,Lonere",06269,"Shetkari Shikshan Mandal's Pad. Vasantraodada Patil Institute of Technology, Budhgaon, Sangli",0627061310,Mechanical Engineering(Production),0,0,0,0,0,0,0,1,1,1,0,0,0,0,1,1,0,0,0,0,0,0,0,0,0,0,0,0627061310S,1
Savitribai Phule Pune University,06271,Pune Institute of Computer Technology,0627194110,Electronics and Communication (Wireless,0,0,0,0,0,0,0,1,0,0,1,0,0,0,1,0,0,0,0,0,0,0,0,0,0,0,0,0627194110S,0
Savitribai Phule Pune University,06271,Pune Institute of Computer Technology,0627124510,Communication Technology) Computer Engineering,0,0,0,0,0,0,0,0,1,0,0,0,0,0,0,0,0,0,0,0,0,0,0,0,0,0,0,0627124510S,0
Savitribai Phule Pune University,06271,Pune Institute of Computer Technology,0627194010,Data Sciences,0,0,0,0,0,0,0,1,0,0,0,0,0,0,0,0,0,0,0,0,0,0,0,0,0,0,0,0627194010S,0
Savitribai Phule Pune University,06271,Pune Institute of Computer Technology,0627220110,Savitribai Phule Pune University Environmental Engineering,0,0,0,0,0,0,0,1,1,0,0,0,0,0,1,1,0,0,0,0,0,0,0,0,0,0,0,0627220110S,1
Savitribai Phule Pune University,06271,Pune Institute of Computer Technology,0627221010,Construction Management,0,0,0,0,0,0,0,0,0,0,0,0,0,0,0,0,0,0,0,0,0,0,0,0,0,0,0,0627221010S,0
Savitribai Phule Pune University,06271,Pune Institute of Computer Technology,0627224510,Computer Engineering,0,0,0,0,0,0,0,2,0,0,0,0,0,0,0,0,0,0,0,0,0,0,0,0,0,0,0,0627224510S,0
Savitribai Phule Pune University,06271,Pune Institute of Computer Technology,0627234110,VLSI and Embeded Systems,0,0,0,0,0,0,0,0,0,0,0,0,0,0,0,0,0,0,0,0,0,0,0,0,0,0,0,0627234110S,1
Savitribai Phule Pune University,06271,Pune Institute of Computer Technology,0627261410,Mechanical Design,0,0,0,0,0,0,0,0,0,0,0,0,0,0,0,1,0,0,0,0,0,0,0,0,0,0,0,0627261410S,0
Savitribai Phule Pune University,06271,Pune Institute of Computer Technology,0627294210,Robotics and Automation,0,0,0,0,0,0,0,1,1,1,0,0,0,0,2,1,1,0,0,0,0,0,0,0,0,0,0,0627294210S,2
Savitribai Phule Pune University,06274,"PVG's College of Engineering, Technology & Management",0627429210,Electrical Power System,0,0,0,0,0,0,0,0,1,1,0,0,0,0,1,0,0,0,0,0,0,0,0,0,0,0,0,0627429210S,1
Savitribai Phule Pune University,06274,"PVG's College of Engineering, Technology & Management",0627484310,Printing Technology,0,0,0,0,0,0,0,1,1,0,0,0,0,0,1,1,0,0,0,0,0,0,0,0,0,0,0,0627484310S,1
Savitribai Phule Pune University,06274,"PVG's College of Engineering, Technology & Management",0627519810,Savitribai Phule Pune University Civil Engineering (Structural Engineering),0,0,0,0,0,0,0,1,0,1,1,0,0,0,1,1,0,0,0,0,0,0,0,0,0,0,0,0627519810S,0
Savitribai Phule Pune University,06274,"PVG's College of Engineering, Technology & Management",0627524510,Computer Engineering,0,0,0,0,0,0,0,0,1,1,0,0,1,0,0,1,0,0,0,0,0,0,0,0,0,0,0,0627524510S,0
Savitribai Phule Pune University,06274,"PVG's College of Engineering, Technology & Management",0627534810,Digital Systems,0,0,0,0,0,0,0,0,2,1,0,0,0,0,1,1,0,0,0,0,0,0,0,0,0,0,0,0627534810S,0
Savitribai Phule Pune University,06274,"PVG's College of Engineering, Technology & Management",0627560110,Design Engineering,0,0,0,0,0,0,0,0,0,0,0,0,0,0,0,1,0,0,0,0,0,0,0,0,0,0,0,0627560110S,0
Savitribai Phule Pune University,06276,"MKSSS's Cummins College of Engineering for Women, Karvenagar,Pune",0627639750,Electronics and Telecommunication,0,0,0,0,0,0,0,2,0,1,0,0,0,0,0,1,0,0,0,0,0,0,0,0,0,0,0,,0
Savitribai Phule Pune University,06276,"MKSSS's Cummins College of Engineering for Women, Karvenagar,Pune",0627690450,0627639750F Engineering with specialization in Artificial F S Intelligence,0,0,0,0,0,0,0,4,2,1,0,0,0,0,3,2,1,0,0,0,0,0,0,0,0,0,0,,0
Savitribai Phule Pune University,06276,"MKSSS's Cummins College of Engineering for Women, Karvenagar,Pune",0627634150,0627690450F Mechanical Engineering Design F S,0,0,0,0,0,0,0,1,1,1,0,0,1,0,1,1,1,0,0,0,0,0,0,0,0,0,0,,0
Savitribai Phule Pune University,06276,"MKSSS's Cummins College of Engineering for Women, Karvenagar,Pune",0627624550,0627634150F VLSI and Embeded Systems F S,0,0,0,0,0,0,0,1,0,0,0,0,0,1,0,0,0,0,0,0,0,0,0,0,0,0,0,,0
Savitribai Phule Pune University,06278,"All India Shri Shivaji Memorial Society's College of Engineering, Pune",0627821210,Structural Engineering,0,0,0,0,0,0,0,0,0,0,0,0,0,0,0,0,0,0,0,0,0,0,0,0,0,0,0,0627821210S,0
Savitribai Phule Pune University,06278,"All India Shri Shivaji Memorial Society's College of Engineering, Pune",0627850710,Chemical Engineering,0,0,0,0,0,0,0,0,1,0,0,0,0,0,0,1,0,0,0,0,0,0,0,0,0,0,0,0627850710S,2
Savitribai Phule Pune University,06278,"All India Shri Shivaji Memorial Society's College of Engineering, Pune",0627890210,Power Electronics and Drives,0,0,0,0,0,0,0,3,1,1,0,0,1,0,2,1,1,0,0,0,0,0,0,0,0,0,0,0627890210S,3
Savitribai Phule Pune University,06278,"All India Shri Shivaji Memorial Society's College of Engineering, Pune",0627890410,Mechanical Engineering Design,0,0,0,0,0,0,0,0,2,1,0,0,0,1,2,1,0,0,0,0,0,0,0,0,0,0,0,0627890410S,3
Savitribai Phule Pune University,06278,"All India Shri Shivaji Memorial Society's College of Engineering, Pune",0627894310,Artificial Intelligence and Data Science,0,0,0,0,0,0,0,1,0,1,0,0,0,0,1,0,0,0,0,0,0,0,0,0,0,0,0,0627894310S,1
Savitribai Phule Pune University,06278,"All India Shri Shivaji Memorial Society's College of Engineering, Pune",0627821010,Construction Management,0,0,0,0,0,0,0,0,0,0,0,0,0,0,0,0,0,0,0,0,0,0,0,0,0,0,0,0627821010S,1
Savitribai Phule Pune University,06278,"All India Shri Shivaji Memorial Society's College of Engineering, Pune",0628124510,Savitribai Phule Pune University Computer Engineering,0,0,0,0,0,0,0,0,0,0,0,1,0,0,0,0,0,0,0,0,0,0,0,0,0,0,0,0628124510S,0
Savitribai Phule Pune University,06278,"All India Shri Shivaji Memorial Society's College of Engineering, Pune",0628135810,Signal Processing,0,0,0,0,0,0,0,3,1,1,0,0,0,0,2,1,1,0,0,0,0,0,0,0,0,0,0,0628135810S,2
Savitribai Phule Pune University,06282,"All India Shri Shivaji Memorial Society's Institute of Information Technology,Pune",0628234110,VLSI and Embeded Systems,0,0,0,0,0,0,0,1,1,0,0,0,0,0,0,1,0,0,0,0,0,0,0,0,0,0,0,0628234110S,2
Savitribai Phule Pune University,06282,"All India Shri Shivaji Memorial Society's Institute of Information Technology,Pune",0628290210,Power Electronics and Drives,0,0,0,0,0,0,0,1,1,0,0,0,0,0,1,1,0,0,0,0,0,0,0,0,0,0,0,0628290210S,1
Savitribai Phule Pune University,06282,"All India Shri Shivaji Memorial Society's Institute of Information Technology,Pune",0628324210,Shivaji University Computer Science and Engineering,0,0,0,0,0,0,0,0,1,0,0,0,0,0,0,0,0,0,0,0,0,0,0,0,0,0,0,0628324210S,0
Savitribai Phule Pune University,06282,"All India Shri Shivaji Memorial Society's Institute of Information Technology,Pune",0628329210,Electrical Power System,0,0,0,0,0,0,0,0,0,0,0,0,0,0,0,0,0,0,0,0,0,0,0,0,0,0,0,0628329210S,0
Savitribai Phule Pune University,06282,"All India Shri Shivaji Memorial Society's Institute of Information Technology,Pune",0628390410,Mechanical Engineering Design,0,0,0,0,0,0,0,0,0,0,0,0,0,0,0,0,0,0,0,0,0,0,0,0,0,0,0,0628390410S,0
Savitribai Phule Pune University,06282,"All India Shri Shivaji Memorial Society's Institute of Information Technology,Pune",0628395110,Civil Engineering (Computer Aided Structural,0,0,0,0,0,0,0,0,0,0,0,0,0,0,0,0,0,0,0,0,0,0,0,0,0,0,0,0628395110S,0
Savitribai Phule Pune University,06282,"All India Shri Shivaji Memorial Society's Institute of Information Technology,Pune",0628421210,Engineering) Savitribai Phule Pune University Structural Engineering,0,0,0,0,0,0,0,1,0,0,0,0,0,0,1,0,0,0,0,0,0,0,0,0,0,0,0,0628421210S,0
Savitribai Phule Pune University,06282,"All India Shri Shivaji Memorial Society's Institute of Information Technology,Pune",0628494210,Robotics and Automation,0,0,0,0,0,0,0,3,2,1,1,0,0,0,2,1,1,0,0,0,0,0,0,0,0,0,0,0628494210S,3
Savitribai Phule Pune University,06285,"Bharati Vidyapeeth's College of Engineering for Women, Katraj, Dhankawadi, Pune",0628524550,<UNKNOWN>,0,0,0,0,0,0,0,1,0,1,0,0,0,0,2,1,0,0,0,0,0,0,0,0,0,0,0,,0
Savitribai Phule Pune University,06285,"Bharati Vidyapeeth's College of Engineering for Women, Katraj, Dhankawadi, Pune",0628534150,0628524550F Computer Engineering F S,0,0,0,0,0,0,0,0,1,0,0,0,1,0,0,1,0,0,0,0,0,0,0,0,0,0,0,,0
Savitribai Phule Pune University,06285,"Bharati Vidyapeeth's College of Engineering for Women, Katraj, Dhankawadi, Pune",0628824210,0628534150F VLSI and Embeded Systems F S Shivaji University Computer Science and Engineering,0,0,0,0,0,0,0,0,0,1,0,0,1,0,1,0,0,0,0,0,0,0,0,0,0,0,0,0628824210S,0
Savitribai Phule Pune University,06285,"Bharati Vidyapeeth's College of Engineering for Women, Katraj, Dhankawadi, Pune",0628837210,Electronics and Telecommunication Engg,0,0,0,0,0,0,0,0,0,0,0,0,0,0,0,1,0,0,0,0,0,0,0,0,0,0,0,0628837210S,0
Savitribai Phule Pune University,06298,"Zeal Education Society's Zeal College of Engineering & Reserch, Narhe, Pune",0629860110,Design Engineering,0,0,0,0,0,0,0,6,3,2,0,1,0,1,3,1,1,0,0,0,0,0,0,0,0,0,0,0629860110S,6
Savitribai Phule Pune University,06298,"Zeal Education Society's Zeal College of Engineering & Reserch, Narhe, Pune",0629890110,Power Systems,0,0,0,0,0,0,0,1,2,1,1,0,0,1,3,2,1,0,0,0,0,0,0,0,0,0,0,0629890110S,5
Savitribai Phule Pune University,06298,"Zeal Education Society's Zeal College of Engineering & Reserch, Narhe, Pune",0629894010,Data Sciences,0,0,0,0,0,0,0,1,0,0,0,0,0,0,1,0,0,0,0,0,0,0,0,0,0,0,0,0629894010S,0
Savitribai Phule Pune University,06298,"Zeal Education Society's Zeal College of Engineering & Reserch, Narhe, Pune",0629894210,Robotics and Automation,0,0,0,0,0,0,0,3,2,1,1,0,1,0,4,2,1,0,0,0,0,0,0,0,0,0,0,0629894210S,6
Savitribai Phule Pune University,06298,"Zeal Education Society's Zeal College of Engineering & Reserch, Narhe, Pune",0629895210,IOT and Sensor Systems,0,0,0,0,0,0,0,4,2,1,1,1,1,0,3,2,1,0,0,0,0,0,0,0,0,0,0,0629895210S,4
Savitribai Phule Pune University,06298,"Zeal Education Society's Zeal College of Engineering & Reserch, Narhe, Pune",0631124510,Savitribai Phule Pune University Computer Engineering,0,0,0,0,0,0,0,1,0,0,1,0,1,0,1,1,1,0,0,0,0,0,0,0,0,0,0,0631124510S,1
Savitribai Phule Pune University,06298,"Zeal Education Society's Zeal College of Engineering & Reserch, Narhe, Pune",0631134110,VLSI and Embeded Systems,0,0,0,0,0,0,0,3,1,1,0,0,0,0,2,1,1,0,0,0,0,0,0,0,0,0,0,0631134110S,2
Savitribai Phule Pune University,06298,"Zeal Education Society's Zeal College of Engineering & Reserch, Narhe, Pune",0631762310,"Dr. Babasaheb Ambedkar Technological University,Lonere Mechatronics",0,0,0,0,0,0,0,2,1,1,0,0,1,0,1,1,1,0,0,0,0,0,0,0,0,0,0,0631762310S,0
Savitribai Phule Pune University,06298,"Zeal Education Society's Zeal College of Engineering & Reserch, Narhe, Pune",0631794310,Artificial Intelligence and Data Science,0,0,0,0,0,0,0,0,0,0,0,0,0,0,0,0,0,0,0,0,0,0,0,0,0,0,0,0631794310S,1
Savitribai Phule Pune University,06320,"K.J.'s Educational Institute's K.J.College of Engineering & Management Research, Pisoli",0632021210,Structural Engineering,0,0,0,0,0,0,0,0,0,1,1,1,1,0,1,2,0,0,0,0,0,0,0,0,0,0,0,0632021210S,3
Savitribai Phule Pune University,06320,"K.J.'s Educational Institute's K.J.College of Engineering & Management Research, Pisoli",0632024510,Computer Engineering,0,0,0,0,0,0,0,1,2,0,0,0,0,1,2,1,1,0,0,0,0,0,0,0,0,0,0,0632024510S,2
Savitribai Phule Pune University,06320,"K.J.'s Educational Institute's K.J.College of Engineering & Management Research, Pisoli",0632024710,Computer Networks,0,0,0,0,0,0,0,3,1,1,0,0,0,0,2,1,1,0,0,0,0,0,0,0,0,0,0,0632024710S,3
Savitribai Phule Pune University,06320,"K.J.'s Educational Institute's K.J.College of Engineering & Management Research, Pisoli",0632060110,Design Engineering,0,0,0,0,0,0,0,3,1,1,0,0,0,0,2,1,1,0,0,0,0,0,0,0,0,0,0,0632060110S,3
Savitribai Phule Pune University,06320,"K.J.'s Educational Institute's K.J.College of Engineering & Management Research, Pisoli",0632124210,"Dr. Babasaheb Ambedkar Technological University,Lonere Computer Science and Engineering",0,0,0,0,0,0,0,1,0,1,0,0,0,0,3,1,0,0,0,0,0,0,0,0,0,0,0,0632124210S,0
Savitribai Phule Pune University,06320,"K.J.'s Educational Institute's K.J.College of Engineering & Management Research, Pisoli",0632160110,Design Engineering,0,0,0,0,0,0,0,0,0,0,0,0,0,0,0,0,0,0,0,0,0,0,0,0,0,0,0,0632160110S,0
Savitribai Phule Pune University,06320,"K.J.'s Educational Institute's K.J.College of Engineering & Management Research, Pisoli",0632224510,Savitribai Phule Pune University Computer Engineering,0,0,0,0,0,0,0,0,2,1,1,0,0,0,0,2,0,0,0,0,0,0,0,0,0,0,0,0632224510S,1
Savitribai Phule Pune University,06320,"K.J.'s Educational Institute's K.J.College of Engineering & Management Research, Pisoli",0632293010,Electronics and Telecommunication (VLSI &,0,0,0,0,0,0,0,2,2,1,0,1,1,0,4,2,1,0,0,0,0,0,0,0,0,0,0,0632293010S,0
Savitribai Phule Pune University,06325,"Alard Charitable Trust's Alard College of Engineering and Management, Pune",0632524510,Computer Engineering,0,0,0,0,0,0,0,3,0,0,0,0,0,0,0,0,0,0,0,0,0,0,0,0,0,0,0,0632524510S,0
Savitribai Phule Pune University,06325,"Alard Charitable Trust's Alard College of Engineering and Management, Pune",0632561210,Mechanical Engineering,0,0,0,0,0,0,0,3,0,0,0,0,0,0,0,0,0,0,0,0,0,0,0,0,0,0,0,0632561210S,1
Savitribai Phule Pune University,06325,"Alard Charitable Trust's Alard College of Engineering and Management, Pune",0654569910,"Dr. Babasaheb Ambedkar Technological University,Lonere Mechanical Engineering (Heat Power)",0,0,0,0,0,0,0,5,2,1,1,0,0,0,3,1,1,0,0,0,0,0,0,0,0,0,0,0654569910S,0
Savitribai Phule Pune University,06325,"Alard Charitable Trust's Alard College of Engineering and Management, Pune",0660924510,Savitribai Phule Pune University Computer Engineering,0,0,0,0,0,0,0,1,1,1,0,0,1,0,1,1,1,0,0,0,0,0,0,0,0,0,0,0660924510S,1
Savitribai Phule Pune University,06325,"Alard Charitable Trust's Alard College of Engineering and Management, Pune",0660935810,Signal Processing,0,0,0,0,0,0,0,2,1,0,0,0,0,0,1,1,0,0,0,0,0,0,0,0,0,0,0,0660935810S,1
Savitribai Phule Pune University,06325,"Alard Charitable Trust's Alard College of Engineering and Management, Pune",0660960110,Design Engineering,0,0,0,0,0,0,0,3,1,1,0,0,0,0,2,1,1,0,0,0,0,0,0,0,0,0,0,0660960110S,0
Savitribai Phule Pune University,06325,"Alard Charitable Trust's Alard College of Engineering and Management, Pune",0660994310,Artificial Intelligence and Data Science,0,0,0,0,0,0,0,0,1,1,0,0,0,0,1,1,1,0,0,0,0,0,0,0,0,0,0,0660994310S,0
Savitribai Phule Pune University,06325,"Alard Charitable Trust's Alard College of Engineering and Management, Pune",0660921110,Civil - Structural Engineering,0,0,0,0,0,0,0,0,0,0,1,0,0,0,0,1,1,0,0,0,0,0,0,0,0,0,0,0660921110S,0
Savitribai Phule Pune University,06325,"Alard Charitable Trust's Alard College of Engineering and Management, Pune",0660938810,VLSI Design and Embeded System,0,0,0,0,0,0,0,4,2,1,1,1,0,0,2,1,1,0,0,0,0,0,0,0,0,0,0,0660938810S,3
Savitribai Phule Pune University,06628,"Dattakala Group Of Institutions, Swami - Chincholi Tal. Daund Dist. Pune",0662821210,Structural Engineering,0,0,0,0,0,0,0,0,1,0,1,1,1,0,1,0,0,0,0,0,0,0,0,0,0,0,0,0662821210S,0
Savitribai Phule Pune University,06628,"Dattakala Group Of Institutions, Swami - Chincholi Tal. Daund Dist. Pune",0662861910,Machine Design,0,0,0,0,0,0,0,2,1,1,0,0,0,0,2,1,1,0,0,0,0,0,0,0,0,0,0,0662861910S,0
Savitribai Phule Pune University,06628,"Dattakala Group Of Institutions, Swami - Chincholi Tal. Daund Dist. Pune",0662829310,Electrical Engineering,0,0,0,0,0,0,0,0,1,1,0,0,0,0,0,1,1,0,0,0,0,0,0,0,0,0,0,0662829310S,0
Savitribai Phule Pune University,06628,"Dattakala Group Of Institutions, Swami - Chincholi Tal. Daund Dist. Pune",0662895910,Internet of Things,0,0,0,0,0,0,0,3,1,1,0,0,0,0,2,1,1,0,0,0,0,0,0,0,0,0,0,0662895910S,0
Savitribai Phule Pune University,06628,"Dattakala Group Of Institutions, Swami - Chincholi Tal. Daund Dist. Pune",0662824510,Computer Engineering,0,0,0,0,0,0,0,0,0,0,0,0,0,0,1,1,1,0,0,0,0,0,0,0,0,0,0,0662824510S,0
Savitribai Phule Pune University,06628,"Dattakala Group Of Institutions, Swami - Chincholi Tal. Daund Dist. Pune",0663421010,Savitribai Phule Pune University Construction Management,0,0,0,0,0,0,0,1,0,0,1,0,0,0,1,1,0,0,0,0,0,0,0,0,0,0,0,0663421010S,3
Savitribai Phule Pune University,06628,"Dattakala Group Of Institutions, Swami - Chincholi Tal. Daund Dist. Pune",0663460110,Design Engineering,0,0,0,0,0,0,0,3,1,1,0,0,0,0,2,1,1,0,0,0,0,0,0,0,0,0,0,0663460110S,2
Savitribai Phule Pune University,06628,"Dattakala Group Of Institutions, Swami - Chincholi Tal. Daund Dist. Pune",0663524510,Savitribai Phule Pune University Computer Engineering,0,0,0,0,0,0,0,0,1,0,1,0,1,0,2,1,0,0,0,0,0,0,0,0,0,0,0,0663524510S,0
Savitribai Phule Pune University,06628,"Dattakala Group Of Institutions, Swami - Chincholi Tal. Daund Dist. Pune",0663534110,VLSI and Embeded Systems,0,0,0,0,0,0,0,0,1,1,0,0,0,0,2,1,0,0,0,0,0,0,0,0,0,0,0,0663534110S,1
Punyashlok Ahilyadevi Holkar Solapur University,06640,"N. B. Navale Sinhgad College of Engineering, Kegaon, solapur",0664021210,Structural Engineering,0,0,0,0,0,0,0,1,1,1,0,0,0,0,2,1,0,0,0,0,0,0,0,0,0,0,0,0664021210S,0
Punyashlok Ahilyadevi Holkar Solapur University,06640,"N. B. Navale Sinhgad College of Engineering, Kegaon, solapur",0664321210,Punyashlok Ahilyadevi Holkar Solapur University Structural Engineering,0,0,0,0,0,0,0,0,0,0,0,0,0,0,0,0,0,0,0,0,0,0,0,0,0,0,0,0664321210S,0
Punyashlok Ahilyadevi Holkar Solapur University,06640,"N. B. Navale Sinhgad College of Engineering, Kegaon, solapur",0664324210,Computer Science and Engineering,0,0,0,0,0,0,0,0,0,1,0,0,0,0,0,0,0,0,0,0,0,0,0,0,0,0,0,0664324210S,0
Punyashlok Ahilyadevi Holkar Solapur University,06640,"N. B. Navale Sinhgad College of Engineering, Kegaon, solapur",0664337610,Electronics Engineering,0,0,0,0,0,0,0,0,1,1,0,0,0,0,2,1,0,0,0,0,0,0,0,0,0,0,0,0664337610S,0
Punyashlok Ahilyadevi Holkar Solapur University,06640,"N. B. Navale Sinhgad College of Engineering, Kegaon, solapur",0664360110,Design Engineering,0,0,0,0,0,0,0,0,2,1,0,0,0,0,2,1,1,0,0,0,0,0,0,0,0,0,0,0664360110S,1
Savitribai Phule Pune University,06649,"TSSM's Bhivarabai Sawant College of Engineering and Research, Narhe, Pune",0664921010,Construction Management,0,0,0,0,0,0,0,0,1,1,1,1,0,0,3,1,0,0,0,0,0,0,0,0,0,0,0,0664921010S,6
Savitribai Phule Pune University,06649,"TSSM's Bhivarabai Sawant College of Engineering and Research, Narhe, Pune",0664924510,Computer Engineering,0,0,0,0,0,0,0,0,0,1,0,0,0,1,2,1,0,0,0,0,0,0,0,0,0,0,0,0664924510S,1
Savitribai Phule Pune University,06649,"TSSM's Bhivarabai Sawant College of Engineering and Research, Narhe, Pune",0664935810,Signal Processing,0,0,0,0,0,0,0,3,1,1,0,0,0,0,2,1,1,0,0,0,0,0,0,0,0,0,0,0664935810S,3
Savitribai Phule Pune University,06649,"TSSM's Bhivarabai Sawant College of Engineering and Research, Narhe, Pune",0664960110,Design Engineering,0,0,0,0,0,0,0,2,1,1,0,0,0,0,2,1,1,0,0,0,0,0,0,0,0,0,0,0664960110S,3
Savitribai Phule Pune University,06649,"TSSM's Bhivarabai Sawant College of Engineering and Research, Narhe, Pune",0664990110,Power Systems,0,0,0,0,0,0,0,1,2,1,1,1,1,0,3,2,1,0,0,0,0,0,0,0,0,0,0,0664990110S,5
Savitribai Phule Pune University,06649,"TSSM's Bhivarabai Sawant College of Engineering and Research, Narhe, Pune",0673221010,Savitribai Phule Pune University Construction Management,0,0,0,0,0,0,0,0,0,0,0,0,0,0,0,0,0,0,0,0,0,0,0,0,0,0,0,0673221010S,0
Savitribai Phule Pune University,06649,"TSSM's Bhivarabai Sawant College of Engineering and Research, Narhe, Pune",0673221210,Structural Engineering,0,0,0,0,0,0,0,0,0,0,0,0,0,0,0,0,0,0,0,0,0,0,0,0,0,0,0,0673221210S,0
Savitribai Phule Pune University,06649,"TSSM's Bhivarabai Sawant College of Engineering and Research, Narhe, Pune",0673224510,Computer Engineering,0,0,0,0,0,0,0,0,0,0,0,0,0,0,0,0,0,0,0,0,0,0,0,0,0,1,0,0673224510S,0
Savitribai Phule Pune University,06649,"TSSM's Bhivarabai Sawant College of Engineering and Research, Narhe, Pune",0673262610,Mechanical - Design Engineering,0,0,0,0,0,0,0,1,1,1,1,0,1,0,4,2,1,0,0,0,0,0,0,0,0,0,0,0673262610S,0
Savitribai Phule Pune University,06649,"TSSM's Bhivarabai Sawant College of Engineering and Research, Narhe, Pune",0673296510,ELECTRONICS AND COMMUNICATION ENGINEERING (VLSI AND EMBEDDED,0,0,0,0,0,0,0,1,2,1,0,1,1,0,2,2,1,0,0,0,0,0,0,0,0,0,0,0673296510S,0
Savitribai Phule Pune University,06754,"International Institute of Information Technology (I²IT), Pune.",0675424510,Computer Engineering,0,0,0,0,0,0,0,2,0,0,0,0,0,0,1,1,0,0,0,0,0,0,0,0,0,0,0,0675424510S,3
Savitribai Phule Pune University,06754,"International Institute of Information Technology (I²IT), Pune.",0675524510,Savitribai Phule Pune University Computer Engineering,0,0,0,0,0,0,0,1,1,1,0,0,0,0,2,1,1,0,0,0,0,0,0,0,0,0,0,0675524510S,0
Savitribai Phule Pune University,06754,"International Institute of Information Technology (I²IT), Pune.",0675534110,VLSI and Embeded Systems,0,0,0,0,0,0,0,3,1,1,0,0,0,0,2,1,1,0,0,0,0,0,0,0,0,0,0,0675534110S,1
Savitribai Phule Pune University,06754,"International Institute of Information Technology (I²IT), Pune.",0675560110,Design Engineering,0,0,0,0,0,0,0,4,2,1,1,1,1,0,3,2,1,0,0,0,0,0,0,0,0,0,0,0675560110S,5
Savitribai Phule Pune University,06754,"International Institute of Information Technology (I²IT), Pune.",0675629310,"Dr. Babasaheb Ambedkar Technological University,Lonere Electrical Engineering",0,0,0,0,0,0,0,0,0,1,0,0,0,0,2,1,0,0,0,0,0,0,0,0,0,0,0,0675629310S,0
Savitribai Phule Pune University,06754,"International Institute of Information Technology (I²IT), Pune.",0675661210,Mechanical Engineering,0,0,0,0,0,0,0,1,1,1,0,0,0,0,2,1,1,0,0,0,0,0,0,0,0,0,0,0675661210S,0
Savitribai Phule Pune University,06754,"International Institute of Information Technology (I²IT), Pune.",0675620010,Geo Technical Engineering,0,0,0,0,0,0,0,0,2,0,0,1,0,1,0,0,0,0,0,0,0,0,0,0,0,0,0,0675620010S,0
Savitribai Phule Pune University,06754,"International Institute of Information Technology (I²IT), Pune.",0675624210,Computer Science and Engineering,0,0,0,0,0,0,0,0,0,0,0,0,0,0,0,1,0,0,0,0,0,0,0,0,0,0,0,0675624210S,0
"Dr. Babasaheb Ambedkar Technological University,Lonere",06757,"Yashoda Technical Campus, Wadhe, Satara.",0675761210,Mechanical Engineering,0,0,0,0,0,0,0,3,1,1,0,0,0,0,2,1,1,0,0,0,0,0,0,0,0,0,0,0675761210S,1
"Dr. Babasaheb Ambedkar Technological University,Lonere",06757,"Yashoda Technical Campus, Wadhe, Satara.",0675724210,Computer Science and Engineering,0,0,0,0,0,0,0,0,0,1,0,0,0,0,1,1,0,0,0,0,0,0,0,0,0,0,0,0675724210S,0
"Dr. Babasaheb Ambedkar Technological University,Lonere",06757,"Yashoda Technical Campus, Wadhe, Satara.",0675861210,Savitribai Phule Pune University Mechanical Engineering,0,0,0,0,0,0,0,2,2,1,0,0,1,0,3,1,1,0,0,0,0,0,0,0,0,0,0,0675861210S,0
Savitribai Phule Pune University,06767,"Suman Ramesh Tulsiani Technical Campus: Faculty of Engineering, Kamshet,Pune.",0676721210,Structural Engineering,0,0,0,0,0,0,0,1,1,1,1,0,0,1,2,1,1,0,0,0,0,0,0,0,0,0,0,0676721210S,2
Savitribai Phule Pune University,06767,"Suman Ramesh Tulsiani Technical Campus: Faculty of Engineering, Kamshet,Pune.",0676724510,Computer Engineering,0,0,0,0,0,0,0,5,2,1,0,0,0,0,3,2,1,0,0,0,0,0,0,0,0,0,0,0676724510S,4
Savitribai Phule Pune University,06767,"Suman Ramesh Tulsiani Technical Campus: Faculty of Engineering, Kamshet,Pune.",0676790410,Mechanical Engineering Design,0,0,0,0,0,0,0,3,2,1,0,0,1,0,2,1,1,0,0,0,0,0,0,0,0,0,0,0676790410S,3
Savitribai Phule Pune University,06767,"Suman Ramesh Tulsiani Technical Campus: Faculty of Engineering, Kamshet,Pune.",0676921010,Savitribai Phule Pune University Construction Management,0,0,0,0,0,0,0,2,1,1,1,1,1,0,3,2,0,0,0,0,0,0,0,0,0,0,0,0676921010S,1
Savitribai Phule Pune University,06794,"Anantrao Pawar College of Engineering & Research, Pune",0679457710,Civil Environmental Engineering,0,0,0,0,0,0,0,4,2,0,1,1,0,0,2,2,0,0,0,0,0,0,0,0,0,0,0,0679457710S,0
Savitribai Phule Pune University,06794,"Anantrao Pawar College of Engineering & Research, Pune",0679424510,Computer Engineering,0,0,0,0,0,0,0,3,2,1,0,0,1,1,3,1,1,0,0,0,0,0,0,0,0,0,0,0679424510S,1
Savitribai Phule Pune University,06794,"Anantrao Pawar College of Engineering & Research, Pune",0679496810,Electronics and Communication (VLSI,0,0,0,0,0,0,0,1,1,1,0,0,0,0,2,1,1,0,0,0,0,0,0,0,0,0,0,0679496810S,1
